{"sentiment": "admiration", "seed": 9, "arousal_top1500": 0.8868421316146851, "best": 0.892653226852417, "arousal_top2000": 0.8898420333862305, "arousal_top2500": 0.8834736943244934, "arousal_top3000": 0.8807894587516785, "arousal_top4000": 0.8441052436828613, "arousal_top5000": 0.8641578555107117, "arousal_top6000": 0.8339999914169312, "valence_top1500": 0.8831579089164734, "valence_top2000": 0.8157368898391724, "valence_top2500": 0.8831579089164734, "valence_top3000": 0.8758420944213867, "valence_top4000": 0.8178421258926392, "valence_top5000": 0.6634736657142639, "valence_top6000": 0.7455263137817383, "happy_top1500": 0.8174210786819458, "happy_top2000": 0.8226841688156128, "happy_top2500": 0.7308947443962097, "happy_top3000": 0.7046842575073242, "happy_top4000": 0.6042104959487915, "happy_top5000": 0.5282631516456604, "happy_top6000": 0.5150526165962219, "anger_top1500": 0.8798947334289551, "anger_top2000": 0.8758947253227234, "anger_top2500": 0.8798947334289551, "anger_top3000": 0.8855262994766235, "anger_top4000": 0.8798946142196655, "anger_top5000": 0.8788946866989136, "anger_top6000": 0.8812105059623718, "sad_top1500": 0.8841052055358887, "sad_top2000": 0.8814209699630737, "sad_top2500": 0.8751052618026733, "sad_top3000": 0.8614209890365601, "sad_top4000": 0.8401052355766296, "sad_top5000": 0.754421055316925, "sad_top6000": 0.6431052088737488, "fear_top1500": 0.879421055316925, "fear_top2000": 0.8904210925102234, "fear_top2500": 0.8825262784957886, "fear_top3000": 0.8867895007133484, "fear_top4000": 0.8764210939407349, "fear_top5000": 0.8717894554138184, "fear_top6000": 0.8651052713394165, "surprise_top1500": 0.888157844543457, "surprise_top2000": 0.8758420944213867, "surprise_top2500": 0.8784736394882202, "surprise_top3000": 0.8711053133010864, "surprise_top4000": 0.8437894582748413, "surprise_top5000": 0.789105236530304, "surprise_top6000": 0.7367894649505615, "disgust_top1500": 0.8812105059623718, "disgust_top2000": 0.8738946914672852, "disgust_top2500": 0.8768947720527649, "disgust_top3000": 0.8788946866989136, "disgust_top4000": 0.8652631044387817, "disgust_top5000": 0.8629473447799683, "disgust_top6000": 0.8722631335258484, "control_top1500": 0.8844736814498901, "control_top2000": 0.8844736814498901, "control_top2500": 0.8825262784957886, "control_top3000": 0.8821579217910767, "control_top4000": 0.8808420896530151, "control_top5000": 0.8562105298042297, "control_top6000": 0.7457368969917297, "fairness_top1500": 0.8784737586975098, "fairness_top2000": 0.8771578669548035, "fairness_top2500": 0.8764737248420715, "fairness_top3000": 0.8717894554138184, "fairness_top4000": 0.5531579256057739, "fairness_top5000": 0.5418421030044556, "fairness_top6000": 0.5385263562202454, "self-related_top1500": 0.8911577463150024, "self-related_top2000": 0.8911579251289368, "self-related_top2500": 0.8828420639038086, "self-related_top3000": 0.8804737329483032, "self-related_top4000": 0.8834736943244934, "self-related_top5000": 0.8751578330993652, "self-related_top6000": 0.8554736971855164, "other-related_top1500": 0.8715263605117798, "other-related_top2000": 0.8825262784957886, "other-related_top2500": 0.8752105832099915, "other-related_top3000": 0.8865262866020203, "other-related_top4000": 0.854894757270813, "other-related_top5000": 0.47147369384765625, "other-related_top6000": 0.5497894883155823, "expectedness_top1500": 0.8878421783447266, "expectedness_top2000": 0.888157844543457, "expectedness_top2500": 0.8775262832641602, "expectedness_top3000": 0.8818421363830566, "expectedness_top4000": 0.8768421411514282, "expectedness_top5000": 0.8618947267532349, "expectedness_top6000": 0.8582631945610046, "non-novelty_top1500": 0.884210467338562, "non-novelty_top2000": 0.8728946447372437, "non-novelty_top2500": 0.8782105445861816, "non-novelty_top3000": 0.8835263252258301, "non-novelty_top4000": 0.8771052360534668, "non-novelty_top5000": 0.872157871723175, "non-novelty_top6000": 0.8714210391044617}