{"sentiment": "admiration", "seed": 11, "arousal_top1500": 0.8975262641906738, "best": 0.90625, "arousal_top2000": 0.8965262174606323, "arousal_top2500": 0.8875262141227722, "arousal_top3000": 0.8738420605659485, "arousal_top4000": 0.834473729133606, "arousal_top5000": 0.8511578440666199, "arousal_top6000": 0.8040526509284973, "valence_top1500": 0.8985263109207153, "valence_top2000": 0.8965262174606323, "valence_top2500": 0.8875262141227722, "valence_top3000": 0.886894702911377, "valence_top4000": 0.8565789461135864, "valence_top5000": 0.8597894906997681, "valence_top6000": 0.7000526189804077, "happy_top1500": 0.8815789222717285, "happy_top2000": 0.8715262413024902, "happy_top2500": 0.8224210739135742, "happy_top3000": 0.503789484500885, "happy_top4000": 0.5897894501686096, "happy_top5000": 0.44652628898620605, "happy_top6000": 0.5562105178833008, "anger_top1500": 0.8849474191665649, "anger_top2000": 0.8968947529792786, "anger_top2500": 0.8955789804458618, "anger_top3000": 0.8975788950920105, "anger_top4000": 0.8935788869857788, "anger_top5000": 0.8958947062492371, "anger_top6000": 0.8908947110176086, "sad_top1500": 0.8922104835510254, "sad_top2000": 0.8912104368209839, "sad_top2500": 0.886894702911377, "sad_top3000": 0.8838946223258972, "sad_top4000": 0.8564736247062683, "sad_top5000": 0.8157368898391724, "sad_top6000": 0.7233684062957764, "fear_top1500": 0.8655263185501099, "fear_top2000": 0.8838421106338501, "fear_top2500": 0.8675263524055481, "fear_top3000": 0.8645262718200684, "fear_top4000": 0.8548420667648315, "fear_top5000": 0.8581578135490417, "fear_top6000": 0.8718947172164917, "surprise_top1500": 0.888841986656189, "surprise_top2000": 0.8748420476913452, "surprise_top2500": 0.8798421621322632, "surprise_top3000": 0.8588420748710632, "surprise_top4000": 0.8101052045822144, "surprise_top5000": 0.6983684301376343, "surprise_top6000": 0.6377369165420532, "disgust_top1500": 0.8968947529792786, "disgust_top2000": 0.8978946805000305, "disgust_top2500": 0.8998947143554688, "disgust_top3000": 0.9028946757316589, "disgust_top4000": 0.8925788998603821, "disgust_top5000": 0.86094731092453, "disgust_top6000": 0.8805789947509766, "control_top1500": 0.8888947367668152, "control_top2000": 0.8895789384841919, "control_top2500": 0.8849474191665649, "control_top3000": 0.7838420867919922, "control_top4000": 0.8583158254623413, "control_top5000": 0.8383157849311829, "control_top6000": 0.8505789637565613, "fairness_top1500": 0.8998947143554688, "fairness_top2000": 0.8965263366699219, "fairness_top2500": 0.8912105560302734, "fairness_top3000": 0.8852105140686035, "fairness_top4000": 0.8642106056213379, "fairness_top5000": 0.8622104525566101, "fairness_top6000": 0.7478420734405518, "self-related_top1500": 0.8932105302810669, "self-related_top2000": 0.8975263833999634, "self-related_top2500": 0.8965263366699219, "self-related_top3000": 0.8925263285636902, "self-related_top4000": 0.8805262446403503, "self-related_top5000": 0.8677894473075867, "self-related_top6000": 0.8494210243225098, "other-related_top1500": 0.8952104449272156, "other-related_top2000": 0.8932104110717773, "other-related_top2500": 0.8825262784957886, "other-related_top3000": 0.8828420639038086, "other-related_top4000": 0.8865262866020203, "other-related_top5000": 0.7022631168365479, "other-related_top6000": 0.46247372031211853, "expectedness_top1500": 0.8978420495986938, "expectedness_top2000": 0.890842080116272, "expectedness_top2500": 0.8858421444892883, "expectedness_top3000": 0.8758420944213867, "expectedness_top4000": 0.7833684682846069, "expectedness_top5000": 0.8327367901802063, "expectedness_top6000": 0.8634737133979797, "non-novelty_top1500": 0.8975262641906738, "non-novelty_top2000": 0.8975263833999634, "non-novelty_top2500": 0.8825262784957886, "non-novelty_top3000": 0.8815261721611023, "non-novelty_top4000": 0.8287369012832642, "non-novelty_top5000": 0.7653684020042419, "non-novelty_top6000": 0.6470526456832886}