{"sentiment": "admiration", "seed": 5, "arousal_top1500": 0.8962104916572571, "best": 0.8955078125, "arousal_top2000": 0.8928947448730469, "arousal_top2500": 0.8918420672416687, "arousal_top3000": 0.8937894701957703, "arousal_top4000": 0.8671053051948547, "arousal_top5000": 0.8674736022949219, "arousal_top6000": 0.8520526885986328, "valence_top1500": 0.8918946981430054, "valence_top2000": 0.8724737167358398, "valence_top2500": 0.831789493560791, "valence_top3000": 0.8767894506454468, "valence_top4000": 0.8105262517929077, "valence_top5000": 0.7571579217910767, "valence_top6000": 0.4821052551269531, "happy_top1500": 0.8507894277572632, "happy_top2000": 0.7027894258499146, "happy_top2500": 0.5117368698120117, "happy_top3000": 0.468421071767807, "happy_top4000": 0.4714210629463196, "happy_top5000": 0.4694210886955261, "happy_top6000": 0.47110527753829956, "anger_top1500": 0.8793158531188965, "anger_top2000": 0.8875789642333984, "anger_top2500": 0.8922104835510254, "anger_top3000": 0.8925263285636902, "anger_top4000": 0.8945263028144836, "anger_top5000": 0.8934209942817688, "anger_top6000": 0.8984736204147339, "sad_top1500": 0.8972104787826538, "sad_top2000": 0.8992105722427368, "sad_top2500": 0.9041053056716919, "sad_top3000": 0.8894736170768738, "sad_top4000": 0.8754210472106934, "sad_top5000": 0.7527368664741516, "sad_top6000": 0.5490526556968689, "fear_top1500": 0.8437894582748413, "fear_top2000": 0.8681578636169434, "fear_top2500": 0.859157919883728, "fear_top3000": 0.8561052083969116, "fear_top4000": 0.8014737367630005, "fear_top5000": 0.8155263066291809, "fear_top6000": 0.8388947248458862, "surprise_top1500": 0.8912104368209839, "surprise_top2000": 0.8922104835510254, "surprise_top2500": 0.890526294708252, "surprise_top3000": 0.893473744392395, "surprise_top4000": 0.8141053318977356, "surprise_top5000": 0.6977368593215942, "surprise_top6000": 0.6090526580810547, "disgust_top1500": 0.8932105302810669, "disgust_top2000": 0.8852105140686035, "disgust_top2500": 0.8935262560844421, "disgust_top3000": 0.8925262689590454, "disgust_top4000": 0.8938421010971069, "disgust_top5000": 0.8955262899398804, "disgust_top6000": 0.8844736814498901, "control_top1500": 0.8918420672416687, "control_top2000": 0.8885262608528137, "control_top2500": 0.8848420977592468, "control_top3000": 0.8731052279472351, "control_top4000": 0.8691577911376953, "control_top5000": 0.8648421168327332, "control_top6000": 0.8425790071487427, "fairness_top1500": 0.8804737329483032, "fairness_top2000": 0.8547894358634949, "fairness_top2500": 0.87452632188797, "fairness_top3000": 0.8802105188369751, "fairness_top4000": 0.8534736633300781, "fairness_top5000": 0.5287368893623352, "fairness_top6000": 0.5402106046676636, "self-related_top1500": 0.8942104578018188, "self-related_top2000": 0.8932105302810669, "self-related_top2500": 0.8965263366699219, "self-related_top3000": 0.9035263061523438, "self-related_top4000": 0.9024737477302551, "self-related_top5000": 0.8864210844039917, "self-related_top6000": 0.7584210634231567, "other-related_top1500": 0.8972104787826538, "other-related_top2000": 0.8877894282341003, "other-related_top2500": 0.833473801612854, "other-related_top3000": 0.738789439201355, "other-related_top4000": 0.8577893972396851, "other-related_top5000": 0.6344736814498901, "other-related_top6000": 0.4734210968017578, "expectedness_top1500": 0.8952105641365051, "expectedness_top2000": 0.8945263028144836, "expectedness_top2500": 0.8902105093002319, "expectedness_top3000": 0.890526294708252, "expectedness_top4000": 0.8557894825935364, "expectedness_top5000": 0.8214210271835327, "expectedness_top6000": 0.836105227470398, "non-novelty_top1500": 0.8898947834968567, "non-novelty_top2000": 0.8849472999572754, "non-novelty_top2500": 0.8899474143981934, "non-novelty_top3000": 0.8898946642875671, "non-novelty_top4000": 0.8651052713394165, "non-novelty_top5000": 0.8327368497848511, "non-novelty_top6000": 0.666736900806427}