{"sentiment": "admiration", "seed": 13, "arousal_top1500": 0.8981578946113586, "best": 0.9038461446762085, "arousal_top2000": 0.8965262174606323, "arousal_top2500": 0.8978420495986938, "arousal_top3000": 0.8921052813529968, "arousal_top4000": 0.8444210290908813, "arousal_top5000": 0.7464210391044617, "arousal_top6000": 0.8518421053886414, "valence_top1500": 0.8962104916572571, "valence_top2000": 0.8683158159255981, "valence_top2500": 0.8763157725334167, "valence_top3000": 0.8696315884590149, "valence_top4000": 0.8515263795852661, "valence_top5000": 0.8475262522697449, "valence_top6000": 0.554578959941864, "happy_top1500": 0.8755789995193481, "happy_top2000": 0.8669473528862, "happy_top2500": 0.6404736638069153, "happy_top3000": 0.4847894608974457, "happy_top4000": 0.6207368969917297, "happy_top5000": 0.4538421034812927, "happy_top6000": 0.46721047163009644, "anger_top1500": 0.9015263319015503, "anger_top2000": 0.9015263319015503, "anger_top2500": 0.9055262804031372, "anger_top3000": 0.9098421335220337, "anger_top4000": 0.9031578302383423, "anger_top5000": 0.904157817363739, "anger_top6000": 0.8957895040512085, "sad_top1500": 0.9021579623222351, "sad_top2000": 0.9004737138748169, "sad_top2500": 0.8861052393913269, "sad_top3000": 0.8871051669120789, "sad_top4000": 0.8751052618026733, "sad_top5000": 0.7624210119247437, "sad_top6000": 0.6560526490211487, "fear_top1500": 0.8911052942276001, "fear_top2000": 0.8898420333862305, "fear_top2500": 0.8925262689590454, "fear_top3000": 0.8974736928939819, "fear_top4000": 0.8864736557006836, "fear_top5000": 0.8841577768325806, "fear_top6000": 0.8857895135879517, "surprise_top1500": 0.9074736833572388, "surprise_top2000": 0.8997895121574402, "surprise_top2500": 0.8947893977165222, "surprise_top3000": 0.8787895441055298, "surprise_top4000": 0.8097894787788391, "surprise_top5000": 0.668052613735199, "surprise_top6000": 0.5411052703857422, "disgust_top1500": 0.900526225566864, "disgust_top2000": 0.8985261917114258, "disgust_top2500": 0.8975262641906738, "disgust_top3000": 0.8972104787826538, "disgust_top4000": 0.9054737091064453, "disgust_top5000": 0.9061578512191772, "disgust_top6000": 0.9051578640937805, "control_top1500": 0.8858420252799988, "control_top2000": 0.8851577639579773, "control_top2500": 0.8781577944755554, "control_top3000": 0.8788420557975769, "control_top4000": 0.8671053051948547, "control_top5000": 0.886894702911377, "control_top6000": 0.8041051626205444, "fairness_top1500": 0.8928421139717102, "fairness_top2000": 0.8898420333862305, "fairness_top2500": 0.8807894587516785, "fairness_top3000": 0.876473605632782, "fairness_top4000": 0.8418420553207397, "fairness_top5000": 0.827684223651886, "fairness_top6000": 0.7408947348594666, "self-related_top1500": 0.9061578512191772, "self-related_top2000": 0.9018421173095703, "self-related_top2500": 0.8994737863540649, "self-related_top3000": 0.8927894830703735, "self-related_top4000": 0.8831052780151367, "self-related_top5000": 0.8711053133010864, "self-related_top6000": 0.8367894887924194, "other-related_top1500": 0.8945789337158203, "other-related_top2000": 0.9025262594223022, "other-related_top2500": 0.9004737138748169, "other-related_top3000": 0.8794736862182617, "other-related_top4000": 0.899157702922821, "other-related_top5000": 0.7698947191238403, "other-related_top6000": 0.4681052565574646, "expectedness_top1500": 0.9014737010002136, "expectedness_top2000": 0.8987895250320435, "expectedness_top2500": 0.8984736204147339, "expectedness_top3000": 0.8887894749641418, "expectedness_top4000": 0.836105227470398, "expectedness_top5000": 0.8744736909866333, "expectedness_top6000": 0.8714736700057983, "non-novelty_top1500": 0.8995262980461121, "non-novelty_top2000": 0.8838946223258972, "non-novelty_top2500": 0.8961578607559204, "non-novelty_top3000": 0.9044737815856934, "non-novelty_top4000": 0.8287894129753113, "non-novelty_top5000": 0.711052656173706, "non-novelty_top6000": 0.5401052236557007}