{"sentiment": "admiration", "seed": 3, "arousal_top1500": 0.8956314921379089, "best": 0.898587703704834, "arousal_top2000": 0.8926316499710083, "arousal_top2500": 0.8915788531303406, "arousal_top3000": 0.8901578783988953, "arousal_top4000": 0.8807894587516785, "arousal_top5000": 0.8424210548400879, "arousal_top6000": 0.8815262913703918, "valence_top1500": 0.8942631483078003, "valence_top2000": 0.8839473724365234, "valence_top2500": 0.8831579089164734, "valence_top3000": 0.8894737362861633, "valence_top4000": 0.8257895708084106, "valence_top5000": 0.8708419799804688, "valence_top6000": 0.7937895059585571, "happy_top1500": 0.8766316175460815, "happy_top2000": 0.8526315689086914, "happy_top2500": 0.8340526819229126, "happy_top3000": 0.7096315622329712, "happy_top4000": 0.8372631072998047, "happy_top5000": 0.5801578760147095, "happy_top6000": 0.6794736981391907, "anger_top1500": 0.8890000581741333, "anger_top2000": 0.8763684034347534, "anger_top2500": 0.894631564617157, "anger_top3000": 0.8929473757743835, "anger_top4000": 0.8932631611824036, "anger_top5000": 0.8945789337158203, "anger_top6000": 0.8915789723396301, "sad_top1500": 0.9008946418762207, "sad_top2000": 0.8968947529792786, "sad_top2500": 0.8952104449272156, "sad_top3000": 0.8974736332893372, "sad_top4000": 0.8427894711494446, "sad_top5000": 0.7101051807403564, "sad_top6000": 0.5528420805931091, "fear_top1500": 0.8874737024307251, "fear_top2000": 0.8965262174606323, "fear_top2500": 0.8962631225585938, "fear_top3000": 0.8948947191238403, "fear_top4000": 0.8811578750610352, "fear_top5000": 0.8732631802558899, "fear_top6000": 0.8493157625198364, "surprise_top1500": 0.8942104578018188, "surprise_top2000": 0.8895262479782104, "surprise_top2500": 0.8915262222290039, "surprise_top3000": 0.8818421363830566, "surprise_top4000": 0.8307894468307495, "surprise_top5000": 0.6451578736305237, "surprise_top6000": 0.5505263209342957, "disgust_top1500": 0.8889999389648438, "disgust_top2000": 0.8856841921806335, "disgust_top2500": 0.8859999775886536, "disgust_top3000": 0.8859999775886536, "disgust_top4000": 0.8876315951347351, "disgust_top5000": 0.8729999661445618, "disgust_top6000": 0.894947350025177, "control_top1500": 0.8955262303352356, "control_top2000": 0.8952104449272156, "control_top2500": 0.8958947062492371, "control_top3000": 0.8892105221748352, "control_top4000": 0.8968420028686523, "control_top5000": 0.8798947334289551, "control_top6000": 0.8551578521728516, "fairness_top1500": 0.8751579523086548, "fairness_top2000": 0.87578946352005, "fairness_top2500": 0.8484210968017578, "fairness_top3000": 0.8521053194999695, "fairness_top4000": 0.8514736294746399, "fairness_top5000": 0.7253158092498779, "fairness_top6000": 0.5394736528396606, "self-related_top1500": 0.9005788564682007, "self-related_top2000": 0.8962631225585938, "self-related_top2500": 0.8975788950920105, "self-related_top3000": 0.8985261917114258, "self-related_top4000": 0.8931577801704407, "self-related_top5000": 0.8867895007133484, "self-related_top6000": 0.8507894277572632, "other-related_top1500": 0.8790526390075684, "other-related_top2000": 0.8943158388137817, "other-related_top2500": 0.8969473838806152, "other-related_top3000": 0.8935788869857788, "other-related_top4000": 0.8869999647140503, "other-related_top5000": 0.4615263044834137, "other-related_top6000": 0.4615263044834137, "expectedness_top1500": 0.8892631530761719, "expectedness_top2000": 0.8919473886489868, "expectedness_top2500": 0.8926315307617188, "expectedness_top3000": 0.8926315307617188, "expectedness_top4000": 0.8591052889823914, "expectedness_top5000": 0.8948947191238403, "expectedness_top6000": 0.8862631916999817, "non-novelty_top1500": 0.886684238910675, "non-novelty_top2000": 0.8840000033378601, "non-novelty_top2500": 0.893631637096405, "non-novelty_top3000": 0.8985788226127625, "non-novelty_top4000": 0.8147894740104675, "non-novelty_top5000": 0.7767894268035889, "non-novelty_top6000": 0.5738421082496643}