{"sentiment": "admiration", "seed": 19, "arousal_top1500": 0.8918946981430054, "best": 0.896409273147583, "arousal_top2000": 0.8908947110176086, "arousal_top2500": 0.888157844543457, "arousal_top3000": 0.8707894086837769, "arousal_top4000": 0.8687894940376282, "arousal_top5000": 0.8297894597053528, "arousal_top6000": 0.8072630763053894, "valence_top1500": 0.8734210133552551, "valence_top2000": 0.8820526003837585, "valence_top2500": 0.8737894892692566, "valence_top3000": 0.851894736289978, "valence_top4000": 0.8236315846443176, "valence_top5000": 0.689263105392456, "valence_top6000": 0.5328947305679321, "happy_top1500": 0.8372631072998047, "happy_top2000": 0.8396316766738892, "happy_top2500": 0.7630526423454285, "happy_top3000": 0.7146315574645996, "happy_top4000": 0.5761052370071411, "happy_top5000": 0.5358421206474304, "happy_top6000": 0.5225789546966553, "anger_top1500": 0.8910526037216187, "anger_top2000": 0.8856841921806335, "anger_top2500": 0.8896842002868652, "anger_top3000": 0.8953157663345337, "anger_top4000": 0.8889473676681519, "anger_top5000": 0.8905788660049438, "anger_top6000": 0.8949474096298218, "sad_top1500": 0.8958421945571899, "sad_top2000": 0.8912104368209839, "sad_top2500": 0.887210488319397, "sad_top3000": 0.8915262222290039, "sad_top4000": 0.8925262689590454, "sad_top5000": 0.8557894825935364, "sad_top6000": 0.7527369260787964, "fear_top1500": 0.8880000114440918, "fear_top2000": 0.8830526471138, "fear_top2500": 0.8727368116378784, "fear_top3000": 0.8800526857376099, "fear_top4000": 0.8362105488777161, "fear_top5000": 0.7441052198410034, "fear_top6000": 0.6778947114944458, "surprise_top1500": 0.8968421816825867, "surprise_top2000": 0.8918420672416687, "surprise_top2500": 0.8891578912734985, "surprise_top3000": 0.8871577978134155, "surprise_top4000": 0.8731052279472351, "surprise_top5000": 0.7783684134483337, "surprise_top6000": 0.6880526542663574, "disgust_top1500": 0.8936842083930969, "disgust_top2000": 0.8883684873580933, "disgust_top2500": 0.88273686170578, "disgust_top3000": 0.8810526728630066, "disgust_top4000": 0.8943158388137817, "disgust_top5000": 0.886684238910675, "disgust_top6000": 0.8935790061950684, "control_top1500": 0.8786842226982117, "control_top2000": 0.8793684840202332, "control_top2500": 0.8567894697189331, "control_top3000": 0.8511053323745728, "control_top4000": 0.8035789728164673, "control_top5000": 0.7504210472106934, "control_top6000": 0.5391052961349487, "fairness_top1500": 0.8859999775886536, "fairness_top2000": 0.8983157873153687, "fairness_top2500": 0.8956316113471985, "fairness_top3000": 0.8823683857917786, "fairness_top4000": 0.8673684000968933, "fairness_top5000": 0.7464736700057983, "fairness_top6000": 0.5225789546966553, "self-related_top1500": 0.9015262722969055, "self-related_top2000": 0.8965262174606323, "self-related_top2500": 0.8968421816825867, "self-related_top3000": 0.8961578607559204, "self-related_top4000": 0.8921052813529968, "self-related_top5000": 0.8767368197441101, "self-related_top6000": 0.8163684606552124, "other-related_top1500": 0.8943684697151184, "other-related_top2000": 0.8958947062492371, "other-related_top2500": 0.8865262866020203, "other-related_top3000": 0.8801053166389465, "other-related_top4000": 0.8819473385810852, "other-related_top5000": 0.4774211049079895, "other-related_top6000": 0.4774211049079895, "expectedness_top1500": 0.8873685002326965, "expectedness_top2000": 0.8843685388565063, "expectedness_top2500": 0.8840001225471497, "expectedness_top3000": 0.869105339050293, "expectedness_top4000": 0.8802631497383118, "expectedness_top5000": 0.8839473724365234, "expectedness_top6000": 0.8361577987670898, "non-novelty_top1500": 0.8886842727661133, "non-novelty_top2000": 0.8817368745803833, "non-novelty_top2500": 0.8823684453964233, "non-novelty_top3000": 0.8968947529792786, "non-novelty_top4000": 0.8856314420700073, "non-novelty_top5000": 0.8625789880752563, "non-novelty_top6000": 0.7617368698120117}