{"sentiment": "admiration", "seed": 17, "arousal_top1500": 0.9001052975654602, "best": 0.9026442170143127, "arousal_top2000": 0.9031052589416504, "arousal_top2500": 0.8894209861755371, "arousal_top3000": 0.8620526194572449, "arousal_top4000": 0.7651052474975586, "arousal_top5000": 0.86773681640625, "arousal_top6000": 0.7356315851211548, "valence_top1500": 0.8331052660942078, "valence_top2000": 0.6478947997093201, "valence_top2500": 0.6790527105331421, "valence_top3000": 0.679736852645874, "valence_top4000": 0.7439999580383301, "valence_top5000": 0.6292631030082703, "valence_top6000": 0.666894793510437, "happy_top1500": 0.712684154510498, "happy_top2000": 0.5557894706726074, "happy_top2500": 0.5457894802093506, "happy_top3000": 0.7735263109207153, "happy_top4000": 0.7040526270866394, "happy_top5000": 0.7075263261795044, "happy_top6000": 0.5385263562202454, "anger_top1500": 0.8902631998062134, "anger_top2000": 0.8965789079666138, "anger_top2500": 0.9021577835083008, "anger_top3000": 0.9001579284667969, "anger_top4000": 0.8948421478271484, "anger_top5000": 0.8970525860786438, "anger_top6000": 0.8890525698661804, "sad_top1500": 0.8960526585578918, "sad_top2000": 0.8880525827407837, "sad_top2500": 0.8696842193603516, "sad_top3000": 0.8616842031478882, "sad_top4000": 0.8216841816902161, "sad_top5000": 0.6581052541732788, "sad_top6000": 0.5247894525527954, "fear_top1500": 0.9027894735336304, "fear_top2000": 0.8951579928398132, "fear_top2500": 0.8951578140258789, "fear_top3000": 0.9011052250862122, "fear_top4000": 0.8780525326728821, "fear_top5000": 0.8671579360961914, "fear_top6000": 0.8687894940376282, "surprise_top1500": 0.9077368974685669, "surprise_top2000": 0.9010525941848755, "surprise_top2500": 0.9010525941848755, "surprise_top3000": 0.8853683471679688, "surprise_top4000": 0.8071052432060242, "surprise_top5000": 0.6807894110679626, "surprise_top6000": 0.6187894940376282, "disgust_top1500": 0.8918946981430054, "disgust_top2000": 0.8895789384841919, "disgust_top2500": 0.9018421173095703, "disgust_top3000": 0.8988420367240906, "disgust_top4000": 0.8961578607559204, "disgust_top5000": 0.8994736671447754, "disgust_top6000": 0.8887367248535156, "control_top1500": 0.8547368049621582, "control_top2000": 0.8593684434890747, "control_top2500": 0.8633683919906616, "control_top3000": 0.8084737062454224, "control_top4000": 0.7605789303779602, "control_top5000": 0.7958421111106873, "control_top6000": 0.8728421330451965, "fairness_top1500": 0.8938421010971069, "fairness_top2000": 0.8867367506027222, "fairness_top2500": 0.8750526309013367, "fairness_top3000": 0.8636841773986816, "fairness_top4000": 0.747157871723175, "fairness_top5000": 0.8210526704788208, "fairness_top6000": 0.5408421158790588, "self-related_top1500": 0.9130526781082153, "self-related_top2000": 0.911736786365509, "self-related_top2500": 0.9047368168830872, "self-related_top3000": 0.8910525441169739, "self-related_top4000": 0.8850525617599487, "self-related_top5000": 0.8443683385848999, "self-related_top6000": 0.7524210214614868, "other-related_top1500": 0.9028421640396118, "other-related_top2000": 0.9077895283699036, "other-related_top2500": 0.9121053814888, "other-related_top3000": 0.9101052284240723, "other-related_top4000": 0.8680000305175781, "other-related_top5000": 0.47184211015701294, "other-related_top6000": 0.46247372031211853, "expectedness_top1500": 0.9064210653305054, "expectedness_top2000": 0.907789409160614, "expectedness_top2500": 0.8984736204147339, "expectedness_top3000": 0.9007895588874817, "expectedness_top4000": 0.8567368388175964, "expectedness_top5000": 0.879421055316925, "expectedness_top6000": 0.862315833568573, "non-novelty_top1500": 0.8809474110603333, "non-novelty_top2000": 0.8733158111572266, "non-novelty_top2500": 0.8696316480636597, "non-novelty_top3000": 0.8835789561271667, "non-novelty_top4000": 0.8770526647567749, "non-novelty_top5000": 0.847789466381073, "non-novelty_top6000": 0.6947368383407593}