{"sentiment": "amusement", "seed": 19, "arousal_top1500": 0.9414286017417908, "best": 0.9258366227149963, "arousal_top2000": 0.9428571462631226, "arousal_top2500": 0.9457142949104309, "arousal_top3000": 0.9428571462631226, "arousal_top4000": 0.941428542137146, "arousal_top5000": 0.9428571462631226, "arousal_top6000": 0.9385713934898376, "valence_top1500": 0.9399999976158142, "valence_top2000": 0.9414286017417908, "valence_top2500": 0.9414286017417908, "valence_top3000": 0.9428571462631226, "valence_top4000": 0.9399999976158142, "valence_top5000": 0.9428571462631226, "valence_top6000": 0.9342857003211975, "happy_top1500": 0.9399999976158142, "happy_top2000": 0.9442857503890991, "happy_top2500": 0.941428542137146, "happy_top3000": 0.9428571462631226, "happy_top4000": 0.9428572058677673, "happy_top5000": 0.9457142949104309, "happy_top6000": 0.5680952668190002, "anger_top1500": 0.9414286017417908, "anger_top2000": 0.9414286017417908, "anger_top2500": 0.9399999976158142, "anger_top3000": 0.9399999976158142, "anger_top4000": 0.9414286017417908, "anger_top5000": 0.9428571462631226, "anger_top6000": 0.9442857503890991, "sad_top1500": 0.9414286017417908, "sad_top2000": 0.9414286017417908, "sad_top2500": 0.9442856907844543, "sad_top3000": 0.9414286017417908, "sad_top4000": 0.9457143545150757, "sad_top5000": 0.9428571462631226, "sad_top6000": 0.941428542137146, "fear_top1500": 0.9185714721679688, "fear_top2000": 0.8776190876960754, "fear_top2500": 0.8733333349227905, "fear_top3000": 0.8661905527114868, "fear_top4000": 0.8976191282272339, "fear_top5000": 0.8533334136009216, "fear_top6000": 0.7695237994194031, "surprise_top1500": 0.9428571462631226, "surprise_top2000": 0.9399999976158142, "surprise_top2500": 0.9414286017417908, "surprise_top3000": 0.9428571462631226, "surprise_top4000": 0.9428571462631226, "surprise_top5000": 0.9399999976158142, "surprise_top6000": 0.9399999976158142, "disgust_top1500": 0.9414286017417908, "disgust_top2000": 0.9428571462631226, "disgust_top2500": 0.9414286017417908, "disgust_top3000": 0.9414286017417908, "disgust_top4000": 0.9428571462631226, "disgust_top5000": 0.9385714530944824, "disgust_top6000": 0.9428571462631226, "control_top1500": 0.9457142949104309, "control_top2000": 0.9442857503890991, "control_top2500": 0.9442857503890991, "control_top3000": 0.925714373588562, "control_top4000": 0.6761904954910278, "control_top5000": 0.674761950969696, "control_top6000": 0.9414286017417908, "fairness_top1500": 0.9399999976158142, "fairness_top2000": 0.9428571462631226, "fairness_top2500": 0.9457142949104309, "fairness_top3000": 0.9471427798271179, "fairness_top4000": 0.9428571462631226, "fairness_top5000": 0.9457142949104309, "fairness_top6000": 0.9185714721679688, "self-related_top1500": 0.9442857503890991, "self-related_top2000": 0.9457143545150757, "self-related_top2500": 0.9457143545150757, "self-related_top3000": 0.9457143545150757, "self-related_top4000": 0.9399999976158142, "self-related_top5000": 0.9399999976158142, "self-related_top6000": 0.9385714530944824, "other-related_top1500": 0.9471428990364075, "other-related_top2000": 0.9457143545150757, "other-related_top2500": 0.9428571462631226, "other-related_top3000": 0.9428571462631226, "other-related_top4000": 0.9471428990364075, "other-related_top5000": 0.918571412563324, "other-related_top6000": 0.5471428632736206, "expectedness_top1500": 0.9442857503890991, "expectedness_top2000": 0.9471428990364075, "expectedness_top2500": 0.9471428990364075, "expectedness_top3000": 0.9399999976158142, "expectedness_top4000": 0.9442857503890991, "expectedness_top5000": 0.928571343421936, "expectedness_top6000": 0.9371428489685059, "non-novelty_top1500": 0.9414286017417908, "non-novelty_top2000": 0.9428571462631226, "non-novelty_top2500": 0.9428571462631226, "non-novelty_top3000": 0.9442857503890991, "non-novelty_top4000": 0.9157143235206604, "non-novelty_top5000": 0.9357143044471741, "non-novelty_top6000": 0.9428571462631226}