{"sentiment": "amusement", "seed": 3, "arousal_top1500": 0.954285740852356, "best": 0.9573914408683777, "arousal_top2000": 0.954285740852356, "arousal_top2500": 0.955714225769043, "arousal_top3000": 0.9514285326004028, "arousal_top4000": 0.9514285326004028, "arousal_top5000": 0.7719048261642456, "arousal_top6000": 0.6166666746139526, "valence_top1500": 0.9514285326004028, "valence_top2000": 0.9528571367263794, "valence_top2500": 0.954285740852356, "valence_top3000": 0.954285740852356, "valence_top4000": 0.954285740852356, "valence_top5000": 0.9514285326004028, "valence_top6000": 0.948571503162384, "happy_top1500": 0.954285740852356, "happy_top2000": 0.9528571367263794, "happy_top2500": 0.9514285326004028, "happy_top3000": 0.9314285516738892, "happy_top4000": 0.948571503162384, "happy_top5000": 0.9428571462631226, "happy_top6000": 0.9442857503890991, "anger_top1500": 0.954285740852356, "anger_top2000": 0.9514285326004028, "anger_top2500": 0.9528571367263794, "anger_top3000": 0.955714225769043, "anger_top4000": 0.9528571367263794, "anger_top5000": 0.9499999284744263, "anger_top6000": 0.948571503162384, "sad_top1500": 0.9528571367263794, "sad_top2000": 0.9514285326004028, "sad_top2500": 0.9514285326004028, "sad_top3000": 0.954285740852356, "sad_top4000": 0.9528571367263794, "sad_top5000": 0.9499999284744263, "sad_top6000": 0.9528571367263794, "fear_top1500": 0.955714225769043, "fear_top2000": 0.9514285326004028, "fear_top2500": 0.9542856812477112, "fear_top3000": 0.9499999284744263, "fear_top4000": 0.9514285326004028, "fear_top5000": 0.9342856407165527, "fear_top6000": 0.6823809742927551, "surprise_top1500": 0.9514285326004028, "surprise_top2000": 0.9528571367263794, "surprise_top2500": 0.9528571367263794, "surprise_top3000": 0.9528571367263794, "surprise_top4000": 0.9514285326004028, "surprise_top5000": 0.9499999284744263, "surprise_top6000": 0.948571503162384, "disgust_top1500": 0.9542856812477112, "disgust_top2000": 0.9485713839530945, "disgust_top2500": 0.9514285326004028, "disgust_top3000": 0.9514285326004028, "disgust_top4000": 0.9514285326004028, "disgust_top5000": 0.949999988079071, "disgust_top6000": 0.9528571367263794, "control_top1500": 0.9104762077331543, "control_top2000": 0.9233332872390747, "control_top2500": 0.9457143545150757, "control_top3000": 0.8757143020629883, "control_top4000": 0.8833333849906921, "control_top5000": 0.9528571367263794, "control_top6000": 0.6733333468437195, "fairness_top1500": 0.9528571367263794, "fairness_top2000": 0.9514285326004028, "fairness_top2500": 0.9514285326004028, "fairness_top3000": 0.9514285326004028, "fairness_top4000": 0.9414286017417908, "fairness_top5000": 0.9299999475479126, "fairness_top6000": 0.4514285624027252, "self-related_top1500": 0.954285740852356, "self-related_top2000": 0.954285740852356, "self-related_top2500": 0.954285740852356, "self-related_top3000": 0.948571503162384, "self-related_top4000": 0.948571503162384, "self-related_top5000": 0.9499999284744263, "self-related_top6000": 0.9528571367263794, "other-related_top1500": 0.9514285326004028, "other-related_top2000": 0.9528571367263794, "other-related_top2500": 0.9528571367263794, "other-related_top3000": 0.9528571367263794, "other-related_top4000": 0.9190476536750793, "other-related_top5000": 0.8528571724891663, "other-related_top6000": 0.5942856669425964, "expectedness_top1500": 0.954285740852356, "expectedness_top2000": 0.9514285326004028, "expectedness_top2500": 0.954285740852356, "expectedness_top3000": 0.9442857503890991, "expectedness_top4000": 0.9457143545150757, "expectedness_top5000": 0.8433333039283752, "expectedness_top6000": 0.6838094592094421, "non-novelty_top1500": 0.9514285326004028, "non-novelty_top2000": 0.9499999284744263, "non-novelty_top2500": 0.9528571367263794, "non-novelty_top3000": 0.9514285326004028, "non-novelty_top4000": 0.9442856907844543, "non-novelty_top5000": 0.941428542137146, "non-novelty_top6000": 0.9499999284744263}