{"sentiment": "amusement", "seed": 11, "arousal_top1500": 0.9528571367263794, "best": 0.9497174620628357, "arousal_top2000": 0.9528571367263794, "arousal_top2500": 0.9514285326004028, "arousal_top3000": 0.9528570771217346, "arousal_top4000": 0.9528571367263794, "arousal_top5000": 0.47809523344039917, "arousal_top6000": 0.47809523344039917, "valence_top1500": 0.9557142853736877, "valence_top2000": 0.9457142949104309, "valence_top2500": 0.9228571653366089, "valence_top3000": 0.9428572058677673, "valence_top4000": 0.9000000357627869, "valence_top5000": 0.7485713958740234, "valence_top6000": 0.4823809266090393, "happy_top1500": 0.918571412563324, "happy_top2000": 0.9314285516738892, "happy_top2500": 0.9514285326004028, "happy_top3000": 0.9114285707473755, "happy_top4000": 0.47809523344039917, "happy_top5000": 0.47809523344039917, "happy_top6000": 0.47809523344039917, "anger_top1500": 0.9571428298950195, "anger_top2000": 0.9542856812477112, "anger_top2500": 0.9542856812477112, "anger_top3000": 0.9514285922050476, "anger_top4000": 0.9557142853736877, "anger_top5000": 0.9457142949104309, "anger_top6000": 0.9528571367263794, "sad_top1500": 0.9557142853736877, "sad_top2000": 0.9585714340209961, "sad_top2500": 0.9542856812477112, "sad_top3000": 0.9528571367263794, "sad_top4000": 0.8104761838912964, "sad_top5000": 0.9071428179740906, "sad_top6000": 0.8357142806053162, "fear_top1500": 0.9214286208152771, "fear_top2000": 0.8471428155899048, "fear_top2500": 0.8147619962692261, "fear_top3000": 0.7223809957504272, "fear_top4000": 0.47809523344039917, "fear_top5000": 0.47809523344039917, "fear_top6000": 0.47809523344039917, "surprise_top1500": 0.9542856812477112, "surprise_top2000": 0.9514285326004028, "surprise_top2500": 0.9514285326004028, "surprise_top3000": 0.9528571367263794, "surprise_top4000": 0.9528571367263794, "surprise_top5000": 0.9542856812477112, "surprise_top6000": 0.9514285326004028, "disgust_top1500": 0.9557142853736877, "disgust_top2000": 0.9557142853736877, "disgust_top2500": 0.9571428298950195, "disgust_top3000": 0.9528571367263794, "disgust_top4000": 0.9471428990364075, "disgust_top5000": 0.8657142519950867, "disgust_top6000": 0.912857174873352, "control_top1500": 0.9014286398887634, "control_top2000": 0.9228571653366089, "control_top2500": 0.6928571462631226, "control_top3000": 0.6780952215194702, "control_top4000": 0.723809540271759, "control_top5000": 0.7519048452377319, "control_top6000": 0.8171428442001343, "fairness_top1500": 0.9542856812477112, "fairness_top2000": 0.955714225769043, "fairness_top2500": 0.9557142853736877, "fairness_top3000": 0.9557142853736877, "fairness_top4000": 0.9285714030265808, "fairness_top5000": 0.807619035243988, "fairness_top6000": 0.47809523344039917, "self-related_top1500": 0.9528571367263794, "self-related_top2000": 0.954285740852356, "self-related_top2500": 0.9528571367263794, "self-related_top3000": 0.9528571367263794, "self-related_top4000": 0.9557142853736877, "self-related_top5000": 0.9542856812477112, "self-related_top6000": 0.954285740852356, "other-related_top1500": 0.949999988079071, "other-related_top2000": 0.955714225769043, "other-related_top2500": 0.9542856812477112, "other-related_top3000": 0.9542856812477112, "other-related_top4000": 0.9528571367263794, "other-related_top5000": 0.9542856812477112, "other-related_top6000": 0.9399999976158142, "expectedness_top1500": 0.9499999284744263, "expectedness_top2000": 0.9242857098579407, "expectedness_top2500": 0.8785713911056519, "expectedness_top3000": 0.8371428847312927, "expectedness_top4000": 0.8828571438789368, "expectedness_top5000": 0.49095234274864197, "expectedness_top6000": 0.47809523344039917, "non-novelty_top1500": 0.9342857003211975, "non-novelty_top2000": 0.9428571462631226, "non-novelty_top2500": 0.9385714530944824, "non-novelty_top3000": 0.9442857503890991, "non-novelty_top4000": 0.925714373588562, "non-novelty_top5000": 0.9371428489685059, "non-novelty_top6000": 0.9371429085731506}