{"sentiment": "amusement", "seed": 42, "arousal_top1500": 0.9385713934898376, "best": 0.9344525337219238, "arousal_top2000": 0.9399999976158142, "arousal_top2500": 0.9428571462631226, "arousal_top3000": 0.941428542137146, "arousal_top4000": 0.9428571462631226, "arousal_top5000": 0.7866666913032532, "arousal_top6000": 0.44999998807907104, "valence_top1500": 0.9357143044471741, "valence_top2000": 0.9342857003211975, "valence_top2500": 0.9399999976158142, "valence_top3000": 0.9399999976158142, "valence_top4000": 0.9399999976158142, "valence_top5000": 0.9357142448425293, "valence_top6000": 0.9399999976158142, "happy_top1500": 0.9399999976158142, "happy_top2000": 0.9371428489685059, "happy_top2500": 0.9399999976158142, "happy_top3000": 0.9371428489685059, "happy_top4000": 0.9285714030265808, "happy_top5000": 0.932857096195221, "happy_top6000": 0.654285728931427, "anger_top1500": 0.9428571462631226, "anger_top2000": 0.9442857503890991, "anger_top2500": 0.941428542137146, "anger_top3000": 0.9442856907844543, "anger_top4000": 0.9399999976158142, "anger_top5000": 0.9428571462631226, "anger_top6000": 0.9385713934898376, "sad_top1500": 0.941428542137146, "sad_top2000": 0.941428542137146, "sad_top2500": 0.9428571462631226, "sad_top3000": 0.9442856907844543, "sad_top4000": 0.9399999976158142, "sad_top5000": 0.9442856907844543, "sad_top6000": 0.9399999380111694, "fear_top1500": 0.8804762959480286, "fear_top2000": 0.8176190257072449, "fear_top2500": 0.8304762244224548, "fear_top3000": 0.8261904716491699, "fear_top4000": 0.4599999785423279, "fear_top5000": 0.452857106924057, "fear_top6000": 0.44999998807907104, "surprise_top1500": 0.9442856907844543, "surprise_top2000": 0.941428542137146, "surprise_top2500": 0.941428542137146, "surprise_top3000": 0.9457142949104309, "surprise_top4000": 0.9399999976158142, "surprise_top5000": 0.9399999976158142, "surprise_top6000": 0.9399999976158142, "disgust_top1500": 0.9428571462631226, "disgust_top2000": 0.9414286017417908, "disgust_top2500": 0.9385713934898376, "disgust_top3000": 0.9399999976158142, "disgust_top4000": 0.9428571462631226, "disgust_top5000": 0.9328571557998657, "disgust_top6000": 0.9371429085731506, "control_top1500": 0.8676190972328186, "control_top2000": 0.8576191067695618, "control_top2500": 0.5371428728103638, "control_top3000": 0.4699999690055847, "control_top4000": 0.47428569197654724, "control_top5000": 0.44999998807907104, "control_top6000": 0.5057142972946167, "fairness_top1500": 0.9428571462631226, "fairness_top2000": 0.9399999976158142, "fairness_top2500": 0.9399999976158142, "fairness_top3000": 0.9399999976158142, "fairness_top4000": 0.9399999976158142, "fairness_top5000": 0.9371428489685059, "fairness_top6000": 0.4514285624027252, "self-related_top1500": 0.9442857503890991, "self-related_top2000": 0.9399999380111694, "self-related_top2500": 0.9399999976158142, "self-related_top3000": 0.9385713934898376, "self-related_top4000": 0.9414286017417908, "self-related_top5000": 0.9371428489685059, "self-related_top6000": 0.941428542137146, "other-related_top1500": 0.9328571557998657, "other-related_top2000": 0.9385714530944824, "other-related_top2500": 0.9371428489685059, "other-related_top3000": 0.9385714530944824, "other-related_top4000": 0.9342857003211975, "other-related_top5000": 0.85999995470047, "other-related_top6000": 0.550000011920929, "expectedness_top1500": 0.9357143044471741, "expectedness_top2000": 0.9314286112785339, "expectedness_top2500": 0.9271427989006042, "expectedness_top3000": 0.9271429181098938, "expectedness_top4000": 0.9300000071525574, "expectedness_top5000": 0.9114285707473755, "expectedness_top6000": 0.932857096195221, "non-novelty_top1500": 0.9457143545150757, "non-novelty_top2000": 0.9414286017417908, "non-novelty_top2500": 0.9442857503890991, "non-novelty_top3000": 0.9442856907844543, "non-novelty_top4000": 0.9457142949104309, "non-novelty_top5000": 0.9399999976158142, "non-novelty_top6000": 0.9442856907844543}