{"sentiment": "amusement", "seed": 5, "arousal_top1500": 0.9499999284744263, "best": 0.9502992033958435, "arousal_top2000": 0.9471428990364075, "arousal_top2500": 0.948571503162384, "arousal_top3000": 0.9233333468437195, "arousal_top4000": 0.9190477132797241, "arousal_top5000": 0.9147619009017944, "arousal_top6000": 0.810952365398407, "valence_top1500": 0.924761950969696, "valence_top2000": 0.9176191687583923, "valence_top2500": 0.9176191091537476, "valence_top3000": 0.9119048118591309, "valence_top4000": 0.9047619700431824, "valence_top5000": 0.7828572392463684, "valence_top6000": 0.5223809480667114, "happy_top1500": 0.9233333468437195, "happy_top2000": 0.9147619605064392, "happy_top2500": 0.9019047617912292, "happy_top3000": 0.8890476226806641, "happy_top4000": 0.7885714769363403, "happy_top5000": 0.8247619271278381, "happy_top6000": 0.6695237755775452, "anger_top1500": 0.9514285326004028, "anger_top2000": 0.9499999284744263, "anger_top2500": 0.9471428990364075, "anger_top3000": 0.9104762077331543, "anger_top4000": 0.903333306312561, "anger_top5000": 0.8819047808647156, "anger_top6000": 0.8390476107597351, "sad_top1500": 0.9190477132797241, "sad_top2000": 0.916190505027771, "sad_top2500": 0.9119048118591309, "sad_top3000": 0.8790475726127625, "sad_top4000": 0.8904762268066406, "sad_top5000": 0.8633332848548889, "sad_top6000": 0.879047691822052, "fear_top1500": 0.48523807525634766, "fear_top2000": 0.4895237982273102, "fear_top2500": 0.488095223903656, "fear_top3000": 0.4995238184928894, "fear_top4000": 0.48523807525634766, "fear_top5000": 0.8071428537368774, "fear_top6000": 0.7785714864730835, "surprise_top1500": 0.9204761385917664, "surprise_top2000": 0.9204761385917664, "surprise_top2500": 0.9204761385917664, "surprise_top3000": 0.9204761385917664, "surprise_top4000": 0.9204761385917664, "surprise_top5000": 0.9190477132797241, "surprise_top6000": 0.916190505027771, "disgust_top1500": 0.9514285326004028, "disgust_top2000": 0.948571503162384, "disgust_top2500": 0.9219047427177429, "disgust_top3000": 0.9090477228164673, "disgust_top4000": 0.8990476727485657, "disgust_top5000": 0.8819047808647156, "disgust_top6000": 0.8547618985176086, "control_top1500": 0.9485713243484497, "control_top2000": 0.9204761385917664, "control_top2500": 0.9385713934898376, "control_top3000": 0.9104761481285095, "control_top4000": 0.8790475726127625, "control_top5000": 0.6266666650772095, "control_top6000": 0.5190476179122925, "fairness_top1500": 0.9204762578010559, "fairness_top2000": 0.9090476036071777, "fairness_top2500": 0.8919047713279724, "fairness_top3000": 0.8419047594070435, "fairness_top4000": 0.8890476226806641, "fairness_top5000": 0.8761905431747437, "fairness_top6000": 0.6371428370475769, "self-related_top1500": 0.9500001072883606, "self-related_top2000": 0.9471428990364075, "self-related_top2500": 0.9219047427177429, "self-related_top3000": 0.9442856907844543, "self-related_top4000": 0.9119048118591309, "self-related_top5000": 0.8790475726127625, "self-related_top6000": 0.8304762840270996, "other-related_top1500": 0.9528571367263794, "other-related_top2000": 0.9457142949104309, "other-related_top2500": 0.9442856907844543, "other-related_top3000": 0.9428572058677673, "other-related_top4000": 0.9399999976158142, "other-related_top5000": 0.5533333420753479, "other-related_top6000": 0.5176190137863159, "expectedness_top1500": 0.9528571367263794, "expectedness_top2000": 0.9514285326004028, "expectedness_top2500": 0.948571503162384, "expectedness_top3000": 0.9499999284744263, "expectedness_top4000": 0.9385714530944824, "expectedness_top5000": 0.9285714030265808, "expectedness_top6000": 0.9128571152687073, "non-novelty_top1500": 0.9219048619270325, "non-novelty_top2000": 0.9247618913650513, "non-novelty_top2500": 0.9190477132797241, "non-novelty_top3000": 0.9233333468437195, "non-novelty_top4000": 0.7495237588882446, "non-novelty_top5000": 0.8947619795799255, "non-novelty_top6000": 0.8947619199752808}