{"sentiment": "amusement", "seed": 15, "arousal_top1500": 0.9176190495491028, "best": 0.9267786145210266, "arousal_top2000": 0.9204761385917664, "arousal_top2500": 0.9276190400123596, "arousal_top3000": 0.9219048619270325, "arousal_top4000": 0.916190505027771, "arousal_top5000": 0.6942857503890991, "arousal_top6000": 0.561904788017273, "valence_top1500": 0.9219048619270325, "valence_top2000": 0.5947619080543518, "valence_top2500": 0.8190476298332214, "valence_top3000": 0.45714282989501953, "valence_top4000": 0.452857106924057, "valence_top5000": 0.452857106924057, "valence_top6000": 0.452857106924057, "happy_top1500": 0.9219048619270325, "happy_top2000": 0.8876190781593323, "happy_top2500": 0.724761962890625, "happy_top3000": 0.9133333563804626, "happy_top4000": 0.452857106924057, "happy_top5000": 0.452857106924057, "happy_top6000": 0.452857106924057, "anger_top1500": 0.9219047427177429, "anger_top2000": 0.9219048619270325, "anger_top2500": 0.9190476536750793, "anger_top3000": 0.9204762578010559, "anger_top4000": 0.9176191091537476, "anger_top5000": 0.9190476536750793, "anger_top6000": 0.9133333563804626, "sad_top1500": 0.9190476536750793, "sad_top2000": 0.9219048619270325, "sad_top2500": 0.9219047427177429, "sad_top3000": 0.916190505027771, "sad_top4000": 0.9204762578010559, "sad_top5000": 0.9161905646324158, "sad_top6000": 0.8423810005187988, "fear_top1500": 0.7938095331192017, "fear_top2000": 0.7852380871772766, "fear_top2500": 0.8038095235824585, "fear_top3000": 0.8038095235824585, "fear_top4000": 0.5000000596046448, "fear_top5000": 0.452857106924057, "fear_top6000": 0.45571425557136536, "surprise_top1500": 0.9204762578010559, "surprise_top2000": 0.9176191091537476, "surprise_top2500": 0.9204762578010559, "surprise_top3000": 0.9233333468437195, "surprise_top4000": 0.9190477132797241, "surprise_top5000": 0.8847618699073792, "surprise_top6000": 0.7085714340209961, "disgust_top1500": 0.9219047427177429, "disgust_top2000": 0.9219047427177429, "disgust_top2500": 0.9176191091537476, "disgust_top3000": 0.9190476536750793, "disgust_top4000": 0.9190476536750793, "disgust_top5000": 0.9233332872390747, "disgust_top6000": 0.916190505027771, "control_top1500": 0.9133333563804626, "control_top2000": 0.9204761385917664, "control_top2500": 0.9119047522544861, "control_top3000": 0.7238094210624695, "control_top4000": 0.47857141494750977, "control_top5000": 0.5623809695243835, "control_top6000": 0.4599999785423279, "fairness_top1500": 0.916190505027771, "fairness_top2000": 0.9204762578010559, "fairness_top2500": 0.9204762578010559, "fairness_top3000": 0.9204762578010559, "fairness_top4000": 0.9119047522544861, "fairness_top5000": 0.8947619199752808, "fairness_top6000": 0.452857106924057, "self-related_top1500": 0.9219047427177429, "self-related_top2000": 0.9204761385917664, "self-related_top2500": 0.9204761385917664, "self-related_top3000": 0.9219047427177429, "self-related_top4000": 0.9247618913650513, "self-related_top5000": 0.9204762578010559, "self-related_top6000": 0.9204762578010559, "other-related_top1500": 0.9219047427177429, "other-related_top2000": 0.9204761385917664, "other-related_top2500": 0.9204761385917664, "other-related_top3000": 0.9204761385917664, "other-related_top4000": 0.9190476536750793, "other-related_top5000": 0.5152381062507629, "other-related_top6000": 0.8676190376281738, "expectedness_top1500": 0.916190505027771, "expectedness_top2000": 0.9004762768745422, "expectedness_top2500": 0.8690476417541504, "expectedness_top3000": 0.8033333420753479, "expectedness_top4000": 0.7166666984558105, "expectedness_top5000": 0.4542856812477112, "expectedness_top6000": 0.452857106924057, "non-novelty_top1500": 0.9119048118591309, "non-novelty_top2000": 0.916190505027771, "non-novelty_top2500": 0.9076189994812012, "non-novelty_top3000": 0.9190476536750793, "non-novelty_top4000": 0.7552380561828613, "non-novelty_top5000": 0.7723808884620667, "non-novelty_top6000": 0.7952380776405334}