{"sentiment": "amusement", "seed": 9, "arousal_top1500": 0.9247618913650513, "best": 0.9383587837219238, "arousal_top2000": 0.9233332872390747, "arousal_top2500": 0.9247618913650513, "arousal_top3000": 0.9261904954910278, "arousal_top4000": 0.9190476536750793, "arousal_top5000": 0.8895238041877747, "arousal_top6000": 0.7447619438171387, "valence_top1500": 0.700952410697937, "valence_top2000": 0.5414285659790039, "valence_top2500": 0.46285709738731384, "valence_top3000": 0.44857141375541687, "valence_top4000": 0.4457142651081085, "valence_top5000": 0.4457142651081085, "valence_top6000": 0.4457142651081085, "happy_top1500": 0.73333340883255, "happy_top2000": 0.5342857241630554, "happy_top2500": 0.5947619080543518, "happy_top3000": 0.44999998807907104, "happy_top4000": 0.4457142651081085, "happy_top5000": 0.4457142651081085, "happy_top6000": 0.4457142651081085, "anger_top1500": 0.9261904954910278, "anger_top2000": 0.9261904954910278, "anger_top2500": 0.9190476536750793, "anger_top3000": 0.9190476536750793, "anger_top4000": 0.9176191091537476, "anger_top5000": 0.9204762578010559, "anger_top6000": 0.7461904883384705, "sad_top1500": 0.9233333468437195, "sad_top2000": 0.9204762578010559, "sad_top2500": 0.9176191091537476, "sad_top3000": 0.9014285802841187, "sad_top4000": 0.9047619104385376, "sad_top5000": 0.8485714197158813, "sad_top6000": 0.6914286017417908, "fear_top1500": 0.9199999570846558, "fear_top2000": 0.8038095235824585, "fear_top2500": 0.8209523558616638, "fear_top3000": 0.8138094544410706, "fear_top4000": 0.584761917591095, "fear_top5000": 0.8395237922668457, "fear_top6000": 0.44857141375541687, "surprise_top1500": 0.9261904954910278, "surprise_top2000": 0.9219048619270325, "surprise_top2500": 0.9161905646324158, "surprise_top3000": 0.916190505027771, "surprise_top4000": 0.9047619700431824, "surprise_top5000": 0.9019047617912292, "surprise_top6000": 0.9061905145645142, "disgust_top1500": 0.9247618913650513, "disgust_top2000": 0.9261904954910278, "disgust_top2500": 0.9176191091537476, "disgust_top3000": 0.9133333563804626, "disgust_top4000": 0.9190476536750793, "disgust_top5000": 0.9190476536750793, "disgust_top6000": 0.9204762578010559, "control_top1500": 0.8638095259666443, "control_top2000": 0.7942857146263123, "control_top2500": 0.5890476107597351, "control_top3000": 0.4514285624027252, "control_top4000": 0.5495238304138184, "control_top5000": 0.6995238065719604, "control_top6000": 0.5885714292526245, "fairness_top1500": 0.9176191091537476, "fairness_top2000": 0.9161905646324158, "fairness_top2500": 0.7419047951698303, "fairness_top3000": 0.5952380895614624, "fairness_top4000": 0.4828571677207947, "fairness_top5000": 0.4542856812477112, "fairness_top6000": 0.4457142651081085, "self-related_top1500": 0.9261904954910278, "self-related_top2000": 0.9261904954910278, "self-related_top2500": 0.9261904954910278, "self-related_top3000": 0.9261904954910278, "self-related_top4000": 0.9219048619270325, "self-related_top5000": 0.9119048118591309, "self-related_top6000": 0.9090476632118225, "other-related_top1500": 0.9247618913650513, "other-related_top2000": 0.9247618913650513, "other-related_top2500": 0.9233333468437195, "other-related_top3000": 0.9219048619270325, "other-related_top4000": 0.9204761385917664, "other-related_top5000": 0.5542857050895691, "other-related_top6000": 0.5542857050895691, "expectedness_top1500": 0.9261904954910278, "expectedness_top2000": 0.9261904954910278, "expectedness_top2500": 0.9133333563804626, "expectedness_top3000": 0.9190476536750793, "expectedness_top4000": 0.9190476536750793, "expectedness_top5000": 0.8747619390487671, "expectedness_top6000": 0.6999999284744263, "non-novelty_top1500": 0.9261904954910278, "non-novelty_top2000": 0.9261904954910278, "non-novelty_top2500": 0.9233332872390747, "non-novelty_top3000": 0.9261904954910278, "non-novelty_top4000": 0.9247618913650513, "non-novelty_top5000": 0.8238095641136169, "non-novelty_top6000": 0.629047691822052}