{"sentiment": "amusement", "seed": 17, "arousal_top1500": 0.9542856812477112, "best": 0.9573914408683777, "arousal_top2000": 0.9514285326004028, "arousal_top2500": 0.9542856812477112, "arousal_top3000": 0.9528571367263794, "arousal_top4000": 0.9499999284744263, "arousal_top5000": 0.9214285612106323, "arousal_top6000": 0.6047618985176086, "valence_top1500": 0.949999988079071, "valence_top2000": 0.46714282035827637, "valence_top2500": 0.5961904525756836, "valence_top3000": 0.5309523940086365, "valence_top4000": 0.464285671710968, "valence_top5000": 0.464285671710968, "valence_top6000": 0.464285671710968, "happy_top1500": 0.8976191282272339, "happy_top2000": 0.7214285731315613, "happy_top2500": 0.464285671710968, "happy_top3000": 0.4871428608894348, "happy_top4000": 0.464285671710968, "happy_top5000": 0.464285671710968, "happy_top6000": 0.464285671710968, "anger_top1500": 0.9290476441383362, "anger_top2000": 0.9499999284744263, "anger_top2500": 0.948571503162384, "anger_top3000": 0.949999988079071, "anger_top4000": 0.907619059085846, "anger_top5000": 0.808571457862854, "anger_top6000": 0.464285671710968, "sad_top1500": 0.9499999284744263, "sad_top2000": 0.9047618508338928, "sad_top2500": 0.9090476036071777, "sad_top3000": 0.4657142460346222, "sad_top4000": 0.8733333945274353, "sad_top5000": 0.8847618699073792, "sad_top6000": 0.6847619414329529, "fear_top1500": 0.9528571367263794, "fear_top2000": 0.9233332872390747, "fear_top2500": 0.9457142949104309, "fear_top3000": 0.9471428990364075, "fear_top4000": 0.620476245880127, "fear_top5000": 0.569523811340332, "fear_top6000": 0.464285671710968, "surprise_top1500": 0.9514285326004028, "surprise_top2000": 0.9571428298950195, "surprise_top2500": 0.9557142853736877, "surprise_top3000": 0.9557142853736877, "surprise_top4000": 0.954285740852356, "surprise_top5000": 0.9204762578010559, "surprise_top6000": 0.8933334350585938, "disgust_top1500": 0.930476188659668, "disgust_top2000": 0.9542856812477112, "disgust_top2500": 0.9514285326004028, "disgust_top3000": 0.9528571367263794, "disgust_top4000": 0.9499999284744263, "disgust_top5000": 0.47857141494750977, "disgust_top6000": 0.8490476608276367, "control_top1500": 0.9514285922050476, "control_top2000": 0.9499999284744263, "control_top2500": 0.9428571462631226, "control_top3000": 0.9119047522544861, "control_top4000": 0.8990476727485657, "control_top5000": 0.9271429181098938, "control_top6000": 0.8790475726127625, "fairness_top1500": 0.9147619009017944, "fairness_top2000": 0.949999988079071, "fairness_top2500": 0.8876190781593323, "fairness_top3000": 0.8704761862754822, "fairness_top4000": 0.5014286041259766, "fairness_top5000": 0.464285671710968, "fairness_top6000": 0.464285671710968, "self-related_top1500": 0.9557142853736877, "self-related_top2000": 0.9528571367263794, "self-related_top2500": 0.9204762578010559, "self-related_top3000": 0.9219047427177429, "self-related_top4000": 0.9061905145645142, "self-related_top5000": 0.916190505027771, "self-related_top6000": 0.954285740852356, "other-related_top1500": 0.9219048619270325, "other-related_top2000": 0.9233333468437195, "other-related_top2500": 0.9233333468437195, "other-related_top3000": 0.9233333468437195, "other-related_top4000": 0.9176191091537476, "other-related_top5000": 0.6633333563804626, "other-related_top6000": 0.6500000357627869, "expectedness_top1500": 0.9485713839530945, "expectedness_top2000": 0.9233333468437195, "expectedness_top2500": 0.8890476822853088, "expectedness_top3000": 0.8576191067695618, "expectedness_top4000": 0.7628571391105652, "expectedness_top5000": 0.5795237421989441, "expectedness_top6000": 0.5080952644348145, "non-novelty_top1500": 0.9133333563804626, "non-novelty_top2000": 0.9090476036071777, "non-novelty_top2500": 0.880476176738739, "non-novelty_top3000": 0.8433333039283752, "non-novelty_top4000": 0.7609524130821228, "non-novelty_top5000": 0.7028571367263794, "non-novelty_top6000": 0.46857139468193054}