{"sentiment": "amusement", "seed": 13, "arousal_top1500": 0.9385714530944824, "best": 0.9363364577293396, "arousal_top2000": 0.9385713934898376, "arousal_top2500": 0.9385713934898376, "arousal_top3000": 0.9357142448425293, "arousal_top4000": 0.9357142448425293, "arousal_top5000": 0.46285709738731384, "arousal_top6000": 0.46285709738731384, "valence_top1500": 0.941428542137146, "valence_top2000": 0.9242857694625854, "valence_top2500": 0.895714282989502, "valence_top3000": 0.8333333730697632, "valence_top4000": 0.8833333253860474, "valence_top5000": 0.7285714149475098, "valence_top6000": 0.488571435213089, "happy_top1500": 0.893333375453949, "happy_top2000": 0.8676190972328186, "happy_top2500": 0.5552381277084351, "happy_top3000": 0.464285671710968, "happy_top4000": 0.46285709738731384, "happy_top5000": 0.46285709738731384, "happy_top6000": 0.46285709738731384, "anger_top1500": 0.9385713934898376, "anger_top2000": 0.9399999976158142, "anger_top2500": 0.9385713934898376, "anger_top3000": 0.9385713934898376, "anger_top4000": 0.9385714530944824, "anger_top5000": 0.9385714530944824, "anger_top6000": 0.9328571557998657, "sad_top1500": 0.9457142949104309, "sad_top2000": 0.9457142949104309, "sad_top2500": 0.9399999976158142, "sad_top3000": 0.9428571462631226, "sad_top4000": 0.9385714530944824, "sad_top5000": 0.9285714030265808, "sad_top6000": 0.9285714030265808, "fear_top1500": 0.9457142949104309, "fear_top2000": 0.9371428489685059, "fear_top2500": 0.9399999976158142, "fear_top3000": 0.9385713934898376, "fear_top4000": 0.9357142448425293, "fear_top5000": 0.6109523773193359, "fear_top6000": 0.46285709738731384, "surprise_top1500": 0.9399999976158142, "surprise_top2000": 0.9399999976158142, "surprise_top2500": 0.9385713934898376, "surprise_top3000": 0.9342857003211975, "surprise_top4000": 0.9342857003211975, "surprise_top5000": 0.941428542137146, "surprise_top6000": 0.9428571462631226, "disgust_top1500": 0.9385713934898376, "disgust_top2000": 0.9399999976158142, "disgust_top2500": 0.9428571462631226, "disgust_top3000": 0.941428542137146, "disgust_top4000": 0.941428542137146, "disgust_top5000": 0.9371428489685059, "disgust_top6000": 0.9457142949104309, "control_top1500": 0.8571428656578064, "control_top2000": 0.9047619104385376, "control_top2500": 0.8919048309326172, "control_top3000": 0.6038095355033875, "control_top4000": 0.6366666555404663, "control_top5000": 0.932857096195221, "control_top6000": 0.8771428465843201, "fairness_top1500": 0.9385714530944824, "fairness_top2000": 0.9385714530944824, "fairness_top2500": 0.9414286017417908, "fairness_top3000": 0.9399999976158142, "fairness_top4000": 0.9314284920692444, "fairness_top5000": 0.5895237922668457, "fairness_top6000": 0.464285671710968, "self-related_top1500": 0.9385713934898376, "self-related_top2000": 0.9385713934898376, "self-related_top2500": 0.9399999976158142, "self-related_top3000": 0.9399999976158142, "self-related_top4000": 0.9385714530944824, "self-related_top5000": 0.9414286017417908, "self-related_top6000": 0.9385714530944824, "other-related_top1500": 0.8866666555404663, "other-related_top2000": 0.9119047522544861, "other-related_top2500": 0.9104762077331543, "other-related_top3000": 0.8866666555404663, "other-related_top4000": 0.8880952596664429, "other-related_top5000": 0.6366666555404663, "other-related_top6000": 0.6271429061889648, "expectedness_top1500": 0.9119047522544861, "expectedness_top2000": 0.8895238041877747, "expectedness_top2500": 0.8880952000617981, "expectedness_top3000": 0.8880952596664429, "expectedness_top4000": 0.8614285588264465, "expectedness_top5000": 0.7985714673995972, "expectedness_top6000": 0.7519047856330872, "non-novelty_top1500": 0.9399999976158142, "non-novelty_top2000": 0.9399999976158142, "non-novelty_top2500": 0.941428542137146, "non-novelty_top3000": 0.9385713934898376, "non-novelty_top4000": 0.9399999976158142, "non-novelty_top5000": 0.9399999976158142, "non-novelty_top6000": 0.9414286017417908}