{"sentiment": "amusement", "seed": 1, "arousal_top1500": 0.9190476536750793, "best": 0.9385804533958435, "arousal_top2000": 0.9147619009017944, "arousal_top2500": 0.9204762578010559, "arousal_top3000": 0.9190476536750793, "arousal_top4000": 0.916190505027771, "arousal_top5000": 0.9176191091537476, "arousal_top6000": 0.8171428442001343, "valence_top1500": 0.9204761385917664, "valence_top2000": 0.9204761385917664, "valence_top2500": 0.9204761385917664, "valence_top3000": 0.9176191091537476, "valence_top4000": 0.9219047427177429, "valence_top5000": 0.8952380418777466, "valence_top6000": 0.9176191091537476, "happy_top1500": 0.9147619009017944, "happy_top2000": 0.8471428155899048, "happy_top2500": 0.8600000143051147, "happy_top3000": 0.8571428656578064, "happy_top4000": 0.7261905074119568, "happy_top5000": 0.8166666626930237, "happy_top6000": 0.5652381181716919, "anger_top1500": 0.9204761385917664, "anger_top2000": 0.9204761385917664, "anger_top2500": 0.9204761385917664, "anger_top3000": 0.9176191091537476, "anger_top4000": 0.916190505027771, "anger_top5000": 0.9147619009017944, "anger_top6000": 0.9133333563804626, "sad_top1500": 0.9190477132797241, "sad_top2000": 0.9204761385917664, "sad_top2500": 0.9190476536750793, "sad_top3000": 0.9119048118591309, "sad_top4000": 0.9147619009017944, "sad_top5000": 0.9119048118591309, "sad_top6000": 0.9119048118591309, "fear_top1500": 0.8485714197158813, "fear_top2000": 0.7614285349845886, "fear_top2500": 0.7285714745521545, "fear_top3000": 0.7014285326004028, "fear_top4000": 0.48523807525634766, "fear_top5000": 0.48095235228538513, "fear_top6000": 0.4823809266090393, "surprise_top1500": 0.916190505027771, "surprise_top2000": 0.9176191091537476, "surprise_top2500": 0.916190505027771, "surprise_top3000": 0.916190505027771, "surprise_top4000": 0.9090476036071777, "surprise_top5000": 0.907619059085846, "surprise_top6000": 0.903333306312561, "disgust_top1500": 0.9204761385917664, "disgust_top2000": 0.9204761385917664, "disgust_top2500": 0.9147619009017944, "disgust_top3000": 0.9147619009017944, "disgust_top4000": 0.9190477132797241, "disgust_top5000": 0.9204762578010559, "disgust_top6000": 0.9147619009017944, "control_top1500": 0.9176191091537476, "control_top2000": 0.9176191091537476, "control_top2500": 0.8909522891044617, "control_top3000": 0.8652381300926208, "control_top4000": 0.903333306312561, "control_top5000": 0.8152380585670471, "control_top6000": 0.9004762768745422, "fairness_top1500": 0.9190477132797241, "fairness_top2000": 0.9147619009017944, "fairness_top2500": 0.9204761385917664, "fairness_top3000": 0.9233333468437195, "fairness_top4000": 0.9233333468437195, "fairness_top5000": 0.5947619080543518, "fairness_top6000": 0.48095235228538513, "self-related_top1500": 0.916190505027771, "self-related_top2000": 0.9176191091537476, "self-related_top2500": 0.9176191091537476, "self-related_top3000": 0.9176191091537476, "self-related_top4000": 0.9176191091537476, "self-related_top5000": 0.9204762578010559, "self-related_top6000": 0.9204761385917664, "other-related_top1500": 0.9147619009017944, "other-related_top2000": 0.9176191091537476, "other-related_top2500": 0.9176191091537476, "other-related_top3000": 0.9176191091537476, "other-related_top4000": 0.916190505027771, "other-related_top5000": 0.49047616124153137, "other-related_top6000": 0.5404762029647827, "expectedness_top1500": 0.916190505027771, "expectedness_top2000": 0.9104762077331543, "expectedness_top2500": 0.8823809027671814, "expectedness_top3000": 0.858571469783783, "expectedness_top4000": 0.854285717010498, "expectedness_top5000": 0.7557143568992615, "expectedness_top6000": 0.7242856621742249, "non-novelty_top1500": 0.9176191091537476, "non-novelty_top2000": 0.9176191091537476, "non-novelty_top2500": 0.9176191091537476, "non-novelty_top3000": 0.9176191091537476, "non-novelty_top4000": 0.9133333563804626, "non-novelty_top5000": 0.8880952596664429, "non-novelty_top6000": 0.8614285588264465}