{"sentiment": "amusement", "seed": 100, "arousal_top1500": 0.949999988079071, "best": 0.953263521194458, "arousal_top2000": 0.949999988079071, "arousal_top2500": 0.9261904954910278, "arousal_top3000": 0.9471428990364075, "arousal_top4000": 0.8742856979370117, "arousal_top5000": 0.9514285326004028, "arousal_top6000": 0.9457142949104309, "valence_top1500": 0.9514285326004028, "valence_top2000": 0.9514285326004028, "valence_top2500": 0.9514285326004028, "valence_top3000": 0.9514285326004028, "valence_top4000": 0.9514285326004028, "valence_top5000": 0.8966666460037231, "valence_top6000": 0.8880952596664429, "happy_top1500": 0.9499999284744263, "happy_top2000": 0.9499999284744263, "happy_top2500": 0.9499999284744263, "happy_top3000": 0.9485713839530945, "happy_top4000": 0.9514285326004028, "happy_top5000": 0.9047618508338928, "happy_top6000": 0.6947618722915649, "anger_top1500": 0.9571428298950195, "anger_top2000": 0.9571428298950195, "anger_top2500": 0.9542856812477112, "anger_top3000": 0.9557142853736877, "anger_top4000": 0.9599999785423279, "anger_top5000": 0.9585714340209961, "anger_top6000": 0.955714225769043, "sad_top1500": 0.9471427798271179, "sad_top2000": 0.9499999284744263, "sad_top2500": 0.9485713839530945, "sad_top3000": 0.9514285326004028, "sad_top4000": 0.9247618913650513, "sad_top5000": 0.8776191473007202, "sad_top6000": 0.5780952572822571, "fear_top1500": 0.9571428894996643, "fear_top2000": 0.9571428298950195, "fear_top2500": 0.9276190400123596, "fear_top3000": 0.9247618913650513, "fear_top4000": 0.9233333468437195, "fear_top5000": 0.9247618913650513, "fear_top6000": 0.9119048118591309, "surprise_top1500": 0.9557142853736877, "surprise_top2000": 0.949999988079071, "surprise_top2500": 0.9514285326004028, "surprise_top3000": 0.9557142853736877, "surprise_top4000": 0.9514285326004028, "surprise_top5000": 0.9514285326004028, "surprise_top6000": 0.9457142949104309, "disgust_top1500": 0.9585713744163513, "disgust_top2000": 0.9542856812477112, "disgust_top2500": 0.949999988079071, "disgust_top3000": 0.9514285326004028, "disgust_top4000": 0.9571428298950195, "disgust_top5000": 0.9599999785423279, "disgust_top6000": 0.9585713744163513, "control_top1500": 0.9328571557998657, "control_top2000": 0.868571400642395, "control_top2500": 0.9471428990364075, "control_top3000": 0.4542856812477112, "control_top4000": 0.452857106924057, "control_top5000": 0.4542856812477112, "control_top6000": 0.5090476274490356, "fairness_top1500": 0.9485713839530945, "fairness_top2000": 0.9457142949104309, "fairness_top2500": 0.9457142949104309, "fairness_top3000": 0.9471427798271179, "fairness_top4000": 0.9471427798271179, "fairness_top5000": 0.9528570771217346, "fairness_top6000": 0.916190505027771, "self-related_top1500": 0.9571428298950195, "self-related_top2000": 0.9585713744163513, "self-related_top2500": 0.9571428298950195, "self-related_top3000": 0.9571428894996643, "self-related_top4000": 0.9585714340209961, "self-related_top5000": 0.9542856812477112, "self-related_top6000": 0.9557142853736877, "other-related_top1500": 0.9585713744163513, "other-related_top2000": 0.9585713744163513, "other-related_top2500": 0.9528571367263794, "other-related_top3000": 0.9528571367263794, "other-related_top4000": 0.955714225769043, "other-related_top5000": 0.43714284896850586, "other-related_top6000": 0.6585714221000671, "expectedness_top1500": 0.954285740852356, "expectedness_top2000": 0.9528570771217346, "expectedness_top2500": 0.9247618913650513, "expectedness_top3000": 0.9190476536750793, "expectedness_top4000": 0.9261904954910278, "expectedness_top5000": 0.9219047427177429, "expectedness_top6000": 0.9033333659172058, "non-novelty_top1500": 0.9599999785423279, "non-novelty_top2000": 0.9571428298950195, "non-novelty_top2500": 0.8042857050895691, "non-novelty_top3000": 0.8819047808647156, "non-novelty_top4000": 0.7685714364051819, "non-novelty_top5000": 0.795714259147644, "non-novelty_top6000": 0.8214285969734192}