{"sentiment": "anger", "seed": 11, "arousal_top1500": 0.8519445061683655, "best": 0.8586170673370361, "arousal_top2000": 0.8294444680213928, "arousal_top2500": 0.8347221612930298, "arousal_top3000": 0.8105555176734924, "arousal_top4000": 0.7436110973358154, "arousal_top5000": 0.7719444632530212, "arousal_top6000": 0.6186110973358154, "valence_top1500": 0.8336111307144165, "valence_top2000": 0.7488889098167419, "valence_top2500": 0.7041666507720947, "valence_top3000": 0.7991666793823242, "valence_top4000": 0.7416666150093079, "valence_top5000": 0.5661110877990723, "valence_top6000": 0.5188888907432556, "happy_top1500": 0.8333333134651184, "happy_top2000": 0.8305555582046509, "happy_top2500": 0.8311111330986023, "happy_top3000": 0.8372222185134888, "happy_top4000": 0.6522222757339478, "happy_top5000": 0.8097221851348877, "happy_top6000": 0.5616666674613953, "anger_top1500": 0.8316667079925537, "anger_top2000": 0.8277778029441833, "anger_top2500": 0.7833333015441895, "anger_top3000": 0.7608333826065063, "anger_top4000": 0.7830555438995361, "anger_top5000": 0.7858333587646484, "anger_top6000": 0.7236111164093018, "sad_top1500": 0.8300000429153442, "sad_top2000": 0.8200000524520874, "sad_top2500": 0.8127778172492981, "sad_top3000": 0.8080555200576782, "sad_top4000": 0.8155555725097656, "sad_top5000": 0.7805554866790771, "sad_top6000": 0.7602778077125549, "fear_top1500": 0.831944465637207, "fear_top2000": 0.832777738571167, "fear_top2500": 0.8330556154251099, "fear_top3000": 0.8361110687255859, "fear_top4000": 0.8361110687255859, "fear_top5000": 0.8374999761581421, "fear_top6000": 0.8208333253860474, "surprise_top1500": 0.8444444537162781, "surprise_top2000": 0.8350000381469727, "surprise_top2500": 0.824722170829773, "surprise_top3000": 0.8288888931274414, "surprise_top4000": 0.8108333349227905, "surprise_top5000": 0.6530555486679077, "surprise_top6000": 0.6161110997200012, "disgust_top1500": 0.8344444632530212, "disgust_top2000": 0.8377777934074402, "disgust_top2500": 0.8108333349227905, "disgust_top3000": 0.8033333420753479, "disgust_top4000": 0.8030555248260498, "disgust_top5000": 0.8222222328186035, "disgust_top6000": 0.8130555748939514, "control_top1500": 0.8419444561004639, "control_top2000": 0.8502777814865112, "control_top2500": 0.8533332943916321, "control_top3000": 0.8541666269302368, "control_top4000": 0.7963888645172119, "control_top5000": 0.8127777576446533, "control_top6000": 0.777222216129303, "fairness_top1500": 0.8291666507720947, "fairness_top2000": 0.8266667127609253, "fairness_top2500": 0.8291666507720947, "fairness_top3000": 0.8294444680213928, "fairness_top4000": 0.84416663646698, "fairness_top5000": 0.7902777791023254, "fairness_top6000": 0.7980555295944214, "self-related_top1500": 0.8338888883590698, "self-related_top2000": 0.8413888812065125, "self-related_top2500": 0.831944465637207, "self-related_top3000": 0.8372222185134888, "self-related_top4000": 0.8344444632530212, "self-related_top5000": 0.8008333444595337, "self-related_top6000": 0.7633333802223206, "other-related_top1500": 0.8486111164093018, "other-related_top2000": 0.8538888692855835, "other-related_top2500": 0.846666693687439, "other-related_top3000": 0.8472222089767456, "other-related_top4000": 0.846666693687439, "other-related_top5000": 0.8458333015441895, "other-related_top6000": 0.5958333611488342, "expectedness_top1500": 0.8411111235618591, "expectedness_top2000": 0.8338888883590698, "expectedness_top2500": 0.8372222185134888, "expectedness_top3000": 0.8324999809265137, "expectedness_top4000": 0.808055579662323, "expectedness_top5000": 0.8300000429153442, "expectedness_top6000": 0.8152777552604675, "non-novelty_top1500": 0.8347221612930298, "non-novelty_top2000": 0.8394444584846497, "non-novelty_top2500": 0.8413888812065125, "non-novelty_top3000": 0.8469445109367371, "non-novelty_top4000": 0.8422222137451172, "non-novelty_top5000": 0.8377777338027954, "non-novelty_top6000": 0.8269444704055786}