{"sentiment": "anger", "seed": 1, "arousal_top1500": 0.8674999475479126, "best": 0.8818796873092651, "arousal_top2000": 0.7925000190734863, "arousal_top2500": 0.7777777910232544, "arousal_top3000": 0.7277777791023254, "arousal_top4000": 0.7072222232818604, "arousal_top5000": 0.8483332991600037, "arousal_top6000": 0.6991667151451111, "valence_top1500": 0.8575000166893005, "valence_top2000": 0.8244444727897644, "valence_top2500": 0.858055591583252, "valence_top3000": 0.8527777194976807, "valence_top4000": 0.7749999761581421, "valence_top5000": 0.831944465637207, "valence_top6000": 0.6427778005599976, "happy_top1500": 0.8766666650772095, "happy_top2000": 0.8788889050483704, "happy_top2500": 0.8691667318344116, "happy_top3000": 0.847777783870697, "happy_top4000": 0.8611111044883728, "happy_top5000": 0.855555534362793, "happy_top6000": 0.75083327293396, "anger_top1500": 0.8624999523162842, "anger_top2000": 0.8700000047683716, "anger_top2500": 0.8102777600288391, "anger_top3000": 0.7280555367469788, "anger_top4000": 0.6827777624130249, "anger_top5000": 0.6027777791023254, "anger_top6000": 0.5127778053283691, "sad_top1500": 0.8733332753181458, "sad_top2000": 0.8841667175292969, "sad_top2500": 0.879444420337677, "sad_top3000": 0.8647222518920898, "sad_top4000": 0.7816666960716248, "sad_top5000": 0.8125, "sad_top6000": 0.8172222375869751, "fear_top1500": 0.6222222447395325, "fear_top2000": 0.5436111092567444, "fear_top2500": 0.5436111092567444, "fear_top3000": 0.5488888621330261, "fear_top4000": 0.5411111116409302, "fear_top5000": 0.5358333587646484, "fear_top6000": 0.5513888597488403, "surprise_top1500": 0.8200000524520874, "surprise_top2000": 0.7827777862548828, "surprise_top2500": 0.772777795791626, "surprise_top3000": 0.7174999713897705, "surprise_top4000": 0.6772222518920898, "surprise_top5000": 0.6347222328186035, "surprise_top6000": 0.6077777743339539, "disgust_top1500": 0.8650000095367432, "disgust_top2000": 0.8524999618530273, "disgust_top2500": 0.8199999332427979, "disgust_top3000": 0.8149999380111694, "disgust_top4000": 0.8127778172492981, "disgust_top5000": 0.7952777743339539, "disgust_top6000": 0.7277777791023254, "control_top1500": 0.877500057220459, "control_top2000": 0.8497222065925598, "control_top2500": 0.8611111044883728, "control_top3000": 0.8266666531562805, "control_top4000": 0.8566666841506958, "control_top5000": 0.8519444465637207, "control_top6000": 0.7741667032241821, "fairness_top1500": 0.879444420337677, "fairness_top2000": 0.8719444870948792, "fairness_top2500": 0.8436111211776733, "fairness_top3000": 0.8016666769981384, "fairness_top4000": 0.8586111068725586, "fairness_top5000": 0.7916666865348816, "fairness_top6000": 0.5875000357627869, "self-related_top1500": 0.8624999523162842, "self-related_top2000": 0.8675000667572021, "self-related_top2500": 0.8524999618530273, "self-related_top3000": 0.8524999618530273, "self-related_top4000": 0.8500000238418579, "self-related_top5000": 0.7955555319786072, "self-related_top6000": 0.6802777647972107, "other-related_top1500": 0.8897222280502319, "other-related_top2000": 0.8869444727897644, "other-related_top2500": 0.887222170829773, "other-related_top3000": 0.8869444727897644, "other-related_top4000": 0.7747222781181335, "other-related_top5000": 0.6725000143051147, "other-related_top6000": 0.6074999570846558, "expectedness_top1500": 0.8799999952316284, "expectedness_top2000": 0.8675000667572021, "expectedness_top2500": 0.875, "expectedness_top3000": 0.8725000619888306, "expectedness_top4000": 0.8377777934074402, "expectedness_top5000": 0.8624999523162842, "expectedness_top6000": 0.847777783870697, "non-novelty_top1500": 0.8574999570846558, "non-novelty_top2000": 0.8624999523162842, "non-novelty_top2500": 0.8574999570846558, "non-novelty_top3000": 0.8500000238418579, "non-novelty_top4000": 0.8474999666213989, "non-novelty_top5000": 0.8330555558204651, "non-novelty_top6000": 0.8297221660614014}