{"sentiment": "anger", "seed": 42, "arousal_top1500": 0.8400000333786011, "best": 0.8383570313453674, "arousal_top2000": 0.8350000381469727, "arousal_top2500": 0.8419443964958191, "arousal_top3000": 0.8374999761581421, "arousal_top4000": 0.7302777767181396, "arousal_top5000": 0.6447222232818604, "arousal_top6000": 0.511388897895813, "valence_top1500": 0.8347221612930298, "valence_top2000": 0.8344444632530212, "valence_top2500": 0.8344444632530212, "valence_top3000": 0.8463888764381409, "valence_top4000": 0.8208333253860474, "valence_top5000": 0.7775000333786011, "valence_top6000": 0.7799999713897705, "happy_top1500": 0.823888897895813, "happy_top2000": 0.823888897895813, "happy_top2500": 0.831944465637207, "happy_top3000": 0.8130555748939514, "happy_top4000": 0.7450000047683716, "happy_top5000": 0.5063889026641846, "happy_top6000": 0.5063889026641846, "anger_top1500": 0.8383333086967468, "anger_top2000": 0.8261111378669739, "anger_top2500": 0.8344444632530212, "anger_top3000": 0.8400000333786011, "anger_top4000": 0.8266667127609253, "anger_top5000": 0.8344444632530212, "anger_top6000": 0.8308332562446594, "sad_top1500": 0.840833306312561, "sad_top2000": 0.8349999785423279, "sad_top2500": 0.8341666460037231, "sad_top3000": 0.7883332967758179, "sad_top4000": 0.7002778053283691, "sad_top5000": 0.8474999666213989, "sad_top6000": 0.8294444680213928, "fear_top1500": 0.8247222304344177, "fear_top2000": 0.8127777576446533, "fear_top2500": 0.8180555105209351, "fear_top3000": 0.8102777600288391, "fear_top4000": 0.737500011920929, "fear_top5000": 0.6355555653572083, "fear_top6000": 0.5063889026641846, "surprise_top1500": 0.8341666460037231, "surprise_top2000": 0.8316667079925537, "surprise_top2500": 0.8236111402511597, "surprise_top3000": 0.8172222375869751, "surprise_top4000": 0.8241666555404663, "surprise_top5000": 0.8344444632530212, "surprise_top6000": 0.8027777671813965, "disgust_top1500": 0.8461111187934875, "disgust_top2000": 0.8280555605888367, "disgust_top2500": 0.8350000381469727, "disgust_top3000": 0.8350000381469727, "disgust_top4000": 0.8405555486679077, "disgust_top5000": 0.8266666531562805, "disgust_top6000": 0.823888897895813, "control_top1500": 0.7386111617088318, "control_top2000": 0.6430555582046509, "control_top2500": 0.7902777791023254, "control_top3000": 0.7527778148651123, "control_top4000": 0.804444432258606, "control_top5000": 0.7924999594688416, "control_top6000": 0.7130555510520935, "fairness_top1500": 0.8316667079925537, "fairness_top2000": 0.8294444680213928, "fairness_top2500": 0.8241666555404663, "fairness_top3000": 0.8266667127609253, "fairness_top4000": 0.8216667175292969, "fairness_top5000": 0.8269444108009338, "fairness_top6000": 0.7950000166893005, "self-related_top1500": 0.8424999713897705, "self-related_top2000": 0.8338888883590698, "self-related_top2500": 0.8336110711097717, "self-related_top3000": 0.8305555582046509, "self-related_top4000": 0.8305555582046509, "self-related_top5000": 0.8369444608688354, "self-related_top6000": 0.8236111402511597, "other-related_top1500": 0.8416666388511658, "other-related_top2000": 0.8333333134651184, "other-related_top2500": 0.8311110734939575, "other-related_top3000": 0.8305555582046509, "other-related_top4000": 0.7327778339385986, "other-related_top5000": 0.5038889050483704, "other-related_top6000": 0.5088889002799988, "expectedness_top1500": 0.8313888907432556, "expectedness_top2000": 0.8047221899032593, "expectedness_top2500": 0.8149999976158142, "expectedness_top3000": 0.7799999713897705, "expectedness_top4000": 0.8166666626930237, "expectedness_top5000": 0.7200000286102295, "expectedness_top6000": 0.7311110496520996, "non-novelty_top1500": 0.8411111235618591, "non-novelty_top2000": 0.8349999785423279, "non-novelty_top2500": 0.6886110901832581, "non-novelty_top3000": 0.7641666531562805, "non-novelty_top4000": 0.7116667032241821, "non-novelty_top5000": 0.5199999809265137, "non-novelty_top6000": 0.5063889026641846}