{"sentiment": "anger", "seed": 9, "arousal_top1500": 0.8027777671813965, "best": 0.8603953123092651, "arousal_top2000": 0.7661111354827881, "arousal_top2500": 0.7563889026641846, "arousal_top3000": 0.6688889265060425, "arousal_top4000": 0.7516666650772095, "arousal_top5000": 0.571388840675354, "arousal_top6000": 0.7480555772781372, "valence_top1500": 0.8308333158493042, "valence_top2000": 0.5719444751739502, "valence_top2500": 0.5211111307144165, "valence_top3000": 0.5133333206176758, "valence_top4000": 0.5133333206176758, "valence_top5000": 0.5133333206176758, "valence_top6000": 0.5133333206176758, "happy_top1500": 0.8338888883590698, "happy_top2000": 0.809166669845581, "happy_top2500": 0.7277777791023254, "happy_top3000": 0.7377777695655823, "happy_top4000": 0.51583331823349, "happy_top5000": 0.6341666579246521, "happy_top6000": 0.5191666483879089, "anger_top1500": 0.8174999952316284, "anger_top2000": 0.7899999618530273, "anger_top2500": 0.7308333516120911, "anger_top3000": 0.7213889360427856, "anger_top4000": 0.6441666483879089, "anger_top5000": 0.6230555176734924, "anger_top6000": 0.5369444489479065, "sad_top1500": 0.8002777695655823, "sad_top2000": 0.7711111307144165, "sad_top2500": 0.7238888740539551, "sad_top3000": 0.6738889217376709, "sad_top4000": 0.7063888311386108, "sad_top5000": 0.7277777791023254, "sad_top6000": 0.6924999952316284, "fear_top1500": 0.7608333826065063, "fear_top2000": 0.8111111521720886, "fear_top2500": 0.6983333230018616, "fear_top3000": 0.7769443988800049, "fear_top4000": 0.5133333206176758, "fear_top5000": 0.5133333206176758, "fear_top6000": 0.5133333206176758, "surprise_top1500": 0.8050000667572021, "surprise_top2000": 0.7536110877990723, "surprise_top2500": 0.7091666460037231, "surprise_top3000": 0.5616666674613953, "surprise_top4000": 0.5463888645172119, "surprise_top5000": 0.4891666769981384, "surprise_top6000": 0.4866666793823242, "disgust_top1500": 0.8200000524520874, "disgust_top2000": 0.8125, "disgust_top2500": 0.7038888931274414, "disgust_top3000": 0.698888897895813, "disgust_top4000": 0.6466667056083679, "disgust_top5000": 0.7233333587646484, "disgust_top6000": 0.6816666722297668, "control_top1500": 0.78083336353302, "control_top2000": 0.7561110854148865, "control_top2500": 0.7583333253860474, "control_top3000": 0.7794444561004639, "control_top4000": 0.7619444131851196, "control_top5000": 0.710277795791626, "control_top6000": 0.6630555391311646, "fairness_top1500": 0.8102777600288391, "fairness_top2000": 0.7063888311386108, "fairness_top2500": 0.7308333516120911, "fairness_top3000": 0.6336110830307007, "fairness_top4000": 0.5111111402511597, "fairness_top5000": 0.5355555415153503, "fairness_top6000": 0.5133333206176758, "self-related_top1500": 0.8347221612930298, "self-related_top2000": 0.8497222065925598, "self-related_top2500": 0.8224999904632568, "self-related_top3000": 0.8250000476837158, "self-related_top4000": 0.7877777814865112, "self-related_top5000": 0.7633333802223206, "self-related_top6000": 0.6991666555404663, "other-related_top1500": 0.8513888716697693, "other-related_top2000": 0.8416666984558105, "other-related_top2500": 0.8297221660614014, "other-related_top3000": 0.8347221612930298, "other-related_top4000": 0.8313888907432556, "other-related_top5000": 0.664722204208374, "other-related_top6000": 0.519444465637207, "expectedness_top1500": 0.8372222185134888, "expectedness_top2000": 0.815000057220459, "expectedness_top2500": 0.7708333730697632, "expectedness_top3000": 0.7513889074325562, "expectedness_top4000": 0.6188888549804688, "expectedness_top5000": 0.6261110901832581, "expectedness_top6000": 0.6263889074325562, "non-novelty_top1500": 0.7763888835906982, "non-novelty_top2000": 0.7658333778381348, "non-novelty_top2500": 0.7336111068725586, "non-novelty_top3000": 0.6888889074325562, "non-novelty_top4000": 0.5663888454437256, "non-novelty_top5000": 0.6488889455795288, "non-novelty_top6000": 0.7416666746139526}