{"sentiment": "anger", "seed": 100, "arousal_top1500": 0.8038889169692993, "best": 0.8319729566574097, "arousal_top2000": 0.7875000238418579, "arousal_top2500": 0.7558333277702332, "arousal_top3000": 0.6508333683013916, "arousal_top4000": 0.5286111235618591, "arousal_top5000": 0.5830555558204651, "arousal_top6000": 0.7344444990158081, "valence_top1500": 0.7961111068725586, "valence_top2000": 0.7861111164093018, "valence_top2500": 0.8058333396911621, "valence_top3000": 0.8019444942474365, "valence_top4000": 0.7572222352027893, "valence_top5000": 0.694444477558136, "valence_top6000": 0.6386111378669739, "happy_top1500": 0.8133333325386047, "happy_top2000": 0.8163888454437256, "happy_top2500": 0.809166669845581, "happy_top3000": 0.7833333611488342, "happy_top4000": 0.7277777791023254, "happy_top5000": 0.7891666889190674, "happy_top6000": 0.7130555510520935, "anger_top1500": 0.8211111426353455, "anger_top2000": 0.8247222304344177, "anger_top2500": 0.7575000524520874, "anger_top3000": 0.7452777624130249, "anger_top4000": 0.726111114025116, "anger_top5000": 0.7480555176734924, "anger_top6000": 0.7561110854148865, "sad_top1500": 0.8063888549804688, "sad_top2000": 0.804444432258606, "sad_top2500": 0.7975000143051147, "sad_top3000": 0.745555579662323, "sad_top4000": 0.7905555963516235, "sad_top5000": 0.8047221899032593, "sad_top6000": 0.6930555701255798, "fear_top1500": 0.511388897895813, "fear_top2000": 0.5008333325386047, "fear_top2500": 0.5008333325386047, "fear_top3000": 0.5008333325386047, "fear_top4000": 0.5008333325386047, "fear_top5000": 0.5061111450195312, "fear_top6000": 0.5008333325386047, "surprise_top1500": 0.7552778124809265, "surprise_top2000": 0.7055555582046509, "surprise_top2500": 0.7180555462837219, "surprise_top3000": 0.6883333325386047, "surprise_top4000": 0.6016666889190674, "surprise_top5000": 0.5916666984558105, "surprise_top6000": 0.5891667008399963, "disgust_top1500": 0.8211111426353455, "disgust_top2000": 0.8266667127609253, "disgust_top2500": 0.7699999809265137, "disgust_top3000": 0.7675000429153442, "disgust_top4000": 0.7849999666213989, "disgust_top5000": 0.8216667175292969, "disgust_top6000": 0.7677778005599976, "control_top1500": 0.8180555701255798, "control_top2000": 0.7677778005599976, "control_top2500": 0.5672221779823303, "control_top3000": 0.5402778387069702, "control_top4000": 0.7255555391311646, "control_top5000": 0.7280555367469788, "control_top6000": 0.5491666793823242, "fairness_top1500": 0.8233333230018616, "fairness_top2000": 0.8141666650772095, "fairness_top2500": 0.8274999856948853, "fairness_top3000": 0.8108333349227905, "fairness_top4000": 0.7838888764381409, "fairness_top5000": 0.7136111259460449, "fairness_top6000": 0.5008333325386047, "self-related_top1500": 0.8136110901832581, "self-related_top2000": 0.8158332705497742, "self-related_top2500": 0.8163888454437256, "self-related_top3000": 0.8025000095367432, "self-related_top4000": 0.7705555558204651, "self-related_top5000": 0.70333331823349, "self-related_top6000": 0.596666693687439, "other-related_top1500": 0.8244444131851196, "other-related_top2000": 0.815833330154419, "other-related_top2500": 0.8155555725097656, "other-related_top3000": 0.8125, "other-related_top4000": 0.7558333277702332, "other-related_top5000": 0.4888888895511627, "other-related_top6000": 0.5091666579246521, "expectedness_top1500": 0.8255555629730225, "expectedness_top2000": 0.8227777481079102, "expectedness_top2500": 0.8141666650772095, "expectedness_top3000": 0.7975000143051147, "expectedness_top4000": 0.7833333015441895, "expectedness_top5000": 0.6697221994400024, "expectedness_top6000": 0.7136111259460449, "non-novelty_top1500": 0.816944420337677, "non-novelty_top2000": 0.8061110973358154, "non-novelty_top2500": 0.8055555820465088, "non-novelty_top3000": 0.78166663646698, "non-novelty_top4000": 0.6961110830307007, "non-novelty_top5000": 0.558055579662323, "non-novelty_top6000": 0.6530555486679077}