{"sentiment": "anger", "seed": 7, "arousal_top1500": 0.8055555820465088, "best": 0.8761951923370361, "arousal_top2000": 0.7805555462837219, "arousal_top2500": 0.7658333778381348, "arousal_top3000": 0.7186111211776733, "arousal_top4000": 0.5513888597488403, "arousal_top5000": 0.5413888692855835, "arousal_top6000": 0.741944432258606, "valence_top1500": 0.8263888955116272, "valence_top2000": 0.5086111426353455, "valence_top2500": 0.5750000476837158, "valence_top3000": 0.6911110877990723, "valence_top4000": 0.785277783870697, "valence_top5000": 0.585277795791626, "valence_top6000": 0.5061111450195312, "happy_top1500": 0.8386110663414001, "happy_top2000": 0.8322222232818604, "happy_top2500": 0.848611056804657, "happy_top3000": 0.7708333730697632, "happy_top4000": 0.768333375453949, "happy_top5000": 0.523888885974884, "happy_top6000": 0.5322222113609314, "anger_top1500": 0.8641666173934937, "anger_top2000": 0.8536111116409302, "anger_top2500": 0.8430554866790771, "anger_top3000": 0.8336110711097717, "anger_top4000": 0.8483333587646484, "anger_top5000": 0.7958333492279053, "anger_top6000": 0.7936111092567444, "sad_top1500": 0.8516666889190674, "sad_top2000": 0.8677777647972107, "sad_top2500": 0.8627777695655823, "sad_top3000": 0.855555534362793, "sad_top4000": 0.6158332824707031, "sad_top5000": 0.7497221827507019, "sad_top6000": 0.6313889026641846, "fear_top1500": 0.5161111354827881, "fear_top2000": 0.5061111450195312, "fear_top2500": 0.5061111450195312, "fear_top3000": 0.5061111450195312, "fear_top4000": 0.5061111450195312, "fear_top5000": 0.5061111450195312, "fear_top6000": 0.5061111450195312, "surprise_top1500": 0.84333336353302, "surprise_top2000": 0.7933333516120911, "surprise_top2500": 0.7586111426353455, "surprise_top3000": 0.7636110782623291, "surprise_top4000": 0.6211110949516296, "surprise_top5000": 0.5813888907432556, "surprise_top6000": 0.586388885974884, "disgust_top1500": 0.8652777671813965, "disgust_top2000": 0.8675000667572021, "disgust_top2500": 0.7833333611488342, "disgust_top3000": 0.7908333539962769, "disgust_top4000": 0.8258333802223206, "disgust_top5000": 0.832777738571167, "disgust_top6000": 0.8347221612930298, "control_top1500": 0.8152777552604675, "control_top2000": 0.8641666173934937, "control_top2500": 0.7652778029441833, "control_top3000": 0.6569444537162781, "control_top4000": 0.6594444513320923, "control_top5000": 0.5566666722297668, "control_top6000": 0.8186111450195312, "fairness_top1500": 0.8513889312744141, "fairness_top2000": 0.7911111116409302, "fairness_top2500": 0.7661111354827881, "fairness_top3000": 0.7933333516120911, "fairness_top4000": 0.7983333468437195, "fairness_top5000": 0.7408333420753479, "fairness_top6000": 0.5972222089767456, "self-related_top1500": 0.8705555200576782, "self-related_top2000": 0.8780555725097656, "self-related_top2500": 0.8705555200576782, "self-related_top3000": 0.8655555248260498, "self-related_top4000": 0.851111114025116, "self-related_top5000": 0.7758333683013916, "self-related_top6000": 0.6786110997200012, "other-related_top1500": 0.8719444274902344, "other-related_top2000": 0.8799999952316284, "other-related_top2500": 0.8608333468437195, "other-related_top3000": 0.8608333468437195, "other-related_top4000": 0.866111159324646, "other-related_top5000": 0.5691667199134827, "other-related_top6000": 0.5038889050483704, "expectedness_top1500": 0.8677777647972107, "expectedness_top2000": 0.8583333492279053, "expectedness_top2500": 0.8536111116409302, "expectedness_top3000": 0.8413889408111572, "expectedness_top4000": 0.6438888907432556, "expectedness_top5000": 0.7961111068725586, "expectedness_top6000": 0.711388885974884, "non-novelty_top1500": 0.8211111426353455, "non-novelty_top2000": 0.8286111354827881, "non-novelty_top2500": 0.8183333873748779, "non-novelty_top3000": 0.7763888835906982, "non-novelty_top4000": 0.84333336353302, "non-novelty_top5000": 0.7911111116409302, "non-novelty_top6000": 0.7686111330986023}