{"sentiment": "anger", "seed": 17, "arousal_top1500": 0.8422222137451172, "best": 0.8438665866851807, "arousal_top2000": 0.8338888883590698, "arousal_top2500": 0.8486111760139465, "arousal_top3000": 0.8474999666213989, "arousal_top4000": 0.8369444012641907, "arousal_top5000": 0.7822222113609314, "arousal_top6000": 0.4977777898311615, "valence_top1500": 0.8130555152893066, "valence_top2000": 0.8069444298744202, "valence_top2500": 0.7961111068725586, "valence_top3000": 0.78083336353302, "valence_top4000": 0.8041666746139526, "valence_top5000": 0.7913888692855835, "valence_top6000": 0.5797222256660461, "happy_top1500": 0.8308333158493042, "happy_top2000": 0.8341666460037231, "happy_top2500": 0.829444408416748, "happy_top3000": 0.8380555510520935, "happy_top4000": 0.7422221899032593, "happy_top5000": 0.5886110663414001, "happy_top6000": 0.4977777898311615, "anger_top1500": 0.8508333563804626, "anger_top2000": 0.8399999737739563, "anger_top2500": 0.8452777862548828, "anger_top3000": 0.8458333611488342, "anger_top4000": 0.8397222757339478, "anger_top5000": 0.8452777862548828, "anger_top6000": 0.8344444632530212, "sad_top1500": 0.8394443988800049, "sad_top2000": 0.8341667056083679, "sad_top2500": 0.8369444608688354, "sad_top3000": 0.8313888907432556, "sad_top4000": 0.788611114025116, "sad_top5000": 0.661666750907898, "sad_top6000": 0.8111110925674438, "fear_top1500": 0.8177777528762817, "fear_top2000": 0.8127777576446533, "fear_top2500": 0.8125, "fear_top3000": 0.8230555057525635, "fear_top4000": 0.8477777242660522, "fear_top5000": 0.4977777898311615, "fear_top6000": 0.4977777898311615, "surprise_top1500": 0.8505555391311646, "surprise_top2000": 0.840833306312561, "surprise_top2500": 0.8433333039283752, "surprise_top3000": 0.8266666531562805, "surprise_top4000": 0.8102777600288391, "surprise_top5000": 0.8161110877990723, "surprise_top6000": 0.8236110806465149, "disgust_top1500": 0.8449999690055847, "disgust_top2000": 0.8399999737739563, "disgust_top2500": 0.8480556011199951, "disgust_top3000": 0.8358333110809326, "disgust_top4000": 0.8458333611488342, "disgust_top5000": 0.8369444608688354, "disgust_top6000": 0.8449999690055847, "control_top1500": 0.8297222256660461, "control_top2000": 0.8438888788223267, "control_top2500": 0.8188889026641846, "control_top3000": 0.8341666460037231, "control_top4000": 0.8369444608688354, "control_top5000": 0.8125, "control_top6000": 0.7108333110809326, "fairness_top1500": 0.8480556011199951, "fairness_top2000": 0.8588888645172119, "fairness_top2500": 0.8424999713897705, "fairness_top3000": 0.8341666460037231, "fairness_top4000": 0.831944465637207, "fairness_top5000": 0.8019444346427917, "fairness_top6000": 0.5280556082725525, "self-related_top1500": 0.8399999737739563, "self-related_top2000": 0.829444408416748, "self-related_top2500": 0.829444408416748, "self-related_top3000": 0.8399999737739563, "self-related_top4000": 0.8377777338027954, "self-related_top5000": 0.8569444417953491, "self-related_top6000": 0.8544444441795349, "other-related_top1500": 0.8483332991600037, "other-related_top2000": 0.8480556011199951, "other-related_top2500": 0.8480556011199951, "other-related_top3000": 0.8455555438995361, "other-related_top4000": 0.8347222208976746, "other-related_top5000": 0.621666669845581, "other-related_top6000": 0.6066666841506958, "expectedness_top1500": 0.8563889265060425, "expectedness_top2000": 0.8538888692855835, "expectedness_top2500": 0.8433333039283752, "expectedness_top3000": 0.851111114025116, "expectedness_top4000": 0.8502777814865112, "expectedness_top5000": 0.8419444561004639, "expectedness_top6000": 0.8047221899032593, "non-novelty_top1500": 0.829444408416748, "non-novelty_top2000": 0.8155555725097656, "non-novelty_top2500": 0.8233333230018616, "non-novelty_top3000": 0.820555567741394, "non-novelty_top4000": 0.8125, "non-novelty_top5000": 0.79666668176651, "non-novelty_top6000": 0.5030555725097656}