{"sentiment": "annoyance", "seed": 13, "arousal_top1500": 0.7819047570228577, "best": 0.780418872833252, "arousal_top2000": 0.7595238089561462, "arousal_top2500": 0.7461904883384705, "arousal_top3000": 0.7133333086967468, "arousal_top4000": 0.7071428298950195, "arousal_top5000": 0.6871428489685059, "arousal_top6000": 0.7857142686843872, "valence_top1500": 0.7804762125015259, "valence_top2000": 0.7466666102409363, "valence_top2500": 0.7323809266090393, "valence_top3000": 0.5400000214576721, "valence_top4000": 0.4585714042186737, "valence_top5000": 0.45571425557136536, "valence_top6000": 0.45571425557136536, "happy_top1500": 0.7314285635948181, "happy_top2000": 0.5528571009635925, "happy_top2500": 0.65666663646698, "happy_top3000": 0.7290476560592651, "happy_top4000": 0.569523811340332, "happy_top5000": 0.6733333468437195, "happy_top6000": 0.45571425557136536, "anger_top1500": 0.7790476083755493, "anger_top2000": 0.7690476775169373, "anger_top2500": 0.7361904978752136, "anger_top3000": 0.7090476751327515, "anger_top4000": 0.7480951547622681, "anger_top5000": 0.7338095307350159, "anger_top6000": 0.7661904692649841, "sad_top1500": 0.7590476274490356, "sad_top2000": 0.7561904788017273, "sad_top2500": 0.7604762315750122, "sad_top3000": 0.7704762816429138, "sad_top4000": 0.6552380919456482, "sad_top5000": 0.6480951905250549, "sad_top6000": 0.5285714268684387, "fear_top1500": 0.5, "fear_top2000": 0.49142858386039734, "fear_top2500": 0.5242857336997986, "fear_top3000": 0.5071429014205933, "fear_top4000": 0.45571425557136536, "fear_top5000": 0.45571425557136536, "fear_top6000": 0.45571425557136536, "surprise_top1500": 0.7804762125015259, "surprise_top2000": 0.7561904788017273, "surprise_top2500": 0.7676190733909607, "surprise_top3000": 0.7228571176528931, "surprise_top4000": 0.7804762125015259, "surprise_top5000": 0.7538095116615295, "surprise_top6000": 0.7485713958740234, "disgust_top1500": 0.7790476083755493, "disgust_top2000": 0.7719047665596008, "disgust_top2500": 0.7690476775169373, "disgust_top3000": 0.7419047951698303, "disgust_top4000": 0.7319048047065735, "disgust_top5000": 0.6904762387275696, "disgust_top6000": 0.7509523630142212, "control_top1500": 0.7504762411117554, "control_top2000": 0.717619001865387, "control_top2500": 0.7690476775169373, "control_top3000": 0.7804762125015259, "control_top4000": 0.7242857217788696, "control_top5000": 0.7538095116615295, "control_top6000": 0.7490476369857788, "fairness_top1500": 0.7676190733909607, "fairness_top2000": 0.770476222038269, "fairness_top2500": 0.7566666603088379, "fairness_top3000": 0.7652381062507629, "fairness_top4000": 0.6833333373069763, "fairness_top5000": 0.5628571510314941, "fairness_top6000": 0.45571425557136536, "self-related_top1500": 0.7623809576034546, "self-related_top2000": 0.7638095617294312, "self-related_top2500": 0.76666659116745, "self-related_top3000": 0.7580952048301697, "self-related_top4000": 0.7595238089561462, "self-related_top5000": 0.7633333206176758, "self-related_top6000": 0.7147619128227234, "other-related_top1500": 0.7890476584434509, "other-related_top2000": 0.7919048070907593, "other-related_top2500": 0.7904762029647827, "other-related_top3000": 0.7861905097961426, "other-related_top4000": 0.760952353477478, "other-related_top5000": 0.4585714042186737, "other-related_top6000": 0.7085713744163513, "expectedness_top1500": 0.7766666412353516, "expectedness_top2000": 0.7695237398147583, "expectedness_top2500": 0.76666659116745, "expectedness_top3000": 0.7623809576034546, "expectedness_top4000": 0.7352380752563477, "expectedness_top5000": 0.7509523630142212, "expectedness_top6000": 0.7438095211982727, "non-novelty_top1500": 0.7790476083755493, "non-novelty_top2000": 0.7738094925880432, "non-novelty_top2500": 0.7738094925880432, "non-novelty_top3000": 0.7738094925880432, "non-novelty_top4000": 0.70333331823349, "non-novelty_top5000": 0.7833333611488342, "non-novelty_top6000": 0.6842857003211975}