{"sentiment": "annoyance", "seed": 3, "arousal_top1500": 0.7509523034095764, "best": 0.7432956695556641, "arousal_top2000": 0.7504762411117554, "arousal_top2500": 0.761904776096344, "arousal_top3000": 0.7233333587646484, "arousal_top4000": 0.7604761719703674, "arousal_top5000": 0.47952380776405334, "arousal_top6000": 0.47809523344039917, "valence_top1500": 0.7352380752563477, "valence_top2000": 0.7242856621742249, "valence_top2500": 0.6899999976158142, "valence_top3000": 0.6999999284744263, "valence_top4000": 0.5557143092155457, "valence_top5000": 0.47809523344039917, "valence_top6000": 0.476666659116745, "happy_top1500": 0.7352380156517029, "happy_top2000": 0.6647619605064392, "happy_top2500": 0.6104761362075806, "happy_top3000": 0.7223809361457825, "happy_top4000": 0.49238091707229614, "happy_top5000": 0.5500000715255737, "happy_top6000": 0.47809523344039917, "anger_top1500": 0.7538094520568848, "anger_top2000": 0.7319048047065735, "anger_top2500": 0.6933333277702332, "anger_top3000": 0.6504762768745422, "anger_top4000": 0.6261905431747437, "anger_top5000": 0.6119047999382019, "anger_top6000": 0.5561904311180115, "sad_top1500": 0.7647619247436523, "sad_top2000": 0.7519047856330872, "sad_top2500": 0.7376190423965454, "sad_top3000": 0.7304762005805969, "sad_top4000": 0.7376190423965454, "sad_top5000": 0.6933333277702332, "sad_top6000": 0.7061904668807983, "fear_top1500": 0.6376190781593323, "fear_top2000": 0.49095234274864197, "fear_top2500": 0.5490476489067078, "fear_top3000": 0.5790476202964783, "fear_top4000": 0.48523807525634766, "fear_top5000": 0.47809523344039917, "fear_top6000": 0.47809523344039917, "surprise_top1500": 0.7476190328598022, "surprise_top2000": 0.7076190710067749, "surprise_top2500": 0.7333332896232605, "surprise_top3000": 0.7176190614700317, "surprise_top4000": 0.6833333373069763, "surprise_top5000": 0.6190476417541504, "surprise_top6000": 0.6376190781593323, "disgust_top1500": 0.7580952048301697, "disgust_top2000": 0.7480951547622681, "disgust_top2500": 0.7004761695861816, "disgust_top3000": 0.6833333373069763, "disgust_top4000": 0.6747618913650513, "disgust_top5000": 0.7190476059913635, "disgust_top6000": 0.629047691822052, "control_top1500": 0.774761974811554, "control_top2000": 0.7447619438171387, "control_top2500": 0.7633333206176758, "control_top3000": 0.729523777961731, "control_top4000": 0.6833333969116211, "control_top5000": 0.6833333969116211, "control_top6000": 0.7561904788017273, "fairness_top1500": 0.7204762101173401, "fairness_top2000": 0.6804762482643127, "fairness_top2500": 0.7261905074119568, "fairness_top3000": 0.6976190805435181, "fairness_top4000": 0.6319047808647156, "fairness_top5000": 0.6061905026435852, "fairness_top6000": 0.5385714769363403, "self-related_top1500": 0.7509523034095764, "self-related_top2000": 0.7438095211982727, "self-related_top2500": 0.7580952048301697, "self-related_top3000": 0.7409523725509644, "self-related_top4000": 0.7423809170722961, "self-related_top5000": 0.7495237588882446, "self-related_top6000": 0.7576190829277039, "other-related_top1500": 0.774761974811554, "other-related_top2000": 0.770476222038269, "other-related_top2500": 0.7452380061149597, "other-related_top3000": 0.7480951547622681, "other-related_top4000": 0.6561904549598694, "other-related_top5000": 0.48523807525634766, "other-related_top6000": 0.5952380895614624, "expectedness_top1500": 0.7638095021247864, "expectedness_top2000": 0.7833333611488342, "expectedness_top2500": 0.7519048452377319, "expectedness_top3000": 0.7604761719703674, "expectedness_top4000": 0.7190476059913635, "expectedness_top5000": 0.7228571176528931, "expectedness_top6000": 0.725238025188446, "non-novelty_top1500": 0.7633333206176758, "non-novelty_top2000": 0.7719047665596008, "non-novelty_top2500": 0.776190459728241, "non-novelty_top3000": 0.770476222038269, "non-novelty_top4000": 0.668571412563324, "non-novelty_top5000": 0.6390476226806641, "non-novelty_top6000": 0.6371428370475769}