{"sentiment": "annoyance", "seed": 100, "arousal_top1500": 0.7690476179122925, "best": 0.7783965468406677, "arousal_top2000": 0.7504762411117554, "arousal_top2500": 0.7190476059913635, "arousal_top3000": 0.6114285588264465, "arousal_top4000": 0.558571457862854, "arousal_top5000": 0.5871428847312927, "arousal_top6000": 0.47571423649787903, "valence_top1500": 0.6914286017417908, "valence_top2000": 0.5938094854354858, "valence_top2500": 0.6700000166893005, "valence_top3000": 0.5938095450401306, "valence_top4000": 0.6004762053489685, "valence_top5000": 0.4585714042186737, "valence_top6000": 0.5138095617294312, "happy_top1500": 0.7257142663002014, "happy_top2000": 0.7323809266090393, "happy_top2500": 0.6928571462631226, "happy_top3000": 0.7661904692649841, "happy_top4000": 0.4585714042186737, "happy_top5000": 0.5038095712661743, "happy_top6000": 0.452857106924057, "anger_top1500": 0.776190459728241, "anger_top2000": 0.7447619438171387, "anger_top2500": 0.6904762387275696, "anger_top3000": 0.6442857384681702, "anger_top4000": 0.5800000429153442, "anger_top5000": 0.6533333659172058, "anger_top6000": 0.5785714387893677, "sad_top1500": 0.7552380561828613, "sad_top2000": 0.776190459728241, "sad_top2500": 0.7661905288696289, "sad_top3000": 0.747619092464447, "sad_top4000": 0.5638095140457153, "sad_top5000": 0.6128571629524231, "sad_top6000": 0.5471428632736206, "fear_top1500": 0.452857106924057, "fear_top2000": 0.452857106924057, "fear_top2500": 0.452857106924057, "fear_top3000": 0.452857106924057, "fear_top4000": 0.452857106924057, "fear_top5000": 0.452857106924057, "fear_top6000": 0.452857106924057, "surprise_top1500": 0.6790476441383362, "surprise_top2000": 0.5942856669425964, "surprise_top2500": 0.6371428370475769, "surprise_top3000": 0.6299999952316284, "surprise_top4000": 0.5471428632736206, "surprise_top5000": 0.5471428632736206, "surprise_top6000": 0.5471428632736206, "disgust_top1500": 0.7804762125015259, "disgust_top2000": 0.7647619247436523, "disgust_top2500": 0.7433333396911621, "disgust_top3000": 0.7261905074119568, "disgust_top4000": 0.6504761576652527, "disgust_top5000": 0.6614285707473755, "disgust_top6000": 0.604285717010498, "control_top1500": 0.7690476179122925, "control_top2000": 0.7090476751327515, "control_top2500": 0.7347618937492371, "control_top3000": 0.7047619223594666, "control_top4000": 0.6390476226806641, "control_top5000": 0.595714271068573, "control_top6000": 0.6590476036071777, "fairness_top1500": 0.7566666603088379, "fairness_top2000": 0.7819047570228577, "fairness_top2500": 0.7466666102409363, "fairness_top3000": 0.752380907535553, "fairness_top4000": 0.7490476369857788, "fairness_top5000": 0.747619092464447, "fairness_top6000": 0.7347618937492371, "self-related_top1500": 0.7833333611488342, "self-related_top2000": 0.7819047570228577, "self-related_top2500": 0.7776190638542175, "self-related_top3000": 0.7719048261642456, "self-related_top4000": 0.7604761719703674, "self-related_top5000": 0.680476188659668, "self-related_top6000": 0.6057142615318298, "other-related_top1500": 0.7495237588882446, "other-related_top2000": 0.7495237588882446, "other-related_top2500": 0.7566666603088379, "other-related_top3000": 0.752380907535553, "other-related_top4000": 0.7071428298950195, "other-related_top5000": 0.45714282989501953, "other-related_top6000": 0.4700000584125519, "expectedness_top1500": 0.7719047665596008, "expectedness_top2000": 0.7676190733909607, "expectedness_top2500": 0.7561904191970825, "expectedness_top3000": 0.7647619247436523, "expectedness_top4000": 0.657619059085846, "expectedness_top5000": 0.7461904883384705, "expectedness_top6000": 0.680476188659668, "non-novelty_top1500": 0.761904776096344, "non-novelty_top2000": 0.7776190638542175, "non-novelty_top2500": 0.774761974811554, "non-novelty_top3000": 0.7576190233230591, "non-novelty_top4000": 0.5938095450401306, "non-novelty_top5000": 0.5538095235824585, "non-novelty_top6000": 0.49666664004325867}