{"sentiment": "annoyance", "seed": 19, "arousal_top1500": 0.76666659116745, "best": 0.7968473434448242, "arousal_top2000": 0.7552380561828613, "arousal_top2500": 0.7199999690055847, "arousal_top3000": 0.7152380347251892, "arousal_top4000": 0.760952353477478, "arousal_top5000": 0.620476245880127, "arousal_top6000": 0.532380998134613, "valence_top1500": 0.7652381062507629, "valence_top2000": 0.6985713839530945, "valence_top2500": 0.6899999976158142, "valence_top3000": 0.6419048309326172, "valence_top4000": 0.4938095211982727, "valence_top5000": 0.4938095211982727, "valence_top6000": 0.4938095211982727, "happy_top1500": 0.7352380752563477, "happy_top2000": 0.6190476417541504, "happy_top2500": 0.5790476202964783, "happy_top3000": 0.5919047594070435, "happy_top4000": 0.4938095211982727, "happy_top5000": 0.4938095211982727, "happy_top6000": 0.4938095211982727, "anger_top1500": 0.7509523630142212, "anger_top2000": 0.7395237684249878, "anger_top2500": 0.7309523224830627, "anger_top3000": 0.7238094210624695, "anger_top4000": 0.729523777961731, "anger_top5000": 0.7452381253242493, "anger_top6000": 0.7309523224830627, "sad_top1500": 0.738095223903656, "sad_top2000": 0.7309523224830627, "sad_top2500": 0.7309523224830627, "sad_top3000": 0.7452380061149597, "sad_top4000": 0.7314285635948181, "sad_top5000": 0.7466666102409363, "sad_top6000": 0.760952353477478, "fear_top1500": 0.5971428751945496, "fear_top2000": 0.5276190042495728, "fear_top2500": 0.5376190543174744, "fear_top3000": 0.5319047570228577, "fear_top4000": 0.526190459728241, "fear_top5000": 0.4952380955219269, "fear_top6000": 0.4938095211982727, "surprise_top1500": 0.752380907535553, "surprise_top2000": 0.7433333396911621, "surprise_top2500": 0.7180951833724976, "surprise_top3000": 0.7028571367263794, "surprise_top4000": 0.6938095092773438, "surprise_top5000": 0.6652380228042603, "surprise_top6000": 0.6123809814453125, "disgust_top1500": 0.7538095116615295, "disgust_top2000": 0.7552380561828613, "disgust_top2500": 0.7366666197776794, "disgust_top3000": 0.7195237874984741, "disgust_top4000": 0.7242857217788696, "disgust_top5000": 0.741428554058075, "disgust_top6000": 0.7323809266090393, "control_top1500": 0.7509523630142212, "control_top2000": 0.6909523606300354, "control_top2500": 0.7057142853736877, "control_top3000": 0.7338094711303711, "control_top4000": 0.7166666388511658, "control_top5000": 0.6595238447189331, "control_top6000": 0.7566666603088379, "fairness_top1500": 0.7438095211982727, "fairness_top2000": 0.738095223903656, "fairness_top2500": 0.7395237684249878, "fairness_top3000": 0.7480952143669128, "fairness_top4000": 0.7409523725509644, "fairness_top5000": 0.6390476226806641, "fairness_top6000": 0.4938095211982727, "self-related_top1500": 0.7947619557380676, "self-related_top2000": 0.7933333516120911, "self-related_top2500": 0.7890476584434509, "self-related_top3000": 0.784761905670166, "self-related_top4000": 0.7876190543174744, "self-related_top5000": 0.6938095092773438, "self-related_top6000": 0.6604762077331543, "other-related_top1500": 0.7919048070907593, "other-related_top2000": 0.7947619557380676, "other-related_top2500": 0.7933334112167358, "other-related_top3000": 0.7890476584434509, "other-related_top4000": 0.7271428108215332, "other-related_top5000": 0.5023809671401978, "other-related_top6000": 0.5857143402099609, "expectedness_top1500": 0.7890476584434509, "expectedness_top2000": 0.7638095617294312, "expectedness_top2500": 0.7580952048301697, "expectedness_top3000": 0.7538095116615295, "expectedness_top4000": 0.7028571367263794, "expectedness_top5000": 0.7166666388511658, "expectedness_top6000": 0.654285728931427, "non-novelty_top1500": 0.7876190543174744, "non-novelty_top2000": 0.7904762625694275, "non-novelty_top2500": 0.7890476584434509, "non-novelty_top3000": 0.774761974811554, "non-novelty_top4000": 0.5704761743545532, "non-novelty_top5000": 0.6800000071525574, "non-novelty_top6000": 0.6233333945274353}