{"sentiment": "annoyance", "seed": 17, "arousal_top1500": 0.776190459728241, "best": 0.7651540637016296, "arousal_top2000": 0.7490476369857788, "arousal_top2500": 0.761904776096344, "arousal_top3000": 0.7247619032859802, "arousal_top4000": 0.7647619247436523, "arousal_top5000": 0.452857106924057, "arousal_top6000": 0.452857106924057, "valence_top1500": 0.7033333778381348, "valence_top2000": 0.5828571319580078, "valence_top2500": 0.4757142663002014, "valence_top3000": 0.49809524416923523, "valence_top4000": 0.4695238173007965, "valence_top5000": 0.452857106924057, "valence_top6000": 0.452857106924057, "happy_top1500": 0.7547618746757507, "happy_top2000": 0.6919048428535461, "happy_top2500": 0.5280953049659729, "happy_top3000": 0.6476190686225891, "happy_top4000": 0.4995238184928894, "happy_top5000": 0.45571425557136536, "happy_top6000": 0.452857106924057, "anger_top1500": 0.7876191139221191, "anger_top2000": 0.7176190614700317, "anger_top2500": 0.6757143139839172, "anger_top3000": 0.550000011920929, "anger_top4000": 0.545714259147644, "anger_top5000": 0.5442857146263123, "anger_top6000": 0.545714259147644, "sad_top1500": 0.7719047665596008, "sad_top2000": 0.7290476560592651, "sad_top2500": 0.73333340883255, "sad_top3000": 0.7147619128227234, "sad_top4000": 0.45571425557136536, "sad_top5000": 0.7490476369857788, "sad_top6000": 0.7128571271896362, "fear_top1500": 0.452857106924057, "fear_top2000": 0.452857106924057, "fear_top2500": 0.452857106924057, "fear_top3000": 0.452857106924057, "fear_top4000": 0.452857106924057, "fear_top5000": 0.452857106924057, "fear_top6000": 0.452857106924057, "surprise_top1500": 0.631428599357605, "surprise_top2000": 0.5842857360839844, "surprise_top2500": 0.654285728931427, "surprise_top3000": 0.645714282989502, "surprise_top4000": 0.5900000333786011, "surprise_top5000": 0.5557143092155457, "surprise_top6000": 0.5542857050895691, "disgust_top1500": 0.7704762816429138, "disgust_top2000": 0.7161904573440552, "disgust_top2500": 0.6614285707473755, "disgust_top3000": 0.595714271068573, "disgust_top4000": 0.5514286160469055, "disgust_top5000": 0.7233333587646484, "disgust_top6000": 0.6704762578010559, "control_top1500": 0.6980952024459839, "control_top2000": 0.7590476274490356, "control_top2500": 0.5180952548980713, "control_top3000": 0.4895237982273102, "control_top4000": 0.452857106924057, "control_top5000": 0.4542856812477112, "control_top6000": 0.5528571009635925, "fairness_top1500": 0.7661904692649841, "fairness_top2000": 0.7376190423965454, "fairness_top2500": 0.7833333611488342, "fairness_top3000": 0.7419047951698303, "fairness_top4000": 0.7076191306114197, "fairness_top5000": 0.5866666436195374, "fairness_top6000": 0.5076190829277039, "self-related_top1500": 0.7676191329956055, "self-related_top2000": 0.770476222038269, "self-related_top2500": 0.7204762101173401, "self-related_top3000": 0.7100000381469727, "self-related_top4000": 0.7157142758369446, "self-related_top5000": 0.6342857480049133, "self-related_top6000": 0.581428587436676, "other-related_top1500": 0.799047589302063, "other-related_top2000": 0.7833333015441895, "other-related_top2500": 0.7647619247436523, "other-related_top3000": 0.7590476274490356, "other-related_top4000": 0.7519047856330872, "other-related_top5000": 0.49666669964790344, "other-related_top6000": 0.5676190257072449, "expectedness_top1500": 0.7533333897590637, "expectedness_top2000": 0.7461905479431152, "expectedness_top2500": 0.7147619128227234, "expectedness_top3000": 0.6799999475479126, "expectedness_top4000": 0.618571400642395, "expectedness_top5000": 0.6676191091537476, "expectedness_top6000": 0.7047618627548218, "non-novelty_top1500": 0.7061905264854431, "non-novelty_top2000": 0.7719047665596008, "non-novelty_top2500": 0.8119048476219177, "non-novelty_top3000": 0.7776190042495728, "non-novelty_top4000": 0.6423808932304382, "non-novelty_top5000": 0.6342856287956238, "non-novelty_top6000": 0.4585714042186737}