{"sentiment": "annoyance", "seed": 5, "arousal_top1500": 0.7823808789253235, "best": 0.7940215468406677, "arousal_top2000": 0.7723808884620667, "arousal_top2500": 0.7766666412353516, "arousal_top3000": 0.7933333516120911, "arousal_top4000": 0.7528570890426636, "arousal_top5000": 0.4838095009326935, "arousal_top6000": 0.4838095009326935, "valence_top1500": 0.7147619128227234, "valence_top2000": 0.7161905169487, "valence_top2500": 0.7090476751327515, "valence_top3000": 0.674761950969696, "valence_top4000": 0.6033333539962769, "valence_top5000": 0.5052381157875061, "valence_top6000": 0.4938094913959503, "happy_top1500": 0.7147619128227234, "happy_top2000": 0.7176190614700317, "happy_top2500": 0.7233332991600037, "happy_top3000": 0.7766665816307068, "happy_top4000": 0.5709523558616638, "happy_top5000": 0.5452381372451782, "happy_top6000": 0.488095223903656, "anger_top1500": 0.7838094830513, "anger_top2000": 0.7376190423965454, "anger_top2500": 0.775238037109375, "anger_top3000": 0.7542856931686401, "anger_top4000": 0.7819048166275024, "anger_top5000": 0.7738094925880432, "anger_top6000": 0.7338094711303711, "sad_top1500": 0.7119048237800598, "sad_top2000": 0.7471428513526917, "sad_top2500": 0.7061905264854431, "sad_top3000": 0.6947619318962097, "sad_top4000": 0.6247619986534119, "sad_top5000": 0.735714316368103, "sad_top6000": 0.7338094711303711, "fear_top1500": 0.5947619080543518, "fear_top2000": 0.5633333325386047, "fear_top2500": 0.5876190066337585, "fear_top3000": 0.5976190567016602, "fear_top4000": 0.5509523749351501, "fear_top5000": 0.48666664958000183, "fear_top6000": 0.48666664958000183, "surprise_top1500": 0.7419047951698303, "surprise_top2000": 0.7019047737121582, "surprise_top2500": 0.7319048047065735, "surprise_top3000": 0.7319048047065735, "surprise_top4000": 0.6761904954910278, "surprise_top5000": 0.5533333420753479, "surprise_top6000": 0.5819047689437866, "disgust_top1500": 0.7823808789253235, "disgust_top2000": 0.7795237898826599, "disgust_top2500": 0.7823808789253235, "disgust_top3000": 0.7780951857566833, "disgust_top4000": 0.7528571486473083, "disgust_top5000": 0.7176190614700317, "disgust_top6000": 0.688095211982727, "control_top1500": 0.7571429014205933, "control_top2000": 0.7557142972946167, "control_top2500": 0.7061905264854431, "control_top3000": 0.735714316368103, "control_top4000": 0.7004762291908264, "control_top5000": 0.6847619414329529, "control_top6000": 0.7314285635948181, "fairness_top1500": 0.7823808789253235, "fairness_top2000": 0.7961904406547546, "fairness_top2500": 0.7904762029647827, "fairness_top3000": 0.7790476083755493, "fairness_top4000": 0.7433333396911621, "fairness_top5000": 0.7166666984558105, "fairness_top6000": 0.7176190614700317, "self-related_top1500": 0.7866666913032532, "self-related_top2000": 0.7823808789253235, "self-related_top2500": 0.7723808884620667, "self-related_top3000": 0.7766666412353516, "self-related_top4000": 0.7904762625694275, "self-related_top5000": 0.7190476655960083, "self-related_top6000": 0.6833333969116211, "other-related_top1500": 0.782380998134613, "other-related_top2000": 0.7780951857566833, "other-related_top2500": 0.7809523344039917, "other-related_top3000": 0.7809523940086365, "other-related_top4000": 0.7290476560592651, "other-related_top5000": 0.4938095211982727, "other-related_top6000": 0.5309523940086365, "expectedness_top1500": 0.7585715055465698, "expectedness_top2000": 0.7557142972946167, "expectedness_top2500": 0.7795237898826599, "expectedness_top3000": 0.7780951857566833, "expectedness_top4000": 0.7595238089561462, "expectedness_top5000": 0.7299999594688416, "expectedness_top6000": 0.7242856621742249, "non-novelty_top1500": 0.7876191139221191, "non-novelty_top2000": 0.7261905074119568, "non-novelty_top2500": 0.7190476655960083, "non-novelty_top3000": 0.7471429109573364, "non-novelty_top4000": 0.6133332848548889, "non-novelty_top5000": 0.6376190781593323, "non-novelty_top6000": 0.5523809790611267}