{"sentiment": "approval", "seed": 11, "arousal_top1500": 0.7691755294799805, "best": 0.765700101852417, "arousal_top2000": 0.7666755318641663, "arousal_top2500": 0.7425531148910522, "arousal_top3000": 0.6642021536827087, "arousal_top4000": 0.5618617534637451, "arousal_top5000": 0.6013830304145813, "arousal_top6000": 0.6467021703720093, "valence_top1500": 0.7099468111991882, "valence_top2000": 0.650132954120636, "valence_top2500": 0.6416223049163818, "valence_top3000": 0.6143617033958435, "valence_top4000": 0.5082712769508362, "valence_top5000": 0.5767021179199219, "valence_top6000": 0.5056117177009583, "happy_top1500": 0.572952151298523, "happy_top2000": 0.5844414830207825, "happy_top2500": 0.5768617391586304, "happy_top3000": 0.5506117343902588, "happy_top4000": 0.4931117296218872, "happy_top5000": 0.4770212769508362, "happy_top6000": 0.4742819368839264, "anger_top1500": 0.735904335975647, "anger_top2000": 0.7161436080932617, "anger_top2500": 0.681382954120636, "anger_top3000": 0.6766223311424255, "anger_top4000": 0.6698138117790222, "anger_top5000": 0.6747340559959412, "anger_top6000": 0.6598936319351196, "sad_top1500": 0.7327127456665039, "sad_top2000": 0.6752926111221313, "sad_top2500": 0.6529521346092224, "sad_top3000": 0.5894415378570557, "sad_top4000": 0.5756117105484009, "sad_top5000": 0.4770212769508362, "sad_top6000": 0.4770212769508362, "fear_top1500": 0.5606915354728699, "fear_top2000": 0.6127926111221313, "fear_top2500": 0.6250531673431396, "fear_top3000": 0.6671541929244995, "fear_top4000": 0.6425531506538391, "fear_top5000": 0.68808513879776, "fear_top6000": 0.6896276473999023, "surprise_top1500": 0.7391223311424255, "surprise_top2000": 0.710212767124176, "surprise_top2500": 0.6853723526000977, "surprise_top3000": 0.6743617057800293, "surprise_top4000": 0.5958510637283325, "surprise_top5000": 0.537021279335022, "surprise_top6000": 0.4907712936401367, "disgust_top1500": 0.7556648850440979, "disgust_top2000": 0.7481648921966553, "disgust_top2500": 0.7086436748504639, "disgust_top3000": 0.6938031911849976, "disgust_top4000": 0.6691223382949829, "disgust_top5000": 0.6994946599006653, "disgust_top6000": 0.6391223669052124, "control_top1500": 0.5420212745666504, "control_top2000": 0.5545212626457214, "control_top2500": 0.6368350982666016, "control_top3000": 0.6099468469619751, "control_top4000": 0.6319414377212524, "control_top5000": 0.5989095568656921, "control_top6000": 0.5164628028869629, "fairness_top1500": 0.7274734377861023, "fairness_top2000": 0.644361674785614, "fairness_top2500": 0.6353723406791687, "fairness_top3000": 0.6067021489143372, "fairness_top4000": 0.5642021298408508, "fairness_top5000": 0.5834043025970459, "fairness_top6000": 0.5900532007217407, "self-related_top1500": 0.7313031554222107, "self-related_top2000": 0.7611436247825623, "self-related_top2500": 0.7596542835235596, "self-related_top3000": 0.7014627456665039, "self-related_top4000": 0.6874733567237854, "self-related_top5000": 0.6205319166183472, "self-related_top6000": 0.555531919002533, "other-related_top1500": 0.7489361763000488, "other-related_top2000": 0.7528457641601562, "other-related_top2500": 0.7350531816482544, "other-related_top3000": 0.7352925539016724, "other-related_top4000": 0.7360372543334961, "other-related_top5000": 0.5359840393066406, "other-related_top6000": 0.4770212769508362, "expectedness_top1500": 0.7382978200912476, "expectedness_top2000": 0.7357978224754333, "expectedness_top2500": 0.7253989577293396, "expectedness_top3000": 0.7293883562088013, "expectedness_top4000": 0.7218883037567139, "expectedness_top5000": 0.7181383371353149, "expectedness_top6000": 0.6756914854049683, "non-novelty_top1500": 0.7507978081703186, "non-novelty_top2000": 0.7484574317932129, "non-novelty_top2500": 0.7576063871383667, "non-novelty_top3000": 0.7500265836715698, "non-novelty_top4000": 0.632952094078064, "non-novelty_top5000": 0.5629521608352661, "non-novelty_top6000": 0.6323935985565186}