{"sentiment": "approval", "seed": 3, "arousal_top1500": 0.7589361071586609, "best": 0.754957914352417, "arousal_top2000": 0.7499467730522156, "arousal_top2500": 0.7283244729042053, "arousal_top3000": 0.6738829612731934, "arousal_top4000": 0.6239627599716187, "arousal_top5000": 0.4868617057800293, "arousal_top6000": 0.6423670649528503, "valence_top1500": 0.7333776354789734, "valence_top2000": 0.6935904622077942, "valence_top2500": 0.7151861190795898, "valence_top3000": 0.6977659463882446, "valence_top4000": 0.6904787421226501, "valence_top5000": 0.653484046459198, "valence_top6000": 0.6374467611312866, "happy_top1500": 0.7240691184997559, "happy_top2000": 0.7387765645980835, "happy_top2500": 0.7077393531799316, "happy_top3000": 0.682207465171814, "happy_top4000": 0.6407180428504944, "happy_top5000": 0.6381382942199707, "happy_top6000": 0.6104786992073059, "anger_top1500": 0.7441755533218384, "anger_top2000": 0.7430053353309631, "anger_top2500": 0.7083244919776917, "anger_top3000": 0.7119947075843811, "anger_top4000": 0.6918351054191589, "anger_top5000": 0.667313814163208, "anger_top6000": 0.6288829445838928, "sad_top1500": 0.7419946789741516, "sad_top2000": 0.7398138642311096, "sad_top2500": 0.7120744585990906, "sad_top3000": 0.6392819285392761, "sad_top4000": 0.5581117272377014, "sad_top5000": 0.5244415402412415, "sad_top6000": 0.4956915080547333, "fear_top1500": 0.5205318927764893, "fear_top2000": 0.5690425634384155, "fear_top2500": 0.540372371673584, "fear_top3000": 0.5916223526000977, "fear_top4000": 0.5977925062179565, "fear_top5000": 0.6323936581611633, "fear_top6000": 0.6669148802757263, "surprise_top1500": 0.7380053400993347, "surprise_top2000": 0.671143651008606, "surprise_top2500": 0.6589627265930176, "surprise_top3000": 0.6116223335266113, "surprise_top4000": 0.5731117129325867, "surprise_top5000": 0.5094414949417114, "surprise_top6000": 0.4629521369934082, "disgust_top1500": 0.7539361715316772, "disgust_top2000": 0.7513563632965088, "disgust_top2500": 0.7330053448677063, "disgust_top3000": 0.7244946956634521, "disgust_top4000": 0.7059042453765869, "disgust_top5000": 0.7118350863456726, "disgust_top6000": 0.6782446503639221, "control_top1500": 0.6191223859786987, "control_top2000": 0.630292534828186, "control_top2500": 0.6227127313613892, "control_top3000": 0.6109042167663574, "control_top4000": 0.6367021203041077, "control_top5000": 0.6502925157546997, "control_top6000": 0.6157180070877075, "fairness_top1500": 0.7479255199432373, "fairness_top2000": 0.717074453830719, "fairness_top2500": 0.7260639071464539, "fairness_top3000": 0.7244946360588074, "fairness_top4000": 0.7165159583091736, "fairness_top5000": 0.6475266218185425, "fairness_top6000": 0.5738564133644104, "self-related_top1500": 0.7430850863456726, "self-related_top2000": 0.749255359172821, "self-related_top2500": 0.7543351054191589, "self-related_top3000": 0.7095744609832764, "self-related_top4000": 0.7394148707389832, "self-related_top5000": 0.6985638737678528, "self-related_top6000": 0.651462733745575, "other-related_top1500": 0.7524468302726746, "other-related_top2000": 0.7590956687927246, "other-related_top2500": 0.7581648230552673, "other-related_top3000": 0.7530850768089294, "other-related_top4000": 0.7092021703720093, "other-related_top5000": 0.5296542048454285, "other-related_top6000": 0.4592021107673645, "expectedness_top1500": 0.738696813583374, "expectedness_top2000": 0.7408776879310608, "expectedness_top2500": 0.7458776235580444, "expectedness_top3000": 0.7343085408210754, "expectedness_top4000": 0.7292287349700928, "expectedness_top5000": 0.706250011920929, "expectedness_top6000": 0.7046808004379272, "non-novelty_top1500": 0.7476861476898193, "non-novelty_top2000": 0.7485371828079224, "non-novelty_top2500": 0.7414361834526062, "non-novelty_top3000": 0.7268882989883423, "non-novelty_top4000": 0.6263829469680786, "non-novelty_top5000": 0.5917021632194519, "non-novelty_top6000": 0.6203723549842834}