{"sentiment": "approval", "seed": 1, "arousal_top1500": 0.6926595568656921, "best": 0.732346773147583, "arousal_top2000": 0.7055584788322449, "arousal_top2500": 0.6882447004318237, "arousal_top3000": 0.6350531578063965, "arousal_top4000": 0.6314626932144165, "arousal_top5000": 0.675000011920929, "arousal_top6000": 0.5419681072235107, "valence_top1500": 0.6777393221855164, "valence_top2000": 0.6430319547653198, "valence_top2500": 0.6985372304916382, "valence_top3000": 0.6897872686386108, "valence_top4000": 0.6791489720344543, "valence_top5000": 0.6561701893806458, "valence_top6000": 0.6339627504348755, "happy_top1500": 0.7034574747085571, "happy_top2000": 0.6929787397384644, "happy_top2500": 0.6963563561439514, "happy_top3000": 0.7191755771636963, "happy_top4000": 0.6567286849021912, "happy_top5000": 0.6374734044075012, "happy_top6000": 0.660106360912323, "anger_top1500": 0.7147872447967529, "anger_top2000": 0.7117287516593933, "anger_top2500": 0.7142287492752075, "anger_top3000": 0.7194680571556091, "anger_top4000": 0.6287234425544739, "anger_top5000": 0.6092553734779358, "anger_top6000": 0.5890957117080688, "sad_top1500": 0.7136436104774475, "sad_top2000": 0.6926329731941223, "sad_top2500": 0.6834840774536133, "sad_top3000": 0.6951861381530762, "sad_top4000": 0.6493616700172424, "sad_top5000": 0.646037220954895, "sad_top6000": 0.5855850577354431, "fear_top1500": 0.6433510184288025, "fear_top2000": 0.5978457927703857, "fear_top2500": 0.5980053544044495, "fear_top3000": 0.5624468326568604, "fear_top4000": 0.553617000579834, "fear_top5000": 0.5419681072235107, "fear_top6000": 0.5419681072235107, "surprise_top1500": 0.6838829517364502, "surprise_top2000": 0.6877127289772034, "surprise_top2500": 0.700585126876831, "surprise_top3000": 0.6599733829498291, "surprise_top4000": 0.5991223454475403, "surprise_top5000": 0.5306915044784546, "surprise_top6000": 0.538111686706543, "disgust_top1500": 0.723537266254425, "disgust_top2000": 0.7249467968940735, "disgust_top2500": 0.7371543645858765, "disgust_top3000": 0.7188830375671387, "disgust_top4000": 0.688590407371521, "disgust_top5000": 0.6016755104064941, "disgust_top6000": 0.5873669981956482, "control_top1500": 0.7067552804946899, "control_top2000": 0.6589627265930176, "control_top2500": 0.6646010279655457, "control_top3000": 0.6015158891677856, "control_top4000": 0.5736968517303467, "control_top5000": 0.5801861882209778, "control_top6000": 0.6482712626457214, "fairness_top1500": 0.7047340869903564, "fairness_top2000": 0.6639627814292908, "fairness_top2500": 0.6256117224693298, "fairness_top3000": 0.6898138523101807, "fairness_top4000": 0.6795744299888611, "fairness_top5000": 0.6661170721054077, "fairness_top6000": 0.6761170029640198, "self-related_top1500": 0.7258245348930359, "self-related_top2000": 0.7304255366325378, "self-related_top2500": 0.721276581287384, "self-related_top3000": 0.7136170864105225, "self-related_top4000": 0.6658509969711304, "self-related_top5000": 0.7263563871383667, "self-related_top6000": 0.7240159511566162, "other-related_top1500": 0.5785372853279114, "other-related_top2000": 0.5747872591018677, "other-related_top2500": 0.5594680309295654, "other-related_top3000": 0.5519680976867676, "other-related_top4000": 0.5419681072235107, "other-related_top5000": 0.5419681072235107, "other-related_top6000": 0.5419681072235107, "expectedness_top1500": 0.6862499713897705, "expectedness_top2000": 0.6924999952316284, "expectedness_top2500": 0.647712767124176, "expectedness_top3000": 0.6141756176948547, "expectedness_top4000": 0.5926063656806946, "expectedness_top5000": 0.5482180714607239, "expectedness_top6000": 0.5607978105545044, "non-novelty_top1500": 0.6904788017272949, "non-novelty_top2000": 0.6685904264450073, "non-novelty_top2500": 0.6711702346801758, "non-novelty_top3000": 0.6547606587409973, "non-novelty_top4000": 0.5855850577354431, "non-novelty_top5000": 0.5535372495651245, "non-novelty_top6000": 0.6187233924865723}