{"sentiment": "approval", "seed": 100, "arousal_top1500": 0.7213031649589539, "best": 0.7238581776618958, "arousal_top2000": 0.7416755557060242, "arousal_top2500": 0.6741223335266113, "arousal_top3000": 0.630771279335022, "arousal_top4000": 0.553111732006073, "arousal_top5000": 0.49678194522857666, "arousal_top6000": 0.6474201679229736, "valence_top1500": 0.7031382918357849, "valence_top2000": 0.6951063871383667, "valence_top2500": 0.5772340893745422, "valence_top3000": 0.6091755628585815, "valence_top4000": 0.6197872161865234, "valence_top5000": 0.539893627166748, "valence_top6000": 0.5470744967460632, "happy_top1500": 0.6444946527481079, "happy_top2000": 0.6612765789031982, "happy_top2500": 0.5638031959533691, "happy_top3000": 0.538803219795227, "happy_top4000": 0.5173935890197754, "happy_top5000": 0.48045217990875244, "happy_top6000": 0.4841223359107971, "anger_top1500": 0.732845664024353, "anger_top2000": 0.718723475933075, "anger_top2500": 0.6564627885818481, "anger_top3000": 0.6677127480506897, "anger_top4000": 0.6929255723953247, "anger_top5000": 0.6633244156837463, "anger_top6000": 0.6163829565048218, "sad_top1500": 0.6986436247825623, "sad_top2000": 0.6552926301956177, "sad_top2500": 0.6463031768798828, "sad_top3000": 0.6734840869903564, "sad_top4000": 0.5442021489143372, "sad_top5000": 0.4893617331981659, "sad_top6000": 0.47061172127723694, "fear_top1500": 0.5281116962432861, "fear_top2000": 0.5813032388687134, "fear_top2500": 0.6149733662605286, "fear_top3000": 0.6520744562149048, "fear_top4000": 0.5687234401702881, "fear_top5000": 0.6676595211029053, "fear_top6000": 0.631382942199707, "surprise_top1500": 0.6900531649589539, "surprise_top2000": 0.6730319261550903, "surprise_top2500": 0.697952151298523, "surprise_top3000": 0.6680319309234619, "surprise_top4000": 0.586781919002533, "surprise_top5000": 0.538111686706543, "surprise_top6000": 0.48928192257881165, "disgust_top1500": 0.732925534248352, "disgust_top2000": 0.7198935747146606, "disgust_top2500": 0.7100531458854675, "disgust_top3000": 0.6999734044075012, "disgust_top4000": 0.703244686126709, "disgust_top5000": 0.6621010303497314, "disgust_top6000": 0.6912765502929688, "control_top1500": 0.5681117177009583, "control_top2000": 0.5431116819381714, "control_top2500": 0.6630052924156189, "control_top3000": 0.6268085241317749, "control_top4000": 0.6069680452346802, "control_top5000": 0.582686185836792, "control_top6000": 0.47061169147491455, "fairness_top1500": 0.6752926111221313, "fairness_top2000": 0.6080319285392761, "fairness_top2500": 0.565611720085144, "fairness_top3000": 0.6577925682067871, "fairness_top4000": 0.6410638093948364, "fairness_top5000": 0.5949734449386597, "fairness_top6000": 0.5881915092468262, "self-related_top1500": 0.7359840869903564, "self-related_top2000": 0.7354255318641663, "self-related_top2500": 0.7284574508666992, "self-related_top3000": 0.7098138928413391, "self-related_top4000": 0.7184574604034424, "self-related_top5000": 0.6809042692184448, "self-related_top6000": 0.6213829517364502, "other-related_top1500": 0.660452127456665, "other-related_top2000": 0.6577925682067871, "other-related_top2500": 0.7197074890136719, "other-related_top3000": 0.6908510327339172, "other-related_top4000": 0.5610372424125671, "other-related_top5000": 0.5259575247764587, "other-related_top6000": 0.46436169743537903, "expectedness_top1500": 0.7294148802757263, "expectedness_top2000": 0.7241755723953247, "expectedness_top2500": 0.710797905921936, "expectedness_top3000": 0.6515425443649292, "expectedness_top4000": 0.6322340965270996, "expectedness_top5000": 0.5661967992782593, "expectedness_top6000": 0.5611968040466309, "non-novelty_top1500": 0.6588829159736633, "non-novelty_top2000": 0.652633011341095, "non-novelty_top2500": 0.6638829708099365, "non-novelty_top3000": 0.6246541738510132, "non-novelty_top4000": 0.5428723692893982, "non-novelty_top5000": 0.6331648826599121, "non-novelty_top6000": 0.6628457307815552}