{"sentiment": "approval", "seed": 19, "arousal_top1500": 0.7555851340293884, "best": 0.766526460647583, "arousal_top2000": 0.7559573650360107, "arousal_top2500": 0.7419946789741516, "arousal_top3000": 0.6838829517364502, "arousal_top4000": 0.5475000143051147, "arousal_top5000": 0.48859041929244995, "arousal_top6000": 0.6589361429214478, "valence_top1500": 0.7547074556350708, "valence_top2000": 0.6942819356918335, "valence_top2500": 0.7390159368515015, "valence_top3000": 0.7310372591018677, "valence_top4000": 0.7190957069396973, "valence_top5000": 0.6993085145950317, "valence_top6000": 0.5856117010116577, "happy_top1500": 0.7304787039756775, "happy_top2000": 0.7064893245697021, "happy_top2500": 0.7185372710227966, "happy_top3000": 0.6094415187835693, "happy_top4000": 0.5617819428443909, "happy_top5000": 0.5716223120689392, "happy_top6000": 0.6440691947937012, "anger_top1500": 0.7590956687927246, "anger_top2000": 0.7221542596817017, "anger_top2500": 0.6558510065078735, "anger_top3000": 0.6022606492042542, "anger_top4000": 0.6096808910369873, "anger_top5000": 0.5222606658935547, "anger_top6000": 0.532180905342102, "sad_top1500": 0.6755319237709045, "sad_top2000": 0.581010639667511, "sad_top2500": 0.5685106515884399, "sad_top3000": 0.5410904288291931, "sad_top4000": 0.49867022037506104, "sad_top5000": 0.47617021203041077, "sad_top6000": 0.47617021203041077, "fear_top1500": 0.566941499710083, "fear_top2000": 0.5746808648109436, "fear_top2500": 0.5585106611251831, "fear_top3000": 0.6094414591789246, "fear_top4000": 0.5409308671951294, "fear_top5000": 0.616462767124176, "fear_top6000": 0.6484042406082153, "surprise_top1500": 0.7447341084480286, "surprise_top2000": 0.7249733805656433, "surprise_top2500": 0.729813814163208, "surprise_top3000": 0.7049733400344849, "surprise_top4000": 0.6603723764419556, "surprise_top5000": 0.6404521465301514, "surprise_top6000": 0.5635904669761658, "disgust_top1500": 0.7611967325210571, "disgust_top2000": 0.7613563537597656, "disgust_top2500": 0.7384840250015259, "disgust_top3000": 0.7063829302787781, "disgust_top4000": 0.643271267414093, "disgust_top5000": 0.6467819213867188, "disgust_top6000": 0.5971808433532715, "control_top1500": 0.5236701965332031, "control_top2000": 0.4949202239513397, "control_top2500": 0.5560106635093689, "control_top3000": 0.49992021918296814, "control_top4000": 0.5260904431343079, "control_top5000": 0.535930871963501, "control_top6000": 0.4811702370643616, "fairness_top1500": 0.7432447075843811, "fairness_top2000": 0.724042534828186, "fairness_top2500": 0.7417553067207336, "fairness_top3000": 0.7224467992782593, "fairness_top4000": 0.7015690803527832, "fairness_top5000": 0.6610372066497803, "fairness_top6000": 0.5915957689285278, "self-related_top1500": 0.7593351006507874, "self-related_top2000": 0.7615957260131836, "self-related_top2500": 0.7626860737800598, "self-related_top3000": 0.7519946694374084, "self-related_top4000": 0.7543351054191589, "self-related_top5000": 0.7002127170562744, "self-related_top6000": 0.5774202346801758, "other-related_top1500": 0.7628457546234131, "other-related_top2000": 0.7491755485534668, "other-related_top2500": 0.7035638093948364, "other-related_top3000": 0.7048936486244202, "other-related_top4000": 0.7405585646629333, "other-related_top5000": 0.5201596021652222, "other-related_top6000": 0.4755319356918335, "expectedness_top1500": 0.7544148564338684, "expectedness_top2000": 0.7543351054191589, "expectedness_top2500": 0.7318882942199707, "expectedness_top3000": 0.7349467873573303, "expectedness_top4000": 0.7401064038276672, "expectedness_top5000": 0.7087499499320984, "expectedness_top6000": 0.7078989744186401, "non-novelty_top1500": 0.7638563513755798, "non-novelty_top2000": 0.7301596403121948, "non-novelty_top2500": 0.7427659034729004, "non-novelty_top3000": 0.7329787611961365, "non-novelty_top4000": 0.6209309101104736, "non-novelty_top5000": 0.6331914663314819, "non-novelty_top6000": 0.6492021083831787}