{"sentiment": "approval", "seed": 5, "arousal_top1500": 0.7668351531028748, "best": 0.7857571840286255, "arousal_top2000": 0.7576063871383667, "arousal_top2500": 0.7398138642311096, "arousal_top3000": 0.708031952381134, "arousal_top4000": 0.6444414854049683, "arousal_top5000": 0.6205319166183472, "arousal_top6000": 0.6898138523101807, "valence_top1500": 0.743617057800293, "valence_top2000": 0.6923404335975647, "valence_top2500": 0.720186173915863, "valence_top3000": 0.6133244633674622, "valence_top4000": 0.6521010398864746, "valence_top5000": 0.5357978940010071, "valence_top6000": 0.5421276092529297, "happy_top1500": 0.6516223549842834, "happy_top2000": 0.6576329469680786, "happy_top2500": 0.6904787421226501, "happy_top3000": 0.679946780204773, "happy_top4000": 0.5450266599655151, "happy_top5000": 0.5797340273857117, "happy_top6000": 0.599281907081604, "anger_top1500": 0.7605053186416626, "anger_top2000": 0.7459573745727539, "anger_top2500": 0.737845778465271, "anger_top3000": 0.7371542453765869, "anger_top4000": 0.753856360912323, "anger_top5000": 0.71816486120224, "anger_top6000": 0.7080053687095642, "sad_top1500": 0.7459840774536133, "sad_top2000": 0.6950531601905823, "sad_top2500": 0.6602925062179565, "sad_top3000": 0.6703723669052124, "sad_top4000": 0.536781907081604, "sad_top5000": 0.483111709356308, "sad_top6000": 0.4744414985179901, "fear_top1500": 0.7176861763000488, "fear_top2000": 0.713457465171814, "fear_top2500": 0.7284574508666992, "fear_top3000": 0.6735106706619263, "fear_top4000": 0.6645479202270508, "fear_top5000": 0.6518882513046265, "fear_top6000": 0.6691489815711975, "surprise_top1500": 0.7448936104774475, "surprise_top2000": 0.7463032007217407, "surprise_top2500": 0.7573935985565186, "surprise_top3000": 0.7544946670532227, "surprise_top4000": 0.732074499130249, "surprise_top5000": 0.716728687286377, "surprise_top6000": 0.711037278175354, "disgust_top1500": 0.7597074508666992, "disgust_top2000": 0.7570478320121765, "disgust_top2500": 0.7557978630065918, "disgust_top3000": 0.7587766051292419, "disgust_top4000": 0.7578457593917847, "disgust_top5000": 0.7035107016563416, "disgust_top6000": 0.7323670387268066, "control_top1500": 0.5744414925575256, "control_top2000": 0.5795212984085083, "control_top2500": 0.5980319380760193, "control_top3000": 0.5318617224693298, "control_top4000": 0.6112233996391296, "control_top5000": 0.5514627695083618, "control_top6000": 0.48944148421287537, "fairness_top1500": 0.7476063966751099, "fairness_top2000": 0.7455850839614868, "fairness_top2500": 0.7074202299118042, "fairness_top3000": 0.6972606778144836, "fairness_top4000": 0.6976861953735352, "fairness_top5000": 0.6501063704490662, "fairness_top6000": 0.6030053496360779, "self-related_top1500": 0.7507447004318237, "self-related_top2000": 0.75058513879776, "self-related_top2500": 0.7540159225463867, "self-related_top3000": 0.7530850768089294, "self-related_top4000": 0.745797872543335, "self-related_top5000": 0.7469149231910706, "self-related_top6000": 0.6977127194404602, "other-related_top1500": 0.7482180595397949, "other-related_top2000": 0.7609574794769287, "other-related_top2500": 0.7549468278884888, "other-related_top3000": 0.7561967968940735, "other-related_top4000": 0.6673936247825623, "other-related_top5000": 0.49521276354789734, "other-related_top6000": 0.4769414961338043, "expectedness_top1500": 0.7522872686386108, "expectedness_top2000": 0.740957498550415, "expectedness_top2500": 0.7171808481216431, "expectedness_top3000": 0.7175797820091248, "expectedness_top4000": 0.7291489839553833, "expectedness_top5000": 0.6616224050521851, "expectedness_top6000": 0.6491223573684692, "non-novelty_top1500": 0.7443883419036865, "non-novelty_top2000": 0.7407978773117065, "non-novelty_top2500": 0.7365159392356873, "non-novelty_top3000": 0.7241755723953247, "non-novelty_top4000": 0.6748138070106506, "non-novelty_top5000": 0.7253457307815552, "non-novelty_top6000": 0.7133244872093201}