{"sentiment": "approval", "seed": 7, "arousal_top1500": 0.7674734592437744, "best": 0.7991285920143127, "arousal_top2000": 0.779813826084137, "arousal_top2500": 0.7772340774536133, "arousal_top3000": 0.7429521083831787, "arousal_top4000": 0.6881914734840393, "arousal_top5000": 0.6706116795539856, "arousal_top6000": 0.5291489362716675, "valence_top1500": 0.7323936223983765, "valence_top2000": 0.5535106658935547, "valence_top2500": 0.47710105776786804, "valence_top3000": 0.48460108041763306, "valence_top4000": 0.47460106015205383, "valence_top5000": 0.543643593788147, "valence_top6000": 0.49069148302078247, "happy_top1500": 0.5434308648109436, "happy_top2000": 0.6021808385848999, "happy_top2500": 0.532101035118103, "happy_top3000": 0.4733510911464691, "happy_top4000": 0.4708510637283325, "happy_top5000": 0.4708510637283325, "happy_top6000": 0.4708510637283325, "anger_top1500": 0.7449734210968018, "anger_top2000": 0.725132942199707, "anger_top2500": 0.6680318713188171, "anger_top3000": 0.6432712078094482, "anger_top4000": 0.6543616652488708, "anger_top5000": 0.5233510732650757, "anger_top6000": 0.4758510887622833, "sad_top1500": 0.7494946718215942, "sad_top2000": 0.7293351292610168, "sad_top2500": 0.7140957117080688, "sad_top3000": 0.5358510613441467, "sad_top4000": 0.4921010732650757, "sad_top5000": 0.4708510637283325, "sad_top6000": 0.47710105776786804, "fear_top1500": 0.47710105776786804, "fear_top2000": 0.5221010446548462, "fear_top2500": 0.5520212650299072, "fear_top3000": 0.5407713055610657, "fear_top4000": 0.5449733734130859, "fear_top5000": 0.4807713031768799, "fear_top6000": 0.5870744585990906, "surprise_top1500": 0.6656116843223572, "surprise_top2000": 0.6594414710998535, "surprise_top2500": 0.673191487789154, "surprise_top3000": 0.6194414496421814, "surprise_top4000": 0.5921010375022888, "surprise_top5000": 0.5183510780334473, "surprise_top6000": 0.4708510637283325, "disgust_top1500": 0.7518350481987, "disgust_top2000": 0.765984058380127, "disgust_top2500": 0.7448936104774475, "disgust_top3000": 0.6581915020942688, "disgust_top4000": 0.6431915163993835, "disgust_top5000": 0.6680319309234619, "disgust_top6000": 0.5632712841033936, "control_top1500": 0.5708510875701904, "control_top2000": 0.5771010518074036, "control_top2500": 0.6740957498550415, "control_top3000": 0.5873138308525085, "control_top4000": 0.5471276640892029, "control_top5000": 0.5497872233390808, "control_top6000": 0.4992021322250366, "fairness_top1500": 0.6181116700172424, "fairness_top2000": 0.5371010899543762, "fairness_top2500": 0.5021010637283325, "fairness_top3000": 0.5208510756492615, "fairness_top4000": 0.4896010756492615, "fairness_top5000": 0.49952131509780884, "fairness_top6000": 0.4758510887622833, "self-related_top1500": 0.7354521751403809, "self-related_top2000": 0.7401329874992371, "self-related_top2500": 0.7253723740577698, "self-related_top3000": 0.6807712912559509, "self-related_top4000": 0.6557712554931641, "self-related_top5000": 0.5158510804176331, "self-related_top6000": 0.47960108518600464, "other-related_top1500": 0.7476861476898193, "other-related_top2000": 0.7578457593917847, "other-related_top2500": 0.7515159249305725, "other-related_top3000": 0.741356372833252, "other-related_top4000": 0.5805053114891052, "other-related_top5000": 0.5291489958763123, "other-related_top6000": 0.505877673625946, "expectedness_top1500": 0.7593351006507874, "expectedness_top2000": 0.7613564133644104, "expectedness_top2500": 0.703829824924469, "expectedness_top3000": 0.7093883156776428, "expectedness_top4000": 0.7250266075134277, "expectedness_top5000": 0.6521010398864746, "expectedness_top6000": 0.7124468088150024, "non-novelty_top1500": 0.7305319309234619, "non-novelty_top2000": 0.740372359752655, "non-novelty_top2500": 0.6856116652488708, "non-novelty_top3000": 0.6782712340354919, "non-novelty_top4000": 0.4946010708808899, "non-novelty_top5000": 0.5407713055610657, "non-novelty_top6000": 0.5096010565757751}