{"sentiment": "approval", "seed": 17, "arousal_top1500": 0.7277658581733704, "best": 0.748948335647583, "arousal_top2000": 0.7325266003608704, "arousal_top2500": 0.727393627166748, "arousal_top3000": 0.6830319166183472, "arousal_top4000": 0.6268616914749146, "arousal_top5000": 0.6840159296989441, "arousal_top6000": 0.5485372543334961, "valence_top1500": 0.7059574127197266, "valence_top2000": 0.6810904741287231, "valence_top2500": 0.6930584907531738, "valence_top3000": 0.6775000095367432, "valence_top4000": 0.5689361691474915, "valence_top5000": 0.5358776450157166, "valence_top6000": 0.5358776450157166, "happy_top1500": 0.6714096069335938, "happy_top2000": 0.6585372686386108, "happy_top2500": 0.6082978248596191, "happy_top3000": 0.5852925181388855, "happy_top4000": 0.5370479226112366, "happy_top5000": 0.5485372543334961, "happy_top6000": 0.537127673625946, "anger_top1500": 0.7296543121337891, "anger_top2000": 0.7135639190673828, "anger_top2500": 0.7050532102584839, "anger_top3000": 0.698803186416626, "anger_top4000": 0.6992554068565369, "anger_top5000": 0.6870744824409485, "anger_top6000": 0.6898138523101807, "sad_top1500": 0.697952151298523, "sad_top2000": 0.6567819118499756, "sad_top2500": 0.6017819046974182, "sad_top3000": 0.5981117486953735, "sad_top4000": 0.5506914854049683, "sad_top5000": 0.491702139377594, "sad_top6000": 0.48420214653015137, "fear_top1500": 0.5605319142341614, "fear_top2000": 0.5918617248535156, "fear_top2500": 0.5930318832397461, "fear_top3000": 0.6329521536827087, "fear_top4000": 0.6402127742767334, "fear_top5000": 0.6873670220375061, "fear_top6000": 0.6779787540435791, "surprise_top1500": 0.6880319118499756, "surprise_top2000": 0.6430319547653198, "surprise_top2500": 0.643031895160675, "surprise_top3000": 0.596861720085144, "surprise_top4000": 0.5543617010116577, "surprise_top5000": 0.49537235498428345, "surprise_top6000": 0.4892021417617798, "disgust_top1500": 0.7235638499259949, "disgust_top2000": 0.7148138284683228, "disgust_top2500": 0.7100532054901123, "disgust_top3000": 0.7077127695083618, "disgust_top4000": 0.7073138356208801, "disgust_top5000": 0.7029256224632263, "disgust_top6000": 0.7020744681358337, "control_top1500": 0.6316223740577698, "control_top2000": 0.627792477607727, "control_top2500": 0.6152127385139465, "control_top3000": 0.6473935842514038, "control_top4000": 0.6418883204460144, "control_top5000": 0.6367287039756775, "control_top6000": 0.5165425539016724, "fairness_top1500": 0.6876329779624939, "fairness_top2000": 0.6766223907470703, "fairness_top2500": 0.6604521870613098, "fairness_top3000": 0.6850531697273254, "fairness_top4000": 0.6091755628585815, "fairness_top5000": 0.5439361929893494, "fairness_top6000": 0.5372074842453003, "self-related_top1500": 0.7174733877182007, "self-related_top2000": 0.7250531911849976, "self-related_top2500": 0.7225531935691833, "self-related_top3000": 0.7063829898834229, "self-related_top4000": 0.7213032245635986, "self-related_top5000": 0.6878723502159119, "self-related_top6000": 0.6699733734130859, "other-related_top1500": 0.7312766313552856, "other-related_top2000": 0.73558509349823, "other-related_top2500": 0.7100266218185425, "other-related_top3000": 0.7075266242027283, "other-related_top4000": 0.6451330184936523, "other-related_top5000": 0.5358776450157166, "other-related_top6000": 0.5712233781814575, "expectedness_top1500": 0.7236436605453491, "expectedness_top2000": 0.7234042882919312, "expectedness_top2500": 0.7169148921966553, "expectedness_top3000": 0.7140159606933594, "expectedness_top4000": 0.6924734115600586, "expectedness_top5000": 0.6624733805656433, "expectedness_top6000": 0.661542534828186, "non-novelty_top1500": 0.719015896320343, "non-novelty_top2000": 0.7188563942909241, "non-novelty_top2500": 0.7301861047744751, "non-novelty_top3000": 0.7256649136543274, "non-novelty_top4000": 0.630531907081604, "non-novelty_top5000": 0.6042819619178772, "non-novelty_top6000": 0.5466223359107971}