{"sentiment": "approval", "seed": 9, "arousal_top1500": 0.7322340607643127, "best": 0.7663761973381042, "arousal_top2000": 0.7468350529670715, "arousal_top2500": 0.6638031601905823, "arousal_top3000": 0.5952127575874329, "arousal_top4000": 0.5364627838134766, "arousal_top5000": 0.5559840798377991, "arousal_top6000": 0.6549468636512756, "valence_top1500": 0.6914892792701721, "valence_top2000": 0.5547872185707092, "valence_top2500": 0.5597872734069824, "valence_top3000": 0.553377628326416, "valence_top4000": 0.5496276617050171, "valence_top5000": 0.5483776330947876, "valence_top6000": 0.5496276617050171, "happy_top1500": 0.595186173915863, "happy_top2000": 0.6240425109863281, "happy_top2500": 0.5562766194343567, "happy_top3000": 0.5546276569366455, "happy_top4000": 0.5475266575813293, "happy_top5000": 0.553457498550415, "happy_top6000": 0.550957441329956, "anger_top1500": 0.7304255962371826, "anger_top2000": 0.7351861596107483, "anger_top2500": 0.703244686126709, "anger_top3000": 0.7056649327278137, "anger_top4000": 0.6991755366325378, "anger_top5000": 0.5948936343193054, "anger_top6000": 0.6046541929244995, "sad_top1500": 0.7146542072296143, "sad_top2000": 0.6887233853340149, "sad_top2500": 0.6948935985565186, "sad_top3000": 0.6560638546943665, "sad_top4000": 0.49537232518196106, "sad_top5000": 0.4853723347187042, "sad_top6000": 0.4541223347187042, "fear_top1500": 0.4891223609447479, "fear_top2000": 0.5165425539016724, "fear_top2500": 0.5028723478317261, "fear_top3000": 0.5267021656036377, "fear_top4000": 0.5173936486244202, "fear_top5000": 0.5940957069396973, "fear_top6000": 0.6512765884399414, "surprise_top1500": 0.6839627623558044, "surprise_top2000": 0.6601329445838928, "surprise_top2500": 0.6799734234809875, "surprise_top3000": 0.6752924919128418, "surprise_top4000": 0.5839627385139465, "surprise_top5000": 0.5789627432823181, "surprise_top6000": 0.5652925968170166, "disgust_top1500": 0.7494149208068848, "disgust_top2000": 0.7412766218185425, "disgust_top2500": 0.7247074842453003, "disgust_top3000": 0.7302659749984741, "disgust_top4000": 0.6893351078033447, "disgust_top5000": 0.70250004529953, "disgust_top6000": 0.7036170363426208, "control_top1500": 0.48287233710289, "control_top2000": 0.4778723418712616, "control_top2500": 0.49662235379219055, "control_top3000": 0.4702925384044647, "control_top4000": 0.5127925276756287, "control_top5000": 0.5657446980476379, "control_top6000": 0.48332446813583374, "fairness_top1500": 0.7082180976867676, "fairness_top2000": 0.6967287063598633, "fairness_top2500": 0.6643617153167725, "fairness_top3000": 0.7036170363426208, "fairness_top4000": 0.5685372352600098, "fairness_top5000": 0.5583776235580444, "fairness_top6000": 0.5548670887947083, "self-related_top1500": 0.7222340106964111, "self-related_top2000": 0.7171542644500732, "self-related_top2500": 0.7247340679168701, "self-related_top3000": 0.7049733400344849, "self-related_top4000": 0.6776329278945923, "self-related_top5000": 0.599042534828186, "self-related_top6000": 0.5316223502159119, "other-related_top1500": 0.7620744109153748, "other-related_top2000": 0.7598936557769775, "other-related_top2500": 0.7359840869903564, "other-related_top3000": 0.7423936128616333, "other-related_top4000": 0.7086701393127441, "other-related_top5000": 0.5347074866294861, "other-related_top6000": 0.4730052947998047, "expectedness_top1500": 0.7209840416908264, "expectedness_top2000": 0.7359840869903564, "expectedness_top2500": 0.7459043264389038, "expectedness_top3000": 0.7384840250015259, "expectedness_top4000": 0.7310638427734375, "expectedness_top5000": 0.68449467420578, "expectedness_top6000": 0.677207350730896, "non-novelty_top1500": 0.7111436128616333, "non-novelty_top2000": 0.6947340369224548, "non-novelty_top2500": 0.6673936247825623, "non-novelty_top3000": 0.6723138689994812, "non-novelty_top4000": 0.5665425658226013, "non-novelty_top5000": 0.6822340488433838, "non-novelty_top6000": 0.5838829874992371}