{"sentiment": "approval", "seed": 15, "arousal_top1500": 0.7544946670532227, "best": 0.7730618715286255, "arousal_top2000": 0.755505383014679, "arousal_top2500": 0.736914873123169, "arousal_top3000": 0.7308244705200195, "arousal_top4000": 0.7195744514465332, "arousal_top5000": 0.71457439661026, "arousal_top6000": 0.6429521441459656, "valence_top1500": 0.7265158891677856, "valence_top2000": 0.7122872471809387, "valence_top2500": 0.6569148898124695, "valence_top3000": 0.6775266528129578, "valence_top4000": 0.6026063561439514, "valence_top5000": 0.5602658987045288, "valence_top6000": 0.5452659130096436, "happy_top1500": 0.6538297533988953, "happy_top2000": 0.6188031435012817, "happy_top2500": 0.6317021250724792, "happy_top3000": 0.6145479083061218, "happy_top4000": 0.5474467873573303, "happy_top5000": 0.5531648993492126, "happy_top6000": 0.5325265526771545, "anger_top1500": 0.7496542930603027, "anger_top2000": 0.7457446455955505, "anger_top2500": 0.7334041595458984, "anger_top3000": 0.7172340750694275, "anger_top4000": 0.7441754937171936, "anger_top5000": 0.7129254937171936, "anger_top6000": 0.7095744013786316, "sad_top1500": 0.7423138618469238, "sad_top2000": 0.6975532174110413, "sad_top2500": 0.5977128148078918, "sad_top3000": 0.5577925443649292, "sad_top4000": 0.4877925515174866, "sad_top5000": 0.4652925431728363, "sad_top6000": 0.4652925431728363, "fear_top1500": 0.5340425968170166, "fear_top2000": 0.6053723692893982, "fear_top2500": 0.6077925562858582, "fear_top3000": 0.6488829851150513, "fear_top4000": 0.6163829565048218, "fear_top5000": 0.6373138427734375, "fear_top6000": 0.6920744776725769, "surprise_top1500": 0.7237234115600586, "surprise_top2000": 0.7184042930603027, "surprise_top2500": 0.6986436247825623, "surprise_top3000": 0.6850531697273254, "surprise_top4000": 0.6549733877182007, "surprise_top5000": 0.6897340416908264, "surprise_top6000": 0.5976330041885376, "disgust_top1500": 0.7426861524581909, "disgust_top2000": 0.7476063370704651, "disgust_top2500": 0.735345721244812, "disgust_top3000": 0.7467553019523621, "disgust_top4000": 0.7419149279594421, "disgust_top5000": 0.7226064205169678, "disgust_top6000": 0.7405851483345032, "control_top1500": 0.5402127504348755, "control_top2000": 0.5202127695083618, "control_top2500": 0.5489627718925476, "control_top3000": 0.5166223645210266, "control_top4000": 0.5810638666152954, "control_top5000": 0.5574734210968018, "control_top6000": 0.5323936343193054, "fairness_top1500": 0.7408244013786316, "fairness_top2000": 0.7088829874992371, "fairness_top2500": 0.6910638809204102, "fairness_top3000": 0.7255851626396179, "fairness_top4000": 0.7176861763000488, "fairness_top5000": 0.6524468064308167, "fairness_top6000": 0.6175797581672668, "self-related_top1500": 0.7347341179847717, "self-related_top2000": 0.7370744347572327, "self-related_top2500": 0.7458244562149048, "self-related_top3000": 0.7421542406082153, "self-related_top4000": 0.7397341132164001, "self-related_top5000": 0.6914627552032471, "self-related_top6000": 0.6377925872802734, "other-related_top1500": 0.7338563203811646, "other-related_top2000": 0.7350265979766846, "other-related_top2500": 0.7375265955924988, "other-related_top3000": 0.7361968159675598, "other-related_top4000": 0.575585126876831, "other-related_top5000": 0.5347075462341309, "other-related_top6000": 0.5297074913978577, "expectedness_top1500": 0.7431649565696716, "expectedness_top2000": 0.7429255843162537, "expectedness_top2500": 0.7286968231201172, "expectedness_top3000": 0.7289361357688904, "expectedness_top4000": 0.7248669862747192, "expectedness_top5000": 0.6561701893806458, "expectedness_top6000": 0.6434308290481567, "non-novelty_top1500": 0.7559840679168701, "non-novelty_top2000": 0.7460638284683228, "non-novelty_top2500": 0.7283244729042053, "non-novelty_top3000": 0.7432446479797363, "non-novelty_top4000": 0.619122326374054, "non-novelty_top5000": 0.6463829278945923, "non-novelty_top6000": 0.5527127981185913}