{"sentiment": "caring", "seed": 11, "arousal_top1500": 0.8633333444595337, "best": 0.8694531321525574, "arousal_top2000": 0.8183333277702332, "arousal_top2500": 0.7483333349227905, "arousal_top3000": 0.6850000023841858, "arousal_top4000": 0.6274999976158142, "arousal_top5000": 0.612500011920929, "arousal_top6000": 0.6625000238418579, "valence_top1500": 0.8433333039283752, "valence_top2000": 0.7958332896232605, "valence_top2500": 0.5824999809265137, "valence_top3000": 0.7258332967758179, "valence_top4000": 0.7183333039283752, "valence_top5000": 0.38999998569488525, "valence_top6000": 0.39249998331069946, "happy_top1500": 0.82833331823349, "happy_top2000": 0.8083333373069763, "happy_top2500": 0.824999988079071, "happy_top3000": 0.6299999952316284, "happy_top4000": 0.6100000143051147, "happy_top5000": 0.6050000190734863, "happy_top6000": 0.6200000047683716, "anger_top1500": 0.8658333420753479, "anger_top2000": 0.8258333206176758, "anger_top2500": 0.8333333134651184, "anger_top3000": 0.8133333325386047, "anger_top4000": 0.8358332514762878, "anger_top5000": 0.7608333230018616, "anger_top6000": 0.7325000166893005, "sad_top1500": 0.8358333110809326, "sad_top2000": 0.8383333086967468, "sad_top2500": 0.8149999976158142, "sad_top3000": 0.800000011920929, "sad_top4000": 0.6274999976158142, "sad_top5000": 0.6175000071525574, "sad_top6000": 0.612500011920929, "fear_top1500": 0.8108332753181458, "fear_top2000": 0.8183333277702332, "fear_top2500": 0.8183333277702332, "fear_top3000": 0.8075000047683716, "fear_top4000": 0.7708333134651184, "fear_top5000": 0.6666666269302368, "fear_top6000": 0.7258333563804626, "surprise_top1500": 0.815833330154419, "surprise_top2000": 0.7683333158493042, "surprise_top2500": 0.7433333396911621, "surprise_top3000": 0.7599999904632568, "surprise_top4000": 0.6575000286102295, "surprise_top5000": 0.6100000143051147, "surprise_top6000": 0.6075000166893005, "disgust_top1500": 0.8633332848548889, "disgust_top2000": 0.8683333396911621, "disgust_top2500": 0.8108333349227905, "disgust_top3000": 0.8033333420753479, "disgust_top4000": 0.8383333086967468, "disgust_top5000": 0.8558332920074463, "disgust_top6000": 0.840833306312561, "control_top1500": 0.7083333134651184, "control_top2000": 0.6700000166893005, "control_top2500": 0.7049999833106995, "control_top3000": 0.7174999713897705, "control_top4000": 0.7450000047683716, "control_top5000": 0.7699999809265137, "control_top6000": 0.637499988079071, "fairness_top1500": 0.8233333230018616, "fairness_top2000": 0.8083333373069763, "fairness_top2500": 0.7683333158493042, "fairness_top3000": 0.6974999904632568, "fairness_top4000": 0.6150000095367432, "fairness_top5000": 0.6075000166893005, "fairness_top6000": 0.612500011920929, "self-related_top1500": 0.8758333325386047, "self-related_top2000": 0.8733332753181458, "self-related_top2500": 0.8683332800865173, "self-related_top3000": 0.8483333587646484, "self-related_top4000": 0.8483332991600037, "self-related_top5000": 0.8183333277702332, "self-related_top6000": 0.7450000047683716, "other-related_top1500": 0.8633332848548889, "other-related_top2000": 0.8608333468437195, "other-related_top2500": 0.8383333086967468, "other-related_top3000": 0.8083333373069763, "other-related_top4000": 0.715833306312561, "other-related_top5000": 0.6075000166893005, "other-related_top6000": 0.6075000166893005, "expectedness_top1500": 0.8683332800865173, "expectedness_top2000": 0.8658333420753479, "expectedness_top2500": 0.8358333110809326, "expectedness_top3000": 0.8483332991600037, "expectedness_top4000": 0.840833306312561, "expectedness_top5000": 0.8258333206176758, "expectedness_top6000": 0.76583331823349, "non-novelty_top1500": 0.8483332991600037, "non-novelty_top2000": 0.8483332991600037, "non-novelty_top2500": 0.8358333110809326, "non-novelty_top3000": 0.7883332967758179, "non-novelty_top4000": 0.6549999713897705, "non-novelty_top5000": 0.6175000071525574, "non-novelty_top6000": 0.6100000143051147}