{"sentiment": "caring", "seed": 19, "arousal_top1500": 0.82833331823349, "best": 0.850390613079071, "arousal_top2000": 0.8158332705497742, "arousal_top2500": 0.8258333206176758, "arousal_top3000": 0.8383333086967468, "arousal_top4000": 0.8400000333786011, "arousal_top5000": 0.4624999761581421, "arousal_top6000": 0.3974999785423279, "valence_top1500": 0.8208333253860474, "valence_top2000": 0.815833330154419, "valence_top2500": 0.7766667008399963, "valence_top3000": 0.8133333325386047, "valence_top4000": 0.7050000429153442, "valence_top5000": 0.4424999952316284, "valence_top6000": 0.4049999713897705, "happy_top1500": 0.8058333396911621, "happy_top2000": 0.8058332800865173, "happy_top2500": 0.8233333230018616, "happy_top3000": 0.8600000143051147, "happy_top4000": 0.4649999737739563, "happy_top5000": 0.4274999797344208, "happy_top6000": 0.39249998331069946, "anger_top1500": 0.8208333253860474, "anger_top2000": 0.8208332657814026, "anger_top2500": 0.8258333206176758, "anger_top3000": 0.8233333230018616, "anger_top4000": 0.8258333206176758, "anger_top5000": 0.8083333373069763, "anger_top6000": 0.7591666579246521, "sad_top1500": 0.8183333277702332, "sad_top2000": 0.8183333277702332, "sad_top2500": 0.8600000143051147, "sad_top3000": 0.8158332705497742, "sad_top4000": 0.5733333230018616, "sad_top5000": 0.7641666531562805, "sad_top6000": 0.7383333444595337, "fear_top1500": 0.7816666960716248, "fear_top2000": 0.7074999809265137, "fear_top2500": 0.6475000381469727, "fear_top3000": 0.6299999952316284, "fear_top4000": 0.41499999165534973, "fear_top5000": 0.4024999737739563, "fear_top6000": 0.39249998331069946, "surprise_top1500": 0.8133333325386047, "surprise_top2000": 0.8158332705497742, "surprise_top2500": 0.8158332705497742, "surprise_top3000": 0.8424999713897705, "surprise_top4000": 0.8125, "surprise_top5000": 0.7675000429153442, "surprise_top6000": 0.7074999809265137, "disgust_top1500": 0.82833331823349, "disgust_top2000": 0.8308333158493042, "disgust_top2500": 0.8208332657814026, "disgust_top3000": 0.8158332705497742, "disgust_top4000": 0.8333333134651184, "disgust_top5000": 0.7666667103767395, "disgust_top6000": 0.7983332872390747, "control_top1500": 0.7850000262260437, "control_top2000": 0.7750000357627869, "control_top2500": 0.8250000476837158, "control_top3000": 0.7191666960716248, "control_top4000": 0.5949999690055847, "control_top5000": 0.6499999761581421, "control_top6000": 0.6808333396911621, "fairness_top1500": 0.8258333206176758, "fairness_top2000": 0.8258333206176758, "fairness_top2500": 0.81333327293396, "fairness_top3000": 0.7766667008399963, "fairness_top4000": 0.8233333230018616, "fairness_top5000": 0.8524999618530273, "fairness_top6000": 0.8624999523162842, "self-related_top1500": 0.8158332705497742, "self-related_top2000": 0.8158332705497742, "self-related_top2500": 0.815833330154419, "self-related_top3000": 0.8108332753181458, "self-related_top4000": 0.8083333373069763, "self-related_top5000": 0.8183333277702332, "self-related_top6000": 0.8183333277702332, "other-related_top1500": 0.8108333349227905, "other-related_top2000": 0.8133333325386047, "other-related_top2500": 0.8208333253860474, "other-related_top3000": 0.8133333325386047, "other-related_top4000": 0.8108332753181458, "other-related_top5000": 0.42249998450279236, "other-related_top6000": 0.6258333325386047, "expectedness_top1500": 0.815833330154419, "expectedness_top2000": 0.815833330154419, "expectedness_top2500": 0.8233333230018616, "expectedness_top3000": 0.8208333253860474, "expectedness_top4000": 0.8133333325386047, "expectedness_top5000": 0.8108332753181458, "expectedness_top6000": 0.746666669845581, "non-novelty_top1500": 0.8058332800865173, "non-novelty_top2000": 0.8108332753181458, "non-novelty_top2500": 0.7708333134651184, "non-novelty_top3000": 0.7508333325386047, "non-novelty_top4000": 0.42249998450279236, "non-novelty_top5000": 0.3974999785423279, "non-novelty_top6000": 0.38749998807907104}