{"sentiment": "caring", "seed": 3, "arousal_top1500": 0.8958333134651184, "best": 0.9192187786102295, "arousal_top2000": 0.8958333134651184, "arousal_top2500": 0.878333330154419, "arousal_top3000": 0.8808333277702332, "arousal_top4000": 0.8849999904632568, "arousal_top5000": 0.6525000333786011, "arousal_top6000": 0.6649999618530273, "valence_top1500": 0.7916666865348816, "valence_top2000": 0.64083331823349, "valence_top2500": 0.6775000095367432, "valence_top3000": 0.6633332967758179, "valence_top4000": 0.5983332991600037, "valence_top5000": 0.7191666960716248, "valence_top6000": 0.6324999928474426, "happy_top1500": 0.6675000190734863, "happy_top2000": 0.5733333230018616, "happy_top2500": 0.45916664600372314, "happy_top3000": 0.4391666352748871, "happy_top4000": 0.38499999046325684, "happy_top5000": 0.47083336114883423, "happy_top6000": 0.43166664242744446, "anger_top1500": 0.8833332657814026, "anger_top2000": 0.8433333039283752, "anger_top2500": 0.8349999785423279, "anger_top3000": 0.8374999761581421, "anger_top4000": 0.7749999761581421, "anger_top5000": 0.6974999904632568, "anger_top6000": 0.699999988079071, "sad_top1500": 0.8258333206176758, "sad_top2000": 0.8083333373069763, "sad_top2500": 0.8125, "sad_top3000": 0.6449999809265137, "sad_top4000": 0.6324999928474426, "sad_top5000": 0.6150000095367432, "sad_top6000": 0.6150000095367432, "fear_top1500": 0.6274999976158142, "fear_top2000": 0.6499999761581421, "fear_top2500": 0.6324999928474426, "fear_top3000": 0.6324999928474426, "fear_top4000": 0.6200000047683716, "fear_top5000": 0.6575000286102295, "fear_top6000": 0.6725000143051147, "surprise_top1500": 0.878333330154419, "surprise_top2000": 0.8683333396911621, "surprise_top2500": 0.8658333420753479, "surprise_top3000": 0.8583332896232605, "surprise_top4000": 0.8425000309944153, "surprise_top5000": 0.737500011920929, "surprise_top6000": 0.6399999856948853, "disgust_top1500": 0.9200000166893005, "disgust_top2000": 0.9075000286102295, "disgust_top2500": 0.8125, "disgust_top3000": 0.762499988079071, "disgust_top4000": 0.75, "disgust_top5000": 0.7775000333786011, "disgust_top6000": 0.7574999928474426, "control_top1500": 0.6349999904632568, "control_top2000": 0.6399999856948853, "control_top2500": 0.6650000214576721, "control_top3000": 0.6800000071525574, "control_top4000": 0.6875, "control_top5000": 0.6949999928474426, "control_top6000": 0.6499999761581421, "fairness_top1500": 0.8808333277702332, "fairness_top2000": 0.8508332967758179, "fairness_top2500": 0.824999988079071, "fairness_top3000": 0.840833306312561, "fairness_top4000": 0.7708333134651184, "fairness_top5000": 0.6816666722297668, "fairness_top6000": 0.7250000238418579, "self-related_top1500": 0.878333330154419, "self-related_top2000": 0.8808333277702332, "self-related_top2500": 0.8808333277702332, "self-related_top3000": 0.8458333015441895, "self-related_top4000": 0.8658333420753479, "self-related_top5000": 0.8033332824707031, "self-related_top6000": 0.7524999976158142, "other-related_top1500": 0.9100000262260437, "other-related_top2000": 0.8975000381469727, "other-related_top2500": 0.8774999976158142, "other-related_top3000": 0.862500011920929, "other-related_top4000": 0.8725000023841858, "other-related_top5000": 0.612500011920929, "other-related_top6000": 0.6150000095367432, "expectedness_top1500": 0.8983333110809326, "expectedness_top2000": 0.89083331823349, "expectedness_top2500": 0.79666668176651, "expectedness_top3000": 0.8608332872390747, "expectedness_top4000": 0.8483332991600037, "expectedness_top5000": 0.8233333230018616, "expectedness_top6000": 0.8483332991600037, "non-novelty_top1500": 0.878333330154419, "non-novelty_top2000": 0.878333330154419, "non-novelty_top2500": 0.8708333373069763, "non-novelty_top3000": 0.8658333420753479, "non-novelty_top4000": 0.6399999856948853, "non-novelty_top5000": 0.6474999785423279, "non-novelty_top6000": 0.6575000286102295}