{"sentiment": "caring", "seed": 1, "arousal_top1500": 0.7808333039283752, "best": 0.891406238079071, "arousal_top2000": 0.7733333110809326, "arousal_top2500": 0.7983332872390747, "arousal_top3000": 0.7900000214576721, "arousal_top4000": 0.7350000143051147, "arousal_top5000": 0.7208333015441895, "arousal_top6000": 0.7608333230018616, "valence_top1500": 0.8533332943916321, "valence_top2000": 0.8041667342185974, "valence_top2500": 0.8483332991600037, "valence_top3000": 0.840833306312561, "valence_top4000": 0.8258333206176758, "valence_top5000": 0.7358333468437195, "valence_top6000": 0.737500011920929, "happy_top1500": 0.8233333230018616, "happy_top2000": 0.8108333349227905, "happy_top2500": 0.7408333420753479, "happy_top3000": 0.6825000047683716, "happy_top4000": 0.6650000214576721, "happy_top5000": 0.6225000023841858, "happy_top6000": 0.6075000166893005, "anger_top1500": 0.8608333468437195, "anger_top2000": 0.8583333492279053, "anger_top2500": 0.8533332943916321, "anger_top3000": 0.8508332967758179, "anger_top4000": 0.8533333539962769, "anger_top5000": 0.8458333015441895, "anger_top6000": 0.840833306312561, "sad_top1500": 0.8708333373069763, "sad_top2000": 0.8508332967758179, "sad_top2500": 0.82833331823349, "sad_top3000": 0.8558333516120911, "sad_top4000": 0.7424999475479126, "sad_top5000": 0.7283332943916321, "sad_top6000": 0.7583333253860474, "fear_top1500": 0.8333333134651184, "fear_top2000": 0.8116666674613953, "fear_top2500": 0.8383333086967468, "fear_top3000": 0.8208333253860474, "fear_top4000": 0.8108333349227905, "fear_top5000": 0.7741667032241821, "fear_top6000": 0.7591666579246521, "surprise_top1500": 0.8533332943916321, "surprise_top2000": 0.8433333039283752, "surprise_top2500": 0.8508332967758179, "surprise_top3000": 0.8633333444595337, "surprise_top4000": 0.8183333277702332, "surprise_top5000": 0.7633333206176758, "surprise_top6000": 0.6633333563804626, "disgust_top1500": 0.8608333468437195, "disgust_top2000": 0.8633333444595337, "disgust_top2500": 0.8608333468437195, "disgust_top3000": 0.8558332920074463, "disgust_top4000": 0.8533332943916321, "disgust_top5000": 0.8408333659172058, "disgust_top6000": 0.8533332943916321, "control_top1500": 0.7908332943916321, "control_top2000": 0.7583333253860474, "control_top2500": 0.778333306312561, "control_top3000": 0.82833331823349, "control_top4000": 0.8208332657814026, "control_top5000": 0.825833261013031, "control_top6000": 0.6499999761581421, "fairness_top1500": 0.8533332943916321, "fairness_top2000": 0.840833306312561, "fairness_top2500": 0.815833330154419, "fairness_top3000": 0.7933333516120911, "fairness_top4000": 0.7983332872390747, "fairness_top5000": 0.7124999761581421, "fairness_top6000": 0.6675000190734863, "self-related_top1500": 0.8508333563804626, "self-related_top2000": 0.840833306312561, "self-related_top2500": 0.8508333563804626, "self-related_top3000": 0.8358333110809326, "self-related_top4000": 0.8208333253860474, "self-related_top5000": 0.7733333110809326, "self-related_top6000": 0.6658333539962769, "other-related_top1500": 0.8458333015441895, "other-related_top2000": 0.8258333206176758, "other-related_top2500": 0.7833333015441895, "other-related_top3000": 0.76583331823349, "other-related_top4000": 0.7508333325386047, "other-related_top5000": 0.49166664481163025, "other-related_top6000": 0.6075000166893005, "expectedness_top1500": 0.8608333468437195, "expectedness_top2000": 0.8533332943916321, "expectedness_top2500": 0.8216666579246521, "expectedness_top3000": 0.8116666674613953, "expectedness_top4000": 0.8483332991600037, "expectedness_top5000": 0.7575000524520874, "expectedness_top6000": 0.7475000023841858, "non-novelty_top1500": 0.8708333373069763, "non-novelty_top2000": 0.8533332943916321, "non-novelty_top2500": 0.8558333516120911, "non-novelty_top3000": 0.8358333110809326, "non-novelty_top4000": 0.7058333158493042, "non-novelty_top5000": 0.7133333086967468, "non-novelty_top6000": 0.715833306312561}