{"sentiment": "caring", "seed": 15, "arousal_top1500": 0.7991666793823242, "best": 0.9153125286102295, "arousal_top2000": 0.7641667127609253, "arousal_top2500": 0.7591666579246521, "arousal_top3000": 0.7633333206176758, "arousal_top4000": 0.6983333230018616, "arousal_top5000": 0.7425000071525574, "arousal_top6000": 0.7275000214576721, "valence_top1500": 0.784166693687439, "valence_top2000": 0.7741667032241821, "valence_top2500": 0.7791666984558105, "valence_top3000": 0.7149999737739563, "valence_top4000": 0.6008333563804626, "valence_top5000": 0.6058333516120911, "valence_top6000": 0.46666663885116577, "happy_top1500": 0.7891666889190674, "happy_top2000": 0.7916666865348816, "happy_top2500": 0.7541667222976685, "happy_top3000": 0.7483333349227905, "happy_top4000": 0.6466667056083679, "happy_top5000": 0.6583333015441895, "happy_top6000": 0.653333306312561, "anger_top1500": 0.8441666960716248, "anger_top2000": 0.8341667056083679, "anger_top2500": 0.8191667199134827, "anger_top3000": 0.809166669845581, "anger_top4000": 0.8216667175292969, "anger_top5000": 0.7941666841506958, "anger_top6000": 0.7816666960716248, "sad_top1500": 0.8191666603088379, "sad_top2000": 0.8116666674613953, "sad_top2500": 0.7941666841506958, "sad_top3000": 0.79666668176651, "sad_top4000": 0.6783333420753479, "sad_top5000": 0.6399999856948853, "sad_top6000": 0.6274999976158142, "fear_top1500": 0.7166666984558105, "fear_top2000": 0.7766667008399963, "fear_top2500": 0.7441666722297668, "fear_top3000": 0.7616667151451111, "fear_top4000": 0.7266666889190674, "fear_top5000": 0.7174999713897705, "fear_top6000": 0.6800000071525574, "surprise_top1500": 0.7641667127609253, "surprise_top2000": 0.73416668176651, "surprise_top2500": 0.7241666913032532, "surprise_top3000": 0.7541666626930237, "surprise_top4000": 0.7358332872390747, "surprise_top5000": 0.6333333253860474, "surprise_top6000": 0.6475000381469727, "disgust_top1500": 0.8416666984558105, "disgust_top2000": 0.8416666984558105, "disgust_top2500": 0.8366667032241821, "disgust_top3000": 0.8241666555404663, "disgust_top4000": 0.8166666626930237, "disgust_top5000": 0.8241667151451111, "disgust_top6000": 0.8091667294502258, "control_top1500": 0.8383333086967468, "control_top2000": 0.8058333396911621, "control_top2500": 0.7616667151451111, "control_top3000": 0.6525000333786011, "control_top4000": 0.7091667056083679, "control_top5000": 0.7233332991600037, "control_top6000": 0.6150000095367432, "fairness_top1500": 0.7941666841506958, "fairness_top2000": 0.7941666841506958, "fairness_top2500": 0.7741667032241821, "fairness_top3000": 0.7691667079925537, "fairness_top4000": 0.7766667008399963, "fairness_top5000": 0.746666669845581, "fairness_top6000": 0.6899999976158142, "self-related_top1500": 0.8291667103767395, "self-related_top2000": 0.8241666555404663, "self-related_top2500": 0.8216666579246521, "self-related_top3000": 0.7741667032241821, "self-related_top4000": 0.7791666984558105, "self-related_top5000": 0.7041667103767395, "self-related_top6000": 0.6383333206176758, "other-related_top1500": 0.8016666769981384, "other-related_top2000": 0.784166693687439, "other-related_top2500": 0.7641667127609253, "other-related_top3000": 0.7566667199134827, "other-related_top4000": 0.7741667032241821, "other-related_top5000": 0.6050000190734863, "other-related_top6000": 0.6050000190734863, "expectedness_top1500": 0.8416666984558105, "expectedness_top2000": 0.8391667008399963, "expectedness_top2500": 0.8291667103767395, "expectedness_top3000": 0.8216667175292969, "expectedness_top4000": 0.8191667199134827, "expectedness_top5000": 0.8216666579246521, "expectedness_top6000": 0.7916666865348816, "non-novelty_top1500": 0.8216667175292969, "non-novelty_top2000": 0.8116666674613953, "non-novelty_top2500": 0.7591667175292969, "non-novelty_top3000": 0.6991667151451111, "non-novelty_top4000": 0.6599999666213989, "non-novelty_top5000": 0.6399999856948853, "non-novelty_top6000": 0.6050000190734863}