{"sentiment": "caring", "seed": 100, "arousal_top1500": 0.9200000166893005, "best": 0.910937488079071, "arousal_top2000": 0.8899999856948853, "arousal_top2500": 0.9149999618530273, "arousal_top3000": 0.8500000238418579, "arousal_top4000": 0.737500011920929, "arousal_top5000": 0.6725000143051147, "arousal_top6000": 0.6625000238418579, "valence_top1500": 0.6974999904632568, "valence_top2000": 0.6875, "valence_top2500": 0.7274999618530273, "valence_top3000": 0.7024999856948853, "valence_top4000": 0.49166664481163025, "valence_top5000": 0.6600000262260437, "valence_top6000": 0.5858333110809326, "happy_top1500": 0.8483332991600037, "happy_top2000": 0.8558332920074463, "happy_top2500": 0.8899999856948853, "happy_top3000": 0.8558333516120911, "happy_top4000": 0.73416668176651, "happy_top5000": 0.6850000023841858, "happy_top6000": 0.7024999856948853, "anger_top1500": 0.9125000238418579, "anger_top2000": 0.8308332562446594, "anger_top2500": 0.825833261013031, "anger_top3000": 0.8333333134651184, "anger_top4000": 0.7616667151451111, "anger_top5000": 0.8550000190734863, "anger_top6000": 0.8600000143051147, "sad_top1500": 0.8558333516120911, "sad_top2000": 0.925000011920929, "sad_top2500": 0.9125000238418579, "sad_top3000": 0.9049999713897705, "sad_top4000": 0.8675000071525574, "sad_top5000": 0.7325000166893005, "sad_top6000": 0.6974999904632568, "fear_top1500": 0.8208333253860474, "fear_top2000": 0.6108333468437195, "fear_top2500": 0.7958332896232605, "fear_top3000": 0.7266666889190674, "fear_top4000": 0.7575000524520874, "fear_top5000": 0.5508332848548889, "fear_top6000": 0.5433332920074463, "surprise_top1500": 0.9175000190734863, "surprise_top2000": 0.9125000238418579, "surprise_top2500": 0.9025000333786011, "surprise_top3000": 0.8999999761581421, "surprise_top4000": 0.887499988079071, "surprise_top5000": 0.8550000190734863, "surprise_top6000": 0.8600000143051147, "disgust_top1500": 0.9200000166893005, "disgust_top2000": 0.9099999666213989, "disgust_top2500": 0.9075000286102295, "disgust_top3000": 0.8974999785423279, "disgust_top4000": 0.8083333373069763, "disgust_top5000": 0.6775000095367432, "disgust_top6000": 0.8108333349227905, "control_top1500": 0.8350000381469727, "control_top2000": 0.8149999976158142, "control_top2500": 0.6850000023841858, "control_top3000": 0.6424999833106995, "control_top4000": 0.6449999809265137, "control_top5000": 0.5216667056083679, "control_top6000": 0.7849999666213989, "fairness_top1500": 0.675000011920929, "fairness_top2000": 0.7400000095367432, "fairness_top2500": 0.7099999785423279, "fairness_top3000": 0.6825000047683716, "fairness_top4000": 0.8183333277702332, "fairness_top5000": 0.7933332920074463, "fairness_top6000": 0.7875000238418579, "self-related_top1500": 0.9149999618530273, "self-related_top2000": 0.9125000238418579, "self-related_top2500": 0.8925000429153442, "self-related_top3000": 0.8924999833106995, "self-related_top4000": 0.8899999856948853, "self-related_top5000": 0.8700000047683716, "self-related_top6000": 0.8324999809265137, "other-related_top1500": 0.9075000286102295, "other-related_top2000": 0.8824999928474426, "other-related_top2500": 0.8374999761581421, "other-related_top3000": 0.7775000333786011, "other-related_top4000": 0.7475000023841858, "other-related_top5000": 0.5716667175292969, "other-related_top6000": 0.6075000166893005, "expectedness_top1500": 0.925000011920929, "expectedness_top2000": 0.9199999570846558, "expectedness_top2500": 0.8949999809265137, "expectedness_top3000": 0.8974999785423279, "expectedness_top4000": 0.8875000476837158, "expectedness_top5000": 0.8799999952316284, "expectedness_top6000": 0.7933333516120911, "non-novelty_top1500": 0.9199999570846558, "non-novelty_top2000": 0.9175000190734863, "non-novelty_top2500": 0.8824999928474426, "non-novelty_top3000": 0.8575000166893005, "non-novelty_top4000": 0.7224999666213989, "non-novelty_top5000": 0.7049999833106995, "non-novelty_top6000": 0.6625000238418579}