{"sentiment": "caring", "seed": 13, "arousal_top1500": 0.79666668176651, "best": 0.7777343988418579, "arousal_top2000": 0.8083333373069763, "arousal_top2500": 0.8158332705497742, "arousal_top3000": 0.7733333110809326, "arousal_top4000": 0.7758333086967468, "arousal_top5000": 0.7599999904632568, "arousal_top6000": 0.7383332848548889, "valence_top1500": 0.7691667079925537, "valence_top2000": 0.8075000047683716, "valence_top2500": 0.7774999737739563, "valence_top3000": 0.7016667127609253, "valence_top4000": 0.7108333110809326, "valence_top5000": 0.7124999761581421, "valence_top6000": 0.7099999785423279, "happy_top1500": 0.8100000023841858, "happy_top2000": 0.7649999856948853, "happy_top2500": 0.7599999904632568, "happy_top3000": 0.6399999856948853, "happy_top4000": 0.7000000476837158, "happy_top5000": 0.612500011920929, "happy_top6000": 0.612500011920929, "anger_top1500": 0.7941666841506958, "anger_top2000": 0.7866666913032532, "anger_top2500": 0.7816666960716248, "anger_top3000": 0.75, "anger_top4000": 0.7549999952316284, "anger_top5000": 0.737500011920929, "anger_top6000": 0.7475000023841858, "sad_top1500": 0.7941666841506958, "sad_top2000": 0.7766667008399963, "sad_top2500": 0.7791666388511658, "sad_top3000": 0.7791666984558105, "sad_top4000": 0.7975000143051147, "sad_top5000": 0.7350000143051147, "sad_top6000": 0.6949999928474426, "fear_top1500": 0.7916666865348816, "fear_top2000": 0.7916666865348816, "fear_top2500": 0.784166693687439, "fear_top3000": 0.7766667008399963, "fear_top4000": 0.8083333373069763, "fear_top5000": 0.825833261013031, "fear_top6000": 0.8183333277702332, "surprise_top1500": 0.7916666865348816, "surprise_top2000": 0.7891666889190674, "surprise_top2500": 0.8016666769981384, "surprise_top3000": 0.7916666865348816, "surprise_top4000": 0.7841666340827942, "surprise_top5000": 0.7441666722297668, "surprise_top6000": 0.7583333253860474, "disgust_top1500": 0.79666668176651, "disgust_top2000": 0.7941666841506958, "disgust_top2500": 0.7941666841506958, "disgust_top3000": 0.7991666793823242, "disgust_top4000": 0.7425000071525574, "disgust_top5000": 0.7124999761581421, "disgust_top6000": 0.7274999618530273, "control_top1500": 0.7908332943916321, "control_top2000": 0.7858332991600037, "control_top2500": 0.7758333086967468, "control_top3000": 0.7191666960716248, "control_top4000": 0.7541666626930237, "control_top5000": 0.7024999856948853, "control_top6000": 0.7350000143051147, "fairness_top1500": 0.7666667103767395, "fairness_top2000": 0.746666669845581, "fairness_top2500": 0.7316666841506958, "fairness_top3000": 0.7316666841506958, "fairness_top4000": 0.6966666579246521, "fairness_top5000": 0.6758332848548889, "fairness_top6000": 0.6783332824707031, "self-related_top1500": 0.79666668176651, "self-related_top2000": 0.79666668176651, "self-related_top2500": 0.7991666793823242, "self-related_top3000": 0.7866666913032532, "self-related_top4000": 0.8016666769981384, "self-related_top5000": 0.7941666841506958, "self-related_top6000": 0.784166693687439, "other-related_top1500": 0.8041666746139526, "other-related_top2000": 0.8016666769981384, "other-related_top2500": 0.799166738986969, "other-related_top3000": 0.7916666865348816, "other-related_top4000": 0.7791666388511658, "other-related_top5000": 0.6075000166893005, "other-related_top6000": 0.6100000143051147, "expectedness_top1500": 0.7916666865348816, "expectedness_top2000": 0.79666668176651, "expectedness_top2500": 0.7941666841506958, "expectedness_top3000": 0.7524999976158142, "expectedness_top4000": 0.7475000023841858, "expectedness_top5000": 0.7475000023841858, "expectedness_top6000": 0.7766667008399963, "non-novelty_top1500": 0.79666668176651, "non-novelty_top2000": 0.8016666769981384, "non-novelty_top2500": 0.8258333206176758, "non-novelty_top3000": 0.7958333492279053, "non-novelty_top4000": 0.7649999856948853, "non-novelty_top5000": 0.6974999904632568, "non-novelty_top6000": 0.7074999809265137}