{"sentiment": "caring", "seed": 5, "arousal_top1500": 0.815833330154419, "best": 0.7999218702316284, "arousal_top2000": 0.7491666674613953, "arousal_top2500": 0.7491666674613953, "arousal_top3000": 0.6775000095367432, "arousal_top4000": 0.6850000023841858, "arousal_top5000": 0.39499998092651367, "arousal_top6000": 0.39499998092651367, "valence_top1500": 0.7933332920074463, "valence_top2000": 0.54666668176651, "valence_top2500": 0.76583331823349, "valence_top3000": 0.7066667079925537, "valence_top4000": 0.5333333015441895, "valence_top5000": 0.39499998092651367, "valence_top6000": 0.39499998092651367, "happy_top1500": 0.7316666841506958, "happy_top2000": 0.5583333373069763, "happy_top2500": 0.6008333563804626, "happy_top3000": 0.4725000262260437, "happy_top4000": 0.39499998092651367, "happy_top5000": 0.39499998092651367, "happy_top6000": 0.39499998092651367, "anger_top1500": 0.8108333349227905, "anger_top2000": 0.8308333158493042, "anger_top2500": 0.8208333253860474, "anger_top3000": 0.8208333253860474, "anger_top4000": 0.8108332753181458, "anger_top5000": 0.8083333373069763, "anger_top6000": 0.8224999904632568, "sad_top1500": 0.8700000047683716, "sad_top2000": 0.8500000238418579, "sad_top2500": 0.8125, "sad_top3000": 0.7858332991600037, "sad_top4000": 0.6299999952316284, "sad_top5000": 0.7508333325386047, "sad_top6000": 0.6658332943916321, "fear_top1500": 0.45749998092651367, "fear_top2000": 0.3999999761581421, "fear_top2500": 0.4099999964237213, "fear_top3000": 0.4024999737739563, "fear_top4000": 0.4024999737739563, "fear_top5000": 0.4449999928474426, "fear_top6000": 0.3999999761581421, "surprise_top1500": 0.8050000071525574, "surprise_top2000": 0.7674999833106995, "surprise_top2500": 0.7775000333786011, "surprise_top3000": 0.7800000309944153, "surprise_top4000": 0.7300000190734863, "surprise_top5000": 0.6949999928474426, "surprise_top6000": 0.7225000262260437, "disgust_top1500": 0.815833330154419, "disgust_top2000": 0.815833330154419, "disgust_top2500": 0.8133333325386047, "disgust_top3000": 0.8450000286102295, "disgust_top4000": 0.8133333325386047, "disgust_top5000": 0.7983332872390747, "disgust_top6000": 0.7908332943916321, "control_top1500": 0.800000011920929, "control_top2000": 0.753333330154419, "control_top2500": 0.753333330154419, "control_top3000": 0.5608333349227905, "control_top4000": 0.42750000953674316, "control_top5000": 0.6150000095367432, "control_top6000": 0.7333332896232605, "fairness_top1500": 0.7641667127609253, "fairness_top2000": 0.7858332991600037, "fairness_top2500": 0.7391666769981384, "fairness_top3000": 0.7241666913032532, "fairness_top4000": 0.49166667461395264, "fairness_top5000": 0.39499998092651367, "fairness_top6000": 0.39499998092651367, "self-related_top1500": 0.8258333206176758, "self-related_top2000": 0.8208333253860474, "self-related_top2500": 0.8133333325386047, "self-related_top3000": 0.8108333349227905, "self-related_top4000": 0.8058333396911621, "self-related_top5000": 0.8500000238418579, "self-related_top6000": 0.8374999761581421, "other-related_top1500": 0.8083333373069763, "other-related_top2000": 0.8183333277702332, "other-related_top2500": 0.8133333325386047, "other-related_top3000": 0.8083333373069763, "other-related_top4000": 0.7958332896232605, "other-related_top5000": 0.46166664361953735, "other-related_top6000": 0.6208333373069763, "expectedness_top1500": 0.8058333396911621, "expectedness_top2000": 0.8008333444595337, "expectedness_top2500": 0.7516667246818542, "expectedness_top3000": 0.7983333468437195, "expectedness_top4000": 0.815833330154419, "expectedness_top5000": 0.7074999809265137, "expectedness_top6000": 0.6700000166893005, "non-novelty_top1500": 0.8208333253860474, "non-novelty_top2000": 0.8258333206176758, "non-novelty_top2500": 0.8233333230018616, "non-novelty_top3000": 0.8158332705497742, "non-novelty_top4000": 0.6891667246818542, "non-novelty_top5000": 0.7383332848548889, "non-novelty_top6000": 0.7308332920074463}