{"sentiment": "caring", "seed": 42, "arousal_top1500": 0.8899999856948853, "best": 0.9014062881469727, "arousal_top2000": 0.8575000166893005, "arousal_top2500": 0.8650000095367432, "arousal_top3000": 0.8349999785423279, "arousal_top4000": 0.8075000047683716, "arousal_top5000": 0.8424999713897705, "arousal_top6000": 0.8675000071525574, "valence_top1500": 0.6908332705497742, "valence_top2000": 0.7350000143051147, "valence_top2500": 0.7816666960716248, "valence_top3000": 0.7300000190734863, "valence_top4000": 0.8083333373069763, "valence_top5000": 0.8483332991600037, "valence_top6000": 0.8725000023841858, "happy_top1500": 0.8824999928474426, "happy_top2000": 0.8483332991600037, "happy_top2500": 0.8374999761581421, "happy_top3000": 0.7275000214576721, "happy_top4000": 0.6324999928474426, "happy_top5000": 0.6100000143051147, "happy_top6000": 0.6200000047683716, "anger_top1500": 0.9099999666213989, "anger_top2000": 0.8899999856948853, "anger_top2500": 0.8974999785423279, "anger_top3000": 0.8924999833106995, "anger_top4000": 0.8849999904632568, "anger_top5000": 0.8875000476837158, "anger_top6000": 0.8875000476837158, "sad_top1500": 0.9199999570846558, "sad_top2000": 0.9125000238418579, "sad_top2500": 0.8999999761581421, "sad_top3000": 0.8899999856948853, "sad_top4000": 0.8600000143051147, "sad_top5000": 0.8475000262260437, "sad_top6000": 0.8100000023841858, "fear_top1500": 0.8824999928474426, "fear_top2000": 0.9000000357627869, "fear_top2500": 0.9125000238418579, "fear_top3000": 0.9050000309944153, "fear_top4000": 0.8558332920074463, "fear_top5000": 0.8799999952316284, "fear_top6000": 0.8383333086967468, "surprise_top1500": 0.8725000023841858, "surprise_top2000": 0.8824999928474426, "surprise_top2500": 0.8725000023841858, "surprise_top3000": 0.8774999976158142, "surprise_top4000": 0.8575000166893005, "surprise_top5000": 0.7074999809265137, "surprise_top6000": 0.6650000214576721, "disgust_top1500": 0.9075000286102295, "disgust_top2000": 0.8999999761581421, "disgust_top2500": 0.9075000286102295, "disgust_top3000": 0.9099999666213989, "disgust_top4000": 0.8899999856948853, "disgust_top5000": 0.8725000023841858, "disgust_top6000": 0.887499988079071, "control_top1500": 0.8575000166893005, "control_top2000": 0.8575000166893005, "control_top2500": 0.8474999666213989, "control_top3000": 0.8550000190734863, "control_top4000": 0.8725000023841858, "control_top5000": 0.8550000190734863, "control_top6000": 0.7124999761581421, "fairness_top1500": 0.7991666793823242, "fairness_top2000": 0.8558332920074463, "fairness_top2500": 0.8483332991600037, "fairness_top3000": 0.7941666841506958, "fairness_top4000": 0.887499988079071, "fairness_top5000": 0.8849999904632568, "fairness_top6000": 0.8149999976158142, "self-related_top1500": 0.9099999666213989, "self-related_top2000": 0.9075000286102295, "self-related_top2500": 0.9024999737739563, "self-related_top3000": 0.8975000381469727, "self-related_top4000": 0.9025000333786011, "self-related_top5000": 0.8849999904632568, "self-related_top6000": 0.8550000190734863, "other-related_top1500": 0.8975000381469727, "other-related_top2000": 0.8975000381469727, "other-related_top2500": 0.8799999952316284, "other-related_top3000": 0.8349999785423279, "other-related_top4000": 0.7875000238418579, "other-related_top5000": 0.6100000143051147, "other-related_top6000": 0.6100000143051147, "expectedness_top1500": 0.9075000286102295, "expectedness_top2000": 0.8975000381469727, "expectedness_top2500": 0.8949999809265137, "expectedness_top3000": 0.875, "expectedness_top4000": 0.8575000166893005, "expectedness_top5000": 0.8650000095367432, "expectedness_top6000": 0.8500000238418579, "non-novelty_top1500": 0.9025000333786011, "non-novelty_top2000": 0.8925000429153442, "non-novelty_top2500": 0.8975000381469727, "non-novelty_top3000": 0.8700000047683716, "non-novelty_top4000": 0.8650000095367432, "non-novelty_top5000": 0.8450000286102295, "non-novelty_top6000": 0.7475000023841858}