{"sentiment": "caring", "seed": 9, "arousal_top1500": 0.7950000166893005, "best": 0.8501562476158142, "arousal_top2000": 0.82750004529953, "arousal_top2500": 0.7758333086967468, "arousal_top3000": 0.7133333086967468, "arousal_top4000": 0.7475000023841858, "arousal_top5000": 0.5191666483879089, "arousal_top6000": 0.38749998807907104, "valence_top1500": 0.8133333325386047, "valence_top2000": 0.7683333158493042, "valence_top2500": 0.7283332943916321, "valence_top3000": 0.67166668176651, "valence_top4000": 0.476666659116745, "valence_top5000": 0.42416664958000183, "valence_top6000": 0.6100000143051147, "happy_top1500": 0.699999988079071, "happy_top2000": 0.5041666626930237, "happy_top2500": 0.5933333039283752, "happy_top3000": 0.45750001072883606, "happy_top4000": 0.4099999964237213, "happy_top5000": 0.5508333444595337, "happy_top6000": 0.38499999046325684, "anger_top1500": 0.8474999666213989, "anger_top2000": 0.8050000071525574, "anger_top2500": 0.7699999809265137, "anger_top3000": 0.7900000214576721, "anger_top4000": 0.824999988079071, "anger_top5000": 0.7824999690055847, "anger_top6000": 0.6949999928474426, "sad_top1500": 0.7124999761581421, "sad_top2000": 0.6924999952316284, "sad_top2500": 0.7024999856948853, "sad_top3000": 0.7574999928474426, "sad_top4000": 0.7849999666213989, "sad_top5000": 0.6775000095367432, "sad_top6000": 0.6699999570846558, "fear_top1500": 0.7599999904632568, "fear_top2000": 0.7975000143051147, "fear_top2500": 0.809999942779541, "fear_top3000": 0.7608333230018616, "fear_top4000": 0.7408333420753479, "fear_top5000": 0.6083332896232605, "fear_top6000": 0.47999998927116394, "surprise_top1500": 0.824999988079071, "surprise_top2000": 0.7875000238418579, "surprise_top2500": 0.7975000143051147, "surprise_top3000": 0.8474999666213989, "surprise_top4000": 0.8300000429153442, "surprise_top5000": 0.7675000429153442, "surprise_top6000": 0.7049999833106995, "disgust_top1500": 0.8600000143051147, "disgust_top2000": 0.8500000238418579, "disgust_top2500": 0.7875000238418579, "disgust_top3000": 0.7174999713897705, "disgust_top4000": 0.8025000095367432, "disgust_top5000": 0.7808333039283752, "disgust_top6000": 0.7949999570846558, "control_top1500": 0.8025000095367432, "control_top2000": 0.7524999976158142, "control_top2500": 0.7549999952316284, "control_top3000": 0.7524999976158142, "control_top4000": 0.7133333086967468, "control_top5000": 0.6416666507720947, "control_top6000": 0.7458333373069763, "fairness_top1500": 0.7466667294502258, "fairness_top2000": 0.7908332943916321, "fairness_top2500": 0.6133332848548889, "fairness_top3000": 0.48749998211860657, "fairness_top4000": 0.4816666543483734, "fairness_top5000": 0.47749999165534973, "fairness_top6000": 0.4050000011920929, "self-related_top1500": 0.8475000262260437, "self-related_top2000": 0.8500000238418579, "self-related_top2500": 0.8450000286102295, "self-related_top3000": 0.7775000333786011, "self-related_top4000": 0.7883332967758179, "self-related_top5000": 0.8125, "self-related_top6000": 0.7549999952316284, "other-related_top1500": 0.8208333253860474, "other-related_top2000": 0.815833330154419, "other-related_top2500": 0.8108333349227905, "other-related_top3000": 0.8083333373069763, "other-related_top4000": 0.7000000476837158, "other-related_top5000": 0.43666666746139526, "other-related_top6000": 0.5633333325386047, "expectedness_top1500": 0.8058332800865173, "expectedness_top2000": 0.8183333277702332, "expectedness_top2500": 0.8133333325386047, "expectedness_top3000": 0.7758333086967468, "expectedness_top4000": 0.8108332753181458, "expectedness_top5000": 0.73416668176651, "expectedness_top6000": 0.53166663646698, "non-novelty_top1500": 0.8474999666213989, "non-novelty_top2000": 0.8374999761581421, "non-novelty_top2500": 0.7699999809265137, "non-novelty_top3000": 0.7183333039283752, "non-novelty_top4000": 0.6333333253860474, "non-novelty_top5000": 0.5891666412353516, "non-novelty_top6000": 0.5475000143051147}