{"sentiment": "caring", "seed": 7, "arousal_top1500": 0.7741667032241821, "best": 0.8335937261581421, "arousal_top2000": 0.7616667151451111, "arousal_top2500": 0.8016666769981384, "arousal_top3000": 0.7791666388511658, "arousal_top4000": 0.8066666722297668, "arousal_top5000": 0.7175000309944153, "arousal_top6000": 0.6500000357627869, "valence_top1500": 0.8041666746139526, "valence_top2000": 0.7816666960716248, "valence_top2500": 0.7591666579246521, "valence_top3000": 0.753333330154419, "valence_top4000": 0.74916672706604, "valence_top5000": 0.7225000262260437, "valence_top6000": 0.7175000309944153, "happy_top1500": 0.7383332848548889, "happy_top2000": 0.7400000095367432, "happy_top2500": 0.6974999904632568, "happy_top3000": 0.612500011920929, "happy_top4000": 0.6000000238418579, "happy_top5000": 0.6074999570846558, "happy_top6000": 0.6725000143051147, "anger_top1500": 0.8041666746139526, "anger_top2000": 0.79666668176651, "anger_top2500": 0.7574999928474426, "anger_top3000": 0.7674999833106995, "anger_top4000": 0.8016666769981384, "anger_top5000": 0.7350000143051147, "anger_top6000": 0.784166693687439, "sad_top1500": 0.7791666388511658, "sad_top2000": 0.7666667103767395, "sad_top2500": 0.824999988079071, "sad_top3000": 0.7741667032241821, "sad_top4000": 0.7883332967758179, "sad_top5000": 0.79666668176651, "sad_top6000": 0.8058333396911621, "fear_top1500": 0.7866666913032532, "fear_top2000": 0.7666667103767395, "fear_top2500": 0.7566667199134827, "fear_top3000": 0.7916666865348816, "fear_top4000": 0.7716667056083679, "fear_top5000": 0.699999988079071, "fear_top6000": 0.7616666555404663, "surprise_top1500": 0.8183333277702332, "surprise_top2000": 0.8108333349227905, "surprise_top2500": 0.8041666746139526, "surprise_top3000": 0.7991666793823242, "surprise_top4000": 0.8083333373069763, "surprise_top5000": 0.7933333516120911, "surprise_top6000": 0.7408333420753479, "disgust_top1500": 0.8091667294502258, "disgust_top2000": 0.8016666769981384, "disgust_top2500": 0.8016666769981384, "disgust_top3000": 0.8041667342185974, "disgust_top4000": 0.79666668176651, "disgust_top5000": 0.7300000190734863, "disgust_top6000": 0.7300000190734863, "control_top1500": 0.784166693687439, "control_top2000": 0.7791666984558105, "control_top2500": 0.7766667008399963, "control_top3000": 0.7049999833106995, "control_top4000": 0.6949999928474426, "control_top5000": 0.7116667032241821, "control_top6000": 0.7900000214576721, "fairness_top1500": 0.7791666388511658, "fairness_top2000": 0.79666668176651, "fairness_top2500": 0.8058333396911621, "fairness_top3000": 0.7558333277702332, "fairness_top4000": 0.6425000429153442, "fairness_top5000": 0.6075000166893005, "fairness_top6000": 0.6200000047683716, "self-related_top1500": 0.8016666769981384, "self-related_top2000": 0.79666668176651, "self-related_top2500": 0.8016666769981384, "self-related_top3000": 0.7866666913032532, "self-related_top4000": 0.7866666913032532, "self-related_top5000": 0.7816666960716248, "self-related_top6000": 0.7766667008399963, "other-related_top1500": 0.8116666674613953, "other-related_top2000": 0.8141667246818542, "other-related_top2500": 0.8091667294502258, "other-related_top3000": 0.8016666769981384, "other-related_top4000": 0.7599999904632568, "other-related_top5000": 0.6599999666213989, "other-related_top6000": 0.6025000214576721, "expectedness_top1500": 0.8166666626930237, "expectedness_top2000": 0.8041666746139526, "expectedness_top2500": 0.7916666865348816, "expectedness_top3000": 0.7816666960716248, "expectedness_top4000": 0.7641667127609253, "expectedness_top5000": 0.7574999928474426, "expectedness_top6000": 0.7250000238418579, "non-novelty_top1500": 0.79666668176651, "non-novelty_top2000": 0.79666668176651, "non-novelty_top2500": 0.799166738986969, "non-novelty_top3000": 0.7991666793823242, "non-novelty_top4000": 0.7708333134651184, "non-novelty_top5000": 0.778333306312561, "non-novelty_top6000": 0.778333306312561}