{"sentiment": "confusion", "seed": 17, "arousal_top1500": 0.8050000071525574, "best": 0.865234375, "arousal_top2000": 0.8050000071525574, "arousal_top2500": 0.7975000143051147, "arousal_top3000": 0.7949999570846558, "arousal_top4000": 0.7925000190734863, "arousal_top5000": 0.4749999940395355, "arousal_top6000": 0.39499998092651367, "valence_top1500": 0.8125, "valence_top2000": 0.7900000214576721, "valence_top2500": 0.8050000071525574, "valence_top3000": 0.7599999904632568, "valence_top4000": 0.6575000286102295, "valence_top5000": 0.699999988079071, "valence_top6000": 0.7150000333786011, "happy_top1500": 0.8199999928474426, "happy_top2000": 0.8199999928474426, "happy_top2500": 0.7775000333786011, "happy_top3000": 0.7775000333786011, "happy_top4000": 0.512499988079071, "happy_top5000": 0.6075000166893005, "happy_top6000": 0.39499998092651367, "anger_top1500": 0.8274999856948853, "anger_top2000": 0.8324999809265137, "anger_top2500": 0.8324999809265137, "anger_top3000": 0.824999988079071, "anger_top4000": 0.8149999976158142, "anger_top5000": 0.7174999713897705, "anger_top6000": 0.4074999988079071, "sad_top1500": 0.8125, "sad_top2000": 0.8075000047683716, "sad_top2500": 0.8075000047683716, "sad_top3000": 0.6200000047683716, "sad_top4000": 0.7749999761581421, "sad_top5000": 0.7050000429153442, "sad_top6000": 0.7049999833106995, "fear_top1500": 0.824999988079071, "fear_top2000": 0.8224999904632568, "fear_top2500": 0.7899999618530273, "fear_top3000": 0.7749999761581421, "fear_top4000": 0.5649999976158142, "fear_top5000": 0.39249998331069946, "fear_top6000": 0.4000000059604645, "surprise_top1500": 0.7950000166893005, "surprise_top2000": 0.7825000286102295, "surprise_top2500": 0.7699999809265137, "surprise_top3000": 0.6025000214576721, "surprise_top4000": 0.6000000238418579, "surprise_top5000": 0.5450000166893005, "surprise_top6000": 0.3999999761581421, "disgust_top1500": 0.8149999976158142, "disgust_top2000": 0.8274999856948853, "disgust_top2500": 0.8299999833106995, "disgust_top3000": 0.8949999809265137, "disgust_top4000": 0.8274999856948853, "disgust_top5000": 0.7849999666213989, "disgust_top6000": 0.8025000095367432, "control_top1500": 0.8025000095367432, "control_top2000": 0.7675000429153442, "control_top2500": 0.6924999952316284, "control_top3000": 0.6600000262260437, "control_top4000": 0.5450000166893005, "control_top5000": 0.6675000190734863, "control_top6000": 0.5600000023841858, "fairness_top1500": 0.8349999785423279, "fairness_top2000": 0.824999988079071, "fairness_top2500": 0.8774999976158142, "fairness_top3000": 0.8199999928474426, "fairness_top4000": 0.7950000166893005, "fairness_top5000": 0.6924999952316284, "fairness_top6000": 0.4124999940395355, "self-related_top1500": 0.8349999785423279, "self-related_top2000": 0.8324999809265137, "self-related_top2500": 0.8324999809265137, "self-related_top3000": 0.8224999904632568, "self-related_top4000": 0.7950000166893005, "self-related_top5000": 0.8199999928474426, "self-related_top6000": 0.8149999976158142, "other-related_top1500": 0.824999988079071, "other-related_top2000": 0.8924999833106995, "other-related_top2500": 0.8924999833106995, "other-related_top3000": 0.8899999856948853, "other-related_top4000": 0.8050000071525574, "other-related_top5000": 0.6675000190734863, "other-related_top6000": 0.7949999570846558, "expectedness_top1500": 0.8374999761581421, "expectedness_top2000": 0.8224999904632568, "expectedness_top2500": 0.7950000166893005, "expectedness_top3000": 0.8075000047683716, "expectedness_top4000": 0.8125, "expectedness_top5000": 0.7900000214576721, "expectedness_top6000": 0.7799999713897705, "non-novelty_top1500": 0.8274999856948853, "non-novelty_top2000": 0.7950000166893005, "non-novelty_top2500": 0.7900000214576721, "non-novelty_top3000": 0.7775000333786011, "non-novelty_top4000": 0.7300000190734863, "non-novelty_top5000": 0.5550000071525574, "non-novelty_top6000": 0.4074999988079071}