{"sentiment": "confusion", "seed": 42, "arousal_top1500": 0.38499999046325684, "best": 0.7591146230697632, "arousal_top2000": 0.38499999046325684, "arousal_top2500": 0.38499999046325684, "arousal_top3000": 0.38749998807907104, "arousal_top4000": 0.6599999666213989, "arousal_top5000": 0.38499999046325684, "arousal_top6000": 0.38499999046325684, "valence_top1500": 0.38499999046325684, "valence_top2000": 0.38499999046325684, "valence_top2500": 0.38499999046325684, "valence_top3000": 0.38499999046325684, "valence_top4000": 0.38499999046325684, "valence_top5000": 0.38499999046325684, "valence_top6000": 0.38499999046325684, "happy_top1500": 0.38499999046325684, "happy_top2000": 0.38499999046325684, "happy_top2500": 0.38499999046325684, "happy_top3000": 0.38499999046325684, "happy_top4000": 0.38499999046325684, "happy_top5000": 0.38499999046325684, "happy_top6000": 0.38499999046325684, "anger_top1500": 0.5475000143051147, "anger_top2000": 0.4000000059604645, "anger_top2500": 0.4599999785423279, "anger_top3000": 0.6025000214576721, "anger_top4000": 0.6399999856948853, "anger_top5000": 0.4375, "anger_top6000": 0.38749998807907104, "sad_top1500": 0.6349999904632568, "sad_top2000": 0.41749998927116394, "sad_top2500": 0.4099999964237213, "sad_top3000": 0.38499999046325684, "sad_top4000": 0.38499999046325684, "sad_top5000": 0.3824999928474426, "sad_top6000": 0.4025000035762787, "fear_top1500": 0.38499999046325684, "fear_top2000": 0.38499999046325684, "fear_top2500": 0.38499999046325684, "fear_top3000": 0.38499999046325684, "fear_top4000": 0.38499999046325684, "fear_top5000": 0.38499999046325684, "fear_top6000": 0.38499999046325684, "surprise_top1500": 0.6150000095367432, "surprise_top2000": 0.6150000095367432, "surprise_top2500": 0.6150000095367432, "surprise_top3000": 0.7250000238418579, "surprise_top4000": 0.5950000286102295, "surprise_top5000": 0.39249998331069946, "surprise_top6000": 0.38499999046325684, "disgust_top1500": 0.6075000166893005, "disgust_top2000": 0.44999998807907104, "disgust_top2500": 0.5975000262260437, "disgust_top3000": 0.6850000023841858, "disgust_top4000": 0.4025000035762787, "disgust_top5000": 0.38499999046325684, "disgust_top6000": 0.38499999046325684, "control_top1500": 0.42000001668930054, "control_top2000": 0.4675000011920929, "control_top2500": 0.38499999046325684, "control_top3000": 0.38499999046325684, "control_top4000": 0.38499999046325684, "control_top5000": 0.38499999046325684, "control_top6000": 0.3724999725818634, "fairness_top1500": 0.5375000238418579, "fairness_top2000": 0.6500000357627869, "fairness_top2500": 0.38499999046325684, "fairness_top3000": 0.38499999046325684, "fairness_top4000": 0.38499999046325684, "fairness_top5000": 0.3974999785423279, "fairness_top6000": 0.38499999046325684, "self-related_top1500": 0.41499999165534973, "self-related_top2000": 0.38499999046325684, "self-related_top2500": 0.38499999046325684, "self-related_top3000": 0.38499999046325684, "self-related_top4000": 0.38499999046325684, "self-related_top5000": 0.625, "self-related_top6000": 0.4099999964237213, "other-related_top1500": 0.38749998807907104, "other-related_top2000": 0.39249998331069946, "other-related_top2500": 0.38499999046325684, "other-related_top3000": 0.4099999964237213, "other-related_top4000": 0.38499999046325684, "other-related_top5000": 0.38499999046325684, "other-related_top6000": 0.38749998807907104, "expectedness_top1500": 0.4025000035762787, "expectedness_top2000": 0.38499999046325684, "expectedness_top2500": 0.38499999046325684, "expectedness_top3000": 0.38499999046325684, "expectedness_top4000": 0.38499999046325684, "expectedness_top5000": 0.38499999046325684, "expectedness_top6000": 0.38499999046325684, "non-novelty_top1500": 0.38499999046325684, "non-novelty_top2000": 0.38749998807907104, "non-novelty_top2500": 0.38499999046325684, "non-novelty_top3000": 0.38499999046325684, "non-novelty_top4000": 0.38499999046325684, "non-novelty_top5000": 0.38499999046325684, "non-novelty_top6000": 0.38499999046325684}