{"sentiment": "confusion", "seed": 11, "arousal_top1500": 0.8975000381469727, "best": 0.8684896230697632, "arousal_top2000": 0.9049999713897705, "arousal_top2500": 0.8975000381469727, "arousal_top3000": 0.8975000381469727, "arousal_top4000": 0.9025000333786011, "arousal_top5000": 0.38499999046325684, "arousal_top6000": 0.38499999046325684, "valence_top1500": 0.8300000429153442, "valence_top2000": 0.8924999833106995, "valence_top2500": 0.7124999761581421, "valence_top3000": 0.4399999678134918, "valence_top4000": 0.38499999046325684, "valence_top5000": 0.38499999046325684, "valence_top6000": 0.38499999046325684, "happy_top1500": 0.8224999904632568, "happy_top2000": 0.6675000190734863, "happy_top2500": 0.4599999785423279, "happy_top3000": 0.45499998331069946, "happy_top4000": 0.38499999046325684, "happy_top5000": 0.38499999046325684, "happy_top6000": 0.38499999046325684, "anger_top1500": 0.8925000429153442, "anger_top2000": 0.8899999856948853, "anger_top2500": 0.8324999809265137, "anger_top3000": 0.8374999761581421, "anger_top4000": 0.8274999856948853, "anger_top5000": 0.7574999928474426, "anger_top6000": 0.762499988079071, "sad_top1500": 0.7750000357627869, "sad_top2000": 0.7875000238418579, "sad_top2500": 0.7825000286102295, "sad_top3000": 0.8875000476837158, "sad_top4000": 0.4024999737739563, "sad_top5000": 0.8149999976158142, "sad_top6000": 0.8149999976158142, "fear_top1500": 0.38499999046325684, "fear_top2000": 0.38499999046325684, "fear_top2500": 0.38499999046325684, "fear_top3000": 0.4599999785423279, "fear_top4000": 0.4974999725818634, "fear_top5000": 0.5224999785423279, "fear_top6000": 0.4625000059604645, "surprise_top1500": 0.8999999761581421, "surprise_top2000": 0.8949999809265137, "surprise_top2500": 0.8875000476837158, "surprise_top3000": 0.8849999904632568, "surprise_top4000": 0.8725000023841858, "surprise_top5000": 0.8524999618530273, "surprise_top6000": 0.8474999666213989, "disgust_top1500": 0.9025000333786011, "disgust_top2000": 0.8975000381469727, "disgust_top2500": 0.8999999761581421, "disgust_top3000": 0.8975000381469727, "disgust_top4000": 0.7674999833106995, "disgust_top5000": 0.7174999713897705, "disgust_top6000": 0.6850000023841858, "control_top1500": 0.5425000190734863, "control_top2000": 0.3974999785423279, "control_top2500": 0.38499999046325684, "control_top3000": 0.38499999046325684, "control_top4000": 0.39499998092651367, "control_top5000": 0.4050000011920929, "control_top6000": 0.42249998450279236, "fairness_top1500": 0.8324999809265137, "fairness_top2000": 0.8300000429153442, "fairness_top2500": 0.8524999618530273, "fairness_top3000": 0.7899999618530273, "fairness_top4000": 0.7849999666213989, "fairness_top5000": 0.7649999856948853, "fairness_top6000": 0.5449999570846558, "self-related_top1500": 0.8875000476837158, "self-related_top2000": 0.8925000429153442, "self-related_top2500": 0.8925000429153442, "self-related_top3000": 0.8925000429153442, "self-related_top4000": 0.8374999761581421, "self-related_top5000": 0.824999988079071, "self-related_top6000": 0.7549999952316284, "other-related_top1500": 0.9074999690055847, "other-related_top2000": 0.8474999666213989, "other-related_top2500": 0.7799999713897705, "other-related_top3000": 0.7699999809265137, "other-related_top4000": 0.38499999046325684, "other-related_top5000": 0.6150000095367432, "other-related_top6000": 0.6150000095367432, "expectedness_top1500": 0.875, "expectedness_top2000": 0.8300000429153442, "expectedness_top2500": 0.7849999666213989, "expectedness_top3000": 0.7925000190734863, "expectedness_top4000": 0.8025000095367432, "expectedness_top5000": 0.7999999523162842, "expectedness_top6000": 0.8600000143051147, "non-novelty_top1500": 0.8999999761581421, "non-novelty_top2000": 0.9025000333786011, "non-novelty_top2500": 0.8999999761581421, "non-novelty_top3000": 0.8949999809265137, "non-novelty_top4000": 0.4649999737739563, "non-novelty_top5000": 0.637499988079071, "non-novelty_top6000": 0.42500001192092896}