{"sentiment": "confusion", "seed": 19, "arousal_top1500": 0.737500011920929, "best": 0.8229166269302368, "arousal_top2000": 0.7350000143051147, "arousal_top2500": 0.8075000047683716, "arousal_top3000": 0.8050000071525574, "arousal_top4000": 0.8050000071525574, "arousal_top5000": 0.7649999856948853, "arousal_top6000": 0.5824999809265137, "valence_top1500": 0.7350000143051147, "valence_top2000": 0.7250000238418579, "valence_top2500": 0.7100000381469727, "valence_top3000": 0.6725000143051147, "valence_top4000": 0.5225000381469727, "valence_top5000": 0.6449999809265137, "valence_top6000": 0.4375, "happy_top1500": 0.7350000143051147, "happy_top2000": 0.7325000166893005, "happy_top2500": 0.7200000286102295, "happy_top3000": 0.7100000381469727, "happy_top4000": 0.6274999976158142, "happy_top5000": 0.5649999976158142, "happy_top6000": 0.38999998569488525, "anger_top1500": 0.800000011920929, "anger_top2000": 0.7350000143051147, "anger_top2500": 0.7374999523162842, "anger_top3000": 0.7400000095367432, "anger_top4000": 0.7275000214576721, "anger_top5000": 0.7300000190734863, "anger_top6000": 0.7275000214576721, "sad_top1500": 0.7350000143051147, "sad_top2000": 0.7975000143051147, "sad_top2500": 0.7950000166893005, "sad_top3000": 0.7875000238418579, "sad_top4000": 0.7200000286102295, "sad_top5000": 0.48250001668930054, "sad_top6000": 0.429999977350235, "fear_top1500": 0.7925000190734863, "fear_top2000": 0.7950000166893005, "fear_top2500": 0.7950000166893005, "fear_top3000": 0.7975000143051147, "fear_top4000": 0.7899999618530273, "fear_top5000": 0.6875, "fear_top6000": 0.39499998092651367, "surprise_top1500": 0.7300000190734863, "surprise_top2000": 0.7325000166893005, "surprise_top2500": 0.7275000214576721, "surprise_top3000": 0.7325000166893005, "surprise_top4000": 0.7275000214576721, "surprise_top5000": 0.7325000166893005, "surprise_top6000": 0.7300000190734863, "disgust_top1500": 0.7975000143051147, "disgust_top2000": 0.8050000071525574, "disgust_top2500": 0.8050000071525574, "disgust_top3000": 0.8075000047683716, "disgust_top4000": 0.7275000214576721, "disgust_top5000": 0.7250000238418579, "disgust_top6000": 0.7275000214576721, "control_top1500": 0.7325000166893005, "control_top2000": 0.7350000143051147, "control_top2500": 0.7400000095367432, "control_top3000": 0.7200000286102295, "control_top4000": 0.44999998807907104, "control_top5000": 0.5475000143051147, "control_top6000": 0.375, "fairness_top1500": 0.737500011920929, "fairness_top2000": 0.7324999570846558, "fairness_top2500": 0.7300000190734863, "fairness_top3000": 0.800000011920929, "fairness_top4000": 0.7774999737739563, "fairness_top5000": 0.5724999904632568, "fairness_top6000": 0.38999998569488525, "self-related_top1500": 0.800000011920929, "self-related_top2000": 0.800000011920929, "self-related_top2500": 0.800000011920929, "self-related_top3000": 0.7975000143051147, "self-related_top4000": 0.8025000095367432, "self-related_top5000": 0.7350000143051147, "self-related_top6000": 0.8075000047683716, "other-related_top1500": 0.7975000143051147, "other-related_top2000": 0.7950000166893005, "other-related_top2500": 0.7924999594688416, "other-related_top3000": 0.7924999594688416, "other-related_top4000": 0.7950000166893005, "other-related_top5000": 0.7275000214576721, "other-related_top6000": 0.6349999904632568, "expectedness_top1500": 0.800000011920929, "expectedness_top2000": 0.7949999570846558, "expectedness_top2500": 0.7300000190734863, "expectedness_top3000": 0.7875000238418579, "expectedness_top4000": 0.800000011920929, "expectedness_top5000": 0.7225000262260437, "expectedness_top6000": 0.7250000238418579, "non-novelty_top1500": 0.800000011920929, "non-novelty_top2000": 0.8025000095367432, "non-novelty_top2500": 0.7999999523162842, "non-novelty_top3000": 0.7975000143051147, "non-novelty_top4000": 0.6100000143051147, "non-novelty_top5000": 0.699999988079071, "non-novelty_top6000": 0.6150000095367432}