{"sentiment": "confusion", "seed": 1, "arousal_top1500": 0.42499998211860657, "best": 0.703125, "arousal_top2000": 0.38499999046325684, "arousal_top2500": 0.38499999046325684, "arousal_top3000": 0.5874999761581421, "arousal_top4000": 0.6150000095367432, "arousal_top5000": 0.38499999046325684, "arousal_top6000": 0.38499999046325684, "valence_top1500": 0.39250001311302185, "valence_top2000": 0.39750000834465027, "valence_top2500": 0.39249998331069946, "valence_top3000": 0.4000000059604645, "valence_top4000": 0.38499999046325684, "valence_top5000": 0.38499999046325684, "valence_top6000": 0.38499999046325684, "happy_top1500": 0.3100000023841858, "happy_top2000": 0.33249998092651367, "happy_top2500": 0.3725000023841858, "happy_top3000": 0.3850000202655792, "happy_top4000": 0.38499999046325684, "happy_top5000": 0.38499999046325684, "happy_top6000": 0.38499999046325684, "anger_top1500": 0.39000001549720764, "anger_top2000": 0.4000000059604645, "anger_top2500": 0.42000001668930054, "anger_top3000": 0.5374999642372131, "anger_top4000": 0.35999998450279236, "anger_top5000": 0.38499999046325684, "anger_top6000": 0.38499999046325684, "sad_top1500": 0.39750000834465027, "sad_top2000": 0.38999998569488525, "sad_top2500": 0.38499999046325684, "sad_top3000": 0.38499999046325684, "sad_top4000": 0.38499999046325684, "sad_top5000": 0.38499999046325684, "sad_top6000": 0.3774999976158142, "fear_top1500": 0.38999998569488525, "fear_top2000": 0.38499999046325684, "fear_top2500": 0.38499999046325684, "fear_top3000": 0.38499999046325684, "fear_top4000": 0.38499999046325684, "fear_top5000": 0.38499999046325684, "fear_top6000": 0.38499999046325684, "surprise_top1500": 0.6150000095367432, "surprise_top2000": 0.6150000095367432, "surprise_top2500": 0.6200000047683716, "surprise_top3000": 0.5649999976158142, "surprise_top4000": 0.6349999904632568, "surprise_top5000": 0.5774999856948853, "surprise_top6000": 0.5074999928474426, "disgust_top1500": 0.4375, "disgust_top2000": 0.39750000834465027, "disgust_top2500": 0.5824999809265137, "disgust_top3000": 0.5874999761581421, "disgust_top4000": 0.375, "disgust_top5000": 0.38499999046325684, "disgust_top6000": 0.38499999046325684, "control_top1500": 0.38499999046325684, "control_top2000": 0.38499999046325684, "control_top2500": 0.38499999046325684, "control_top3000": 0.38499999046325684, "control_top4000": 0.38499999046325684, "control_top5000": 0.38499999046325684, "control_top6000": 0.38499999046325684, "fairness_top1500": 0.445000022649765, "fairness_top2000": 0.5450000166893005, "fairness_top2500": 0.375, "fairness_top3000": 0.3725000023841858, "fairness_top4000": 0.39249998331069946, "fairness_top5000": 0.36250001192092896, "fairness_top6000": 0.382500022649765, "self-related_top1500": 0.4724999666213989, "self-related_top2000": 0.35499998927116394, "self-related_top2500": 0.3799999952316284, "self-related_top3000": 0.38499999046325684, "self-related_top4000": 0.38499999046325684, "self-related_top5000": 0.4700000286102295, "self-related_top6000": 0.382500022649765, "other-related_top1500": 0.5674999952316284, "other-related_top2000": 0.6225000023841858, "other-related_top2500": 0.574999988079071, "other-related_top3000": 0.6299999952316284, "other-related_top4000": 0.38499999046325684, "other-related_top5000": 0.38499999046325684, "other-related_top6000": 0.5450000166893005, "expectedness_top1500": 0.5174999833106995, "expectedness_top2000": 0.4050000011920929, "expectedness_top2500": 0.38499999046325684, "expectedness_top3000": 0.38499999046325684, "expectedness_top4000": 0.38499999046325684, "expectedness_top5000": 0.38499999046325684, "expectedness_top6000": 0.38499999046325684, "non-novelty_top1500": 0.39750000834465027, "non-novelty_top2000": 0.38749998807907104, "non-novelty_top2500": 0.38499999046325684, "non-novelty_top3000": 0.38499999046325684, "non-novelty_top4000": 0.38499999046325684, "non-novelty_top5000": 0.38499999046325684, "non-novelty_top6000": 0.38499999046325684}