{"sentiment": "confusion", "seed": 3, "arousal_top1500": 0.8675000071525574, "best": 0.818359375, "arousal_top2000": 0.8700000047683716, "arousal_top2500": 0.862500011920929, "arousal_top3000": 0.8675000071525574, "arousal_top4000": 0.8025000095367432, "arousal_top5000": 0.8550000190734863, "arousal_top6000": 0.5149999856948853, "valence_top1500": 0.8700000047683716, "valence_top2000": 0.8650000095367432, "valence_top2500": 0.7149999737739563, "valence_top3000": 0.6449999809265137, "valence_top4000": 0.6050000190734863, "valence_top5000": 0.6075000166893005, "valence_top6000": 0.6050000190734863, "happy_top1500": 0.8075000047683716, "happy_top2000": 0.862500011920929, "happy_top2500": 0.8374999761581421, "happy_top3000": 0.8524999618530273, "happy_top4000": 0.862500011920929, "happy_top5000": 0.7775000333786011, "happy_top6000": 0.4124999940395355, "anger_top1500": 0.8650000095367432, "anger_top2000": 0.8675000071525574, "anger_top2500": 0.8600000143051147, "anger_top3000": 0.8450000286102295, "anger_top4000": 0.8600000143051147, "anger_top5000": 0.8524999618530273, "anger_top6000": 0.8600000143051147, "sad_top1500": 0.862500011920929, "sad_top2000": 0.8725000023841858, "sad_top2500": 0.8700000047683716, "sad_top3000": 0.8650000095367432, "sad_top4000": 0.8350000381469727, "sad_top5000": 0.7800000309944153, "sad_top6000": 0.8574999570846558, "fear_top1500": 0.39499998092651367, "fear_top2000": 0.5475000143051147, "fear_top2500": 0.6075000166893005, "fear_top3000": 0.5699999928474426, "fear_top4000": 0.39499998092651367, "fear_top5000": 0.39499998092651367, "fear_top6000": 0.39499998092651367, "surprise_top1500": 0.875, "surprise_top2000": 0.8725000023841858, "surprise_top2500": 0.8700000047683716, "surprise_top3000": 0.875, "surprise_top4000": 0.8675000071525574, "surprise_top5000": 0.8700000047683716, "surprise_top6000": 0.862500011920929, "disgust_top1500": 0.8675000071525574, "disgust_top2000": 0.8675000071525574, "disgust_top2500": 0.8700000047683716, "disgust_top3000": 0.8650000095367432, "disgust_top4000": 0.8500000238418579, "disgust_top5000": 0.8550000190734863, "disgust_top6000": 0.8424999713897705, "control_top1500": 0.8125, "control_top2000": 0.8600000143051147, "control_top2500": 0.8075000047683716, "control_top3000": 0.8600000143051147, "control_top4000": 0.7574999928474426, "control_top5000": 0.699999988079071, "control_top6000": 0.6050000190734863, "fairness_top1500": 0.8700000047683716, "fairness_top2000": 0.8725000023841858, "fairness_top2500": 0.875, "fairness_top3000": 0.8700000047683716, "fairness_top4000": 0.8424999713897705, "fairness_top5000": 0.8474999666213989, "fairness_top6000": 0.6175000071525574, "self-related_top1500": 0.8725000023841858, "self-related_top2000": 0.8675000071525574, "self-related_top2500": 0.8700000047683716, "self-related_top3000": 0.8700000047683716, "self-related_top4000": 0.8650000095367432, "self-related_top5000": 0.8250000476837158, "self-related_top6000": 0.7124999761581421, "other-related_top1500": 0.7799999713897705, "other-related_top2000": 0.7775000333786011, "other-related_top2500": 0.8474999666213989, "other-related_top3000": 0.8550000190734863, "other-related_top4000": 0.7549999952316284, "other-related_top5000": 0.2849999964237213, "other-related_top6000": 0.6150000095367432, "expectedness_top1500": 0.875, "expectedness_top2000": 0.8799999952316284, "expectedness_top2500": 0.7875000238418579, "expectedness_top3000": 0.7950000166893005, "expectedness_top4000": 0.8050000071525574, "expectedness_top5000": 0.7799999713897705, "expectedness_top6000": 0.6875, "non-novelty_top1500": 0.7825000286102295, "non-novelty_top2000": 0.7900000214576721, "non-novelty_top2500": 0.8050000071525574, "non-novelty_top3000": 0.800000011920929, "non-novelty_top4000": 0.875, "non-novelty_top5000": 0.8774999976158142, "non-novelty_top6000": 0.8700000047683716}