{"sentiment": "confusion", "seed": 100, "arousal_top1500": 0.7699999809265137, "best": 0.8815103769302368, "arousal_top2000": 0.7749999761581421, "arousal_top2500": 0.7724999785423279, "arousal_top3000": 0.6625000238418579, "arousal_top4000": 0.6274999976158142, "arousal_top5000": 0.4699999988079071, "arousal_top6000": 0.39499998092651367, "valence_top1500": 0.7674999833106995, "valence_top2000": 0.6725000143051147, "valence_top2500": 0.6075000166893005, "valence_top3000": 0.7200000286102295, "valence_top4000": 0.39499998092651367, "valence_top5000": 0.39499998092651367, "valence_top6000": 0.39499998092651367, "happy_top1500": 0.4099999964237213, "happy_top2000": 0.39499998092651367, "happy_top2500": 0.39499998092651367, "happy_top3000": 0.39499998092651367, "happy_top4000": 0.39499998092651367, "happy_top5000": 0.39499998092651367, "happy_top6000": 0.39499998092651367, "anger_top1500": 0.7825000286102295, "anger_top2000": 0.7775000333786011, "anger_top2500": 0.7699999809265137, "anger_top3000": 0.762499988079071, "anger_top4000": 0.762499988079071, "anger_top5000": 0.762499988079071, "anger_top6000": 0.7450000047683716, "sad_top1500": 0.7750000357627869, "sad_top2000": 0.7750000357627869, "sad_top2500": 0.7775000333786011, "sad_top3000": 0.7699999809265137, "sad_top4000": 0.4050000011920929, "sad_top5000": 0.6675000190734863, "sad_top6000": 0.4725000262260437, "fear_top1500": 0.48499998450279236, "fear_top2000": 0.41499999165534973, "fear_top2500": 0.4099999964237213, "fear_top3000": 0.39499998092651367, "fear_top4000": 0.39499998092651367, "fear_top5000": 0.39499998092651367, "fear_top6000": 0.39499998092651367, "surprise_top1500": 0.7775000333786011, "surprise_top2000": 0.7725000381469727, "surprise_top2500": 0.7749999761581421, "surprise_top3000": 0.7699999809265137, "surprise_top4000": 0.7275000214576721, "surprise_top5000": 0.7549999952316284, "surprise_top6000": 0.7224999666213989, "disgust_top1500": 0.7849999666213989, "disgust_top2000": 0.7825000286102295, "disgust_top2500": 0.7825000286102295, "disgust_top3000": 0.7749999761581421, "disgust_top4000": 0.7700000405311584, "disgust_top5000": 0.7725000381469727, "disgust_top6000": 0.7649999856948853, "control_top1500": 0.5199999809265137, "control_top2000": 0.5674999952316284, "control_top2500": 0.4000000059604645, "control_top3000": 0.5375000238418579, "control_top4000": 0.4000000059604645, "control_top5000": 0.39499998092651367, "control_top6000": 0.39499998092651367, "fairness_top1500": 0.7225000262260437, "fairness_top2000": 0.7524999976158142, "fairness_top2500": 0.7599999904632568, "fairness_top3000": 0.7625000476837158, "fairness_top4000": 0.7075000405311584, "fairness_top5000": 0.5649999976158142, "fairness_top6000": 0.39499998092651367, "self-related_top1500": 0.7799999713897705, "self-related_top2000": 0.7775000333786011, "self-related_top2500": 0.7725000381469727, "self-related_top3000": 0.7649999856948853, "self-related_top4000": 0.7725000381469727, "self-related_top5000": 0.7275000214576721, "self-related_top6000": 0.6725000143051147, "other-related_top1500": 0.7699999809265137, "other-related_top2000": 0.7699999809265137, "other-related_top2500": 0.7475000023841858, "other-related_top3000": 0.7325000166893005, "other-related_top4000": 0.3974999785423279, "other-related_top5000": 0.39499998092651367, "other-related_top6000": 0.3974999785423279, "expectedness_top1500": 0.7574999928474426, "expectedness_top2000": 0.7649999856948853, "expectedness_top2500": 0.7725000381469727, "expectedness_top3000": 0.75, "expectedness_top4000": 0.75, "expectedness_top5000": 0.7350000143051147, "expectedness_top6000": 0.4424999952316284, "non-novelty_top1500": 0.7749999761581421, "non-novelty_top2000": 0.7749999761581421, "non-novelty_top2500": 0.7699999809265137, "non-novelty_top3000": 0.7649999856948853, "non-novelty_top4000": 0.7549999952316284, "non-novelty_top5000": 0.7050000429153442, "non-novelty_top6000": 0.7250000238418579}