{"sentiment": "confusion", "seed": 9, "arousal_top1500": 0.8324999809265137, "best": 0.8391927480697632, "arousal_top2000": 0.8374999761581421, "arousal_top2500": 0.8400000333786011, "arousal_top3000": 0.8174999952316284, "arousal_top4000": 0.8274999856948853, "arousal_top5000": 0.8324999809265137, "arousal_top6000": 0.6274999976158142, "valence_top1500": 0.8450000286102295, "valence_top2000": 0.8125, "valence_top2500": 0.8174999952316284, "valence_top3000": 0.8050000071525574, "valence_top4000": 0.7100000381469727, "valence_top5000": 0.7174999713897705, "valence_top6000": 0.7300000190734863, "happy_top1500": 0.8199999928474426, "happy_top2000": 0.8424999713897705, "happy_top2500": 0.8125, "happy_top3000": 0.8100000023841858, "happy_top4000": 0.6800000071525574, "happy_top5000": 0.699999988079071, "happy_top6000": 0.6000000238418579, "anger_top1500": 0.8350000381469727, "anger_top2000": 0.8349999785423279, "anger_top2500": 0.8374999761581421, "anger_top3000": 0.8424999713897705, "anger_top4000": 0.8424999713897705, "anger_top5000": 0.8399999737739563, "anger_top6000": 0.8199999928474426, "sad_top1500": 0.8374999761581421, "sad_top2000": 0.8350000381469727, "sad_top2500": 0.8299999833106995, "sad_top3000": 0.8300000429153442, "sad_top4000": 0.8125, "sad_top5000": 0.8349999785423279, "sad_top6000": 0.8224999904632568, "fear_top1500": 0.8424999713897705, "fear_top2000": 0.8224999904632568, "fear_top2500": 0.8299999833106995, "fear_top3000": 0.824999988079071, "fear_top4000": 0.8274999856948853, "fear_top5000": 0.8224999904632568, "fear_top6000": 0.7574999928474426, "surprise_top1500": 0.8374999761581421, "surprise_top2000": 0.8374999761581421, "surprise_top2500": 0.8299999833106995, "surprise_top3000": 0.8224999904632568, "surprise_top4000": 0.8199999928474426, "surprise_top5000": 0.8199999928474426, "surprise_top6000": 0.824999988079071, "disgust_top1500": 0.8474999666213989, "disgust_top2000": 0.8474999666213989, "disgust_top2500": 0.8374999761581421, "disgust_top3000": 0.8450000286102295, "disgust_top4000": 0.8400000333786011, "disgust_top5000": 0.8399999737739563, "disgust_top6000": 0.8424999713897705, "control_top1500": 0.8224999904632568, "control_top2000": 0.8199999928474426, "control_top2500": 0.8299999833106995, "control_top3000": 0.8149999976158142, "control_top4000": 0.7899999618530273, "control_top5000": 0.8125, "control_top6000": 0.6800000071525574, "fairness_top1500": 0.8224999904632568, "fairness_top2000": 0.8324999809265137, "fairness_top2500": 0.8125, "fairness_top3000": 0.8149999976158142, "fairness_top4000": 0.7174999713897705, "fairness_top5000": 0.675000011920929, "fairness_top6000": 0.6024999618530273, "self-related_top1500": 0.8374999761581421, "self-related_top2000": 0.8374999761581421, "self-related_top2500": 0.8349999785423279, "self-related_top3000": 0.8374999761581421, "self-related_top4000": 0.8349999785423279, "self-related_top5000": 0.8400000333786011, "self-related_top6000": 0.8350000381469727, "other-related_top1500": 0.8450000286102295, "other-related_top2000": 0.8350000381469727, "other-related_top2500": 0.8250000476837158, "other-related_top3000": 0.8199999928474426, "other-related_top4000": 0.8349999785423279, "other-related_top5000": 0.699999988079071, "other-related_top6000": 0.7150000333786011, "expectedness_top1500": 0.8349999785423279, "expectedness_top2000": 0.8324999809265137, "expectedness_top2500": 0.824999988079071, "expectedness_top3000": 0.8349999785423279, "expectedness_top4000": 0.8274999856948853, "expectedness_top5000": 0.8349999785423279, "expectedness_top6000": 0.7649999856948853, "non-novelty_top1500": 0.8349999785423279, "non-novelty_top2000": 0.8274999856948853, "non-novelty_top2500": 0.824999988079071, "non-novelty_top3000": 0.8149999976158142, "non-novelty_top4000": 0.8174999952316284, "non-novelty_top5000": 0.7950000166893005, "non-novelty_top6000": 0.7925000190734863}