{"sentiment": "confusion", "seed": 7, "arousal_top1500": 0.887499988079071, "best": 0.861328125, "arousal_top2000": 0.8899999856948853, "arousal_top2500": 0.8924999833106995, "arousal_top3000": 0.8849999904632568, "arousal_top4000": 0.8899999856948853, "arousal_top5000": 0.38999998569488525, "arousal_top6000": 0.38999998569488525, "valence_top1500": 0.8450000286102295, "valence_top2000": 0.7949999570846558, "valence_top2500": 0.762499988079071, "valence_top3000": 0.38999998569488525, "valence_top4000": 0.38999998569488525, "valence_top5000": 0.38999998569488525, "valence_top6000": 0.38999998569488525, "happy_top1500": 0.4925000071525574, "happy_top2000": 0.6725000143051147, "happy_top2500": 0.39249998331069946, "happy_top3000": 0.38999998569488525, "happy_top4000": 0.38999998569488525, "happy_top5000": 0.39249998331069946, "happy_top6000": 0.38999998569488525, "anger_top1500": 0.8650000095367432, "anger_top2000": 0.8899999856948853, "anger_top2500": 0.8824999928474426, "anger_top3000": 0.8824999928474426, "anger_top4000": 0.8725000023841858, "anger_top5000": 0.8824999928474426, "anger_top6000": 0.862500011920929, "sad_top1500": 0.8149999976158142, "sad_top2000": 0.7925000190734863, "sad_top2500": 0.7300000190734863, "sad_top3000": 0.7649999856948853, "sad_top4000": 0.8399999737739563, "sad_top5000": 0.8299999833106995, "sad_top6000": 0.7975000143051147, "fear_top1500": 0.8424999713897705, "fear_top2000": 0.8250000476837158, "fear_top2500": 0.8575000166893005, "fear_top3000": 0.8274999856948853, "fear_top4000": 0.5099999904632568, "fear_top5000": 0.5049999952316284, "fear_top6000": 0.4025000035762787, "surprise_top1500": 0.8474999666213989, "surprise_top2000": 0.8224999904632568, "surprise_top2500": 0.8424999713897705, "surprise_top3000": 0.8125, "surprise_top4000": 0.7849999666213989, "surprise_top5000": 0.8100000023841858, "surprise_top6000": 0.7949999570846558, "disgust_top1500": 0.8825000524520874, "disgust_top2000": 0.8725000023841858, "disgust_top2500": 0.8824999928474426, "disgust_top3000": 0.8799999952316284, "disgust_top4000": 0.8849999904632568, "disgust_top5000": 0.737500011920929, "disgust_top6000": 0.8799999952316284, "control_top1500": 0.8824999928474426, "control_top2000": 0.7900000214576721, "control_top2500": 0.5874999761581421, "control_top3000": 0.4650000333786011, "control_top4000": 0.39249998331069946, "control_top5000": 0.4399999976158142, "control_top6000": 0.6299999952316284, "fairness_top1500": 0.7825000286102295, "fairness_top2000": 0.8224999904632568, "fairness_top2500": 0.8200000524520874, "fairness_top3000": 0.8224999904632568, "fairness_top4000": 0.7174999713897705, "fairness_top5000": 0.7524999976158142, "fairness_top6000": 0.4674999713897705, "self-related_top1500": 0.8849999904632568, "self-related_top2000": 0.8799999952316284, "self-related_top2500": 0.862500011920929, "self-related_top3000": 0.8650000095367432, "self-related_top4000": 0.8824999928474426, "self-related_top5000": 0.8549999594688416, "self-related_top6000": 0.8524999618530273, "other-related_top1500": 0.8849999904632568, "other-related_top2000": 0.8224999904632568, "other-related_top2500": 0.75, "other-related_top3000": 0.7425000071525574, "other-related_top4000": 0.38999998569488525, "other-related_top5000": 0.45749998092651367, "other-related_top6000": 0.5774999856948853, "expectedness_top1500": 0.7925000190734863, "expectedness_top2000": 0.8050000071525574, "expectedness_top2500": 0.8049999475479126, "expectedness_top3000": 0.8075000047683716, "expectedness_top4000": 0.7174999713897705, "expectedness_top5000": 0.762499988079071, "expectedness_top6000": 0.7875000238418579, "non-novelty_top1500": 0.8725000023841858, "non-novelty_top2000": 0.8725000023841858, "non-novelty_top2500": 0.8700000047683716, "non-novelty_top3000": 0.8700000047683716, "non-novelty_top4000": 0.8500000238418579, "non-novelty_top5000": 0.8600000143051147, "non-novelty_top6000": 0.7900000214576721}