{"sentiment": "confusion", "seed": 13, "arousal_top1500": 0.9149999618530273, "best": 0.8795572519302368, "arousal_top2000": 0.9025000333786011, "arousal_top2500": 0.9199999570846558, "arousal_top3000": 0.9025000333786011, "arousal_top4000": 0.8899999856948853, "arousal_top5000": 0.8600000143051147, "arousal_top6000": 0.6399999856948853, "valence_top1500": 0.8824999928474426, "valence_top2000": 0.75, "valence_top2500": 0.6825000047683716, "valence_top3000": 0.3974999785423279, "valence_top4000": 0.39499998092651367, "valence_top5000": 0.39499998092651367, "valence_top6000": 0.39499998092651367, "happy_top1500": 0.8600000143051147, "happy_top2000": 0.875, "happy_top2500": 0.8575000166893005, "happy_top3000": 0.7574999928474426, "happy_top4000": 0.4399999976158142, "happy_top5000": 0.6324999928474426, "happy_top6000": 0.4025000035762787, "anger_top1500": 0.9025000333786011, "anger_top2000": 0.9125000238418579, "anger_top2500": 0.9075000286102295, "anger_top3000": 0.9125000238418579, "anger_top4000": 0.8999999761581421, "anger_top5000": 0.8799999952316284, "anger_top6000": 0.8550000190734863, "sad_top1500": 0.7574999928474426, "sad_top2000": 0.7599999904632568, "sad_top2500": 0.7150000333786011, "sad_top3000": 0.8100000023841858, "sad_top4000": 0.8774999976158142, "sad_top5000": 0.8524999618530273, "sad_top6000": 0.8174999952316284, "fear_top1500": 0.8924999833106995, "fear_top2000": 0.8774999976158142, "fear_top2500": 0.887499988079071, "fear_top3000": 0.8924999833106995, "fear_top4000": 0.887499988079071, "fear_top5000": 0.8725000023841858, "fear_top6000": 0.8374999761581421, "surprise_top1500": 0.9075000286102295, "surprise_top2000": 0.8975000381469727, "surprise_top2500": 0.9125000238418579, "surprise_top3000": 0.8824999928474426, "surprise_top4000": 0.8799999952316284, "surprise_top5000": 0.875, "surprise_top6000": 0.8725000023841858, "disgust_top1500": 0.9025000333786011, "disgust_top2000": 0.8999999761581421, "disgust_top2500": 0.9075000286102295, "disgust_top3000": 0.9099999666213989, "disgust_top4000": 0.9075000286102295, "disgust_top5000": 0.9074999690055847, "disgust_top6000": 0.8975000381469727, "control_top1500": 0.8899999856948853, "control_top2000": 0.8925000429153442, "control_top2500": 0.8849999904632568, "control_top3000": 0.8899999856948853, "control_top4000": 0.875, "control_top5000": 0.8774999976158142, "control_top6000": 0.8400000333786011, "fairness_top1500": 0.8949999809265137, "fairness_top2000": 0.8949999809265137, "fairness_top2500": 0.8949999809265137, "fairness_top3000": 0.8824999928474426, "fairness_top4000": 0.8700000047683716, "fairness_top5000": 0.7074999809265137, "fairness_top6000": 0.4324999749660492, "self-related_top1500": 0.8899999856948853, "self-related_top2000": 0.8925000429153442, "self-related_top2500": 0.8949999809265137, "self-related_top3000": 0.8999999761581421, "self-related_top4000": 0.9099999666213989, "self-related_top5000": 0.8700000047683716, "self-related_top6000": 0.8700000047683716, "other-related_top1500": 0.9074999690055847, "other-related_top2000": 0.9049999713897705, "other-related_top2500": 0.9024999737739563, "other-related_top3000": 0.8999999761581421, "other-related_top4000": 0.8774999976158142, "other-related_top5000": 0.8174999952316284, "other-related_top6000": 0.6050000190734863, "expectedness_top1500": 0.800000011920929, "expectedness_top2000": 0.8475000262260437, "expectedness_top2500": 0.8824999928474426, "expectedness_top3000": 0.875, "expectedness_top4000": 0.8500000238418579, "expectedness_top5000": 0.8949999809265137, "expectedness_top6000": 0.8849999904632568, "non-novelty_top1500": 0.9075000286102295, "non-novelty_top2000": 0.9149999618530273, "non-novelty_top2500": 0.9025000333786011, "non-novelty_top3000": 0.9075000286102295, "non-novelty_top4000": 0.887499988079071, "non-novelty_top5000": 0.8824999928474426, "non-novelty_top6000": 0.8799999952316284}