{"sentiment": "curiosity", "seed": 3, "arousal_top1500": 0.9149999618530273, "best": 0.9057291746139526, "arousal_top2000": 0.9131667017936707, "arousal_top2500": 0.9131667017936707, "arousal_top3000": 0.9092499613761902, "arousal_top4000": 0.8972499966621399, "arousal_top5000": 0.8990833163261414, "arousal_top6000": 0.8847500085830688, "valence_top1500": 0.8556667566299438, "valence_top2000": 0.8822500109672546, "valence_top2500": 0.9025833010673523, "valence_top3000": 0.9024999737739563, "valence_top4000": 0.8949167132377625, "valence_top5000": 0.8849166631698608, "valence_top6000": 0.8688332438468933, "happy_top1500": 0.8414166569709778, "happy_top2000": 0.8698332905769348, "happy_top2500": 0.8966667056083679, "happy_top3000": 0.8933333158493042, "happy_top4000": 0.8665000200271606, "happy_top5000": 0.8675000071525574, "happy_top6000": 0.8099166750907898, "anger_top1500": 0.8986667394638062, "anger_top2000": 0.8989167213439941, "anger_top2500": 0.8866666555404663, "anger_top3000": 0.8969999551773071, "anger_top4000": 0.9050832986831665, "anger_top5000": 0.8950833082199097, "anger_top6000": 0.8952500224113464, "sad_top1500": 0.9109999537467957, "sad_top2000": 0.9090832471847534, "sad_top2500": 0.8991667032241821, "sad_top3000": 0.9011667370796204, "sad_top4000": 0.8927499651908875, "sad_top5000": 0.8968333005905151, "sad_top6000": 0.8930000066757202, "fear_top1500": 0.8579999804496765, "fear_top2000": 0.8455833196640015, "fear_top2500": 0.8581666946411133, "fear_top3000": 0.8581666946411133, "fear_top4000": 0.7863333225250244, "fear_top5000": 0.7516666650772095, "fear_top6000": 0.8334166407585144, "surprise_top1500": 0.9109999537467957, "surprise_top2000": 0.9050000309944153, "surprise_top2500": 0.9068333506584167, "surprise_top3000": 0.9007499814033508, "surprise_top4000": 0.8932499885559082, "surprise_top5000": 0.8852500915527344, "surprise_top6000": 0.8256667256355286, "disgust_top1500": 0.9048333168029785, "disgust_top2000": 0.9048333168029785, "disgust_top2500": 0.9049999117851257, "disgust_top3000": 0.8989999890327454, "disgust_top4000": 0.9050832986831665, "disgust_top5000": 0.8890832662582397, "disgust_top6000": 0.8932499885559082, "control_top1500": 0.8764166831970215, "control_top2000": 0.8683333396911621, "control_top2500": 0.8478333353996277, "control_top3000": 0.8275833129882812, "control_top4000": 0.7256666421890259, "control_top5000": 0.7297500371932983, "control_top6000": 0.893416702747345, "fairness_top1500": 0.9171667098999023, "fairness_top2000": 0.909000039100647, "fairness_top2500": 0.9072500467300415, "fairness_top3000": 0.905166745185852, "fairness_top4000": 0.9092499613761902, "fairness_top5000": 0.8854999542236328, "fairness_top6000": 0.8708332777023315, "self-related_top1500": 0.9068333506584167, "self-related_top2000": 0.9068333506584167, "self-related_top2500": 0.9150000810623169, "self-related_top3000": 0.9129167795181274, "self-related_top4000": 0.9149166941642761, "self-related_top5000": 0.9032500386238098, "self-related_top6000": 0.8715000152587891, "other-related_top1500": 0.9088333249092102, "other-related_top2000": 0.9129166603088379, "other-related_top2500": 0.9071666598320007, "other-related_top3000": 0.9012500047683716, "other-related_top4000": 0.8913334012031555, "other-related_top5000": 0.5758333206176758, "other-related_top6000": 0.491833359003067, "expectedness_top1500": 0.909000039100647, "expectedness_top2000": 0.8864167332649231, "expectedness_top2500": 0.908750057220459, "expectedness_top3000": 0.8966667056083679, "expectedness_top4000": 0.909000039100647, "expectedness_top5000": 0.8887499570846558, "expectedness_top6000": 0.9029167294502258, "non-novelty_top1500": 0.8965832591056824, "non-novelty_top2000": 0.9028332829475403, "non-novelty_top2500": 0.906833291053772, "non-novelty_top3000": 0.9090832471847534, "non-novelty_top4000": 0.9047499895095825, "non-novelty_top5000": 0.9109166860580444, "non-novelty_top6000": 0.8992500305175781}