{"sentiment": "curiosity", "seed": 11, "arousal_top1500": 0.8989999890327454, "best": 0.9006510376930237, "arousal_top2000": 0.8989999890327454, "arousal_top2500": 0.8793333172798157, "arousal_top3000": 0.8674166798591614, "arousal_top4000": 0.5018333196640015, "arousal_top5000": 0.4818333685398102, "arousal_top6000": 0.5444999933242798, "valence_top1500": 0.8949167132377625, "valence_top2000": 0.8928333520889282, "valence_top2500": 0.8481666445732117, "valence_top3000": 0.8642500042915344, "valence_top4000": 0.565083384513855, "valence_top5000": 0.5262500047683716, "valence_top6000": 0.5181666612625122, "happy_top1500": 0.8866666555404663, "happy_top2000": 0.8744166493415833, "happy_top2500": 0.6897500157356262, "happy_top3000": 0.6915833950042725, "happy_top4000": 0.5221666097640991, "happy_top5000": 0.5181666612625122, "happy_top6000": 0.5181666612625122, "anger_top1500": 0.8989999890327454, "anger_top2000": 0.8989999890327454, "anger_top2500": 0.8969166874885559, "anger_top3000": 0.9010000228881836, "anger_top4000": 0.8991667032241821, "anger_top5000": 0.8948332667350769, "anger_top6000": 0.8804999589920044, "sad_top1500": 0.8989999890327454, "sad_top2000": 0.8989999890327454, "sad_top2500": 0.8827499151229858, "sad_top3000": 0.7193333506584167, "sad_top4000": 0.5181666612625122, "sad_top5000": 0.5525833368301392, "sad_top6000": 0.8215833902359009, "fear_top1500": 0.7871666550636292, "fear_top2000": 0.5424999594688416, "fear_top2500": 0.565083384513855, "fear_top3000": 0.5733333826065063, "fear_top4000": 0.5467499494552612, "fear_top5000": 0.7418333292007446, "fear_top6000": 0.5222499966621399, "surprise_top1500": 0.8949999809265137, "surprise_top2000": 0.893166720867157, "surprise_top2500": 0.8853333592414856, "surprise_top3000": 0.8911666870117188, "surprise_top4000": 0.8853333592414856, "surprise_top5000": 0.8654167056083679, "surprise_top6000": 0.8554166555404663, "disgust_top1500": 0.8969999551773071, "disgust_top2000": 0.8970000147819519, "disgust_top2500": 0.8989999890327454, "disgust_top3000": 0.8929166793823242, "disgust_top4000": 0.8969166874885559, "disgust_top5000": 0.8763333559036255, "disgust_top6000": 0.8867499232292175, "control_top1500": 0.8572500348091125, "control_top2000": 0.8232499957084656, "control_top2500": 0.8055000305175781, "control_top3000": 0.7910000085830688, "control_top4000": 0.8544999957084656, "control_top5000": 0.8752500414848328, "control_top6000": 0.4957500100135803, "fairness_top1500": 0.890916645526886, "fairness_top2000": 0.8969166874885559, "fairness_top2500": 0.8949167132377625, "fairness_top3000": 0.8888333439826965, "fairness_top4000": 0.8827499151229858, "fairness_top5000": 0.7991666793823242, "fairness_top6000": 0.8010833859443665, "self-related_top1500": 0.9010000228881836, "self-related_top2000": 0.9010000228881836, "self-related_top2500": 0.8949999809265137, "self-related_top3000": 0.8989999890327454, "self-related_top4000": 0.8989999890327454, "self-related_top5000": 0.8912500143051147, "self-related_top6000": 0.8892499804496765, "other-related_top1500": 0.8912500143051147, "other-related_top2000": 0.8913334012031555, "other-related_top2500": 0.8793333172798157, "other-related_top3000": 0.8714166879653931, "other-related_top4000": 0.8773333430290222, "other-related_top5000": 0.7957500219345093, "other-related_top6000": 0.4818333685398102, "expectedness_top1500": 0.8970832824707031, "expectedness_top2000": 0.9010000228881836, "expectedness_top2500": 0.8949167132377625, "expectedness_top3000": 0.8662500381469727, "expectedness_top4000": 0.6527500152587891, "expectedness_top5000": 0.5181666612625122, "expectedness_top6000": 0.5181666612625122, "non-novelty_top1500": 0.8930832743644714, "non-novelty_top2000": 0.8930832743644714, "non-novelty_top2500": 0.8952500224113464, "non-novelty_top3000": 0.8932501077651978, "non-novelty_top4000": 0.891333281993866, "non-novelty_top5000": 0.902999997138977, "non-novelty_top6000": 0.900999903678894}