{"sentiment": "curiosity", "seed": 1, "arousal_top1500": 0.8970832824707031, "best": 0.8967447876930237, "arousal_top2000": 0.8970832824707031, "arousal_top2500": 0.8930832743644714, "arousal_top3000": 0.8790833353996277, "arousal_top4000": 0.8730834126472473, "arousal_top5000": 0.8710833787918091, "arousal_top6000": 0.8869999647140503, "valence_top1500": 0.8130833506584167, "valence_top2000": 0.762499988079071, "valence_top2500": 0.7929166555404663, "valence_top3000": 0.7888333797454834, "valence_top4000": 0.8340832591056824, "valence_top5000": 0.7829999923706055, "valence_top6000": 0.5774166584014893, "happy_top1500": 0.7748333215713501, "happy_top2000": 0.7809166312217712, "happy_top2500": 0.7135833501815796, "happy_top3000": 0.746833324432373, "happy_top4000": 0.5854166746139526, "happy_top5000": 0.7642499804496765, "happy_top6000": 0.8287500143051147, "anger_top1500": 0.8847500085830688, "anger_top2000": 0.8661667108535767, "anger_top2500": 0.8579999804496765, "anger_top3000": 0.8868333101272583, "anger_top4000": 0.8789166212081909, "anger_top5000": 0.872583270072937, "anger_top6000": 0.8790833353996277, "sad_top1500": 0.8790833353996277, "sad_top2000": 0.877083420753479, "sad_top2500": 0.8730834126472473, "sad_top3000": 0.8790833353996277, "sad_top4000": 0.8810833096504211, "sad_top5000": 0.875083327293396, "sad_top6000": 0.8710833787918091, "fear_top1500": 0.8745832443237305, "fear_top2000": 0.872583270072937, "fear_top2500": 0.8604999780654907, "fear_top3000": 0.8705833554267883, "fear_top4000": 0.8664999008178711, "fear_top5000": 0.813583254814148, "fear_top6000": 0.8684999346733093, "surprise_top1500": 0.8910833597183228, "surprise_top2000": 0.8790833353996277, "surprise_top2500": 0.8930000066757202, "surprise_top3000": 0.8910833597183228, "surprise_top4000": 0.8510833978652954, "surprise_top5000": 0.7631666660308838, "surprise_top6000": 0.675000011920929, "disgust_top1500": 0.8949167132377625, "disgust_top2000": 0.8825833201408386, "disgust_top2500": 0.8682500123977661, "disgust_top3000": 0.8804166913032532, "disgust_top4000": 0.8785833120346069, "disgust_top5000": 0.843833327293396, "disgust_top6000": 0.8810833096504211, "control_top1500": 0.7994999885559082, "control_top2000": 0.8095000386238098, "control_top2500": 0.7297500371932983, "control_top3000": 0.734250009059906, "control_top4000": 0.7095000147819519, "control_top5000": 0.8341667056083679, "control_top6000": 0.8449167013168335, "fairness_top1500": 0.872499942779541, "fairness_top2000": 0.8705833554267883, "fairness_top2500": 0.8787499666213989, "fairness_top3000": 0.8846667408943176, "fairness_top4000": 0.8490833044052124, "fairness_top5000": 0.8187500238418579, "fairness_top6000": 0.8287500143051147, "self-related_top1500": 0.8930832743644714, "self-related_top2000": 0.8930832743644714, "self-related_top2500": 0.8930832743644714, "self-related_top3000": 0.8790833353996277, "self-related_top4000": 0.875083327293396, "self-related_top5000": 0.8710833787918091, "self-related_top6000": 0.8671666979789734, "other-related_top1500": 0.8929166793823242, "other-related_top2000": 0.890999972820282, "other-related_top2500": 0.8910833597183228, "other-related_top3000": 0.8870833516120911, "other-related_top4000": 0.8770833015441895, "other-related_top5000": 0.47349995374679565, "other-related_top6000": 0.47349995374679565, "expectedness_top1500": 0.8950833082199097, "expectedness_top2000": 0.8990833163261414, "expectedness_top2500": 0.8908332586288452, "expectedness_top3000": 0.8950833082199097, "expectedness_top4000": 0.8930000066757202, "expectedness_top5000": 0.8602499961853027, "expectedness_top6000": 0.7505000233650208, "non-novelty_top1500": 0.8888333439826965, "non-novelty_top2000": 0.8886667490005493, "non-novelty_top2500": 0.8847500085830688, "non-novelty_top3000": 0.8867500424385071, "non-novelty_top4000": 0.8809165954589844, "non-novelty_top5000": 0.8830000162124634, "non-novelty_top6000": 0.8850000500679016}