{"sentiment": "curiosity", "seed": 13, "arousal_top1500": 0.903333306312561, "best": 0.9203125238418579, "arousal_top2000": 0.8993332982063293, "arousal_top2500": 0.8793333172798157, "arousal_top3000": 0.8713333010673523, "arousal_top4000": 0.825583279132843, "arousal_top5000": 0.5196666121482849, "arousal_top6000": 0.5256666541099548, "valence_top1500": 0.9132499694824219, "valence_top2000": 0.9032500386238098, "valence_top2500": 0.887416660785675, "valence_top3000": 0.8555000424385071, "valence_top4000": 0.6457499861717224, "valence_top5000": 0.5175833106040955, "valence_top6000": 0.5554167032241821, "happy_top1500": 0.9032499194145203, "happy_top2000": 0.8914999961853027, "happy_top2500": 0.8095000386238098, "happy_top3000": 0.565666675567627, "happy_top4000": 0.5516666173934937, "happy_top5000": 0.5276666879653931, "happy_top6000": 0.4936666488647461, "anger_top1500": 0.9152500033378601, "anger_top2000": 0.9113333821296692, "anger_top2500": 0.8973333239555359, "anger_top3000": 0.8893333673477173, "anger_top4000": 0.8833333253860474, "anger_top5000": 0.8773332834243774, "anger_top6000": 0.8633333444595337, "sad_top1500": 0.891333281993866, "sad_top2000": 0.8833333253860474, "sad_top2500": 0.8853333592414856, "sad_top3000": 0.8654999732971191, "sad_top4000": 0.8694165945053101, "sad_top5000": 0.8414166569709778, "sad_top6000": 0.6815833449363708, "fear_top1500": 0.8873332738876343, "fear_top2000": 0.8832500576972961, "fear_top2500": 0.8813333511352539, "fear_top3000": 0.8813333511352539, "fear_top4000": 0.8370833396911621, "fear_top5000": 0.7593333721160889, "fear_top6000": 0.7514166235923767, "surprise_top1500": 0.9152500033378601, "surprise_top2000": 0.9113333821296692, "surprise_top2500": 0.9113333821296692, "surprise_top3000": 0.9070833325386047, "surprise_top4000": 0.8988333940505981, "surprise_top5000": 0.890999972820282, "surprise_top6000": 0.8732500076293945, "disgust_top1500": 0.9153333902359009, "disgust_top2000": 0.909333348274231, "disgust_top2500": 0.8973333239555359, "disgust_top3000": 0.8993332982063293, "disgust_top4000": 0.8813333511352539, "disgust_top5000": 0.8813333511352539, "disgust_top6000": 0.859333336353302, "control_top1500": 0.859333336353302, "control_top2000": 0.8214166760444641, "control_top2500": 0.8392499685287476, "control_top3000": 0.8269999623298645, "control_top4000": 0.5816666483879089, "control_top5000": 0.5817500352859497, "control_top6000": 0.5076666474342346, "fairness_top1500": 0.9032499194145203, "fairness_top2000": 0.8853333592414856, "fairness_top2500": 0.8893333673477173, "fairness_top3000": 0.8694167137145996, "fairness_top4000": 0.8595000505447388, "fairness_top5000": 0.8693333864212036, "fairness_top6000": 0.8334166407585144, "self-related_top1500": 0.903333306312561, "self-related_top2000": 0.907333254814148, "self-related_top2500": 0.8953332901000977, "self-related_top3000": 0.8853333592414856, "self-related_top4000": 0.8813333511352539, "self-related_top5000": 0.8375832438468933, "self-related_top6000": 0.6817499995231628, "other-related_top1500": 0.9053333401679993, "other-related_top2000": 0.891333281993866, "other-related_top2500": 0.8615833520889282, "other-related_top3000": 0.7037500143051147, "other-related_top4000": 0.7436665892601013, "other-related_top5000": 0.4816666543483734, "other-related_top6000": 0.4816666543483734, "expectedness_top1500": 0.9112499952316284, "expectedness_top2000": 0.909166693687439, "expectedness_top2500": 0.903083324432373, "expectedness_top3000": 0.903166651725769, "expectedness_top4000": 0.8993332982063293, "expectedness_top5000": 0.9053333401679993, "expectedness_top6000": 0.8953332901000977, "non-novelty_top1500": 0.9071666598320007, "non-novelty_top2000": 0.9072500467300415, "non-novelty_top2500": 0.909333348274231, "non-novelty_top3000": 0.9013333320617676, "non-novelty_top4000": 0.8891666531562805, "non-novelty_top5000": 0.8765833973884583, "non-novelty_top6000": 0.8457500338554382}