{"sentiment": "curiosity", "seed": 7, "arousal_top1500": 0.9015000462532043, "best": 0.9161458015441895, "arousal_top2000": 0.9014999270439148, "arousal_top2500": 0.8995000123977661, "arousal_top3000": 0.8934999704360962, "arousal_top4000": 0.7638333439826965, "arousal_top5000": 0.7776666879653931, "arousal_top6000": 0.8795833587646484, "valence_top1500": 0.861916720867157, "valence_top2000": 0.8642500042915344, "valence_top2500": 0.8974999189376831, "valence_top3000": 0.8932499885559082, "valence_top4000": 0.8889999389648438, "valence_top5000": 0.78166663646698, "valence_top6000": 0.5956666469573975, "happy_top1500": 0.874250054359436, "happy_top2000": 0.8930832743644714, "happy_top2500": 0.8949166536331177, "happy_top3000": 0.8975833654403687, "happy_top4000": 0.8630000352859497, "happy_top5000": 0.8667499423027039, "happy_top6000": 0.8474166989326477, "anger_top1500": 0.9135832786560059, "anger_top2000": 0.9154999852180481, "anger_top2500": 0.907333254814148, "anger_top3000": 0.9035833477973938, "anger_top4000": 0.8916667103767395, "anger_top5000": 0.6935833692550659, "anger_top6000": 0.6397500038146973, "sad_top1500": 0.8695833086967468, "sad_top2000": 0.843666672706604, "sad_top2500": 0.8496667146682739, "sad_top3000": 0.7957500219345093, "sad_top4000": 0.765916645526886, "sad_top5000": 0.48375001549720764, "sad_top6000": 0.4777500033378601, "fear_top1500": 0.8895000219345093, "fear_top2000": 0.893416702747345, "fear_top2500": 0.8954166173934937, "fear_top3000": 0.8894166946411133, "fear_top4000": 0.703666627407074, "fear_top5000": 0.8592499494552612, "fear_top6000": 0.8469999432563782, "surprise_top1500": 0.9055832624435425, "surprise_top2000": 0.903499960899353, "surprise_top2500": 0.8975833058357239, "surprise_top3000": 0.8915833234786987, "surprise_top4000": 0.8815833926200867, "surprise_top5000": 0.8675000071525574, "surprise_top6000": 0.6637500524520874, "disgust_top1500": 0.9113332629203796, "disgust_top2000": 0.909333348274231, "disgust_top2500": 0.9094999432563782, "disgust_top3000": 0.905500054359436, "disgust_top4000": 0.8955833315849304, "disgust_top5000": 0.8916667103767395, "disgust_top6000": 0.8257499933242798, "control_top1500": 0.8257499933242798, "control_top2000": 0.7295833826065063, "control_top2500": 0.8636666536331177, "control_top3000": 0.7735833525657654, "control_top4000": 0.8755833506584167, "control_top5000": 0.8216667175292969, "control_top6000": 0.4777500033378601, "fairness_top1500": 0.9050000309944153, "fairness_top2000": 0.8975833654403687, "fairness_top2500": 0.9093332290649414, "fairness_top3000": 0.8895000219345093, "fairness_top4000": 0.8676667213439941, "fairness_top5000": 0.5458333492279053, "fairness_top6000": 0.4777500033378601, "self-related_top1500": 0.9074167013168335, "self-related_top2000": 0.909333348274231, "self-related_top2500": 0.9074999690055847, "self-related_top3000": 0.8915833234786987, "self-related_top4000": 0.8657499551773071, "self-related_top5000": 0.7378333806991577, "self-related_top6000": 0.4857500195503235, "other-related_top1500": 0.9129999876022339, "other-related_top2000": 0.9192500114440918, "other-related_top2500": 0.903499960899353, "other-related_top3000": 0.8995833396911621, "other-related_top4000": 0.8856666684150696, "other-related_top5000": 0.5103333592414856, "other-related_top6000": 0.4777500033378601, "expectedness_top1500": 0.9069167375564575, "expectedness_top2000": 0.909000039100647, "expectedness_top2500": 0.9026666879653931, "expectedness_top3000": 0.8970832824707031, "expectedness_top4000": 0.893416702747345, "expectedness_top5000": 0.8990833163261414, "expectedness_top6000": 0.8785833120346069, "non-novelty_top1500": 0.9133332967758179, "non-novelty_top2000": 0.903333306312561, "non-novelty_top2500": 0.9014166593551636, "non-novelty_top3000": 0.893500030040741, "non-novelty_top4000": 0.8975833058357239, "non-novelty_top5000": 0.877750039100647, "non-novelty_top6000": 0.8557499647140503}