{"sentiment": "curiosity", "seed": 15, "arousal_top1500": 0.8945833444595337, "best": 0.9078124761581421, "arousal_top2000": 0.8907500505447388, "arousal_top2500": 0.8927499651908875, "arousal_top3000": 0.8847500085830688, "arousal_top4000": 0.8587499856948853, "arousal_top5000": 0.7394999861717224, "arousal_top6000": 0.8151666522026062, "valence_top1500": 0.859749972820282, "valence_top2000": 0.7889166474342346, "valence_top2500": 0.8640832901000977, "valence_top3000": 0.862166702747345, "valence_top4000": 0.8704166412353516, "valence_top5000": 0.8688333630561829, "valence_top6000": 0.8644999265670776, "happy_top1500": 0.8700833320617676, "happy_top2000": 0.8050000071525574, "happy_top2500": 0.8540000915527344, "happy_top3000": 0.8765000104904175, "happy_top4000": 0.8114999532699585, "happy_top5000": 0.7034167051315308, "happy_top6000": 0.5100833177566528, "anger_top1500": 0.8944999575614929, "anger_top2000": 0.8864166140556335, "anger_top2500": 0.8925000429153442, "anger_top3000": 0.8865833282470703, "anger_top4000": 0.8887499570846558, "anger_top5000": 0.8887499570846558, "anger_top6000": 0.8927499651908875, "sad_top1500": 0.8887500762939453, "sad_top2000": 0.8807500004768372, "sad_top2500": 0.8768333196640015, "sad_top3000": 0.8768333196640015, "sad_top4000": 0.8947499990463257, "sad_top5000": 0.8648333549499512, "sad_top6000": 0.8908332586288452, "fear_top1500": 0.8825833201408386, "fear_top2000": 0.8681666254997253, "fear_top2500": 0.8640832901000977, "fear_top3000": 0.8663333058357239, "fear_top4000": 0.8642500042915344, "fear_top5000": 0.7928333878517151, "fear_top6000": 0.7767499685287476, "surprise_top1500": 0.8987500071525574, "surprise_top2000": 0.8907500505447388, "surprise_top2500": 0.8927499651908875, "surprise_top3000": 0.8927499651908875, "surprise_top4000": 0.8848333358764648, "surprise_top5000": 0.8669999837875366, "surprise_top6000": 0.7354166507720947, "disgust_top1500": 0.9026667475700378, "disgust_top2000": 0.9027500152587891, "disgust_top2500": 0.8965832591056824, "disgust_top3000": 0.8865833282470703, "disgust_top4000": 0.8927499651908875, "disgust_top5000": 0.8783332705497742, "disgust_top6000": 0.8888333439826965, "control_top1500": 0.8486666679382324, "control_top2000": 0.7927500009536743, "control_top2500": 0.6712499856948853, "control_top3000": 0.5264166593551636, "control_top4000": 0.5223333239555359, "control_top5000": 0.5100833177566528, "control_top6000": 0.5182499885559082, "fairness_top1500": 0.8741666674613953, "fairness_top2000": 0.8681666254997253, "fairness_top2500": 0.8784999847412109, "fairness_top3000": 0.8764999508857727, "fairness_top4000": 0.8766667246818542, "fairness_top5000": 0.8174166679382324, "fairness_top6000": 0.7829166650772095, "self-related_top1500": 0.9027500152587891, "self-related_top2000": 0.8946666717529297, "self-related_top2500": 0.8987500071525574, "self-related_top3000": 0.8947499990463257, "self-related_top4000": 0.8987500071525574, "self-related_top5000": 0.8868333697319031, "self-related_top6000": 0.8688333630561829, "other-related_top1500": 0.9006667137145996, "other-related_top2000": 0.9007499814033508, "other-related_top2500": 0.8947499990463257, "other-related_top3000": 0.8728333711624146, "other-related_top4000": 0.6636666655540466, "other-related_top5000": 0.4899166524410248, "other-related_top6000": 0.4899166524410248, "expectedness_top1500": 0.8967499732971191, "expectedness_top2000": 0.8986666798591614, "expectedness_top2500": 0.8947499990463257, "expectedness_top3000": 0.8946666717529297, "expectedness_top4000": 0.8947499990463257, "expectedness_top5000": 0.8987500071525574, "expectedness_top6000": 0.8844166994094849, "non-novelty_top1500": 0.8985832929611206, "non-novelty_top2000": 0.8985832929611206, "non-novelty_top2500": 0.8965832591056824, "non-novelty_top3000": 0.8985832929611206, "non-novelty_top4000": 0.8763333559036255, "non-novelty_top5000": 0.8680832982063293, "non-novelty_top6000": 0.8845000267028809}