{"sentiment": "curiosity", "seed": 19, "arousal_top1500": 0.9110833406448364, "best": 0.9223958253860474, "arousal_top2000": 0.9110833406448364, "arousal_top2500": 0.9109999537467957, "arousal_top3000": 0.905166745185852, "arousal_top4000": 0.8989999890327454, "arousal_top5000": 0.8790833353996277, "arousal_top6000": 0.8046666979789734, "valence_top1500": 0.8335833549499512, "valence_top2000": 0.7907500267028809, "valence_top2500": 0.7847499847412109, "valence_top3000": 0.8417499661445618, "valence_top4000": 0.8764999508857727, "valence_top5000": 0.8641667366027832, "valence_top6000": 0.8417499661445618, "happy_top1500": 0.7738333344459534, "happy_top2000": 0.6966666579246521, "happy_top2500": 0.7478333711624146, "happy_top3000": 0.8397499918937683, "happy_top4000": 0.581333339214325, "happy_top5000": 0.7871666550636292, "happy_top6000": 0.528666615486145, "anger_top1500": 0.9150832891464233, "anger_top2000": 0.9109999537467957, "anger_top2500": 0.9010000228881836, "anger_top3000": 0.9010000228881836, "anger_top4000": 0.8990833163261414, "anger_top5000": 0.8910833597183228, "anger_top6000": 0.8969999551773071, "sad_top1500": 0.9110833406448364, "sad_top2000": 0.9010833501815796, "sad_top2500": 0.8950833082199097, "sad_top3000": 0.890999972820282, "sad_top4000": 0.8863332867622375, "sad_top5000": 0.8890000581741333, "sad_top6000": 0.8530000448226929, "fear_top1500": 0.9047500491142273, "fear_top2000": 0.8886667490005493, "fear_top2500": 0.8988332748413086, "fear_top3000": 0.8949167132377625, "fear_top4000": 0.8723333477973938, "fear_top5000": 0.7278333902359009, "fear_top6000": 0.8399167060852051, "surprise_top1500": 0.9109999537467957, "surprise_top2000": 0.909083366394043, "surprise_top2500": 0.9111666679382324, "surprise_top3000": 0.9071666598320007, "surprise_top4000": 0.8610833287239075, "surprise_top5000": 0.7231666445732117, "surprise_top6000": 0.593583345413208, "disgust_top1500": 0.9109999537467957, "disgust_top2000": 0.9110833406448364, "disgust_top2500": 0.9050000309944153, "disgust_top3000": 0.9010000228881836, "disgust_top4000": 0.8989999890327454, "disgust_top5000": 0.8910833597183228, "disgust_top6000": 0.8791667222976685, "control_top1500": 0.8703333139419556, "control_top2000": 0.8581666946411133, "control_top2500": 0.7743333578109741, "control_top3000": 0.778499960899353, "control_top4000": 0.675000011920929, "control_top5000": 0.6582499742507935, "control_top6000": 0.8109999895095825, "fairness_top1500": 0.9088333249092102, "fairness_top2000": 0.9110833406448364, "fairness_top2500": 0.903083324432373, "fairness_top3000": 0.8805832862854004, "fairness_top4000": 0.8704166412353516, "fairness_top5000": 0.7988333702087402, "fairness_top6000": 0.5410000085830688, "self-related_top1500": 0.9171667098999023, "self-related_top2000": 0.9110833406448364, "self-related_top2500": 0.9030000567436218, "self-related_top3000": 0.9010833501815796, "self-related_top4000": 0.893083393573761, "self-related_top5000": 0.8729166984558105, "self-related_top6000": 0.8349167108535767, "other-related_top1500": 0.9108333587646484, "other-related_top2000": 0.9109999537467957, "other-related_top2500": 0.909000039100647, "other-related_top3000": 0.906999945640564, "other-related_top4000": 0.8968333005905151, "other-related_top5000": 0.6130000352859497, "other-related_top6000": 0.47341665625572205, "expectedness_top1500": 0.909166693687439, "expectedness_top2000": 0.9111666679382324, "expectedness_top2500": 0.903083324432373, "expectedness_top3000": 0.9050832986831665, "expectedness_top4000": 0.8970834016799927, "expectedness_top5000": 0.8785833120346069, "expectedness_top6000": 0.8847500085830688, "non-novelty_top1500": 0.918999969959259, "non-novelty_top2000": 0.9088333249092102, "non-novelty_top2500": 0.8845833539962769, "non-novelty_top3000": 0.8844999074935913, "non-novelty_top4000": 0.7078333497047424, "non-novelty_top5000": 0.752583384513855, "non-novelty_top6000": 0.809416651725769}