{"sentiment": "curiosity", "seed": 9, "arousal_top1500": 0.9292500615119934, "best": 0.930859386920929, "arousal_top2000": 0.9252500534057617, "arousal_top2500": 0.9212499856948853, "arousal_top3000": 0.9153332710266113, "arousal_top4000": 0.9153332710266113, "arousal_top5000": 0.8949167132377625, "arousal_top6000": 0.6079166531562805, "valence_top1500": 0.9193333387374878, "valence_top2000": 0.8524166941642761, "valence_top2500": 0.8449166417121887, "valence_top3000": 0.7868333458900452, "valence_top4000": 0.7432500123977661, "valence_top5000": 0.6397500038146973, "valence_top6000": 0.6825000047683716, "happy_top1500": 0.8280000686645508, "happy_top2000": 0.6851666569709778, "happy_top2500": 0.5250833034515381, "happy_top3000": 0.6144999861717224, "happy_top4000": 0.5125833749771118, "happy_top5000": 0.42508330941200256, "happy_top6000": 0.5045833587646484, "anger_top1500": 0.9292500615119934, "anger_top2000": 0.9231667518615723, "anger_top2500": 0.9212499856948853, "anger_top3000": 0.9234999418258667, "anger_top4000": 0.8994167447090149, "anger_top5000": 0.8893333673477173, "anger_top6000": 0.8815000653266907, "sad_top1500": 0.9034167528152466, "sad_top2000": 0.8833333253860474, "sad_top2500": 0.8795833587646484, "sad_top3000": 0.8814166784286499, "sad_top4000": 0.8833333849906921, "sad_top5000": 0.8374999761581421, "sad_top6000": 0.6974999904632568, "fear_top1500": 0.903333306312561, "fear_top2000": 0.909333348274231, "fear_top2500": 0.8953332901000977, "fear_top3000": 0.8873333930969238, "fear_top4000": 0.909500002861023, "fear_top5000": 0.9112499952316284, "fear_top6000": 0.8954167366027832, "surprise_top1500": 0.9251667261123657, "surprise_top2000": 0.9113332629203796, "surprise_top2500": 0.907333254814148, "surprise_top3000": 0.8973333239555359, "surprise_top4000": 0.8695833086967468, "surprise_top5000": 0.8335000276565552, "surprise_top6000": 0.6737500429153442, "disgust_top1500": 0.9272500276565552, "disgust_top2000": 0.9292500615119934, "disgust_top2500": 0.9173333048820496, "disgust_top3000": 0.9233332872390747, "disgust_top4000": 0.909416675567627, "disgust_top5000": 0.8993332982063293, "disgust_top6000": 0.8953334093093872, "control_top1500": 0.9111666679382324, "control_top2000": 0.909000039100647, "control_top2500": 0.8949167132377625, "control_top3000": 0.6629999876022339, "control_top4000": 0.659083366394043, "control_top5000": 0.6367500424385071, "control_top6000": 0.840583324432373, "fairness_top1500": 0.9213333129882812, "fairness_top2000": 0.9113332629203796, "fairness_top2500": 0.9074999690055847, "fairness_top3000": 0.8993332982063293, "fairness_top4000": 0.7253333330154419, "fairness_top5000": 0.6935000419616699, "fairness_top6000": 0.5411666631698608, "self-related_top1500": 0.9272500276565552, "self-related_top2000": 0.9272500276565552, "self-related_top2500": 0.9293333292007446, "self-related_top3000": 0.9173333048820496, "self-related_top4000": 0.9194167256355286, "self-related_top5000": 0.8814166784286499, "self-related_top6000": 0.8675000071525574, "other-related_top1500": 0.9272500276565552, "other-related_top2000": 0.9272500276565552, "other-related_top2500": 0.9272500276565552, "other-related_top3000": 0.9272500276565552, "other-related_top4000": 0.9212499856948853, "other-related_top5000": 0.5207499861717224, "other-related_top6000": 0.5433334112167358, "expectedness_top1500": 0.9152500033378601, "expectedness_top2000": 0.9152500033378601, "expectedness_top2500": 0.919333279132843, "expectedness_top3000": 0.9133332967758179, "expectedness_top4000": 0.8914167284965515, "expectedness_top5000": 0.8974167108535767, "expectedness_top6000": 0.8813333511352539, "non-novelty_top1500": 0.9192500114440918, "non-novelty_top2000": 0.9232500195503235, "non-novelty_top2500": 0.9232500195503235, "non-novelty_top3000": 0.9272500276565552, "non-novelty_top4000": 0.9232500195503235, "non-novelty_top5000": 0.9232500195503235, "non-novelty_top6000": 0.9110833406448364}