{"sentiment": "curiosity", "seed": 42, "arousal_top1500": 0.8966666460037231, "best": 0.8962239623069763, "arousal_top2000": 0.8946666717529297, "arousal_top2500": 0.8766667246818542, "arousal_top3000": 0.8647500276565552, "arousal_top4000": 0.8550000190734863, "arousal_top5000": 0.8389166593551636, "arousal_top6000": 0.8485833406448364, "valence_top1500": 0.890666663646698, "valence_top2000": 0.8786666989326477, "valence_top2500": 0.8628333806991577, "valence_top3000": 0.8688333630561829, "valence_top4000": 0.8209999799728394, "valence_top5000": 0.637333333492279, "valence_top6000": 0.5827500224113464, "happy_top1500": 0.8785833120346069, "happy_top2000": 0.8664166331291199, "happy_top2500": 0.8828333616256714, "happy_top3000": 0.8687499761581421, "happy_top4000": 0.5895833373069763, "happy_top5000": 0.8318332433700562, "happy_top6000": 0.5246666669845581, "anger_top1500": 0.8806666135787964, "anger_top2000": 0.8727499842643738, "anger_top2500": 0.8567500114440918, "anger_top3000": 0.8470832705497742, "anger_top4000": 0.815416693687439, "anger_top5000": 0.7336666584014893, "anger_top6000": 0.6896666288375854, "sad_top1500": 0.8708333969116211, "sad_top2000": 0.8609167337417603, "sad_top2500": 0.8649999499320984, "sad_top3000": 0.8071666955947876, "sad_top4000": 0.846833348274231, "sad_top5000": 0.4854166507720947, "sad_top6000": 0.4854166507720947, "fear_top1500": 0.8846666216850281, "fear_top2000": 0.862583339214325, "fear_top2500": 0.8726666569709778, "fear_top3000": 0.8686666488647461, "fear_top4000": 0.827833354473114, "fear_top5000": 0.6667500138282776, "fear_top6000": 0.5651666522026062, "surprise_top1500": 0.8707500696182251, "surprise_top2000": 0.85875004529953, "surprise_top2500": 0.8667500615119934, "surprise_top3000": 0.8766666650772095, "surprise_top4000": 0.8567500114440918, "surprise_top5000": 0.8209999799728394, "surprise_top6000": 0.5434166193008423, "disgust_top1500": 0.8966667056083679, "disgust_top2000": 0.8786666989326477, "disgust_top2500": 0.8606667518615723, "disgust_top3000": 0.8606667518615723, "disgust_top4000": 0.827416718006134, "disgust_top5000": 0.8332500457763672, "disgust_top6000": 0.6056666970252991, "control_top1500": 0.8744999170303345, "control_top2000": 0.846166729927063, "control_top2500": 0.7952499985694885, "control_top3000": 0.7115833163261414, "control_top4000": 0.5877500176429749, "control_top5000": 0.6955833435058594, "control_top6000": 0.7770000100135803, "fairness_top1500": 0.8807500600814819, "fairness_top2000": 0.8767499923706055, "fairness_top2500": 0.8627500534057617, "fairness_top3000": 0.8727499842643738, "fairness_top4000": 0.8033332824707031, "fairness_top5000": 0.7962499856948853, "fairness_top6000": 0.7322500348091125, "self-related_top1500": 0.8966666460037231, "self-related_top2000": 0.8986666798591614, "self-related_top2500": 0.8826667070388794, "self-related_top3000": 0.8628333210945129, "self-related_top4000": 0.8667500615119934, "self-related_top5000": 0.8409167528152466, "self-related_top6000": 0.7832499742507935, "other-related_top1500": 0.8925833702087402, "other-related_top2000": 0.8865833282470703, "other-related_top2500": 0.8626667261123657, "other-related_top3000": 0.8485833406448364, "other-related_top4000": 0.846583366394043, "other-related_top5000": 0.47325000166893005, "other-related_top6000": 0.48141664266586304, "expectedness_top1500": 0.8926666975021362, "expectedness_top2000": 0.890666663646698, "expectedness_top2500": 0.890583336353302, "expectedness_top3000": 0.8826667070388794, "expectedness_top4000": 0.8608333468437195, "expectedness_top5000": 0.874666690826416, "expectedness_top6000": 0.8587499856948853, "non-novelty_top1500": 0.8945833444595337, "non-novelty_top2000": 0.8925833702087402, "non-novelty_top2500": 0.8925832509994507, "non-novelty_top3000": 0.8966666460037231, "non-novelty_top4000": 0.874666690826416, "non-novelty_top5000": 0.8867499232292175, "non-novelty_top6000": 0.8886667490005493}