{"sentiment": "desire", "seed": 9, "arousal_top1500": 0.9064815044403076, "best": 0.8961039185523987, "arousal_top2000": 0.8879629373550415, "arousal_top2500": 0.8707407712936401, "arousal_top3000": 0.8557407855987549, "arousal_top4000": 0.815740704536438, "arousal_top5000": 0.6792592406272888, "arousal_top6000": 0.4412963092327118, "valence_top1500": 0.835185170173645, "valence_top2000": 0.7540740966796875, "valence_top2500": 0.7390740513801575, "valence_top3000": 0.7598147988319397, "valence_top4000": 0.5446296334266663, "valence_top5000": 0.5831481218338013, "valence_top6000": 0.4085184931755066, "happy_top1500": 0.7725926041603088, "happy_top2000": 0.646481454372406, "happy_top2500": 0.5168518424034119, "happy_top3000": 0.7190740704536438, "happy_top4000": 0.3942592442035675, "happy_top5000": 0.5587036609649658, "happy_top6000": 0.3942592442035675, "anger_top1500": 0.8922221660614014, "anger_top2000": 0.8607407808303833, "anger_top2500": 0.8557407855987549, "anger_top3000": 0.8507407903671265, "anger_top4000": 0.8507407903671265, "anger_top5000": 0.8607407808303833, "anger_top6000": 0.7857407331466675, "sad_top1500": 0.8057407140731812, "sad_top2000": 0.8007407188415527, "sad_top2500": 0.8007407188415527, "sad_top3000": 0.7907407283782959, "sad_top4000": 0.8394444584846497, "sad_top5000": 0.7807407379150391, "sad_top6000": 0.7672221660614014, "fear_top1500": 0.7911111116409302, "fear_top2000": 0.6707407236099243, "fear_top2500": 0.7112963199615479, "fear_top3000": 0.7162963151931763, "fear_top4000": 0.5488889217376709, "fear_top5000": 0.46481481194496155, "fear_top6000": 0.5303703546524048, "surprise_top1500": 0.885185182094574, "surprise_top2000": 0.9037036895751953, "surprise_top2500": 0.9079629182815552, "surprise_top3000": 0.8801851868629456, "surprise_top4000": 0.8364814519882202, "surprise_top5000": 0.8100000023841858, "surprise_top6000": 0.7914814949035645, "disgust_top1500": 0.8837037086486816, "disgust_top2000": 0.8779629468917847, "disgust_top2500": 0.8457407355308533, "disgust_top3000": 0.8507407903671265, "disgust_top4000": 0.8707407712936401, "disgust_top5000": 0.8394444584846497, "disgust_top6000": 0.8764815330505371, "control_top1500": 0.8672221899032593, "control_top2000": 0.8664814829826355, "control_top2500": 0.8679629564285278, "control_top3000": 0.8401851654052734, "control_top4000": 0.7861111164093018, "control_top5000": 0.7440740466117859, "control_top6000": 0.8201851844787598, "fairness_top1500": 0.798703670501709, "fairness_top2000": 0.821481466293335, "fairness_top2500": 0.8029629588127136, "fairness_top3000": 0.8129629492759705, "fairness_top4000": 0.8116666674613953, "fairness_top5000": 0.7894444465637207, "fairness_top6000": 0.7518518567085266, "self-related_top1500": 0.8701851963996887, "self-related_top2000": 0.8837037086486816, "self-related_top2500": 0.8787037134170532, "self-related_top3000": 0.8829629421234131, "self-related_top4000": 0.8829629421234131, "self-related_top5000": 0.8622221946716309, "self-related_top6000": 0.8614814877510071, "other-related_top1500": 0.8659259080886841, "other-related_top2000": 0.8709259033203125, "other-related_top2500": 0.8709259033203125, "other-related_top3000": 0.8374074101448059, "other-related_top4000": 0.6977777481079102, "other-related_top5000": 0.5138888955116272, "other-related_top6000": 0.6190740466117859, "expectedness_top1500": 0.8666666746139526, "expectedness_top2000": 0.8288888931274414, "expectedness_top2500": 0.8288888931274414, "expectedness_top3000": 0.8138889074325562, "expectedness_top4000": 0.8644444346427917, "expectedness_top5000": 0.7035185098648071, "expectedness_top6000": 0.4798147976398468, "non-novelty_top1500": 0.8794444799423218, "non-novelty_top2000": 0.8937036991119385, "non-novelty_top2500": 0.8929629325866699, "non-novelty_top3000": 0.8787037134170532, "non-novelty_top4000": 0.7290740609169006, "non-novelty_top5000": 0.8424074053764343, "non-novelty_top6000": 0.8837037086486816}