{"sentiment": "desire", "seed": 15, "arousal_top1500": 0.8709259033203125, "best": 0.8766233921051025, "arousal_top2000": 0.8566666841506958, "arousal_top2500": 0.8501851558685303, "arousal_top3000": 0.8387036919593811, "arousal_top4000": 0.7564815282821655, "arousal_top5000": 0.5964815020561218, "arousal_top6000": 0.6064814925193787, "valence_top1500": 0.818148136138916, "valence_top2000": 0.8301851749420166, "valence_top2500": 0.8594444394111633, "valence_top3000": 0.8279629945755005, "valence_top4000": 0.7822222113609314, "valence_top5000": 0.6864814758300781, "valence_top6000": 0.6914814710617065, "happy_top1500": 0.8659259080886841, "happy_top2000": 0.8814815282821655, "happy_top2500": 0.8729629516601562, "happy_top3000": 0.8072222471237183, "happy_top4000": 0.8244444131851196, "happy_top5000": 0.7214815020561218, "happy_top6000": 0.4035184979438782, "anger_top1500": 0.8566666841506958, "anger_top2000": 0.8659259080886841, "anger_top2500": 0.8609259128570557, "anger_top3000": 0.8559259176254272, "anger_top4000": 0.8701851963996887, "anger_top5000": 0.8879629373550415, "anger_top6000": 0.8837037086486816, "sad_top1500": 0.8594444394111633, "sad_top2000": 0.8487037420272827, "sad_top2500": 0.8487037420272827, "sad_top3000": 0.8287037014961243, "sad_top4000": 0.7479629516601562, "sad_top5000": 0.6214814782142639, "sad_top6000": 0.5964815020561218, "fear_top1500": 0.871666669845581, "fear_top2000": 0.8759258985519409, "fear_top2500": 0.8709259033203125, "fear_top3000": 0.8559259176254272, "fear_top4000": 0.8301851749420166, "fear_top5000": 0.8266666531562805, "fear_top6000": 0.7709259390830994, "surprise_top1500": 0.8794444799423218, "surprise_top2000": 0.8737037181854248, "surprise_top2500": 0.8737037181854248, "surprise_top3000": 0.8787037134170532, "surprise_top4000": 0.8229629993438721, "surprise_top5000": 0.6864814758300781, "surprise_top6000": 0.6064814925193787, "disgust_top1500": 0.8609259128570557, "disgust_top2000": 0.8559259176254272, "disgust_top2500": 0.8609259128570557, "disgust_top3000": 0.8559259176254272, "disgust_top4000": 0.8701851963996887, "disgust_top5000": 0.8887037038803101, "disgust_top6000": 0.8744444847106934, "control_top1500": 0.8366666436195374, "control_top2000": 0.8301851749420166, "control_top2500": 0.8444444537162781, "control_top3000": 0.7481481432914734, "control_top4000": 0.695555567741394, "control_top5000": 0.6735185384750366, "control_top6000": 0.6472222208976746, "fairness_top1500": 0.8374074101448059, "fairness_top2000": 0.8687037229537964, "fairness_top2500": 0.8337036967277527, "fairness_top3000": 0.8237037062644958, "fairness_top4000": 0.8687037229537964, "fairness_top5000": 0.7814815044403076, "fairness_top6000": 0.7168518304824829, "self-related_top1500": 0.8509259223937988, "self-related_top2000": 0.8701851963996887, "self-related_top2500": 0.8559259176254272, "self-related_top3000": 0.8559259176254272, "self-related_top4000": 0.8609259128570557, "self-related_top5000": 0.8587037324905396, "self-related_top6000": 0.8222222328186035, "other-related_top1500": 0.8601852059364319, "other-related_top2000": 0.8651852011680603, "other-related_top2500": 0.8701851963996887, "other-related_top3000": 0.8751851916313171, "other-related_top4000": 0.8616666793823242, "other-related_top5000": 0.41203704476356506, "other-related_top6000": 0.5838888883590698, "expectedness_top1500": 0.8651852011680603, "expectedness_top2000": 0.8794444799423218, "expectedness_top2500": 0.8594444394111633, "expectedness_top3000": 0.8479629755020142, "expectedness_top4000": 0.8114814758300781, "expectedness_top5000": 0.8322222232818604, "expectedness_top6000": 0.7937036752700806, "non-novelty_top1500": 0.8794444799423218, "non-novelty_top2000": 0.894444465637207, "non-novelty_top2500": 0.8994444608688354, "non-novelty_top3000": 0.8744444847106934, "non-novelty_top4000": 0.8151851892471313, "non-novelty_top5000": 0.8394444584846497, "non-novelty_top6000": 0.7764815092086792}