{"sentiment": "desire", "seed": 11, "arousal_top1500": 0.8401851654052734, "best": 0.8961039185523987, "arousal_top2000": 0.8394444584846497, "arousal_top2500": 0.8437036871910095, "arousal_top3000": 0.777222216129303, "arousal_top4000": 0.6264814734458923, "arousal_top5000": 0.5964815020561218, "arousal_top6000": 0.6951851844787598, "valence_top1500": 0.7968518733978271, "valence_top2000": 0.7896296381950378, "valence_top2500": 0.7959259748458862, "valence_top3000": 0.7859259843826294, "valence_top4000": 0.7801852226257324, "valence_top5000": 0.7901852130889893, "valence_top6000": 0.6927777528762817, "happy_top1500": 0.7775925993919373, "happy_top2000": 0.7683333158493042, "happy_top2500": 0.7701852321624756, "happy_top3000": 0.661481499671936, "happy_top4000": 0.760185182094574, "happy_top5000": 0.6807407140731812, "happy_top6000": 0.7259259223937988, "anger_top1500": 0.8474074006080627, "anger_top2000": 0.8381481170654297, "anger_top2500": 0.8381481170654297, "anger_top3000": 0.8381481170654297, "anger_top4000": 0.8388888835906982, "anger_top5000": 0.8253703713417053, "anger_top6000": 0.778333306312561, "sad_top1500": 0.8701851963996887, "sad_top2000": 0.8594444394111633, "sad_top2500": 0.8651852011680603, "sad_top3000": 0.846666693687439, "sad_top4000": 0.8272222280502319, "sad_top5000": 0.7264814972877502, "sad_top6000": 0.5914815068244934, "fear_top1500": 0.8288888931274414, "fear_top2000": 0.7825925946235657, "fear_top2500": 0.7725926041603088, "fear_top3000": 0.7961111068725586, "fear_top4000": 0.7162963151931763, "fear_top5000": 0.7148147821426392, "fear_top6000": 0.678518533706665, "surprise_top1500": 0.8651852011680603, "surprise_top2000": 0.8544444441795349, "surprise_top2500": 0.8494444489479065, "surprise_top3000": 0.8594444394111633, "surprise_top4000": 0.7929629683494568, "surprise_top5000": 0.7157407402992249, "surprise_top6000": 0.6857407093048096, "disgust_top1500": 0.8659259080886841, "disgust_top2000": 0.871666669845581, "disgust_top2500": 0.8381481170654297, "disgust_top3000": 0.8424074053764343, "disgust_top4000": 0.8331481218338013, "disgust_top5000": 0.8531481623649597, "disgust_top6000": 0.8524073958396912, "control_top1500": 0.8259259462356567, "control_top2000": 0.8109259605407715, "control_top2500": 0.8509259223937988, "control_top3000": 0.739814817905426, "control_top4000": 0.7625925540924072, "control_top5000": 0.7255555391311646, "control_top6000": 0.760185182094574, "fairness_top1500": 0.8309259414672852, "fairness_top2000": 0.8422222137451172, "fairness_top2500": 0.8114814758300781, "fairness_top3000": 0.8064814805984497, "fairness_top4000": 0.7609259486198425, "fairness_top5000": 0.7287037372589111, "fairness_top6000": 0.7316666841506958, "self-related_top1500": 0.8281481266021729, "self-related_top2000": 0.8524073958396912, "self-related_top2500": 0.8331481218338013, "self-related_top3000": 0.8338888883590698, "self-related_top4000": 0.8474074006080627, "self-related_top5000": 0.8709259033203125, "self-related_top6000": 0.8551851511001587, "other-related_top1500": 0.8751851916313171, "other-related_top2000": 0.8651852011680603, "other-related_top2500": 0.8501851558685303, "other-related_top3000": 0.8387036919593811, "other-related_top4000": 0.8331481218338013, "other-related_top5000": 0.5820370316505432, "other-related_top6000": 0.5809259414672852, "expectedness_top1500": 0.8287037014961243, "expectedness_top2000": 0.8094444274902344, "expectedness_top2500": 0.8144444227218628, "expectedness_top3000": 0.8287037014961243, "expectedness_top4000": 0.777222216129303, "expectedness_top5000": 0.7672221660614014, "expectedness_top6000": 0.8009259700775146, "non-novelty_top1500": 0.8581481575965881, "non-novelty_top2000": 0.8431481122970581, "non-novelty_top2500": 0.8524073958396912, "non-novelty_top3000": 0.8474074006080627, "non-novelty_top4000": 0.8524073958396912, "non-novelty_top5000": 0.806851863861084, "non-novelty_top6000": 0.8209259510040283}