{"sentiment": "desire", "seed": 100, "arousal_top1500": 0.9072222113609314, "best": 0.8766233921051025, "arousal_top2000": 0.9079629182815552, "arousal_top2500": 0.8794444799423218, "arousal_top3000": 0.8544444441795349, "arousal_top4000": 0.8279629945755005, "arousal_top5000": 0.8188889026641846, "arousal_top6000": 0.4085184931755066, "valence_top1500": 0.7825925946235657, "valence_top2000": 0.7355555295944214, "valence_top2500": 0.8224073648452759, "valence_top3000": 0.8081481456756592, "valence_top4000": 0.5481481552124023, "valence_top5000": 0.4548147916793823, "valence_top6000": 0.4548147916793823, "happy_top1500": 0.596666693687439, "happy_top2000": 0.5951851606369019, "happy_top2500": 0.6222222447395325, "happy_top3000": 0.7148147821426392, "happy_top4000": 0.4320370554924011, "happy_top5000": 0.4220370352268219, "happy_top6000": 0.3942592442035675, "anger_top1500": 0.8887037038803101, "anger_top2000": 0.8837037086486816, "anger_top2500": 0.902222216129303, "anger_top3000": 0.902222216129303, "anger_top4000": 0.894444465637207, "anger_top5000": 0.8894444704055786, "anger_top6000": 0.8729629516601562, "sad_top1500": 0.8572221994400024, "sad_top2000": 0.8429629802703857, "sad_top2500": 0.8279629945755005, "sad_top3000": 0.8329629898071289, "sad_top4000": 0.7937036752700806, "sad_top5000": 0.630740761756897, "sad_top6000": 0.6357407569885254, "fear_top1500": 0.8894444704055786, "fear_top2000": 0.8566666841506958, "fear_top2500": 0.8759258985519409, "fear_top3000": 0.8481481075286865, "fear_top4000": 0.7348147630691528, "fear_top5000": 0.562407374382019, "fear_top6000": 0.45055556297302246, "surprise_top1500": 0.8922221660614014, "surprise_top2000": 0.8972222208976746, "surprise_top2500": 0.8929629325866699, "surprise_top3000": 0.8574073910713196, "surprise_top4000": 0.9037036895751953, "surprise_top5000": 0.8722221851348877, "surprise_top6000": 0.8694444894790649, "disgust_top1500": 0.8979629278182983, "disgust_top2000": 0.8979629278182983, "disgust_top2500": 0.8922221660614014, "disgust_top3000": 0.887222170829773, "disgust_top4000": 0.8937036991119385, "disgust_top5000": 0.7883333563804626, "disgust_top6000": 0.8624074459075928, "control_top1500": 0.7968518733978271, "control_top2000": 0.8331481218338013, "control_top2500": 0.6151852011680603, "control_top3000": 0.45129629969596863, "control_top4000": 0.4548147916793823, "control_top5000": 0.5138888955116272, "control_top6000": 0.6229629516601562, "fairness_top1500": 0.8929629325866699, "fairness_top2000": 0.8879629373550415, "fairness_top2500": 0.885185182094574, "fairness_top3000": 0.8161110877990723, "fairness_top4000": 0.5538889169692993, "fairness_top5000": 0.45055556297302246, "fairness_top6000": 0.3942592442035675, "self-related_top1500": 0.8929629325866699, "self-related_top2000": 0.9029629230499268, "self-related_top2500": 0.8987036943435669, "self-related_top3000": 0.8616666793823242, "self-related_top4000": 0.894444465637207, "self-related_top5000": 0.8979629278182983, "self-related_top6000": 0.8779629468917847, "other-related_top1500": 0.9029629230499268, "other-related_top2000": 0.9037036895751953, "other-related_top2500": 0.8987036943435669, "other-related_top3000": 0.9037036895751953, "other-related_top4000": 0.7177777886390686, "other-related_top5000": 0.3992592394351959, "other-related_top6000": 0.5338889360427856, "expectedness_top1500": 0.8987036943435669, "expectedness_top2000": 0.894444465637207, "expectedness_top2500": 0.6379629969596863, "expectedness_top3000": 0.6244444847106934, "expectedness_top4000": 0.6699999570846558, "expectedness_top5000": 0.5303703546524048, "expectedness_top6000": 0.4968518614768982, "non-novelty_top1500": 0.8616666793823242, "non-novelty_top2000": 0.801111102104187, "non-novelty_top2500": 0.6985185146331787, "non-novelty_top3000": 0.6985185146331787, "non-novelty_top4000": 0.6572222113609314, "non-novelty_top5000": 0.7790740728378296, "non-novelty_top6000": 0.7120370864868164}