{"sentiment": "desire", "seed": 13, "arousal_top1500": 0.8651852011680603, "best": 0.8701298832893372, "arousal_top2000": 0.8103703260421753, "arousal_top2500": 0.8459259271621704, "arousal_top3000": 0.8451851606369019, "arousal_top4000": 0.8366666436195374, "arousal_top5000": 0.7725926041603088, "arousal_top6000": 0.5018518567085266, "valence_top1500": 0.8787037134170532, "valence_top2000": 0.7868518829345703, "valence_top2500": 0.8438888788223267, "valence_top3000": 0.7818518877029419, "valence_top4000": 0.5816666483879089, "valence_top5000": 0.5025925636291504, "valence_top6000": 0.7868518829345703, "happy_top1500": 0.8346296548843384, "happy_top2000": 0.8053703308105469, "happy_top2500": 0.7255555391311646, "happy_top3000": 0.40425926446914673, "happy_top4000": 0.3992592394351959, "happy_top5000": 0.3992592394351959, "happy_top6000": 0.3992592394351959, "anger_top1500": 0.8701851963996887, "anger_top2000": 0.8694444894790649, "anger_top2500": 0.8394444584846497, "anger_top3000": 0.8387036919593811, "anger_top4000": 0.8394444584846497, "anger_top5000": 0.829444408416748, "anger_top6000": 0.8272222280502319, "sad_top1500": 0.8394444584846497, "sad_top2000": 0.8544444441795349, "sad_top2500": 0.8387036919593811, "sad_top3000": 0.8387036919593811, "sad_top4000": 0.8337036967277527, "sad_top5000": 0.8337036967277527, "sad_top6000": 0.8172222375869751, "fear_top1500": 0.8179629445075989, "fear_top2000": 0.8194444179534912, "fear_top2500": 0.8337036967277527, "fear_top3000": 0.8337036967277527, "fear_top4000": 0.8366666436195374, "fear_top5000": 0.8153703212738037, "fear_top6000": 0.7362962961196899, "surprise_top1500": 0.8437036871910095, "surprise_top2000": 0.8537037372589111, "surprise_top2500": 0.8487037420272827, "surprise_top3000": 0.8487037420272827, "surprise_top4000": 0.8587037324905396, "surprise_top5000": 0.8337036967277527, "surprise_top6000": 0.8487037420272827, "disgust_top1500": 0.8424074053764343, "disgust_top2000": 0.8701851963996887, "disgust_top2500": 0.8544444441795349, "disgust_top3000": 0.8387036919593811, "disgust_top4000": 0.8494444489479065, "disgust_top5000": 0.8387036919593811, "disgust_top6000": 0.8287037014961243, "control_top1500": 0.7498148083686829, "control_top2000": 0.675000011920929, "control_top2500": 0.5111111402511597, "control_top3000": 0.6001851558685303, "control_top4000": 0.5111111402511597, "control_top5000": 0.3992592394351959, "control_top6000": 0.6372222304344177, "fairness_top1500": 0.8487037420272827, "fairness_top2000": 0.8437036871910095, "fairness_top2500": 0.8694444894790649, "fairness_top3000": 0.8501851558685303, "fairness_top4000": 0.8501851558685303, "fairness_top5000": 0.8324074149131775, "fairness_top6000": 0.3992592394351959, "self-related_top1500": 0.8701851963996887, "self-related_top2000": 0.8566666841506958, "self-related_top2500": 0.8566666841506958, "self-related_top3000": 0.8609259128570557, "self-related_top4000": 0.8487037420272827, "self-related_top5000": 0.8437036871910095, "self-related_top6000": 0.8437036871910095, "other-related_top1500": 0.8288888931274414, "other-related_top2000": 0.8288888931274414, "other-related_top2500": 0.8524073958396912, "other-related_top3000": 0.8381481170654297, "other-related_top4000": 0.7925925850868225, "other-related_top5000": 0.7298147678375244, "other-related_top6000": 0.621666669845581, "expectedness_top1500": 0.8388888835906982, "expectedness_top2000": 0.7833333015441895, "expectedness_top2500": 0.7775925993919373, "expectedness_top3000": 0.7968518733978271, "expectedness_top4000": 0.7683333158493042, "expectedness_top5000": 0.7961111068725586, "expectedness_top6000": 0.7868518829345703, "non-novelty_top1500": 0.8253703713417053, "non-novelty_top2000": 0.82962965965271, "non-novelty_top2500": 0.8509259223937988, "non-novelty_top3000": 0.8374074101448059, "non-novelty_top4000": 0.8587037324905396, "non-novelty_top5000": 0.6499999761581421, "non-novelty_top6000": 0.6499999761581421}