{"sentiment": "desire", "seed": 5, "arousal_top1500": 0.8751851916313171, "best": 0.8831169009208679, "arousal_top2000": 0.801111102104187, "arousal_top2500": 0.801111102104187, "arousal_top3000": 0.8061110973358154, "arousal_top4000": 0.8666666746139526, "arousal_top5000": 0.3942592442035675, "arousal_top6000": 0.3942592442035675, "valence_top1500": 0.7675926089286804, "valence_top2000": 0.5859259366989136, "valence_top2500": 0.6294444799423218, "valence_top3000": 0.7425925731658936, "valence_top4000": 0.3942592442035675, "valence_top5000": 0.3942592442035675, "valence_top6000": 0.3942592442035675, "happy_top1500": 0.7468518614768982, "happy_top2000": 0.6287037134170532, "happy_top2500": 0.46481481194496155, "happy_top3000": 0.3942592442035675, "happy_top4000": 0.3942592442035675, "happy_top5000": 0.3942592442035675, "happy_top6000": 0.3942592442035675, "anger_top1500": 0.8609259128570557, "anger_top2000": 0.8509259223937988, "anger_top2500": 0.8751851916313171, "anger_top3000": 0.8729629516601562, "anger_top4000": 0.8729629516601562, "anger_top5000": 0.8387036919593811, "anger_top6000": 0.8222222328186035, "sad_top1500": 0.8687037229537964, "sad_top2000": 0.8744444847106934, "sad_top2500": 0.8329629898071289, "sad_top3000": 0.8587037324905396, "sad_top4000": 0.7507407665252686, "sad_top5000": 0.6557407379150391, "sad_top6000": 0.6114814877510071, "fear_top1500": 0.6707407236099243, "fear_top2000": 0.6059259176254272, "fear_top2500": 0.6479629874229431, "fear_top3000": 0.6757407188415527, "fear_top4000": 0.42277780175209045, "fear_top5000": 0.3942592442035675, "fear_top6000": 0.3992592394351959, "surprise_top1500": 0.8687037229537964, "surprise_top2000": 0.8679629564285278, "surprise_top2500": 0.8437036871910095, "surprise_top3000": 0.8572221994400024, "surprise_top4000": 0.7914814949035645, "surprise_top5000": 0.7164815068244934, "surprise_top6000": 0.7687036991119385, "disgust_top1500": 0.8096296787261963, "disgust_top2000": 0.8188889026641846, "disgust_top2500": 0.8701851963996887, "disgust_top3000": 0.8644444346427917, "disgust_top4000": 0.8694444894790649, "disgust_top5000": 0.7861111164093018, "disgust_top6000": 0.8694444894790649, "control_top1500": 0.7875925898551941, "control_top2000": 0.7861111164093018, "control_top2500": 0.6607407331466675, "control_top3000": 0.6735185384750366, "control_top4000": 0.5053703784942627, "control_top5000": 0.5431481599807739, "control_top6000": 0.49759259819984436, "fairness_top1500": 0.8287037014961243, "fairness_top2000": 0.8229629993438721, "fairness_top2500": 0.8179629445075989, "fairness_top3000": 0.8287037014961243, "fairness_top4000": 0.7974073886871338, "fairness_top5000": 0.5588889122009277, "fairness_top6000": 0.3942592442035675, "self-related_top1500": 0.8701851963996887, "self-related_top2000": 0.8751851916313171, "self-related_top2500": 0.8794444799423218, "self-related_top3000": 0.8837037086486816, "self-related_top4000": 0.8594444394111633, "self-related_top5000": 0.8594444394111633, "self-related_top6000": 0.8459259271621704, "other-related_top1500": 0.8609259128570557, "other-related_top2000": 0.8559259176254272, "other-related_top2500": 0.846666693687439, "other-related_top3000": 0.8516666889190674, "other-related_top4000": 0.7020370364189148, "other-related_top5000": 0.4918518364429474, "other-related_top6000": 0.6598148345947266, "expectedness_top1500": 0.8281481266021729, "expectedness_top2000": 0.7961111068725586, "expectedness_top2500": 0.7448148131370544, "expectedness_top3000": 0.5674073696136475, "expectedness_top4000": 0.5951851606369019, "expectedness_top5000": 0.49259260296821594, "expectedness_top6000": 0.40925925970077515, "non-novelty_top1500": 0.801111102104187, "non-novelty_top2000": 0.7027778029441833, "non-novelty_top2500": 0.617222249507904, "non-novelty_top3000": 0.6129629611968994, "non-novelty_top4000": 0.7062963247299194, "non-novelty_top5000": 0.7525925636291504, "non-novelty_top6000": 0.8359259366989136}