{"sentiment": "desire", "seed": 7, "arousal_top1500": 0.8131481409072876, "best": 0.8311688303947449, "arousal_top2000": 0.8096296787261963, "arousal_top2500": 0.7675926089286804, "arousal_top3000": 0.7718518376350403, "arousal_top4000": 0.8081481456756592, "arousal_top5000": 0.8009259700775146, "arousal_top6000": 0.6344444751739502, "valence_top1500": 0.7961111068725586, "valence_top2000": 0.45055556297302246, "valence_top2500": 0.3992592394351959, "valence_top3000": 0.3992592394351959, "valence_top4000": 0.3992592394351959, "valence_top5000": 0.3992592394351959, "valence_top6000": 0.3992592394351959, "happy_top1500": 0.3992592394351959, "happy_top2000": 0.3992592394351959, "happy_top2500": 0.3992592394351959, "happy_top3000": 0.3992592394351959, "happy_top4000": 0.3992592394351959, "happy_top5000": 0.3992592394351959, "happy_top6000": 0.3992592394351959, "anger_top1500": 0.8096296787261963, "anger_top2000": 0.7868518829345703, "anger_top2500": 0.7861111164093018, "anger_top3000": 0.7733333110809326, "anger_top4000": 0.7355555295944214, "anger_top5000": 0.7162963151931763, "anger_top6000": 0.7298147678375244, "sad_top1500": 0.7924073934555054, "sad_top2000": 0.7988889217376709, "sad_top2500": 0.7931481599807739, "sad_top3000": 0.7070370316505432, "sad_top4000": 0.48907405138015747, "sad_top5000": 0.724814772605896, "sad_top6000": 0.4933333396911621, "fear_top1500": 0.5353703498840332, "fear_top2000": 0.5311111211776733, "fear_top2500": 0.49259260296821594, "fear_top3000": 0.41777777671813965, "fear_top4000": 0.4320370554924011, "fear_top5000": 0.41777777671813965, "fear_top6000": 0.41777777671813965, "surprise_top1500": 0.8131481409072876, "surprise_top2000": 0.7981481552124023, "surprise_top2500": 0.823888897895813, "surprise_top3000": 0.7648147940635681, "surprise_top4000": 0.7598147988319397, "surprise_top5000": 0.801111102104187, "surprise_top6000": 0.7683333158493042, "disgust_top1500": 0.8046296834945679, "disgust_top2000": 0.7861111164093018, "disgust_top2500": 0.8046296834945679, "disgust_top3000": 0.7861111164093018, "disgust_top4000": 0.7355555295944214, "disgust_top5000": 0.6479629874229431, "disgust_top6000": 0.7170370817184448, "control_top1500": 0.6572222113609314, "control_top2000": 0.6009259223937988, "control_top2500": 0.6394444704055786, "control_top3000": 0.506851851940155, "control_top4000": 0.44203704595565796, "control_top5000": 0.4462963044643402, "control_top6000": 0.4883333444595337, "fairness_top1500": 0.7831481695175171, "fairness_top2000": 0.7966666221618652, "fairness_top2500": 0.7966666221618652, "fairness_top3000": 0.7959259748458862, "fairness_top4000": 0.5859259366989136, "fairness_top5000": 0.3992592394351959, "fairness_top6000": 0.3992592394351959, "self-related_top1500": 0.7881481647491455, "self-related_top2000": 0.7981481552124023, "self-related_top2500": 0.818148136138916, "self-related_top3000": 0.8131481409072876, "self-related_top4000": 0.8131481409072876, "self-related_top5000": 0.7931481599807739, "self-related_top6000": 0.7831481695175171, "other-related_top1500": 0.8138889074325562, "other-related_top2000": 0.8138889074325562, "other-related_top2500": 0.8138889074325562, "other-related_top3000": 0.7996296286582947, "other-related_top4000": 0.7505555152893066, "other-related_top5000": 0.7312963008880615, "other-related_top6000": 0.7424074411392212, "expectedness_top1500": 0.7825925946235657, "expectedness_top2000": 0.7918518781661987, "expectedness_top2500": 0.7825925946235657, "expectedness_top3000": 0.7262963056564331, "expectedness_top4000": 0.6664814949035645, "expectedness_top5000": 0.5631481409072876, "expectedness_top6000": 0.5353703498840332, "non-novelty_top1500": 0.7911111116409302, "non-novelty_top2000": 0.7968518733978271, "non-novelty_top2500": 0.7968518733978271, "non-novelty_top3000": 0.7968518733978271, "non-novelty_top4000": 0.7177777886390686, "non-novelty_top5000": 0.7683333158493042, "non-novelty_top6000": 0.7127777934074402}