{"sentiment": "desire", "seed": 17, "arousal_top1500": 0.8138889074325562, "best": 0.8376623392105103, "arousal_top2000": 0.8131481409072876, "arousal_top2500": 0.8016666173934937, "arousal_top3000": 0.8194444179534912, "arousal_top4000": 0.8064814805984497, "arousal_top5000": 0.7822222113609314, "arousal_top6000": 0.7546296119689941, "valence_top1500": 0.7825925946235657, "valence_top2000": 0.7383333444595337, "valence_top2500": 0.8166666626930237, "valence_top3000": 0.7931481599807739, "valence_top4000": 0.8122222423553467, "valence_top5000": 0.7564815282821655, "valence_top6000": 0.7157407402992249, "happy_top1500": 0.807962954044342, "happy_top2000": 0.7368518114089966, "happy_top2500": 0.6549999713897705, "happy_top3000": 0.7366666793823242, "happy_top4000": 0.698888897895813, "happy_top5000": 0.6881481409072876, "happy_top6000": 0.4662962853908539, "anger_top1500": 0.8188889026641846, "anger_top2000": 0.8138889074325562, "anger_top2500": 0.8088889122009277, "anger_top3000": 0.8138889074325562, "anger_top4000": 0.8096296787261963, "anger_top5000": 0.818148136138916, "anger_top6000": 0.8266666531562805, "sad_top1500": 0.8003703355789185, "sad_top2000": 0.8188889026641846, "sad_top2500": 0.8274073600769043, "sad_top3000": 0.8224073648452759, "sad_top4000": 0.8074073791503906, "sad_top5000": 0.804444432258606, "sad_top6000": 0.7879629135131836, "fear_top1500": 0.7888889312744141, "fear_top2000": 0.7661111354827881, "fear_top2500": 0.8081481456756592, "fear_top3000": 0.7996296286582947, "fear_top4000": 0.7070370316505432, "fear_top5000": 0.568148136138916, "fear_top6000": 0.5261111259460449, "surprise_top1500": 0.818148136138916, "surprise_top2000": 0.8501851558685303, "surprise_top2500": 0.823888897895813, "surprise_top3000": 0.8246296644210815, "surprise_top4000": 0.8231481313705444, "surprise_top5000": 0.8274073600769043, "surprise_top6000": 0.8344444036483765, "disgust_top1500": 0.8188889026641846, "disgust_top2000": 0.8188889026641846, "disgust_top2500": 0.8138889074325562, "disgust_top3000": 0.8038889169692993, "disgust_top4000": 0.8038889169692993, "disgust_top5000": 0.8188889026641846, "disgust_top6000": 0.8138889074325562, "control_top1500": 0.7974073886871338, "control_top2000": 0.8231481313705444, "control_top2500": 0.79537034034729, "control_top3000": 0.7718518376350403, "control_top4000": 0.7525925636291504, "control_top5000": 0.7718518376350403, "control_top6000": 0.7664815187454224, "fairness_top1500": 0.8038889169692993, "fairness_top2000": 0.829444408416748, "fairness_top2500": 0.8009259700775146, "fairness_top3000": 0.8144444227218628, "fairness_top4000": 0.8009259700775146, "fairness_top5000": 0.711481511592865, "fairness_top6000": 0.7322221994400024, "self-related_top1500": 0.8088889122009277, "self-related_top2000": 0.8088889122009277, "self-related_top2500": 0.8038889169692993, "self-related_top3000": 0.8366666436195374, "self-related_top4000": 0.8344444036483765, "self-related_top5000": 0.8479629755020142, "self-related_top6000": 0.7964814901351929, "other-related_top1500": 0.8053703308105469, "other-related_top2000": 0.8288888931274414, "other-related_top2500": 0.8188889026641846, "other-related_top3000": 0.8038889169692993, "other-related_top4000": 0.818148136138916, "other-related_top5000": 0.6679629683494568, "other-related_top6000": 0.6057407259941101, "expectedness_top1500": 0.79537034034729, "expectedness_top2000": 0.7961111068725586, "expectedness_top2500": 0.7968518733978271, "expectedness_top3000": 0.8246296644210815, "expectedness_top4000": 0.8487037420272827, "expectedness_top5000": 0.8153703212738037, "expectedness_top6000": 0.8474074006080627, "non-novelty_top1500": 0.823888897895813, "non-novelty_top2000": 0.7925925850868225, "non-novelty_top2500": 0.8053703308105469, "non-novelty_top3000": 0.7996296286582947, "non-novelty_top4000": 0.7981481552124023, "non-novelty_top5000": 0.7603703737258911, "non-novelty_top6000": 0.7603703737258911}