{"sentiment": "desire", "seed": 1, "arousal_top1500": 0.8459259271621704, "best": 0.7792207598686218, "arousal_top2000": 0.8266666531562805, "arousal_top2500": 0.8451851606369019, "arousal_top3000": 0.761481523513794, "arousal_top4000": 0.6057407259941101, "arousal_top5000": 0.6057407259941101, "arousal_top6000": 0.6164814829826355, "valence_top1500": 0.7212963104248047, "valence_top2000": 0.7333333492279053, "valence_top2500": 0.7518518567085266, "valence_top3000": 0.7731481790542603, "valence_top4000": 0.7781481742858887, "valence_top5000": 0.7687036991119385, "valence_top6000": 0.705740749835968, "happy_top1500": 0.7788888812065125, "happy_top2000": 0.7275925874710083, "happy_top2500": 0.7088888883590698, "happy_top3000": 0.7507407665252686, "happy_top4000": 0.7007407546043396, "happy_top5000": 0.6157407760620117, "happy_top6000": 0.6107407212257385, "anger_top1500": 0.823888897895813, "anger_top2000": 0.8138889074325562, "anger_top2500": 0.840925931930542, "anger_top3000": 0.8216666579246521, "anger_top4000": 0.8151851892471313, "anger_top5000": 0.8057407140731812, "anger_top6000": 0.7929629683494568, "sad_top1500": 0.8066666126251221, "sad_top2000": 0.813703715801239, "sad_top2500": 0.807962954044342, "sad_top3000": 0.7979629635810852, "sad_top4000": 0.7416666746139526, "sad_top5000": 0.755740761756897, "sad_top6000": 0.6157407760620117, "fear_top1500": 0.45055556297302246, "fear_top2000": 0.4220370352268219, "fear_top2500": 0.4412963092327118, "fear_top3000": 0.49759259819984436, "fear_top4000": 0.3942592442035675, "fear_top5000": 0.3942592442035675, "fear_top6000": 0.4035184979438782, "surprise_top1500": 0.8316666483879089, "surprise_top2000": 0.8322222232818604, "surprise_top2500": 0.8122222423553467, "surprise_top3000": 0.7872222065925598, "surprise_top4000": 0.7307407259941101, "surprise_top5000": 0.6807407140731812, "surprise_top6000": 0.6057407259941101, "disgust_top1500": 0.8281481266021729, "disgust_top2000": 0.8266666531562805, "disgust_top2500": 0.8109259605407715, "disgust_top3000": 0.8051851987838745, "disgust_top4000": 0.8187037110328674, "disgust_top5000": 0.7929629683494568, "disgust_top6000": 0.7857407331466675, "control_top1500": 0.6229629516601562, "control_top2000": 0.7275925874710083, "control_top2500": 0.7575925588607788, "control_top3000": 0.7331481575965881, "control_top4000": 0.7446296215057373, "control_top5000": 0.5609259009361267, "control_top6000": 0.6057407259941101, "fairness_top1500": 0.8088889122009277, "fairness_top2000": 0.7718518376350403, "fairness_top2500": 0.8038889169692993, "fairness_top3000": 0.8109259605407715, "fairness_top4000": 0.7944444417953491, "fairness_top5000": 0.7546296119689941, "fairness_top6000": 0.7579629421234131, "self-related_top1500": 0.7861111164093018, "self-related_top2000": 0.8053703308105469, "self-related_top2500": 0.8288888931274414, "self-related_top3000": 0.823888897895813, "self-related_top4000": 0.8374074101448059, "self-related_top5000": 0.8322222232818604, "self-related_top6000": 0.7857407331466675, "other-related_top1500": 0.8316666483879089, "other-related_top2000": 0.8259259462356567, "other-related_top2500": 0.8129629492759705, "other-related_top3000": 0.6907407641410828, "other-related_top4000": 0.652222216129303, "other-related_top5000": 0.4409258961677551, "other-related_top6000": 0.3942592442035675, "expectedness_top1500": 0.7668518424034119, "expectedness_top2000": 0.7433333396911621, "expectedness_top2500": 0.7625925540924072, "expectedness_top3000": 0.8174073696136475, "expectedness_top4000": 0.7701852321624756, "expectedness_top5000": 0.7311111092567444, "expectedness_top6000": 0.7288888692855835, "non-novelty_top1500": 0.7946296334266663, "non-novelty_top2000": 0.7761111259460449, "non-novelty_top2500": 0.7803703546524048, "non-novelty_top3000": 0.812407374382019, "non-novelty_top4000": 0.7668518424034119, "non-novelty_top5000": 0.7618518471717834, "non-novelty_top6000": 0.7672221660614014}