{"sentiment": "desire", "seed": 42, "arousal_top1500": 0.8794444799423218, "best": 0.8961039185523987, "arousal_top2000": 0.8651852011680603, "arousal_top2500": 0.8444444537162781, "arousal_top3000": 0.7779629230499268, "arousal_top4000": 0.7422221899032593, "arousal_top5000": 0.6057407259941101, "arousal_top6000": 0.6272221803665161, "valence_top1500": 0.8431481122970581, "valence_top2000": 0.8516666889190674, "valence_top2500": 0.8601852059364319, "valence_top3000": 0.8551851511001587, "valence_top4000": 0.807962954044342, "valence_top5000": 0.7572221755981445, "valence_top6000": 0.7507407665252686, "happy_top1500": 0.8451851606369019, "happy_top2000": 0.8587037324905396, "happy_top2500": 0.7914814949035645, "happy_top3000": 0.7914814949035645, "happy_top4000": 0.762222170829773, "happy_top5000": 0.6057407259941101, "happy_top6000": 0.6857407093048096, "anger_top1500": 0.871666669845581, "anger_top2000": 0.871666669845581, "anger_top2500": 0.8566666841506958, "anger_top3000": 0.8566666841506958, "anger_top4000": 0.8559259176254272, "anger_top5000": 0.8544444441795349, "anger_top6000": 0.8494444489479065, "sad_top1500": 0.885185182094574, "sad_top2000": 0.8744444847106934, "sad_top2500": 0.8694444894790649, "sad_top3000": 0.8594444394111633, "sad_top4000": 0.7344444394111633, "sad_top5000": 0.6414815187454224, "sad_top6000": 0.6057407259941101, "fear_top1500": 0.8581481575965881, "fear_top2000": 0.7127777934074402, "fear_top2500": 0.7918518781661987, "fear_top3000": 0.8266666531562805, "fear_top4000": 0.7170370817184448, "fear_top5000": 0.695555567741394, "fear_top6000": 0.646481454372406, "surprise_top1500": 0.8644444346427917, "surprise_top2000": 0.8679629564285278, "surprise_top2500": 0.8394444584846497, "surprise_top3000": 0.8444444537162781, "surprise_top4000": 0.7929629683494568, "surprise_top5000": 0.705740749835968, "surprise_top6000": 0.6057407259941101, "disgust_top1500": 0.871666669845581, "disgust_top2000": 0.871666669845581, "disgust_top2500": 0.8616666793823242, "disgust_top3000": 0.8566666841506958, "disgust_top4000": 0.8559259176254272, "disgust_top5000": 0.8474074006080627, "disgust_top6000": 0.8601852059364319, "control_top1500": 0.7838889360427856, "control_top2000": 0.7909259796142578, "control_top2500": 0.722777783870697, "control_top3000": 0.6157407760620117, "control_top4000": 0.45907407999038696, "control_top5000": 0.5111111402511597, "control_top6000": 0.6635185480117798, "fairness_top1500": 0.8666666746139526, "fairness_top2000": 0.8401851654052734, "fairness_top2500": 0.804444432258606, "fairness_top3000": 0.8129629492759705, "fairness_top4000": 0.7794444561004639, "fairness_top5000": 0.7444444894790649, "fairness_top6000": 0.7198147773742676, "self-related_top1500": 0.8624074459075928, "self-related_top2000": 0.8666666746139526, "self-related_top2500": 0.8566666841506958, "self-related_top3000": 0.8694444894790649, "self-related_top4000": 0.8694444894790649, "self-related_top5000": 0.8479629755020142, "self-related_top6000": 0.8179629445075989, "other-related_top1500": 0.8816666603088379, "other-related_top2000": 0.8616666793823242, "other-related_top2500": 0.8616666793823242, "other-related_top3000": 0.8759258985519409, "other-related_top4000": 0.8324074149131775, "other-related_top5000": 0.3992592394351959, "other-related_top6000": 0.442592591047287, "expectedness_top1500": 0.8794444799423218, "expectedness_top2000": 0.8694444894790649, "expectedness_top2500": 0.8529629707336426, "expectedness_top3000": 0.852222204208374, "expectedness_top4000": 0.7679629325866699, "expectedness_top5000": 0.7994444370269775, "expectedness_top6000": 0.7761111259460449, "non-novelty_top1500": 0.8801851868629456, "non-novelty_top2000": 0.8666666746139526, "non-novelty_top2500": 0.8616666793823242, "non-novelty_top3000": 0.8524073958396912, "non-novelty_top4000": 0.818148136138916, "non-novelty_top5000": 0.8601852059364319, "non-novelty_top6000": 0.8229629993438721}