{"sentiment": "disapproval", "seed": 13, "arousal_top1500": 0.8050792813301086, "best": 0.7890625, "arousal_top2000": 0.7973809242248535, "arousal_top2500": 0.7969841361045837, "arousal_top3000": 0.780634880065918, "arousal_top4000": 0.7676190733909607, "arousal_top5000": 0.6577778458595276, "arousal_top6000": 0.5126190781593323, "valence_top1500": 0.7906349301338196, "valence_top2000": 0.7799205780029297, "valence_top2500": 0.7536508440971375, "valence_top3000": 0.739126980304718, "valence_top4000": 0.592301607131958, "valence_top5000": 0.5269047617912292, "valence_top6000": 0.5106348991394043, "happy_top1500": 0.7349206805229187, "happy_top2000": 0.7432540059089661, "happy_top2500": 0.7438888549804688, "happy_top3000": 0.6949207186698914, "happy_top4000": 0.65968257188797, "happy_top5000": 0.6379364728927612, "happy_top6000": 0.516269862651825, "anger_top1500": 0.7866666913032532, "anger_top2000": 0.8009523749351501, "anger_top2500": 0.7882539629936218, "anger_top3000": 0.7605555653572083, "anger_top4000": 0.7612698078155518, "anger_top5000": 0.7237301468849182, "anger_top6000": 0.6803968548774719, "sad_top1500": 0.7933333516120911, "sad_top2000": 0.7812697887420654, "sad_top2500": 0.7548412680625916, "sad_top3000": 0.7585713863372803, "sad_top4000": 0.7238888740539551, "sad_top5000": 0.5290476679801941, "sad_top6000": 0.5010316967964172, "fear_top1500": 0.7526190280914307, "fear_top2000": 0.7235714793205261, "fear_top2500": 0.7260317802429199, "fear_top3000": 0.71317458152771, "fear_top4000": 0.6332539916038513, "fear_top5000": 0.6923015713691711, "fear_top6000": 0.6400793194770813, "surprise_top1500": 0.7251587510108948, "surprise_top2000": 0.654365062713623, "surprise_top2500": 0.6784127354621887, "surprise_top3000": 0.5563492178916931, "surprise_top4000": 0.5110318064689636, "surprise_top5000": 0.5043650269508362, "surprise_top6000": 0.49436506628990173, "disgust_top1500": 0.7933333516120911, "disgust_top2000": 0.7950000166893005, "disgust_top2500": 0.790238082408905, "disgust_top3000": 0.790238082408905, "disgust_top4000": 0.7879365086555481, "disgust_top5000": 0.7826189994812012, "disgust_top6000": 0.7748412489891052, "control_top1500": 0.5243651270866394, "control_top2000": 0.5343651175498962, "control_top2500": 0.6653968095779419, "control_top3000": 0.6261904835700989, "control_top4000": 0.5212698578834534, "control_top5000": 0.5159524083137512, "control_top6000": 0.5425397157669067, "fairness_top1500": 0.7713491916656494, "fairness_top2000": 0.761904776096344, "fairness_top2500": 0.7238889336585999, "fairness_top3000": 0.7392063140869141, "fairness_top4000": 0.6181746125221252, "fairness_top5000": 0.5280952453613281, "fairness_top6000": 0.6015872955322266, "self-related_top1500": 0.7926983833312988, "self-related_top2000": 0.794682502746582, "self-related_top2500": 0.7963492274284363, "self-related_top3000": 0.8006348609924316, "self-related_top4000": 0.785714328289032, "self-related_top5000": 0.7752380967140198, "self-related_top6000": 0.707460343837738, "other-related_top1500": 0.7817460894584656, "other-related_top2000": 0.7738094925880432, "other-related_top2500": 0.7724602818489075, "other-related_top3000": 0.77182537317276, "other-related_top4000": 0.7419841289520264, "other-related_top5000": 0.4379365146160126, "other-related_top6000": 0.49436506628990173, "expectedness_top1500": 0.7835714817047119, "expectedness_top2000": 0.7852380871772766, "expectedness_top2500": 0.7561904788017273, "expectedness_top3000": 0.7765873074531555, "expectedness_top4000": 0.7696031928062439, "expectedness_top5000": 0.6080158352851868, "expectedness_top6000": 0.5246031880378723, "non-novelty_top1500": 0.7933333516120911, "non-novelty_top2000": 0.8003968596458435, "non-novelty_top2500": 0.8073809742927551, "non-novelty_top3000": 0.7765873074531555, "non-novelty_top4000": 0.7856349349021912, "non-novelty_top5000": 0.7638095021247864, "non-novelty_top6000": 0.7428571581840515}