{"sentiment": "disappointment", "seed": 17, "arousal_top1500": 0.7201922535896301, "best": 0.789843738079071, "arousal_top2000": 0.6638461351394653, "arousal_top2500": 0.7198077440261841, "arousal_top3000": 0.7219230532646179, "arousal_top4000": 0.7094231247901917, "arousal_top5000": 0.41999998688697815, "arousal_top6000": 0.4099999964237213, "valence_top1500": 0.6775000095367432, "valence_top2000": 0.742884635925293, "valence_top2500": 0.7453845739364624, "valence_top3000": 0.5469231009483337, "valence_top4000": 0.4124999940395355, "valence_top5000": 0.4099999964237213, "valence_top6000": 0.4099999964237213, "happy_top1500": 0.742884635925293, "happy_top2000": 0.6100000143051147, "happy_top2500": 0.42249998450279236, "happy_top3000": 0.4099999964237213, "happy_top4000": 0.4099999964237213, "happy_top5000": 0.4099999964237213, "happy_top6000": 0.4099999964237213, "anger_top1500": 0.7578846216201782, "anger_top2000": 0.758269190788269, "anger_top2500": 0.7557691931724548, "anger_top3000": 0.7553845643997192, "anger_top4000": 0.751153826713562, "anger_top5000": 0.7557691931724548, "anger_top6000": 0.7357692122459412, "sad_top1500": 0.7024999856948853, "sad_top2000": 0.7128846049308777, "sad_top2500": 0.7149999737739563, "sad_top3000": 0.7174999713897705, "sad_top4000": 0.7453845739364624, "sad_top5000": 0.7278846502304077, "sad_top6000": 0.6584615707397461, "fear_top1500": 0.4099999964237213, "fear_top2000": 0.4099999964237213, "fear_top2500": 0.4099999964237213, "fear_top3000": 0.4099999964237213, "fear_top4000": 0.4099999964237213, "fear_top5000": 0.4099999964237213, "fear_top6000": 0.4099999964237213, "surprise_top1500": 0.7528846263885498, "surprise_top2000": 0.7178846597671509, "surprise_top2500": 0.7878845930099487, "surprise_top3000": 0.7098077535629272, "surprise_top4000": 0.7001922726631165, "surprise_top5000": 0.751153826713562, "surprise_top6000": 0.7123076915740967, "disgust_top1500": 0.7311538457870483, "disgust_top2000": 0.758269190788269, "disgust_top2500": 0.7503845691680908, "disgust_top3000": 0.7503845691680908, "disgust_top4000": 0.7094230651855469, "disgust_top5000": 0.48846152424812317, "disgust_top6000": 0.6780769228935242, "control_top1500": 0.7019230723381042, "control_top2000": 0.7044230699539185, "control_top2500": 0.6488461494445801, "control_top3000": 0.6830769181251526, "control_top4000": 0.7169230580329895, "control_top5000": 0.7478846311569214, "control_top6000": 0.6924999952316284, "fairness_top1500": 0.7278846502304077, "fairness_top2000": 0.6700000166893005, "fairness_top2500": 0.6424999833106995, "fairness_top3000": 0.612500011920929, "fairness_top4000": 0.7178846001625061, "fairness_top5000": 0.48807692527770996, "fairness_top6000": 0.4099999964237213, "self-related_top1500": 0.7703845500946045, "self-related_top2000": 0.7461538314819336, "self-related_top2500": 0.7265384197235107, "self-related_top3000": 0.751153826713562, "self-related_top4000": 0.7486538887023926, "self-related_top5000": 0.7503845691680908, "self-related_top6000": 0.7094230651855469, "other-related_top1500": 0.7365384101867676, "other-related_top2000": 0.7657691836357117, "other-related_top2500": 0.7728846073150635, "other-related_top3000": 0.7707691788673401, "other-related_top4000": 0.4421153962612152, "other-related_top5000": 0.4099999964237213, "other-related_top6000": 0.4424999952316284, "expectedness_top1500": 0.7578846216201782, "expectedness_top2000": 0.7486538887023926, "expectedness_top2500": 0.7536538243293762, "expectedness_top3000": 0.7311538457870483, "expectedness_top4000": 0.7507691979408264, "expectedness_top5000": 0.432115375995636, "expectedness_top6000": 0.4099999964237213, "non-novelty_top1500": 0.7782691717147827, "non-novelty_top2000": 0.7319230437278748, "non-novelty_top2500": 0.6517307758331299, "non-novelty_top3000": 0.6053846478462219, "non-novelty_top4000": 0.41999998688697815, "non-novelty_top5000": 0.4984615445137024, "non-novelty_top6000": 0.41499999165534973}