{"sentiment": "disapproval", "seed": 5, "arousal_top1500": 0.7948412895202637, "best": 0.7921006679534912, "arousal_top2000": 0.8061110973358154, "arousal_top2500": 0.8103968501091003, "arousal_top3000": 0.7997618317604065, "arousal_top4000": 0.6934921145439148, "arousal_top5000": 0.5328571200370789, "arousal_top6000": 0.5146031975746155, "valence_top1500": 0.7874603271484375, "valence_top2000": 0.7638888955116272, "valence_top2500": 0.76285719871521, "valence_top3000": 0.7136508822441101, "valence_top4000": 0.5834127068519592, "valence_top5000": 0.5146031975746155, "valence_top6000": 0.5146031975746155, "happy_top1500": 0.7796031832695007, "happy_top2000": 0.6980952620506287, "happy_top2500": 0.7273809909820557, "happy_top3000": 0.6841270327568054, "happy_top4000": 0.524920642375946, "happy_top5000": 0.5537301898002625, "happy_top6000": 0.5361904501914978, "anger_top1500": 0.7996825575828552, "anger_top2000": 0.7910317778587341, "anger_top2500": 0.7639682292938232, "anger_top3000": 0.7225396633148193, "anger_top4000": 0.742539644241333, "anger_top5000": 0.7122222781181335, "anger_top6000": 0.6757936477661133, "sad_top1500": 0.7523015141487122, "sad_top2000": 0.7165079712867737, "sad_top2500": 0.66182541847229, "sad_top3000": 0.7011904716491699, "sad_top4000": 0.7730951905250549, "sad_top5000": 0.5391270518302917, "sad_top6000": 0.5314285755157471, "fear_top1500": 0.6150000095367432, "fear_top2000": 0.5458729863166809, "fear_top2500": 0.6365873217582703, "fear_top3000": 0.5724603533744812, "fear_top4000": 0.6633333563804626, "fear_top5000": 0.6762697696685791, "fear_top6000": 0.6704761981964111, "surprise_top1500": 0.7412698268890381, "surprise_top2000": 0.7085714340209961, "surprise_top2500": 0.7726190686225891, "surprise_top3000": 0.7579364776611328, "surprise_top4000": 0.7461904883384705, "surprise_top5000": 0.6888888478279114, "surprise_top6000": 0.5941269397735596, "disgust_top1500": 0.797698438167572, "disgust_top2000": 0.7896825671195984, "disgust_top2500": 0.7809523940086365, "disgust_top3000": 0.7759523987770081, "disgust_top4000": 0.7960317730903625, "disgust_top5000": 0.7609524130821228, "disgust_top6000": 0.6374602913856506, "control_top1500": 0.7738094925880432, "control_top2000": 0.7910317778587341, "control_top2500": 0.7123016715049744, "control_top3000": 0.7046825885772705, "control_top4000": 0.6223015785217285, "control_top5000": 0.5996825695037842, "control_top6000": 0.6282539963722229, "fairness_top1500": 0.7102380394935608, "fairness_top2000": 0.7215873599052429, "fairness_top2500": 0.6171428561210632, "fairness_top3000": 0.5497618913650513, "fairness_top4000": 0.6946825385093689, "fairness_top5000": 0.5779365301132202, "fairness_top6000": 0.5165873169898987, "self-related_top1500": 0.8100793957710266, "self-related_top2000": 0.8130951523780823, "self-related_top2500": 0.8053968548774719, "self-related_top3000": 0.8061110973358154, "self-related_top4000": 0.8001587390899658, "self-related_top5000": 0.7957143187522888, "self-related_top6000": 0.7783333659172058, "other-related_top1500": 0.7951586842536926, "other-related_top2000": 0.8034920692443848, "other-related_top2500": 0.7928571701049805, "other-related_top3000": 0.7838888764381409, "other-related_top4000": 0.7160317897796631, "other-related_top5000": 0.5404761433601379, "other-related_top6000": 0.518412709236145, "expectedness_top1500": 0.7940476536750793, "expectedness_top2000": 0.8017460703849792, "expectedness_top2500": 0.7973809242248535, "expectedness_top3000": 0.8103968501091003, "expectedness_top4000": 0.7753174304962158, "expectedness_top5000": 0.7010317444801331, "expectedness_top6000": 0.6581745743751526, "non-novelty_top1500": 0.8084127306938171, "non-novelty_top2000": 0.8068253993988037, "non-novelty_top2500": 0.8091269135475159, "non-novelty_top3000": 0.7938094735145569, "non-novelty_top4000": 0.5986508131027222, "non-novelty_top5000": 0.6136507987976074, "non-novelty_top6000": 0.568412721157074}