{"sentiment": "disappointment", "seed": 5, "arousal_top1500": 0.7519230246543884, "best": 0.7607142925262451, "arousal_top2000": 0.7419230341911316, "arousal_top2500": 0.7511538863182068, "arousal_top3000": 0.7782692313194275, "arousal_top4000": 0.753653883934021, "arousal_top5000": 0.6830769181251526, "arousal_top6000": 0.4680769145488739, "valence_top1500": 0.6901922821998596, "valence_top2000": 0.558269202709198, "valence_top2500": 0.4124999940395355, "valence_top3000": 0.4124999940395355, "valence_top4000": 0.5094230771064758, "valence_top5000": 0.48269233107566833, "valence_top6000": 0.4124999940395355, "happy_top1500": 0.6730769276618958, "happy_top2000": 0.6705769300460815, "happy_top2500": 0.5850000381469727, "happy_top3000": 0.49230772256851196, "happy_top4000": 0.434230774641037, "happy_top5000": 0.5123077034950256, "happy_top6000": 0.45307689905166626, "anger_top1500": 0.7640384435653687, "anger_top2000": 0.7565385103225708, "anger_top2500": 0.7565385103225708, "anger_top3000": 0.740384578704834, "anger_top4000": 0.7515385150909424, "anger_top5000": 0.742884635925293, "anger_top6000": 0.6953846216201782, "sad_top1500": 0.7228845953941345, "sad_top2000": 0.7328846454620361, "sad_top2500": 0.7274999618530273, "sad_top3000": 0.7457692623138428, "sad_top4000": 0.7078846096992493, "sad_top5000": 0.625, "sad_top6000": 0.5874999761581421, "fear_top1500": 0.741538405418396, "fear_top2000": 0.704807698726654, "fear_top2500": 0.6021153926849365, "fear_top3000": 0.6480768918991089, "fear_top4000": 0.7019230723381042, "fear_top5000": 0.48519232869148254, "fear_top6000": 0.6330769062042236, "surprise_top1500": 0.7528846263885498, "surprise_top2000": 0.7603845596313477, "surprise_top2500": 0.7740384340286255, "surprise_top3000": 0.7444230914115906, "surprise_top4000": 0.7565385103225708, "surprise_top5000": 0.7390384674072266, "surprise_top6000": 0.7286538481712341, "disgust_top1500": 0.7544230818748474, "disgust_top2000": 0.7544230818748474, "disgust_top2500": 0.7336538434028625, "disgust_top3000": 0.7286538481712341, "disgust_top4000": 0.7490384578704834, "disgust_top5000": 0.5928846597671509, "disgust_top6000": 0.7928845882415771, "control_top1500": 0.7544230818748474, "control_top2000": 0.7665385007858276, "control_top2500": 0.6980769038200378, "control_top3000": 0.771538496017456, "control_top4000": 0.7348077297210693, "control_top5000": 0.7419230341911316, "control_top6000": 0.703653872013092, "fairness_top1500": 0.745769202709198, "fairness_top2000": 0.7503845691680908, "fairness_top2500": 0.7482692003250122, "fairness_top3000": 0.7257692217826843, "fairness_top4000": 0.6403846144676208, "fairness_top5000": 0.5723077058792114, "fairness_top6000": 0.45057693123817444, "self-related_top1500": 0.7686538696289062, "self-related_top2000": 0.7590384483337402, "self-related_top2500": 0.7707691788673401, "self-related_top3000": 0.7657691836357117, "self-related_top4000": 0.7607691884040833, "self-related_top5000": 0.740384578704834, "self-related_top6000": 0.7353845834732056, "other-related_top1500": 0.7544230818748474, "other-related_top2000": 0.7569230794906616, "other-related_top2500": 0.7544230818748474, "other-related_top3000": 0.7569230794906616, "other-related_top4000": 0.6075000166893005, "other-related_top5000": 0.7144230604171753, "other-related_top6000": 0.6050000190734863, "expectedness_top1500": 0.7328846454620361, "expectedness_top2000": 0.7178846001625061, "expectedness_top2500": 0.7228845953941345, "expectedness_top3000": 0.7303845882415771, "expectedness_top4000": 0.7278846502304077, "expectedness_top5000": 0.7532691955566406, "expectedness_top6000": 0.7124999761581421, "non-novelty_top1500": 0.7665385007858276, "non-novelty_top2000": 0.7519230246543884, "non-novelty_top2500": 0.7640384435653687, "non-novelty_top3000": 0.7665383815765381, "non-novelty_top4000": 0.6809616088867188, "non-novelty_top5000": 0.5607692003250122, "non-novelty_top6000": 0.5707692503929138}