{"sentiment": "disappointment", "seed": 1, "arousal_top1500": 0.568461537361145, "best": 0.661495566368103, "arousal_top2000": 0.5676922798156738, "arousal_top2500": 0.4713461101055145, "arousal_top3000": 0.4613461494445801, "arousal_top4000": 0.5824999809265137, "arousal_top5000": 0.41499999165534973, "arousal_top6000": 0.41749998927116394, "valence_top1500": 0.5957692265510559, "valence_top2000": 0.41749998927116394, "valence_top2500": 0.5878846049308777, "valence_top3000": 0.41749998927116394, "valence_top4000": 0.41749998927116394, "valence_top5000": 0.41749998927116394, "valence_top6000": 0.41749998927116394, "happy_top1500": 0.5982692241668701, "happy_top2000": 0.5698077082633972, "happy_top2500": 0.4446153938770294, "happy_top3000": 0.5928846597671509, "happy_top4000": 0.5974999666213989, "happy_top5000": 0.5028846263885498, "happy_top6000": 0.4769230782985687, "anger_top1500": 0.5824999809265137, "anger_top2000": 0.5824999809265137, "anger_top2500": 0.5824999809265137, "anger_top3000": 0.5824999809265137, "anger_top4000": 0.5800000429153442, "anger_top5000": 0.5824999809265137, "anger_top6000": 0.5824999809265137, "sad_top1500": 0.5824999809265137, "sad_top2000": 0.5824999809265137, "sad_top2500": 0.5824999809265137, "sad_top3000": 0.5824999809265137, "sad_top4000": 0.5948076844215393, "sad_top5000": 0.5678845643997192, "sad_top6000": 0.4099999964237213, "fear_top1500": 0.4321154057979584, "fear_top2000": 0.42000001668930054, "fear_top2500": 0.42250001430511475, "fear_top3000": 0.42250001430511475, "fear_top4000": 0.4371154010295868, "fear_top5000": 0.41749998927116394, "fear_top6000": 0.41749998927116394, "surprise_top1500": 0.5824999809265137, "surprise_top2000": 0.5824999809265137, "surprise_top2500": 0.5824999809265137, "surprise_top3000": 0.5415384769439697, "surprise_top4000": 0.42250001430511475, "surprise_top5000": 0.41499999165534973, "surprise_top6000": 0.4096153974533081, "disgust_top1500": 0.5990384817123413, "disgust_top2000": 0.5824999809265137, "disgust_top2500": 0.5824999809265137, "disgust_top3000": 0.5824999809265137, "disgust_top4000": 0.5824999809265137, "disgust_top5000": 0.5774999856948853, "disgust_top6000": 0.5824999809265137, "control_top1500": 0.5824999809265137, "control_top2000": 0.5824999809265137, "control_top2500": 0.41749998927116394, "control_top3000": 0.41749998927116394, "control_top4000": 0.41749998927116394, "control_top5000": 0.41999998688697815, "control_top6000": 0.41499999165534973, "fairness_top1500": 0.5950000286102295, "fairness_top2000": 0.5824999809265137, "fairness_top2500": 0.5824999809265137, "fairness_top3000": 0.5824999809265137, "fairness_top4000": 0.5824999809265137, "fairness_top5000": 0.5824999809265137, "fairness_top6000": 0.5275000333786011, "self-related_top1500": 0.5824999809265137, "self-related_top2000": 0.5757692456245422, "self-related_top2500": 0.574999988079071, "self-related_top3000": 0.5799999833106995, "self-related_top4000": 0.5632692575454712, "self-related_top5000": 0.5824999809265137, "self-related_top6000": 0.5824999809265137, "other-related_top1500": 0.4467307925224304, "other-related_top2000": 0.5434615612030029, "other-related_top2500": 0.5849999785423279, "other-related_top3000": 0.5850000381469727, "other-related_top4000": 0.4430769383907318, "other-related_top5000": 0.41749998927116394, "other-related_top6000": 0.41749998927116394, "expectedness_top1500": 0.5824999809265137, "expectedness_top2000": 0.5557692050933838, "expectedness_top2500": 0.4321154057979584, "expectedness_top3000": 0.41749998927116394, "expectedness_top4000": 0.4296153783798218, "expectedness_top5000": 0.41749998927116394, "expectedness_top6000": 0.41749998927116394, "non-novelty_top1500": 0.5799999833106995, "non-novelty_top2000": 0.5317307710647583, "non-novelty_top2500": 0.41749998927116394, "non-novelty_top3000": 0.41749998927116394, "non-novelty_top4000": 0.41749998927116394, "non-novelty_top5000": 0.41749998927116394, "non-novelty_top6000": 0.41749998927116394}