{"sentiment": "disappointment", "seed": 7, "arousal_top1500": 0.7401922941207886, "best": 0.7599888443946838, "arousal_top2000": 0.7255769371986389, "arousal_top2500": 0.7184615135192871, "arousal_top3000": 0.7498077154159546, "arousal_top4000": 0.7213461399078369, "arousal_top5000": 0.6307691931724548, "arousal_top6000": 0.47884616255760193, "valence_top1500": 0.7373077273368835, "valence_top2000": 0.7017307877540588, "valence_top2500": 0.6800000071525574, "valence_top3000": 0.5419231057167053, "valence_top4000": 0.4124999940395355, "valence_top5000": 0.4124999940395355, "valence_top6000": 0.4124999940395355, "happy_top1500": 0.7184615135192871, "happy_top2000": 0.7230768799781799, "happy_top2500": 0.5498077273368835, "happy_top3000": 0.47884616255760193, "happy_top4000": 0.4124999940395355, "happy_top5000": 0.4124999940395355, "happy_top6000": 0.4124999940395355, "anger_top1500": 0.7436538934707642, "anger_top2000": 0.771538496017456, "anger_top2500": 0.7565383911132812, "anger_top3000": 0.7507691979408264, "anger_top4000": 0.7344231009483337, "anger_top5000": 0.7298077344894409, "anger_top6000": 0.7201923131942749, "sad_top1500": 0.7203845977783203, "sad_top2000": 0.7453845739364624, "sad_top2500": 0.745769202709198, "sad_top3000": 0.6892307996749878, "sad_top4000": 0.7230769395828247, "sad_top5000": 0.7469230890274048, "sad_top6000": 0.7226923108100891, "fear_top1500": 0.6871153116226196, "fear_top2000": 0.675000011920929, "fear_top2500": 0.6725000143051147, "fear_top3000": 0.6699999570846558, "fear_top4000": 0.6524999737739563, "fear_top5000": 0.5109615921974182, "fear_top6000": 0.6278846263885498, "surprise_top1500": 0.7557691931724548, "surprise_top2000": 0.7557691931724548, "surprise_top2500": 0.7544230818748474, "surprise_top3000": 0.6875, "surprise_top4000": 0.7105769515037537, "surprise_top5000": 0.7130769491195679, "surprise_top6000": 0.7209615707397461, "disgust_top1500": 0.7461538314819336, "disgust_top2000": 0.7611538171768188, "disgust_top2500": 0.7561538815498352, "disgust_top3000": 0.7432692050933838, "disgust_top4000": 0.7323077321052551, "disgust_top5000": 0.7017307877540588, "disgust_top6000": 0.7301923036575317, "control_top1500": 0.7419230937957764, "control_top2000": 0.738653838634491, "control_top2500": 0.7209615707397461, "control_top3000": 0.7017307877540588, "control_top4000": 0.7013461589813232, "control_top5000": 0.6642307639122009, "control_top6000": 0.7211538553237915, "fairness_top1500": 0.7532692551612854, "fairness_top2000": 0.7307692170143127, "fairness_top2500": 0.7390384674072266, "fairness_top3000": 0.7261538505554199, "fairness_top4000": 0.7251923084259033, "fairness_top5000": 0.5205769538879395, "fairness_top6000": 0.4496154189109802, "self-related_top1500": 0.751153826713562, "self-related_top2000": 0.7532691955566406, "self-related_top2500": 0.738653838634491, "self-related_top3000": 0.7461538314819336, "self-related_top4000": 0.7511538863182068, "self-related_top5000": 0.7532692551612854, "self-related_top6000": 0.7557691931724548, "other-related_top1500": 0.7063461542129517, "other-related_top2000": 0.6871154308319092, "other-related_top2500": 0.6821154356002808, "other-related_top3000": 0.6846153736114502, "other-related_top4000": 0.45711541175842285, "other-related_top5000": 0.42173075675964355, "other-related_top6000": 0.6078846454620361, "expectedness_top1500": 0.7226923108100891, "expectedness_top2000": 0.7298077344894409, "expectedness_top2500": 0.7059615850448608, "expectedness_top3000": 0.7084615230560303, "expectedness_top4000": 0.7155769467353821, "expectedness_top5000": 0.689230740070343, "expectedness_top6000": 0.6696153879165649, "non-novelty_top1500": 0.7394230961799622, "non-novelty_top2000": 0.7301923036575317, "non-novelty_top2500": 0.7092307209968567, "non-novelty_top3000": 0.7330769300460815, "non-novelty_top4000": 0.5501922965049744, "non-novelty_top5000": 0.584038496017456, "non-novelty_top6000": 0.5034615397453308}