{"sentiment": "disapproval", "seed": 1, "arousal_top1500": 0.6192857623100281, "best": 0.6623263955116272, "arousal_top2000": 0.606269896030426, "arousal_top2500": 0.5311904549598694, "arousal_top3000": 0.4844444692134857, "arousal_top4000": 0.48277780413627625, "arousal_top5000": 0.48277780413627625, "arousal_top6000": 0.572936475276947, "valence_top1500": 0.5172222256660461, "valence_top2000": 0.5172222256660461, "valence_top2500": 0.5172222256660461, "valence_top3000": 0.5172222256660461, "valence_top4000": 0.5172222256660461, "valence_top5000": 0.5172222256660461, "valence_top6000": 0.5172222256660461, "happy_top1500": 0.6061904430389404, "happy_top2000": 0.5172222256660461, "happy_top2500": 0.5172222256660461, "happy_top3000": 0.5192063450813293, "happy_top4000": 0.5172222256660461, "happy_top5000": 0.5172222256660461, "happy_top6000": 0.5172222256660461, "anger_top1500": 0.6242856979370117, "anger_top2000": 0.5761111378669739, "anger_top2500": 0.607619047164917, "anger_top3000": 0.5211111307144165, "anger_top4000": 0.48746028542518616, "anger_top5000": 0.49492061138153076, "anger_top6000": 0.4945237934589386, "sad_top1500": 0.5172222256660461, "sad_top2000": 0.5339682102203369, "sad_top2500": 0.57150799036026, "sad_top3000": 0.5304761528968811, "sad_top4000": 0.5172222256660461, "sad_top5000": 0.48277780413627625, "sad_top6000": 0.5155555605888367, "fear_top1500": 0.4851587116718292, "fear_top2000": 0.5013492703437805, "fear_top2500": 0.5258730053901672, "fear_top3000": 0.5155555605888367, "fear_top4000": 0.52182537317276, "fear_top5000": 0.5679365396499634, "fear_top6000": 0.5172222256660461, "surprise_top1500": 0.5862697958946228, "surprise_top2000": 0.5726190209388733, "surprise_top2500": 0.6209523677825928, "surprise_top3000": 0.622619092464447, "surprise_top4000": 0.6259523034095764, "surprise_top5000": 0.621666669845581, "surprise_top6000": 0.48579367995262146, "disgust_top1500": 0.6292856335639954, "disgust_top2000": 0.6273015141487122, "disgust_top2500": 0.5946031808853149, "disgust_top3000": 0.609603226184845, "disgust_top4000": 0.597777783870697, "disgust_top5000": 0.5172222256660461, "disgust_top6000": 0.5188888907432556, "control_top1500": 0.5172222256660461, "control_top2000": 0.5172222256660461, "control_top2500": 0.5172222256660461, "control_top3000": 0.48277780413627625, "control_top4000": 0.4193650782108307, "control_top5000": 0.47055554389953613, "control_top6000": 0.5322222113609314, "fairness_top1500": 0.6545237898826599, "fairness_top2000": 0.5819047689437866, "fairness_top2500": 0.6009523868560791, "fairness_top3000": 0.6142857074737549, "fairness_top4000": 0.6012698411941528, "fairness_top5000": 0.5184920430183411, "fairness_top6000": 0.44753971695899963, "self-related_top1500": 0.6376984119415283, "self-related_top2000": 0.6420634984970093, "self-related_top2500": 0.6297618746757507, "self-related_top3000": 0.6437301635742188, "self-related_top4000": 0.6326983571052551, "self-related_top5000": 0.48777779936790466, "self-related_top6000": 0.4841269552707672, "other-related_top1500": 0.6376190185546875, "other-related_top2000": 0.6603967547416687, "other-related_top2500": 0.6209523677825928, "other-related_top3000": 0.5978571772575378, "other-related_top4000": 0.5365079045295715, "other-related_top5000": 0.5138888955116272, "other-related_top6000": 0.5215873122215271, "expectedness_top1500": 0.646746039390564, "expectedness_top2000": 0.5314285755157471, "expectedness_top2500": 0.5172222256660461, "expectedness_top3000": 0.5172222256660461, "expectedness_top4000": 0.4911111295223236, "expectedness_top5000": 0.496111124753952, "expectedness_top6000": 0.5235714316368103, "non-novelty_top1500": 0.607619047164917, "non-novelty_top2000": 0.6292856335639954, "non-novelty_top2500": 0.6199206709861755, "non-novelty_top3000": 0.6142857074737549, "non-novelty_top4000": 0.5172222256660461, "non-novelty_top5000": 0.5172222256660461, "non-novelty_top6000": 0.5172222256660461}