{"sentiment": "disappointment", "seed": 9, "arousal_top1500": 0.6955769658088684, "best": 0.7378906011581421, "arousal_top2000": 0.671346127986908, "arousal_top2500": 0.6980769038200378, "arousal_top3000": 0.7169231176376343, "arousal_top4000": 0.7194230556488037, "arousal_top5000": 0.42461538314819336, "arousal_top6000": 0.42461538314819336, "valence_top1500": 0.6634615659713745, "valence_top2000": 0.4367307722568512, "valence_top2500": 0.4367307722568512, "valence_top3000": 0.42461538314819336, "valence_top4000": 0.42461538314819336, "valence_top5000": 0.42461538314819336, "valence_top6000": 0.42461538314819336, "happy_top1500": 0.5807692408561707, "happy_top2000": 0.434230774641037, "happy_top2500": 0.42711538076400757, "happy_top3000": 0.42711538076400757, "happy_top4000": 0.42461538314819336, "happy_top5000": 0.42461538314819336, "happy_top6000": 0.42461538314819336, "anger_top1500": 0.7019230723381042, "anger_top2000": 0.7015384435653687, "anger_top2500": 0.6936538219451904, "anger_top3000": 0.6057692170143127, "anger_top4000": 0.6307691931724548, "anger_top5000": 0.6436538696289062, "anger_top6000": 0.5978846549987793, "sad_top1500": 0.6969230771064758, "sad_top2000": 0.7044230699539185, "sad_top2500": 0.686923086643219, "sad_top3000": 0.57442307472229, "sad_top4000": 0.5657691955566406, "sad_top5000": 0.5853846073150635, "sad_top6000": 0.6328846216201782, "fear_top1500": 0.42461538314819336, "fear_top2000": 0.42461538314819336, "fear_top2500": 0.42461538314819336, "fear_top3000": 0.42211538553237915, "fear_top4000": 0.42461538314819336, "fear_top5000": 0.42461538314819336, "fear_top6000": 0.42461538314819336, "surprise_top1500": 0.6990385055541992, "surprise_top2000": 0.6915384531021118, "surprise_top2500": 0.7165384292602539, "surprise_top3000": 0.7173076868057251, "surprise_top4000": 0.6813461780548096, "surprise_top5000": 0.7026923298835754, "surprise_top6000": 0.692307710647583, "disgust_top1500": 0.7244231104850769, "disgust_top2000": 0.7194230556488037, "disgust_top2500": 0.6840384006500244, "disgust_top3000": 0.6715384721755981, "disgust_top4000": 0.6811538338661194, "disgust_top5000": 0.6786538362503052, "disgust_top6000": 0.6440384387969971, "control_top1500": 0.6617307662963867, "control_top2000": 0.5882692337036133, "control_top2500": 0.5261538028717041, "control_top3000": 0.5151923298835754, "control_top4000": 0.5101922750473022, "control_top5000": 0.4367307722568512, "control_top6000": 0.6851922869682312, "fairness_top1500": 0.704807698726654, "fairness_top2000": 0.7026922702789307, "fairness_top2500": 0.625, "fairness_top3000": 0.434230774641037, "fairness_top4000": 0.44634613394737244, "fairness_top5000": 0.42461538314819336, "fairness_top6000": 0.42461538314819336, "self-related_top1500": 0.7098076939582825, "self-related_top2000": 0.6980769634246826, "self-related_top2500": 0.6980769634246826, "self-related_top3000": 0.7069230675697327, "self-related_top4000": 0.7144230604171753, "self-related_top5000": 0.688653826713562, "self-related_top6000": 0.709038496017456, "other-related_top1500": 0.6955769062042236, "other-related_top2000": 0.7101922631263733, "other-related_top2500": 0.6930769085884094, "other-related_top3000": 0.69057697057724, "other-related_top4000": 0.615384578704834, "other-related_top5000": 0.6036538481712341, "other-related_top6000": 0.6640384197235107, "expectedness_top1500": 0.69942307472229, "expectedness_top2000": 0.6944230794906616, "expectedness_top2500": 0.7144230604171753, "expectedness_top3000": 0.7101923227310181, "expectedness_top4000": 0.704807698726654, "expectedness_top5000": 0.688076913356781, "expectedness_top6000": 0.6665384769439697, "non-novelty_top1500": 0.704807698726654, "non-novelty_top2000": 0.6107692122459412, "non-novelty_top2500": 0.569038450717926, "non-novelty_top3000": 0.5290384888648987, "non-novelty_top4000": 0.42461538314819336, "non-novelty_top5000": 0.42461538314819336, "non-novelty_top6000": 0.42461538314819336}