{"sentiment": "disapproval", "seed": 9, "arousal_top1500": 0.801031768321991, "best": 0.79296875, "arousal_top2000": 0.7993651032447815, "arousal_top2500": 0.7859523892402649, "arousal_top3000": 0.7742857336997986, "arousal_top4000": 0.7806349396705627, "arousal_top5000": 0.7607936263084412, "arousal_top6000": 0.6063492298126221, "valence_top1500": 0.7916666865348816, "valence_top2000": 0.7863492369651794, "valence_top2500": 0.7916666865348816, "valence_top3000": 0.7760317325592041, "valence_top4000": 0.7784126400947571, "valence_top5000": 0.7325396537780762, "valence_top6000": 0.5939682126045227, "happy_top1500": 0.7926983833312988, "happy_top2000": 0.7866666913032532, "happy_top2500": 0.7780158519744873, "happy_top3000": 0.780317485332489, "happy_top4000": 0.6853968501091003, "happy_top5000": 0.5870634913444519, "happy_top6000": 0.5242063403129578, "anger_top1500": 0.8080158233642578, "anger_top2000": 0.8080158829689026, "anger_top2500": 0.8019841313362122, "anger_top3000": 0.7839682102203369, "anger_top4000": 0.7873015999794006, "anger_top5000": 0.7659523487091064, "anger_top6000": 0.7512698173522949, "sad_top1500": 0.8003174662590027, "sad_top2000": 0.7853174805641174, "sad_top2500": 0.7759523987770081, "sad_top3000": 0.7726190090179443, "sad_top4000": 0.7923809885978699, "sad_top5000": 0.7843651175498962, "sad_top6000": 0.711904764175415, "fear_top1500": 0.7797618508338928, "fear_top2000": 0.7811110615730286, "fear_top2500": 0.7747619152069092, "fear_top3000": 0.7811110615730286, "fear_top4000": 0.7621428370475769, "fear_top5000": 0.7784126400947571, "fear_top6000": 0.7727777361869812, "surprise_top1500": 0.7646031379699707, "surprise_top2000": 0.759920597076416, "surprise_top2500": 0.7703174948692322, "surprise_top3000": 0.7485714554786682, "surprise_top4000": 0.6845238208770752, "surprise_top5000": 0.6758730411529541, "surprise_top6000": 0.7061905264854431, "disgust_top1500": 0.8043651580810547, "disgust_top2000": 0.8026984333992004, "disgust_top2500": 0.809999942779541, "disgust_top3000": 0.8119840621948242, "disgust_top4000": 0.800000011920929, "disgust_top5000": 0.7699999809265137, "disgust_top6000": 0.7729365229606628, "control_top1500": 0.7833333015441895, "control_top2000": 0.7783333659172058, "control_top2500": 0.7813491821289062, "control_top3000": 0.7694444060325623, "control_top4000": 0.7215873599052429, "control_top5000": 0.5667460560798645, "control_top6000": 0.6394444704055786, "fairness_top1500": 0.7950000166893005, "fairness_top2000": 0.7850000262260437, "fairness_top2500": 0.7800000309944153, "fairness_top3000": 0.7850000262260437, "fairness_top4000": 0.7719841003417969, "fairness_top5000": 0.7623016238212585, "fairness_top6000": 0.7595238089561462, "self-related_top1500": 0.8066666722297668, "self-related_top2000": 0.8066666722297668, "self-related_top2500": 0.8083333373069763, "self-related_top3000": 0.7940475940704346, "self-related_top4000": 0.7920634746551514, "self-related_top5000": 0.8063492774963379, "self-related_top6000": 0.8003174662590027, "other-related_top1500": 0.8043650984764099, "other-related_top2000": 0.8026984333992004, "other-related_top2500": 0.8043650984764099, "other-related_top3000": 0.8060318827629089, "other-related_top4000": 0.787777841091156, "other-related_top5000": 0.6331745982170105, "other-related_top6000": 0.49912700057029724, "expectedness_top1500": 0.7789682745933533, "expectedness_top2000": 0.7886508107185364, "expectedness_top2500": 0.7686507701873779, "expectedness_top3000": 0.780317485332489, "expectedness_top4000": 0.7436508536338806, "expectedness_top5000": 0.7880158424377441, "expectedness_top6000": 0.7830159068107605, "non-novelty_top1500": 0.7883333563804626, "non-novelty_top2000": 0.7926983833312988, "non-novelty_top2500": 0.7926983833312988, "non-novelty_top3000": 0.7866666913032532, "non-novelty_top4000": 0.7796825766563416, "non-novelty_top5000": 0.76500004529953, "non-novelty_top6000": 0.7693650722503662}