{"sentiment": "disapproval", "seed": 15, "arousal_top1500": 0.7614285945892334, "best": 0.7504339814186096, "arousal_top2000": 0.7647619247436523, "arousal_top2500": 0.7594444751739502, "arousal_top3000": 0.7543650269508362, "arousal_top4000": 0.7653968334197998, "arousal_top5000": 0.7218254208564758, "arousal_top6000": 0.5299206376075745, "valence_top1500": 0.7647619247436523, "valence_top2000": 0.7594444751739502, "valence_top2500": 0.7680951952934265, "valence_top3000": 0.7714285850524902, "valence_top4000": 0.7235713601112366, "valence_top5000": 0.7517459988594055, "valence_top6000": 0.7630952000617981, "happy_top1500": 0.7641270160675049, "happy_top2000": 0.7627778053283691, "happy_top2500": 0.7615079879760742, "happy_top3000": 0.7594444751739502, "happy_top4000": 0.7116666436195374, "happy_top5000": 0.7083333134651184, "happy_top6000": 0.5471428036689758, "anger_top1500": 0.76198410987854, "anger_top2000": 0.7633333206176758, "anger_top2500": 0.753333330154419, "anger_top3000": 0.7549999356269836, "anger_top4000": 0.7524603009223938, "anger_top5000": 0.7567460536956787, "anger_top6000": 0.7617461085319519, "sad_top1500": 0.6992063522338867, "sad_top2000": 0.7269048094749451, "sad_top2500": 0.7075396180152893, "sad_top3000": 0.7389683127403259, "sad_top4000": 0.7389681935310364, "sad_top5000": 0.5600793957710266, "sad_top6000": 0.4853968322277069, "fear_top1500": 0.732619047164917, "fear_top2000": 0.7442856431007385, "fear_top2500": 0.7462697625160217, "fear_top3000": 0.7129364609718323, "fear_top4000": 0.7599999904632568, "fear_top5000": 0.7033333778381348, "fear_top6000": 0.6322222352027893, "surprise_top1500": 0.7523016333580017, "surprise_top2000": 0.753333330154419, "surprise_top2500": 0.7546825408935547, "surprise_top3000": 0.76198410987854, "surprise_top4000": 0.7593650817871094, "surprise_top5000": 0.7603175044059753, "surprise_top6000": 0.7526190280914307, "disgust_top1500": 0.7599999904632568, "disgust_top2000": 0.7633333206176758, "disgust_top2500": 0.7623016238212585, "disgust_top3000": 0.7556349635124207, "disgust_top4000": 0.7519841194152832, "disgust_top5000": 0.7613492012023926, "disgust_top6000": 0.7593650817871094, "control_top1500": 0.6145238280296326, "control_top2000": 0.5757936835289001, "control_top2500": 0.7046031355857849, "control_top3000": 0.7257142663002014, "control_top4000": 0.65365070104599, "control_top5000": 0.36738094687461853, "control_top6000": 0.4692063331604004, "fairness_top1500": 0.7640476226806641, "fairness_top2000": 0.7716667056083679, "fairness_top2500": 0.7647618651390076, "fairness_top3000": 0.7661111354827881, "fairness_top4000": 0.6445237994194031, "fairness_top5000": 0.5385714173316956, "fairness_top6000": 0.5246031880378723, "self-related_top1500": 0.767063558101654, "self-related_top2000": 0.767063558101654, "self-related_top2500": 0.7653968334197998, "self-related_top3000": 0.767063558101654, "self-related_top4000": 0.7637301087379456, "self-related_top5000": 0.7640476226806641, "self-related_top6000": 0.7626984119415283, "other-related_top1500": 0.7670634388923645, "other-related_top2000": 0.7670634388923645, "other-related_top2500": 0.7670634388923645, "other-related_top3000": 0.7670634388923645, "other-related_top4000": 0.7519047856330872, "other-related_top5000": 0.7730951905250549, "other-related_top6000": 0.7690476775169373, "expectedness_top1500": 0.7503175139427185, "expectedness_top2000": 0.7563491463661194, "expectedness_top2500": 0.7623808979988098, "expectedness_top3000": 0.7600793838500977, "expectedness_top4000": 0.7436507344245911, "expectedness_top5000": 0.6857142448425293, "expectedness_top6000": 0.5375396609306335, "non-novelty_top1500": 0.7633333206176758, "non-novelty_top2000": 0.7620635032653809, "non-novelty_top2500": 0.7646825313568115, "non-novelty_top3000": 0.7473015785217285, "non-novelty_top4000": 0.6084920763969421, "non-novelty_top5000": 0.717619001865387, "non-novelty_top6000": 0.7364285588264465}