{"sentiment": "disapproval", "seed": 7, "arousal_top1500": 0.7846031188964844, "best": 0.7890625, "arousal_top2000": 0.7698412537574768, "arousal_top2500": 0.6598412990570068, "arousal_top3000": 0.6268253922462463, "arousal_top4000": 0.614126980304718, "arousal_top5000": 0.6781746745109558, "arousal_top6000": 0.7754761576652527, "valence_top1500": 0.7331745624542236, "valence_top2000": 0.566111147403717, "valence_top2500": 0.5150793790817261, "valence_top3000": 0.5391269326210022, "valence_top4000": 0.6311904788017273, "valence_top5000": 0.6595237851142883, "valence_top6000": 0.6481745839118958, "happy_top1500": 0.5361111164093018, "happy_top2000": 0.6981745362281799, "happy_top2500": 0.6111111044883728, "happy_top3000": 0.5518254041671753, "happy_top4000": 0.5528571605682373, "happy_top5000": 0.5134126543998718, "happy_top6000": 0.5288094878196716, "anger_top1500": 0.7688888907432556, "anger_top2000": 0.757539689540863, "anger_top2500": 0.7304761409759521, "anger_top3000": 0.7191269397735596, "anger_top4000": 0.744523823261261, "anger_top5000": 0.7392063140869141, "anger_top6000": 0.7225396633148193, "sad_top1500": 0.7548412680625916, "sad_top2000": 0.7321428656578064, "sad_top2500": 0.6865079998970032, "sad_top3000": 0.7538888454437256, "sad_top4000": 0.7776984572410583, "sad_top5000": 0.7161905169487, "sad_top6000": 0.6094444394111633, "fear_top1500": 0.7696824669837952, "fear_top2000": 0.7627777457237244, "fear_top2500": 0.7776984572410583, "fear_top3000": 0.7654762268066406, "fear_top4000": 0.7601587176322937, "fear_top5000": 0.7346031665802002, "fear_top6000": 0.7276983857154846, "surprise_top1500": 0.7034921050071716, "surprise_top2000": 0.6788095831871033, "surprise_top2500": 0.6934921145439148, "surprise_top3000": 0.6203967928886414, "surprise_top4000": 0.5234127044677734, "surprise_top5000": 0.4967460334300995, "surprise_top6000": 0.49341270327568054, "disgust_top1500": 0.7779364585876465, "disgust_top2000": 0.7638888955116272, "disgust_top2500": 0.7321428656578064, "disgust_top3000": 0.7288095355033875, "disgust_top4000": 0.7528571486473083, "disgust_top5000": 0.7472221851348877, "disgust_top6000": 0.6307936310768127, "control_top1500": 0.7532539367675781, "control_top2000": 0.7178571224212646, "control_top2500": 0.7426190376281738, "control_top3000": 0.7549999356269836, "control_top4000": 0.7222222685813904, "control_top5000": 0.6650794148445129, "control_top6000": 0.7005555629730225, "fairness_top1500": 0.7852380871772766, "fairness_top2000": 0.7672222256660461, "fairness_top2500": 0.71317458152771, "fairness_top3000": 0.6744444370269775, "fairness_top4000": 0.4967460334300995, "fairness_top5000": 0.5488095283508301, "fairness_top6000": 0.537063479423523, "self-related_top1500": 0.7859523892402649, "self-related_top2000": 0.7889682650566101, "self-related_top2500": 0.7976190447807312, "self-related_top3000": 0.7889682650566101, "self-related_top4000": 0.7876984477043152, "self-related_top5000": 0.7626190185546875, "self-related_top6000": 0.7421428561210632, "other-related_top1500": 0.7920635342597961, "other-related_top2000": 0.797698438167572, "other-related_top2500": 0.7940475940704346, "other-related_top3000": 0.7926983833312988, "other-related_top4000": 0.7672222256660461, "other-related_top5000": 0.5684921145439148, "other-related_top6000": 0.5414285659790039, "expectedness_top1500": 0.757857084274292, "expectedness_top2000": 0.7735714316368103, "expectedness_top2500": 0.7615873217582703, "expectedness_top3000": 0.7715873122215271, "expectedness_top4000": 0.6474602818489075, "expectedness_top5000": 0.7425397038459778, "expectedness_top6000": 0.6415079236030579, "non-novelty_top1500": 0.7896031737327576, "non-novelty_top2000": 0.7807143330574036, "non-novelty_top2500": 0.7893650531768799, "non-novelty_top3000": 0.794682502746582, "non-novelty_top4000": 0.7743651270866394, "non-novelty_top5000": 0.7824602723121643, "non-novelty_top6000": 0.7626190185546875}