{"sentiment": "disappointment", "seed": 11, "arousal_top1500": 0.7594230771064758, "best": 0.7731026411056519, "arousal_top2000": 0.7348077297210693, "arousal_top2500": 0.7140384912490845, "arousal_top3000": 0.7111538052558899, "arousal_top4000": 0.6661538481712341, "arousal_top5000": 0.692307710647583, "arousal_top6000": 0.6988461017608643, "valence_top1500": 0.7063461542129517, "valence_top2000": 0.45423081517219543, "valence_top2500": 0.4784615635871887, "valence_top3000": 0.45673081278800964, "valence_top4000": 0.5526922941207886, "valence_top5000": 0.45173078775405884, "valence_top6000": 0.45173078775405884, "happy_top1500": 0.7226922512054443, "happy_top2000": 0.626153826713562, "happy_top2500": 0.5923077464103699, "happy_top3000": 0.6376923322677612, "happy_top4000": 0.5073077082633972, "happy_top5000": 0.5526922941207886, "happy_top6000": 0.48134613037109375, "anger_top1500": 0.7648077011108398, "anger_top2000": 0.7290384769439697, "anger_top2500": 0.6965384483337402, "anger_top3000": 0.6615384817123413, "anger_top4000": 0.6973077058792114, "anger_top5000": 0.665961503982544, "anger_top6000": 0.6296154260635376, "sad_top1500": 0.7448077201843262, "sad_top2000": 0.7323077321052551, "sad_top2500": 0.7498077154159546, "sad_top3000": 0.6742307543754578, "sad_top4000": 0.6144230961799622, "sad_top5000": 0.47634613513946533, "sad_top6000": 0.4517308175563812, "fear_top1500": 0.45173078775405884, "fear_top2000": 0.45173078775405884, "fear_top2500": 0.45173078775405884, "fear_top3000": 0.45173078775405884, "fear_top4000": 0.45173078775405884, "fear_top5000": 0.45173078775405884, "fear_top6000": 0.45173078775405884, "surprise_top1500": 0.7498077154159546, "surprise_top2000": 0.6986538767814636, "surprise_top2500": 0.6936538219451904, "surprise_top3000": 0.670769214630127, "surprise_top4000": 0.6282692551612854, "surprise_top5000": 0.6578845977783203, "surprise_top6000": 0.6257691979408264, "disgust_top1500": 0.7723076939582825, "disgust_top2000": 0.7723076939582825, "disgust_top2500": 0.7040384411811829, "disgust_top3000": 0.6936538219451904, "disgust_top4000": 0.6540384292602539, "disgust_top5000": 0.6926922798156738, "disgust_top6000": 0.6801922917366028, "control_top1500": 0.7636538743972778, "control_top2000": 0.744038462638855, "control_top2500": 0.7636538743972778, "control_top3000": 0.7261538505554199, "control_top4000": 0.7248077392578125, "control_top5000": 0.693461537361145, "control_top6000": 0.7461538314819336, "fairness_top1500": 0.7398077249526978, "fairness_top2000": 0.6944230794906616, "fairness_top2500": 0.6821154356002808, "fairness_top3000": 0.6905769109725952, "fairness_top4000": 0.48134613037109375, "fairness_top5000": 0.5317307710647583, "fairness_top6000": 0.4367307424545288, "self-related_top1500": 0.7723076939582825, "self-related_top2000": 0.7815384864807129, "self-related_top2500": 0.7519230842590332, "self-related_top3000": 0.7444230318069458, "self-related_top4000": 0.7661538124084473, "self-related_top5000": 0.7461538314819336, "self-related_top6000": 0.7086538672447205, "other-related_top1500": 0.757692277431488, "other-related_top2000": 0.757692277431488, "other-related_top2500": 0.757692277431488, "other-related_top3000": 0.7626922726631165, "other-related_top4000": 0.7192308306694031, "other-related_top5000": 0.5138461589813232, "other-related_top6000": 0.676153838634491, "expectedness_top1500": 0.7669230699539185, "expectedness_top2000": 0.7719230651855469, "expectedness_top2500": 0.7523077130317688, "expectedness_top3000": 0.7573077082633972, "expectedness_top4000": 0.6865384578704834, "expectedness_top5000": 0.7294230461120605, "expectedness_top6000": 0.7109615802764893, "non-novelty_top1500": 0.7782692313194275, "non-novelty_top2000": 0.7744230628013611, "non-novelty_top2500": 0.767307698726654, "non-novelty_top3000": 0.7551922798156738, "non-novelty_top4000": 0.733846127986908, "non-novelty_top5000": 0.7459615468978882, "non-novelty_top6000": 0.6419230699539185}