{"sentiment": "disappointment", "seed": 13, "arousal_top1500": 0.7490384578704834, "best": 0.7529017925262451, "arousal_top2000": 0.7469230890274048, "arousal_top2500": 0.7390384674072266, "arousal_top3000": 0.6794230937957764, "arousal_top4000": 0.6740384697914124, "arousal_top5000": 0.7069230675697327, "arousal_top6000": 0.6926922798156738, "valence_top1500": 0.7344231009483337, "valence_top2000": 0.7069230675697327, "valence_top2500": 0.7026922702789307, "valence_top3000": 0.7073076963424683, "valence_top4000": 0.4984615743160248, "valence_top5000": 0.434230774641037, "valence_top6000": 0.434230774641037, "happy_top1500": 0.7023077011108398, "happy_top2000": 0.6200000047683716, "happy_top2500": 0.5715384483337402, "happy_top3000": 0.5373077392578125, "happy_top4000": 0.434230774641037, "happy_top5000": 0.434230774641037, "happy_top6000": 0.434230774641037, "anger_top1500": 0.7519230842590332, "anger_top2000": 0.7594230771064758, "anger_top2500": 0.7590384483337402, "anger_top3000": 0.7515383958816528, "anger_top4000": 0.7590384483337402, "anger_top5000": 0.7565385103225708, "anger_top6000": 0.7248077392578125, "sad_top1500": 0.7269230484962463, "sad_top2000": 0.7394230961799622, "sad_top2500": 0.7419230937957764, "sad_top3000": 0.7398077249526978, "sad_top4000": 0.6371153593063354, "sad_top5000": 0.45134612917900085, "sad_top6000": 0.44634613394737244, "fear_top1500": 0.6103846430778503, "fear_top2000": 0.6200000047683716, "fear_top2500": 0.6175000071525574, "fear_top3000": 0.6000000238418579, "fear_top4000": 0.5369231104850769, "fear_top5000": 0.4780769348144531, "fear_top6000": 0.5444231033325195, "surprise_top1500": 0.76192307472229, "surprise_top2000": 0.7294231057167053, "surprise_top2500": 0.7594230771064758, "surprise_top3000": 0.7544230818748474, "surprise_top4000": 0.7490384578704834, "surprise_top5000": 0.7436538338661194, "surprise_top6000": 0.7161538004875183, "disgust_top1500": 0.7544230818748474, "disgust_top2000": 0.7544230818748474, "disgust_top2500": 0.7594230771064758, "disgust_top3000": 0.7369230389595032, "disgust_top4000": 0.7394230961799622, "disgust_top5000": 0.7051922678947449, "disgust_top6000": 0.7219230532646179, "control_top1500": 0.7169230580329895, "control_top2000": 0.7115384340286255, "control_top2500": 0.7040385007858276, "control_top3000": 0.7269230484962463, "control_top4000": 0.6021153926849365, "control_top5000": 0.573269248008728, "control_top6000": 0.7065384387969971, "fairness_top1500": 0.744038462638855, "fairness_top2000": 0.7169230580329895, "fairness_top2500": 0.6563461422920227, "fairness_top3000": 0.632115364074707, "fairness_top4000": 0.44923079013824463, "fairness_top5000": 0.434230774641037, "fairness_top6000": 0.434230774641037, "self-related_top1500": 0.7569230794906616, "self-related_top2000": 0.76192307472229, "self-related_top2500": 0.7694230675697327, "self-related_top3000": 0.7594230771064758, "self-related_top4000": 0.7569230794906616, "self-related_top5000": 0.7244230508804321, "self-related_top6000": 0.709038496017456, "other-related_top1500": 0.7344231009483337, "other-related_top2000": 0.736923098564148, "other-related_top2500": 0.7344231009483337, "other-related_top3000": 0.7319231033325195, "other-related_top4000": 0.6830769181251526, "other-related_top5000": 0.6484615802764893, "other-related_top6000": 0.703653872013092, "expectedness_top1500": 0.7219230532646179, "expectedness_top2000": 0.7465384006500244, "expectedness_top2500": 0.7315384149551392, "expectedness_top3000": 0.7394230961799622, "expectedness_top4000": 0.7215384244918823, "expectedness_top5000": 0.7155769467353821, "expectedness_top6000": 0.6525000333786011, "non-novelty_top1500": 0.7594230771064758, "non-novelty_top2000": 0.7469230890274048, "non-novelty_top2500": 0.7394230961799622, "non-novelty_top3000": 0.7419230937957764, "non-novelty_top4000": 0.6759614944458008, "non-novelty_top5000": 0.6225000619888306, "non-novelty_top6000": 0.48596155643463135}