{"sentiment": "disapproval", "seed": 100, "arousal_top1500": 0.7688095569610596, "best": 0.7410300374031067, "arousal_top2000": 0.770396888256073, "arousal_top2500": 0.716587245464325, "arousal_top3000": 0.7169840931892395, "arousal_top4000": 0.5384126901626587, "arousal_top5000": 0.5096032023429871, "arousal_top6000": 0.5096032023429871, "valence_top1500": 0.7747619152069092, "valence_top2000": 0.7671428322792053, "valence_top2500": 0.7714285850524902, "valence_top3000": 0.7661111354827881, "valence_top4000": 0.7674603462219238, "valence_top5000": 0.5258730053901672, "valence_top6000": 0.5620635151863098, "happy_top1500": 0.7730951905250549, "happy_top2000": 0.7618253827095032, "happy_top2500": 0.7578571438789368, "happy_top3000": 0.7265872955322266, "happy_top4000": 0.5096032023429871, "happy_top5000": 0.6319047212600708, "happy_top6000": 0.5096032023429871, "anger_top1500": 0.7603968977928162, "anger_top2000": 0.7573809623718262, "anger_top2500": 0.7269840836524963, "anger_top3000": 0.6949207186698914, "anger_top4000": 0.750079333782196, "anger_top5000": 0.7334127426147461, "anger_top6000": 0.733730137348175, "sad_top1500": 0.7426983714103699, "sad_top2000": 0.7473809719085693, "sad_top2500": 0.7403967976570129, "sad_top3000": 0.7561111450195312, "sad_top4000": 0.7355555891990662, "sad_top5000": 0.5441269874572754, "sad_top6000": 0.5715872645378113, "fear_top1500": 0.7591269612312317, "fear_top2000": 0.5322221517562866, "fear_top2500": 0.757460355758667, "fear_top3000": 0.7538095116615295, "fear_top4000": 0.7126190662384033, "fear_top5000": 0.5876984596252441, "fear_top6000": 0.5149206519126892, "surprise_top1500": 0.752380907535553, "surprise_top2000": 0.7307142615318298, "surprise_top2500": 0.7587301731109619, "surprise_top3000": 0.7320635318756104, "surprise_top4000": 0.7210317254066467, "surprise_top5000": 0.652222216129303, "surprise_top6000": 0.5961111187934875, "disgust_top1500": 0.7617461085319519, "disgust_top2000": 0.7567460536956787, "disgust_top2500": 0.752380907535553, "disgust_top3000": 0.7526984214782715, "disgust_top4000": 0.7650793194770813, "disgust_top5000": 0.7419047951698303, "disgust_top6000": 0.740079402923584, "control_top1500": 0.5112698674201965, "control_top2000": 0.5096032023429871, "control_top2500": 0.5096032023429871, "control_top3000": 0.5096032023429871, "control_top4000": 0.5096032023429871, "control_top5000": 0.5132539868354797, "control_top6000": 0.6551586985588074, "fairness_top1500": 0.7677777409553528, "fairness_top2000": 0.7680952548980713, "fairness_top2500": 0.7644444108009338, "fairness_top3000": 0.7657936215400696, "fairness_top4000": 0.7644444108009338, "fairness_top5000": 0.7645238041877747, "fairness_top6000": 0.6448412537574768, "self-related_top1500": 0.7684127688407898, "self-related_top2000": 0.7661111354827881, "self-related_top2500": 0.7730951905250549, "self-related_top3000": 0.7714285850524902, "self-related_top4000": 0.7694444060325623, "self-related_top5000": 0.7557143568992615, "self-related_top6000": 0.7600793838500977, "other-related_top1500": 0.7429364323616028, "other-related_top2000": 0.7412698268890381, "other-related_top2500": 0.7429364323616028, "other-related_top3000": 0.7412698268890381, "other-related_top4000": 0.6574602723121643, "other-related_top5000": 0.5096032023429871, "other-related_top6000": 0.5096032023429871, "expectedness_top1500": 0.7603968977928162, "expectedness_top2000": 0.7537302374839783, "expectedness_top2500": 0.7494444847106934, "expectedness_top3000": 0.7056348919868469, "expectedness_top4000": 0.6743651032447815, "expectedness_top5000": 0.5188888907432556, "expectedness_top6000": 0.5008730292320251, "non-novelty_top1500": 0.6435714364051819, "non-novelty_top2000": 0.6869048476219177, "non-novelty_top2500": 0.6134920716285706, "non-novelty_top3000": 0.6511905193328857, "non-novelty_top4000": 0.6783332824707031, "non-novelty_top5000": 0.7245237827301025, "non-novelty_top6000": 0.6480158567428589}