{"sentiment": "disappointment", "seed": 42, "arousal_top1500": 0.5261538624763489, "best": 0.707812488079071, "arousal_top2000": 0.5901922583580017, "arousal_top2500": 0.5800000429153442, "arousal_top3000": 0.5800000429153442, "arousal_top4000": 0.5800000429153442, "arousal_top5000": 0.5924999713897705, "arousal_top6000": 0.4099999964237213, "valence_top1500": 0.5115385055541992, "valence_top2000": 0.41749998927116394, "valence_top2500": 0.45096153020858765, "valence_top3000": 0.5315384864807129, "valence_top4000": 0.4563461244106293, "valence_top5000": 0.41999998688697815, "valence_top6000": 0.41999998688697815, "happy_top1500": 0.5532692670822144, "happy_top2000": 0.51192307472229, "happy_top2500": 0.560769259929657, "happy_top3000": 0.5538461804389954, "happy_top4000": 0.4421154260635376, "happy_top5000": 0.5525000095367432, "happy_top6000": 0.41999998688697815, "anger_top1500": 0.620769202709198, "anger_top2000": 0.6257692575454712, "anger_top2500": 0.5800000429153442, "anger_top3000": 0.5800000429153442, "anger_top4000": 0.5800000429153442, "anger_top5000": 0.5800000429153442, "anger_top6000": 0.6028846502304077, "sad_top1500": 0.5917307734489441, "sad_top2000": 0.5625, "sad_top2500": 0.550000011920929, "sad_top3000": 0.572115421295166, "sad_top4000": 0.45673081278800964, "sad_top5000": 0.4730769395828247, "sad_top6000": 0.567884624004364, "fear_top1500": 0.4982692003250122, "fear_top2000": 0.5353845953941345, "fear_top2500": 0.5019230842590332, "fear_top3000": 0.5001922845840454, "fear_top4000": 0.41999998688697815, "fear_top5000": 0.41999998688697815, "fear_top6000": 0.41999998688697815, "surprise_top1500": 0.5900000333786011, "surprise_top2000": 0.5800000429153442, "surprise_top2500": 0.6223077178001404, "surprise_top3000": 0.6017307639122009, "surprise_top4000": 0.5950000286102295, "surprise_top5000": 0.6074999570846558, "surprise_top6000": 0.5850000381469727, "disgust_top1500": 0.6203845739364624, "disgust_top2000": 0.6100000143051147, "disgust_top2500": 0.5800000429153442, "disgust_top3000": 0.5800000429153442, "disgust_top4000": 0.5699999928474426, "disgust_top5000": 0.5742307901382446, "disgust_top6000": 0.6365385055541992, "control_top1500": 0.41999998688697815, "control_top2000": 0.41999998688697815, "control_top2500": 0.41999998688697815, "control_top3000": 0.41999998688697815, "control_top4000": 0.41999998688697815, "control_top5000": 0.41999998688697815, "control_top6000": 0.41999998688697815, "fairness_top1500": 0.5763461589813232, "fairness_top2000": 0.5853846073150635, "fairness_top2500": 0.5853846073150635, "fairness_top3000": 0.5759615302085876, "fairness_top4000": 0.5142307877540588, "fairness_top5000": 0.549423098564148, "fairness_top6000": 0.5251922607421875, "self-related_top1500": 0.5575000047683716, "self-related_top2000": 0.5428846478462219, "self-related_top2500": 0.5428846478462219, "self-related_top3000": 0.5934615135192871, "self-related_top4000": 0.5525000095367432, "self-related_top5000": 0.5878846049308777, "self-related_top6000": 0.5800000429153442, "other-related_top1500": 0.5428845882415771, "other-related_top2000": 0.5746153593063354, "other-related_top2500": 0.6176922917366028, "other-related_top3000": 0.5774999856948853, "other-related_top4000": 0.4421153962612152, "other-related_top5000": 0.4271153509616852, "other-related_top6000": 0.4646153748035431, "expectedness_top1500": 0.5528846383094788, "expectedness_top2000": 0.5190384387969971, "expectedness_top2500": 0.44961535930633545, "expectedness_top3000": 0.41999998688697815, "expectedness_top4000": 0.41999998688697815, "expectedness_top5000": 0.41999998688697815, "expectedness_top6000": 0.41999998688697815, "non-novelty_top1500": 0.5236538648605347, "non-novelty_top2000": 0.5240384340286255, "non-novelty_top2500": 0.5340384244918823, "non-novelty_top3000": 0.5286538600921631, "non-novelty_top4000": 0.4767307639122009, "non-novelty_top5000": 0.48057690262794495, "non-novelty_top6000": 0.573269248008728}