{"sentiment": "disgust", "seed": 1, "arousal_top1500": 0.5647872686386108, "best": 0.7216494679450989, "arousal_top2000": 0.5009574890136719, "arousal_top2500": 0.5043616890907288, "arousal_top3000": 0.5096808671951294, "arousal_top4000": 0.5043616890907288, "arousal_top5000": 0.5337234139442444, "arousal_top6000": 0.490319162607193, "valence_top1500": 0.5451064109802246, "valence_top2000": 0.6075531840324402, "valence_top2500": 0.5305318832397461, "valence_top3000": 0.490319162607193, "valence_top4000": 0.490319162607193, "valence_top5000": 0.490319162607193, "valence_top6000": 0.490319162607193, "happy_top1500": 0.6413829326629639, "happy_top2000": 0.6209574341773987, "happy_top2500": 0.5763829946517944, "happy_top3000": 0.5547872185707092, "happy_top4000": 0.490319162607193, "happy_top5000": 0.524042546749115, "happy_top6000": 0.44117021560668945, "anger_top1500": 0.5437234044075012, "anger_top2000": 0.5096808671951294, "anger_top2500": 0.5096808671951294, "anger_top3000": 0.5096808671951294, "anger_top4000": 0.51382976770401, "anger_top5000": 0.4760638177394867, "anger_top6000": 0.481489360332489, "sad_top1500": 0.5246808528900146, "sad_top2000": 0.5196808576583862, "sad_top2500": 0.5096808671951294, "sad_top3000": 0.5096808671951294, "sad_top4000": 0.490319162607193, "sad_top5000": 0.5069149136543274, "sad_top6000": 0.490319162607193, "fear_top1500": 0.490319162607193, "fear_top2000": 0.490319162607193, "fear_top2500": 0.490319162607193, "fear_top3000": 0.490319162607193, "fear_top4000": 0.490319162607193, "fear_top5000": 0.490319162607193, "fear_top6000": 0.490319162607193, "surprise_top1500": 0.6804255247116089, "surprise_top2000": 0.5196808576583862, "surprise_top2500": 0.5140425562858582, "surprise_top3000": 0.5604255199432373, "surprise_top4000": 0.6221276521682739, "surprise_top5000": 0.5271276831626892, "surprise_top6000": 0.5894680619239807, "disgust_top1500": 0.5096808671951294, "disgust_top2000": 0.5096808671951294, "disgust_top2500": 0.5096808671951294, "disgust_top3000": 0.5096808671951294, "disgust_top4000": 0.5096808671951294, "disgust_top5000": 0.4853191375732422, "disgust_top6000": 0.490319162607193, "control_top1500": 0.490319162607193, "control_top2000": 0.490319162607193, "control_top2500": 0.490319162607193, "control_top3000": 0.490319162607193, "control_top4000": 0.490319162607193, "control_top5000": 0.490319162607193, "control_top6000": 0.48734045028686523, "fairness_top1500": 0.5632978677749634, "fairness_top2000": 0.5190425515174866, "fairness_top2500": 0.5368084907531738, "fairness_top3000": 0.5664893388748169, "fairness_top4000": 0.4853191375732422, "fairness_top5000": 0.490319162607193, "fairness_top6000": 0.490319162607193, "self-related_top1500": 0.6784042716026306, "self-related_top2000": 0.5225532054901123, "self-related_top2500": 0.4959574341773987, "self-related_top3000": 0.613085150718689, "self-related_top4000": 0.5890425443649292, "self-related_top5000": 0.5096808671951294, "self-related_top6000": 0.5096808671951294, "other-related_top1500": 0.490319162607193, "other-related_top2000": 0.5767021179199219, "other-related_top2500": 0.7110638618469238, "other-related_top3000": 0.6829787492752075, "other-related_top4000": 0.5115957856178284, "other-related_top5000": 0.49563831090927124, "other-related_top6000": 0.45680850744247437, "expectedness_top1500": 0.6263829469680786, "expectedness_top2000": 0.6264894008636475, "expectedness_top2500": 0.490319162607193, "expectedness_top3000": 0.490319162607193, "expectedness_top4000": 0.5518085360527039, "expectedness_top5000": 0.490319162607193, "expectedness_top6000": 0.49063828587532043, "non-novelty_top1500": 0.5009574890136719, "non-novelty_top2000": 0.490319162607193, "non-novelty_top2500": 0.490319162607193, "non-novelty_top3000": 0.490319162607193, "non-novelty_top4000": 0.48691490292549133, "non-novelty_top5000": 0.4722340404987335, "non-novelty_top6000": 0.490319162607193}