{"sentiment": "disgust", "seed": 13, "arousal_top1500": 0.8845744729042053, "best": 0.9020618796348572, "arousal_top2000": 0.885212779045105, "arousal_top2500": 0.885212779045105, "arousal_top3000": 0.856489360332489, "arousal_top4000": 0.8614893555641174, "arousal_top5000": 0.5651063919067383, "arousal_top6000": 0.490319162607193, "valence_top1500": 0.8423404097557068, "valence_top2000": 0.7828723192214966, "valence_top2500": 0.6605319380760193, "valence_top3000": 0.6232978701591492, "valence_top4000": 0.5435106754302979, "valence_top5000": 0.490319162607193, "valence_top6000": 0.490319162607193, "happy_top1500": 0.8632978796958923, "happy_top2000": 0.7828723192214966, "happy_top2500": 0.5913829803466797, "happy_top3000": 0.49563831090927124, "happy_top4000": 0.490319162607193, "happy_top5000": 0.490319162607193, "happy_top6000": 0.490319162607193, "anger_top1500": 0.9005318880081177, "anger_top2000": 0.9008510708808899, "anger_top2500": 0.8952127695083618, "anger_top3000": 0.8792552947998047, "anger_top4000": 0.5435106754302979, "anger_top5000": 0.5009574890136719, "anger_top6000": 0.5973404049873352, "sad_top1500": 0.8855319023132324, "sad_top2000": 0.8482978940010071, "sad_top2500": 0.8695744872093201, "sad_top3000": 0.5860638618469238, "sad_top4000": 0.490319162607193, "sad_top5000": 0.490319162607193, "sad_top6000": 0.490319162607193, "fear_top1500": 0.490319162607193, "fear_top2000": 0.490319162607193, "fear_top2500": 0.490319162607193, "fear_top3000": 0.490319162607193, "fear_top4000": 0.490319162607193, "fear_top5000": 0.490319162607193, "fear_top6000": 0.490319162607193, "surprise_top1500": 0.9008510708808899, "surprise_top2000": 0.8911702632904053, "surprise_top2500": 0.871489405632019, "surprise_top3000": 0.8908510804176331, "surprise_top4000": 0.8845744729042053, "surprise_top5000": 0.8579787015914917, "surprise_top6000": 0.5754255652427673, "disgust_top1500": 0.8908510804176331, "disgust_top2000": 0.8958510756492615, "disgust_top2500": 0.8908510804176331, "disgust_top3000": 0.8802127838134766, "disgust_top4000": 0.8845744729042053, "disgust_top5000": 0.5541489720344543, "disgust_top6000": 0.5860638618469238, "control_top1500": 0.7512766122817993, "control_top2000": 0.7991489171981812, "control_top2500": 0.6877659559249878, "control_top3000": 0.6020212769508362, "control_top4000": 0.6605319380760193, "control_top5000": 0.7293617129325867, "control_top6000": 0.8427659273147583, "fairness_top1500": 0.868617057800293, "fairness_top2000": 0.8842552900314331, "fairness_top2500": 0.847021222114563, "fairness_top3000": 0.8626595735549927, "fairness_top4000": 0.5807446837425232, "fairness_top5000": 0.490319162607193, "fairness_top6000": 0.490319162607193, "self-related_top1500": 0.889893651008606, "self-related_top2000": 0.8952127695083618, "self-related_top2500": 0.9005318880081177, "self-related_top3000": 0.8905318975448608, "self-related_top4000": 0.8861702084541321, "self-related_top5000": 0.8771276473999023, "self-related_top6000": 0.8814893960952759, "other-related_top1500": 0.8786170482635498, "other-related_top2000": 0.8945745229721069, "other-related_top2500": 0.8948936462402344, "other-related_top3000": 0.8952127695083618, "other-related_top4000": 0.8782979249954224, "other-related_top5000": 0.5757446885108948, "other-related_top6000": 0.794574499130249, "expectedness_top1500": 0.8808510303497314, "expectedness_top2000": 0.8608510494232178, "expectedness_top2500": 0.8621276617050171, "expectedness_top3000": 0.8614893555641174, "expectedness_top4000": 0.832446813583374, "expectedness_top5000": 0.8808510303497314, "expectedness_top6000": 0.702765941619873, "non-novelty_top1500": 0.8861702084541321, "non-novelty_top2000": 0.9014893770217896, "non-novelty_top2500": 0.8964893817901611, "non-novelty_top3000": 0.8914893865585327, "non-novelty_top4000": 0.49563831090927124, "non-novelty_top5000": 0.5967021584510803, "non-novelty_top6000": 0.5062766075134277}