{"sentiment": "disgust", "seed": 5, "arousal_top1500": 0.8864893913269043, "best": 0.8917526006698608, "arousal_top2000": 0.8774467706680298, "arousal_top2500": 0.8477659225463867, "arousal_top3000": 0.8237234354019165, "arousal_top4000": 0.8090425729751587, "arousal_top5000": 0.8477659225463867, "arousal_top6000": 0.7838298082351685, "valence_top1500": 0.868617057800293, "valence_top2000": 0.8789361715316772, "valence_top2500": 0.8682978749275208, "valence_top3000": 0.8789361715316772, "valence_top4000": 0.8254255056381226, "valence_top5000": 0.7462766170501709, "valence_top6000": 0.48500001430511475, "happy_top1500": 0.8902127742767334, "happy_top2000": 0.8802127838134766, "happy_top2500": 0.8895744681358337, "happy_top3000": 0.8748936653137207, "happy_top4000": 0.48500001430511475, "happy_top5000": 0.49563831090927124, "happy_top6000": 0.48500001430511475, "anger_top1500": 0.8761702179908752, "anger_top2000": 0.8380851149559021, "anger_top2500": 0.8337234258651733, "anger_top3000": 0.8093616962432861, "anger_top4000": 0.7746808528900146, "anger_top5000": 0.7743617296218872, "anger_top6000": 0.6696808338165283, "sad_top1500": 0.8477659225463867, "sad_top2000": 0.8377659320831299, "sad_top2500": 0.8384042978286743, "sad_top3000": 0.8280851244926453, "sad_top4000": 0.8484042882919312, "sad_top5000": 0.8334043025970459, "sad_top6000": 0.8471276760101318, "fear_top1500": 0.8363829851150513, "fear_top2000": 0.8313829898834229, "fear_top2500": 0.8101063966751099, "fear_top3000": 0.8586170673370361, "fear_top4000": 0.761914849281311, "fear_top5000": 0.7030851244926453, "fear_top6000": 0.6232978701591492, "surprise_top1500": 0.8711702227592468, "surprise_top2000": 0.8671276569366455, "surprise_top2500": 0.8718085289001465, "surprise_top3000": 0.8577659726142883, "surprise_top4000": 0.8480851054191589, "surprise_top5000": 0.7743617296218872, "surprise_top6000": 0.5846808552742004, "disgust_top1500": 0.8702127933502197, "disgust_top2000": 0.8771276473999023, "disgust_top2500": 0.8284042477607727, "disgust_top3000": 0.8337234258651733, "disgust_top4000": 0.819361686706543, "disgust_top5000": 0.8487234115600586, "disgust_top6000": 0.7893617153167725, "control_top1500": 0.8395744562149048, "control_top2000": 0.8255319595336914, "control_top2500": 0.8448936343193054, "control_top3000": 0.7190425395965576, "control_top4000": 0.7084043025970459, "control_top5000": 0.7146808505058289, "control_top6000": 0.8026596307754517, "fairness_top1500": 0.8914893865585327, "fairness_top2000": 0.8527659177780151, "fairness_top2500": 0.8761702179908752, "fairness_top3000": 0.882446825504303, "fairness_top4000": 0.858404278755188, "fairness_top5000": 0.849042534828186, "fairness_top6000": 0.490319162607193, "self-related_top1500": 0.8802127838134766, "self-related_top2000": 0.8802127838134766, "self-related_top2500": 0.875851035118103, "self-related_top3000": 0.8811702132225037, "self-related_top4000": 0.8621276617050171, "self-related_top5000": 0.8434042930603027, "self-related_top6000": 0.8040425777435303, "other-related_top1500": 0.8632978796958923, "other-related_top2000": 0.8795744776725769, "other-related_top2500": 0.8795744776725769, "other-related_top3000": 0.880531907081604, "other-related_top4000": 0.8582978844642639, "other-related_top5000": 0.49563831090927124, "other-related_top6000": 0.664787232875824, "expectedness_top1500": 0.8868085145950317, "expectedness_top2000": 0.8868085145950317, "expectedness_top2500": 0.8671276569366455, "expectedness_top3000": 0.8761702179908752, "expectedness_top4000": 0.8318085074424744, "expectedness_top5000": 0.7346808910369873, "expectedness_top6000": 0.6020212769508362, "non-novelty_top1500": 0.8624467849731445, "non-novelty_top2000": 0.8721276521682739, "non-novelty_top2500": 0.867446780204773, "non-novelty_top3000": 0.8577659726142883, "non-novelty_top4000": 0.8664894104003906, "non-novelty_top5000": 0.8618085384368896, "non-novelty_top6000": 0.859255313873291}