{"sentiment": "disgust", "seed": 42, "arousal_top1500": 0.839893639087677, "best": 0.8247422575950623, "arousal_top2000": 0.8358510732650757, "arousal_top2500": 0.8242553472518921, "arousal_top3000": 0.8086169958114624, "arousal_top4000": 0.8145744800567627, "arousal_top5000": 0.749148964881897, "arousal_top6000": 0.5115957856178284, "valence_top1500": 0.5541489720344543, "valence_top2000": 0.5009574890136719, "valence_top2500": 0.5328723788261414, "valence_top3000": 0.5169149041175842, "valence_top4000": 0.5701063871383667, "valence_top5000": 0.6179787516593933, "valence_top6000": 0.6571276783943176, "happy_top1500": 0.7597872018814087, "happy_top2000": 0.7169148921966553, "happy_top2500": 0.5381914973258972, "happy_top3000": 0.49563831090927124, "happy_top4000": 0.5435106754302979, "happy_top5000": 0.490319162607193, "happy_top6000": 0.490319162607193, "anger_top1500": 0.8208510875701904, "anger_top2000": 0.8152127861976624, "anger_top2500": 0.8252127766609192, "anger_top3000": 0.8208510875701904, "anger_top4000": 0.815851092338562, "anger_top5000": 0.7867021560668945, "anger_top6000": 0.803617000579834, "sad_top1500": 0.826808512210846, "sad_top2000": 0.8214893341064453, "sad_top2500": 0.8068085312843323, "sad_top3000": 0.811170220375061, "sad_top4000": 0.6023404002189636, "sad_top5000": 0.7325531840324402, "sad_top6000": 0.5982978940010071, "fear_top1500": 0.490319162607193, "fear_top2000": 0.490319162607193, "fear_top2500": 0.490319162607193, "fear_top3000": 0.490319162607193, "fear_top4000": 0.490319162607193, "fear_top5000": 0.490319162607193, "fear_top6000": 0.490319162607193, "surprise_top1500": 0.8302127718925476, "surprise_top2000": 0.815851092338562, "surprise_top2500": 0.811170220375061, "surprise_top3000": 0.7961702346801758, "surprise_top4000": 0.8258510828018188, "surprise_top5000": 0.8408510684967041, "surprise_top6000": 0.8211702108383179, "disgust_top1500": 0.8208510875701904, "disgust_top2000": 0.8258510828018188, "disgust_top2500": 0.815851092338562, "disgust_top3000": 0.8108510971069336, "disgust_top4000": 0.8208510875701904, "disgust_top5000": 0.7585105895996094, "disgust_top6000": 0.6286170482635498, "control_top1500": 0.8105319142341614, "control_top2000": 0.7708510756492615, "control_top2500": 0.5328723788261414, "control_top3000": 0.4962765872478485, "control_top4000": 0.490319162607193, "control_top5000": 0.5128723382949829, "control_top6000": 0.7329787015914917, "fairness_top1500": 0.7873404026031494, "fairness_top2000": 0.8089361786842346, "fairness_top2500": 0.6830850839614868, "fairness_top3000": 0.6182978749275208, "fairness_top4000": 0.7817021012306213, "fairness_top5000": 0.6089361906051636, "fairness_top6000": 0.6530851125717163, "self-related_top1500": 0.8208510875701904, "self-related_top2000": 0.8155319094657898, "self-related_top2500": 0.8255319595336914, "self-related_top3000": 0.8255319595336914, "self-related_top4000": 0.8208510875701904, "self-related_top5000": 0.8164893388748169, "self-related_top6000": 0.8018084764480591, "other-related_top1500": 0.8023403882980347, "other-related_top2000": 0.813936173915863, "other-related_top2500": 0.8208510875701904, "other-related_top3000": 0.8408510684967041, "other-related_top4000": 0.5222340822219849, "other-related_top5000": 0.6284042596817017, "other-related_top6000": 0.628510594367981, "expectedness_top1500": 0.8255319595336914, "expectedness_top2000": 0.8208510875701904, "expectedness_top2500": 0.8245744705200195, "expectedness_top3000": 0.8145744800567627, "expectedness_top4000": 0.8208510875701904, "expectedness_top5000": 0.7328723669052124, "expectedness_top6000": 0.7697871923446655, "non-novelty_top1500": 0.8208510875701904, "non-novelty_top2000": 0.8148936033248901, "non-novelty_top2500": 0.7967021465301514, "non-novelty_top3000": 0.7478723526000977, "non-novelty_top4000": 0.490319162607193, "non-novelty_top5000": 0.490319162607193, "non-novelty_top6000": 0.490319162607193}