{"sentiment": "disgust", "seed": 3, "arousal_top1500": 0.8455319404602051, "best": 0.8608247637748718, "arousal_top2000": 0.839893639087677, "arousal_top2500": 0.8511701822280884, "arousal_top3000": 0.8477659225463867, "arousal_top4000": 0.8571276664733887, "arousal_top5000": 0.7253191471099854, "arousal_top6000": 0.5115957856178284, "valence_top1500": 0.8013829588890076, "valence_top2000": 0.7469148635864258, "valence_top2500": 0.7891489267349243, "valence_top3000": 0.7034042477607727, "valence_top4000": 0.5009574890136719, "valence_top5000": 0.49563831090927124, "valence_top6000": 0.49563831090927124, "happy_top1500": 0.8342553377151489, "happy_top2000": 0.7781914472579956, "happy_top2500": 0.7960637807846069, "happy_top3000": 0.8402127623558044, "happy_top4000": 0.5710638165473938, "happy_top5000": 0.818617045879364, "happy_top6000": 0.5009574890136719, "anger_top1500": 0.8561701774597168, "anger_top2000": 0.8561701774597168, "anger_top2500": 0.856489360332489, "anger_top3000": 0.8571276664733887, "anger_top4000": 0.8298935890197754, "anger_top5000": 0.5497872233390808, "anger_top6000": 0.7644680738449097, "sad_top1500": 0.827765941619873, "sad_top2000": 0.8340425491333008, "sad_top2500": 0.8243616819381714, "sad_top3000": 0.7640425562858582, "sad_top4000": 0.8202127814292908, "sad_top5000": 0.7484042644500732, "sad_top6000": 0.8164893388748169, "fear_top1500": 0.5062766075134277, "fear_top2000": 0.5062766075134277, "fear_top2500": 0.5435106754302979, "fear_top3000": 0.5547872185707092, "fear_top4000": 0.5112766027450562, "fear_top5000": 0.49563831090927124, "fear_top6000": 0.5325531959533691, "surprise_top1500": 0.8224468231201172, "surprise_top2000": 0.8137234449386597, "surprise_top2500": 0.8087234497070312, "surprise_top3000": 0.793404221534729, "surprise_top4000": 0.7940425872802734, "surprise_top5000": 0.699042558670044, "surprise_top6000": 0.534361720085144, "disgust_top1500": 0.856489360332489, "disgust_top2000": 0.8474467992782593, "disgust_top2500": 0.8284042477607727, "disgust_top3000": 0.8234042525291443, "disgust_top4000": 0.8452128171920776, "disgust_top5000": 0.8007446527481079, "disgust_top6000": 0.5763829946517944, "control_top1500": 0.8305319547653198, "control_top2000": 0.7968084812164307, "control_top2500": 0.8098936080932617, "control_top3000": 0.8408510684967041, "control_top4000": 0.8255319595336914, "control_top5000": 0.8221276998519897, "control_top6000": 0.6937234401702881, "fairness_top1500": 0.8289362192153931, "fairness_top2000": 0.8355319499969482, "fairness_top2500": 0.8402127623558044, "fairness_top3000": 0.8455319404602051, "fairness_top4000": 0.8402127623558044, "fairness_top5000": 0.794574499130249, "fairness_top6000": 0.49563831090927124, "self-related_top1500": 0.8721276521682739, "self-related_top2000": 0.8721276521682739, "self-related_top2500": 0.8477659225463867, "self-related_top3000": 0.832446813583374, "self-related_top4000": 0.8237234354019165, "self-related_top5000": 0.7937234044075012, "self-related_top6000": 0.7837234139442444, "other-related_top1500": 0.8452128171920776, "other-related_top2000": 0.8614893555641174, "other-related_top2500": 0.8614893555641174, "other-related_top3000": 0.867446780204773, "other-related_top4000": 0.8505319356918335, "other-related_top5000": 0.7328723669052124, "other-related_top6000": 0.5837234258651733, "expectedness_top1500": 0.8571276664733887, "expectedness_top2000": 0.8424468040466309, "expectedness_top2500": 0.8427659273147583, "expectedness_top3000": 0.8227659463882446, "expectedness_top4000": 0.7984042167663574, "expectedness_top5000": 0.7974468469619751, "expectedness_top6000": 0.8134042620658875, "non-novelty_top1500": 0.8471276760101318, "non-novelty_top2000": 0.8514893651008606, "non-novelty_top2500": 0.8414893746376038, "non-novelty_top3000": 0.84617018699646, "non-novelty_top4000": 0.8292553424835205, "non-novelty_top5000": 0.8239362239837646, "non-novelty_top6000": 0.7538297772407532}