{"sentiment": "disgust", "seed": 17, "arousal_top1500": 0.8795744776725769, "best": 0.8969072103500366, "arousal_top2000": 0.8795744776725769, "arousal_top2500": 0.8848936557769775, "arousal_top3000": 0.8855319023132324, "arousal_top4000": 0.8571276664733887, "arousal_top5000": 0.8529787063598633, "arousal_top6000": 0.7196808457374573, "valence_top1500": 0.8711702227592468, "valence_top2000": 0.8808510303497314, "valence_top2500": 0.8526595830917358, "valence_top3000": 0.8210638165473938, "valence_top4000": 0.490319162607193, "valence_top5000": 0.490319162607193, "valence_top6000": 0.490319162607193, "happy_top1500": 0.875851035118103, "happy_top2000": 0.8961702585220337, "happy_top2500": 0.7885106205940247, "happy_top3000": 0.6182978749275208, "happy_top4000": 0.490319162607193, "happy_top5000": 0.490319162607193, "happy_top6000": 0.490319162607193, "anger_top1500": 0.8955318927764893, "anger_top2000": 0.9014893770217896, "anger_top2500": 0.897127628326416, "anger_top3000": 0.8818085193634033, "anger_top4000": 0.8718085289001465, "anger_top5000": 0.8648936152458191, "anger_top6000": 0.8518085479736328, "sad_top1500": 0.8905318975448608, "sad_top2000": 0.8811702132225037, "sad_top2500": 0.8864893913269043, "sad_top3000": 0.8958510756492615, "sad_top4000": 0.8047872185707092, "sad_top5000": 0.8748936653137207, "sad_top6000": 0.8476595878601074, "fear_top1500": 0.6871277093887329, "fear_top2000": 0.5062766075134277, "fear_top2500": 0.490319162607193, "fear_top3000": 0.490319162607193, "fear_top4000": 0.490319162607193, "fear_top5000": 0.490319162607193, "fear_top6000": 0.490319162607193, "surprise_top1500": 0.8848936557769775, "surprise_top2000": 0.8818085193634033, "surprise_top2500": 0.8818085193634033, "surprise_top3000": 0.8855319023132324, "surprise_top4000": 0.8961702585220337, "surprise_top5000": 0.8780851364135742, "surprise_top6000": 0.8827659487724304, "disgust_top1500": 0.9008510708808899, "disgust_top2000": 0.9061702489852905, "disgust_top2500": 0.8774467706680298, "disgust_top3000": 0.8774467706680298, "disgust_top4000": 0.8868085145950317, "disgust_top5000": 0.8792552947998047, "disgust_top6000": 0.8373404145240784, "control_top1500": 0.8360638618469238, "control_top2000": 0.7994680404663086, "control_top2500": 0.7030851244926453, "control_top3000": 0.82574462890625, "control_top4000": 0.8147872686386108, "control_top5000": 0.8207446336746216, "control_top6000": 0.8223403692245483, "fairness_top1500": 0.8614893555641174, "fairness_top2000": 0.8671276569366455, "fairness_top2500": 0.8868085145950317, "fairness_top3000": 0.8524467945098877, "fairness_top4000": 0.7137234210968018, "fairness_top5000": 0.490319162607193, "fairness_top6000": 0.490319162607193, "self-related_top1500": 0.8795744776725769, "self-related_top2000": 0.8845744729042053, "self-related_top2500": 0.8902127742767334, "self-related_top3000": 0.9008510708808899, "self-related_top4000": 0.8924468159675598, "self-related_top5000": 0.882446825504303, "self-related_top6000": 0.8727659583091736, "other-related_top1500": 0.8795744776725769, "other-related_top2000": 0.8848936557769775, "other-related_top2500": 0.8902127742767334, "other-related_top3000": 0.8955318927764893, "other-related_top4000": 0.8792552947998047, "other-related_top5000": 0.5065957307815552, "other-related_top6000": 0.6480851173400879, "expectedness_top1500": 0.8905318975448608, "expectedness_top2000": 0.885212779045105, "expectedness_top2500": 0.8911702632904053, "expectedness_top3000": 0.880531907081604, "expectedness_top4000": 0.8664894104003906, "expectedness_top5000": 0.8423404097557068, "expectedness_top6000": 0.724042534828186, "non-novelty_top1500": 0.8908510804176331, "non-novelty_top2000": 0.8742552995681763, "non-novelty_top2500": 0.8742552995681763, "non-novelty_top3000": 0.8795744776725769, "non-novelty_top4000": 0.82574462890625, "non-novelty_top5000": 0.8736170530319214, "non-novelty_top6000": 0.787872314453125}