{"sentiment": "disgust", "seed": 7, "arousal_top1500": 0.8380851149559021, "best": 0.9123711585998535, "arousal_top2000": 0.8380851149559021, "arousal_top2500": 0.8234042525291443, "arousal_top3000": 0.7990425825119019, "arousal_top4000": 0.7696808576583862, "arousal_top5000": 0.6298936009407043, "arousal_top6000": 0.5325531959533691, "valence_top1500": 0.9024468064308167, "valence_top2000": 0.8780851364135742, "valence_top2500": 0.8874468207359314, "valence_top3000": 0.9024468064308167, "valence_top4000": 0.9014893770217896, "valence_top5000": 0.7343617081642151, "valence_top6000": 0.48500001430511475, "happy_top1500": 0.901808500289917, "happy_top2000": 0.9074468016624451, "happy_top2500": 0.8930851221084595, "happy_top3000": 0.8780851364135742, "happy_top4000": 0.5275532007217407, "happy_top5000": 0.8484042882919312, "happy_top6000": 0.49563831090927124, "anger_top1500": 0.9024468064308167, "anger_top2000": 0.8977659940719604, "anger_top2500": 0.8734042644500732, "anger_top3000": 0.824042558670044, "anger_top4000": 0.819361686706543, "anger_top5000": 0.8487234115600586, "anger_top6000": 0.8290425539016724, "sad_top1500": 0.8737233877182007, "sad_top2000": 0.8737233877182007, "sad_top2500": 0.8393616676330566, "sad_top3000": 0.863085150718689, "sad_top4000": 0.8687233924865723, "sad_top5000": 0.8387234210968018, "sad_top6000": 0.8337234258651733, "fear_top1500": 0.8094680905342102, "fear_top2000": 0.7506383061408997, "fear_top2500": 0.7985106706619263, "fear_top3000": 0.7719148993492126, "fear_top4000": 0.5378723740577698, "fear_top5000": 0.7581914663314819, "fear_top6000": 0.5860638618469238, "surprise_top1500": 0.8924468159675598, "surprise_top2000": 0.8830851316452026, "surprise_top2500": 0.8830851316452026, "surprise_top3000": 0.8780851364135742, "surprise_top4000": 0.8237234354019165, "surprise_top5000": 0.8237234354019165, "surprise_top6000": 0.824042558670044, "disgust_top1500": 0.9024468064308167, "disgust_top2000": 0.8974468111991882, "disgust_top2500": 0.8484042882919312, "disgust_top3000": 0.8284042477607727, "disgust_top4000": 0.8737233877182007, "disgust_top5000": 0.8284042477607727, "disgust_top6000": 0.8090425729751587, "control_top1500": 0.8577659726142883, "control_top2000": 0.7830851078033447, "control_top2500": 0.8080850839614868, "control_top3000": 0.7907446622848511, "control_top4000": 0.8742552995681763, "control_top5000": 0.8427659273147583, "control_top6000": 0.6193616986274719, "fairness_top1500": 0.888085126876831, "fairness_top2000": 0.8534042835235596, "fairness_top2500": 0.8918085098266602, "fairness_top3000": 0.8877660036087036, "fairness_top4000": 0.882446825504303, "fairness_top5000": 0.490319162607193, "fairness_top6000": 0.48500001430511475, "self-related_top1500": 0.912127673625946, "self-related_top2000": 0.912127673625946, "self-related_top2500": 0.8974468111991882, "self-related_top3000": 0.867446780204773, "self-related_top4000": 0.8580850958824158, "self-related_top5000": 0.8390425443649292, "self-related_top6000": 0.814680814743042, "other-related_top1500": 0.9005318880081177, "other-related_top2000": 0.8968085050582886, "other-related_top2500": 0.8968085050582886, "other-related_top3000": 0.8780851364135742, "other-related_top4000": 0.892765998840332, "other-related_top5000": 0.7081915140151978, "other-related_top6000": 0.599042534828186, "expectedness_top1500": 0.8977659940719604, "expectedness_top2000": 0.9074468016624451, "expectedness_top2500": 0.8924468159675598, "expectedness_top3000": 0.8574467897415161, "expectedness_top4000": 0.7987233996391296, "expectedness_top5000": 0.8484042882919312, "expectedness_top6000": 0.8387234210968018, "non-novelty_top1500": 0.8577659726142883, "non-novelty_top2000": 0.8924468159675598, "non-novelty_top2500": 0.8974468111991882, "non-novelty_top3000": 0.882446825504303, "non-novelty_top4000": 0.889893651008606, "non-novelty_top5000": 0.8827659487724304, "non-novelty_top6000": 0.8624467849731445}