{"sentiment": "disgust", "seed": 11, "arousal_top1500": 0.9180850982666016, "best": 0.9226804375648499, "arousal_top2000": 0.9134042263031006, "arousal_top2500": 0.8890425562858582, "arousal_top3000": 0.8400000333786011, "arousal_top4000": 0.8050000071525574, "arousal_top5000": 0.8834042549133301, "arousal_top6000": 0.7193616628646851, "valence_top1500": 0.9134042263031006, "valence_top2000": 0.9061702489852905, "valence_top2500": 0.8948936462402344, "valence_top3000": 0.911170244216919, "valence_top4000": 0.8679787516593933, "valence_top5000": 0.5165957808494568, "valence_top6000": 0.6282978653907776, "happy_top1500": 0.8902127742767334, "happy_top2000": 0.9011702537536621, "happy_top2500": 0.9080851078033447, "happy_top3000": 0.8937233686447144, "happy_top4000": 0.49563831090927124, "happy_top5000": 0.5757446885108948, "happy_top6000": 0.5062766075134277, "anger_top1500": 0.9218084812164307, "anger_top2000": 0.9124468564987183, "anger_top2500": 0.9030851125717163, "anger_top3000": 0.8887233734130859, "anger_top4000": 0.8987233638763428, "anger_top5000": 0.8784042596817017, "anger_top6000": 0.8787233829498291, "sad_top1500": 0.903723418712616, "sad_top2000": 0.9040425419807434, "sad_top2500": 0.8987233638763428, "sad_top3000": 0.8934042453765869, "sad_top4000": 0.9011702537536621, "sad_top5000": 0.8908510804176331, "sad_top6000": 0.8636170625686646, "fear_top1500": 0.798191487789154, "fear_top2000": 0.7715957164764404, "fear_top2500": 0.7396808862686157, "fear_top3000": 0.7559574842453003, "fear_top4000": 0.5488297939300537, "fear_top5000": 0.49563831090927124, "fear_top6000": 0.49563831090927124, "surprise_top1500": 0.9127659797668457, "surprise_top2000": 0.9084042310714722, "surprise_top2500": 0.9187234044075012, "surprise_top3000": 0.9187234044075012, "surprise_top4000": 0.9177659749984741, "surprise_top5000": 0.8623404502868652, "surprise_top6000": 0.8730851411819458, "disgust_top1500": 0.9118084907531738, "disgust_top2000": 0.912127673625946, "disgust_top2500": 0.903723418712616, "disgust_top3000": 0.914042592048645, "disgust_top4000": 0.8934042453765869, "disgust_top5000": 0.901808500289917, "disgust_top6000": 0.9084042310714722, "control_top1500": 0.9034042358398438, "control_top2000": 0.8837233781814575, "control_top2500": 0.8980851173400879, "control_top3000": 0.9108510613441467, "control_top4000": 0.8789361715316772, "control_top5000": 0.8842552900314331, "control_top6000": 0.8918085098266602, "fairness_top1500": 0.8937233686447144, "fairness_top2000": 0.8550000190734863, "fairness_top2500": 0.8740425109863281, "fairness_top3000": 0.8596808910369873, "fairness_top4000": 0.800000011920929, "fairness_top5000": 0.8130850791931152, "fairness_top6000": 0.5062766075134277, "self-related_top1500": 0.9168084859848022, "self-related_top2000": 0.9268084764480591, "self-related_top2500": 0.9274468421936035, "self-related_top3000": 0.9174468517303467, "self-related_top4000": 0.9224468469619751, "self-related_top5000": 0.9087234139442444, "self-related_top6000": 0.8893617391586304, "other-related_top1500": 0.9005318880081177, "other-related_top2000": 0.9011702537536621, "other-related_top2500": 0.9168084859848022, "other-related_top3000": 0.9021276235580444, "other-related_top4000": 0.9008510708808899, "other-related_top5000": 0.7137234210968018, "other-related_top6000": 0.6496808528900146, "expectedness_top1500": 0.9221276640892029, "expectedness_top2000": 0.9221276640892029, "expectedness_top2500": 0.9227659702301025, "expectedness_top3000": 0.92308509349823, "expectedness_top4000": 0.8896808624267578, "expectedness_top5000": 0.9114893674850464, "expectedness_top6000": 0.8094680905342102, "non-novelty_top1500": 0.8940425515174866, "non-novelty_top2000": 0.8937233686447144, "non-novelty_top2500": 0.8987233638763428, "non-novelty_top3000": 0.8890425562858582, "non-novelty_top4000": 0.8977659940719604, "non-novelty_top5000": 0.8987233638763428, "non-novelty_top6000": 0.8834042549133301}