{"sentiment": "disgust", "seed": 9, "arousal_top1500": 0.8389362096786499, "best": 0.8453608155250549, "arousal_top2000": 0.8336170315742493, "arousal_top2500": 0.8405319452285767, "arousal_top3000": 0.8321276903152466, "arousal_top4000": 0.7146808505058289, "arousal_top5000": 0.8286170363426208, "arousal_top6000": 0.6558510661125183, "valence_top1500": 0.800106406211853, "valence_top2000": 0.8152127861976624, "valence_top2500": 0.8211702108383179, "valence_top3000": 0.7880851030349731, "valence_top4000": 0.7835106253623962, "valence_top5000": 0.6036170125007629, "valence_top6000": 0.48500001430511475, "happy_top1500": 0.832446813583374, "happy_top2000": 0.7834042310714722, "happy_top2500": 0.5299999713897705, "happy_top3000": 0.5350000262260437, "happy_top4000": 0.5496808290481567, "happy_top5000": 0.40478724241256714, "happy_top6000": 0.3431914746761322, "anger_top1500": 0.8389362096786499, "anger_top2000": 0.8348935842514038, "anger_top2500": 0.8361701965332031, "anger_top3000": 0.811170220375061, "anger_top4000": 0.8130850791931152, "anger_top5000": 0.7884042263031006, "anger_top6000": 0.7580851316452026, "sad_top1500": 0.86117023229599, "sad_top2000": 0.8361701965332031, "sad_top2500": 0.8314893245697021, "sad_top3000": 0.8227659463882446, "sad_top4000": 0.6349999904632568, "sad_top5000": 0.5849999785423279, "sad_top6000": 0.5199999809265137, "fear_top1500": 0.7821276783943176, "fear_top2000": 0.7307446599006653, "fear_top2500": 0.7520212531089783, "fear_top3000": 0.7673404216766357, "fear_top4000": 0.6774468421936035, "fear_top5000": 0.70191490650177, "fear_top6000": 0.48500001430511475, "surprise_top1500": 0.8392553329467773, "surprise_top2000": 0.8261702060699463, "surprise_top2500": 0.8308510780334473, "surprise_top3000": 0.850212812423706, "surprise_top4000": 0.8286170363426208, "surprise_top5000": 0.826808512210846, "surprise_top6000": 0.8174468278884888, "disgust_top1500": 0.8389362096786499, "disgust_top2000": 0.8395744562149048, "disgust_top2500": 0.84617018699646, "disgust_top3000": 0.8361701965332031, "disgust_top4000": 0.8361701965332031, "disgust_top5000": 0.8302127718925476, "disgust_top6000": 0.8245744705200195, "control_top1500": 0.7687233686447144, "control_top2000": 0.5600000023841858, "control_top2500": 0.5450000166893005, "control_top3000": 0.5149999856948853, "control_top4000": 0.5149999856948853, "control_top5000": 0.5149999856948853, "control_top6000": 0.5149999856948853, "fairness_top1500": 0.8414893746376038, "fairness_top2000": 0.8568085432052612, "fairness_top2500": 0.5696808695793152, "fairness_top3000": 0.5699999928474426, "fairness_top4000": 0.5149999856948853, "fairness_top5000": 0.7196808457374573, "fairness_top6000": 0.5149999856948853, "self-related_top1500": 0.8511701822280884, "self-related_top2000": 0.8445744514465332, "self-related_top2500": 0.8392553329467773, "self-related_top3000": 0.8311702013015747, "self-related_top4000": 0.8037233948707581, "self-related_top5000": 0.6996808648109436, "self-related_top6000": 0.6499999761581421, "other-related_top1500": 0.8276596069335938, "other-related_top2000": 0.8552128076553345, "other-related_top2500": 0.8464893698692322, "other-related_top3000": 0.8264893293380737, "other-related_top4000": 0.6646808385848999, "other-related_top5000": 0.45691490173339844, "other-related_top6000": 0.43893617391586304, "expectedness_top1500": 0.8321276903152466, "expectedness_top2000": 0.8130850791931152, "expectedness_top2500": 0.8280851244926453, "expectedness_top3000": 0.7737233638763428, "expectedness_top4000": 0.5249999761581421, "expectedness_top5000": 0.5299999713897705, "expectedness_top6000": 0.5199999809265137, "non-novelty_top1500": 0.8311702013015747, "non-novelty_top2000": 0.8448936343193054, "non-novelty_top2500": 0.8305319547653198, "non-novelty_top3000": 0.826808512210846, "non-novelty_top4000": 0.7293617129325867, "non-novelty_top5000": 0.5199999809265137, "non-novelty_top6000": 0.5149999856948853}