{"sentiment": "disgust", "seed": 15, "arousal_top1500": 0.8664894104003906, "best": 0.8865979313850403, "arousal_top2000": 0.8574467897415161, "arousal_top2500": 0.8430851101875305, "arousal_top3000": 0.7990425825119019, "arousal_top4000": 0.7643617391586304, "arousal_top5000": 0.8090425729751587, "arousal_top6000": 0.8113830089569092, "valence_top1500": 0.784361720085144, "valence_top2000": 0.8274468183517456, "valence_top2500": 0.8258510828018188, "valence_top3000": 0.8184042572975159, "valence_top4000": 0.7840425968170166, "valence_top5000": 0.7830851078033447, "valence_top6000": 0.5328723788261414, "happy_top1500": 0.7687233686447144, "happy_top2000": 0.8171277046203613, "happy_top2500": 0.8076596260070801, "happy_top3000": 0.8161702156066895, "happy_top4000": 0.5932978987693787, "happy_top5000": 0.7705318927764893, "happy_top6000": 0.4853191375732422, "anger_top1500": 0.8621276617050171, "anger_top2000": 0.8137234449386597, "anger_top2500": 0.7793617248535156, "anger_top3000": 0.7846808433532715, "anger_top4000": 0.7296808362007141, "anger_top5000": 0.7246808409690857, "anger_top6000": 0.6496808528900146, "sad_top1500": 0.8530851006507874, "sad_top2000": 0.8487234115600586, "sad_top2500": 0.8390425443649292, "sad_top3000": 0.8090425729751587, "sad_top4000": 0.875851035118103, "sad_top5000": 0.7640425562858582, "sad_top6000": 0.6446808576583862, "fear_top1500": 0.7988297939300537, "fear_top2000": 0.5275532007217407, "fear_top2500": 0.490319162607193, "fear_top3000": 0.490319162607193, "fear_top4000": 0.490319162607193, "fear_top5000": 0.490319162607193, "fear_top6000": 0.490319162607193, "surprise_top1500": 0.8768085241317749, "surprise_top2000": 0.8627659678459167, "surprise_top2500": 0.8424468040466309, "surprise_top3000": 0.8524467945098877, "surprise_top4000": 0.858404278755188, "surprise_top5000": 0.789042592048645, "surprise_top6000": 0.699042558670044, "disgust_top1500": 0.8671276569366455, "disgust_top2000": 0.8521276712417603, "disgust_top2500": 0.7743617296218872, "disgust_top3000": 0.784361720085144, "disgust_top4000": 0.7796808481216431, "disgust_top5000": 0.8037233948707581, "disgust_top6000": 0.7649999856948853, "control_top1500": 0.8695744872093201, "control_top2000": 0.8774467706680298, "control_top2500": 0.8482978940010071, "control_top3000": 0.8373404145240784, "control_top4000": 0.7891489267349243, "control_top5000": 0.8320212364196777, "control_top6000": 0.813936173915863, "fairness_top1500": 0.6196808815002441, "fairness_top2000": 0.6496808528900146, "fairness_top2500": 0.7243617177009583, "fairness_top3000": 0.7090425491333008, "fairness_top4000": 0.8034042716026306, "fairness_top5000": 0.664042592048645, "fairness_top6000": 0.490319162607193, "self-related_top1500": 0.8708510398864746, "self-related_top2000": 0.8858510851860046, "self-related_top2500": 0.8864893913269043, "self-related_top3000": 0.8864893913269043, "self-related_top4000": 0.8718085289001465, "self-related_top5000": 0.8624467849731445, "self-related_top6000": 0.8774467706680298, "other-related_top1500": 0.8958510756492615, "other-related_top2000": 0.8761702179908752, "other-related_top2500": 0.8814893960952759, "other-related_top3000": 0.871489405632019, "other-related_top4000": 0.863936185836792, "other-related_top5000": 0.5222340822219849, "other-related_top6000": 0.5793616771697998, "expectedness_top1500": 0.8718085289001465, "expectedness_top2000": 0.8818085193634033, "expectedness_top2500": 0.871489405632019, "expectedness_top3000": 0.8655319213867188, "expectedness_top4000": 0.853723406791687, "expectedness_top5000": 0.783191442489624, "expectedness_top6000": 0.5920212864875793, "non-novelty_top1500": 0.8574467897415161, "non-novelty_top2000": 0.8668085336685181, "non-novelty_top2500": 0.8711702227592468, "non-novelty_top3000": 0.8711702227592468, "non-novelty_top4000": 0.8370212316513062, "non-novelty_top5000": 0.8655319213867188, "non-novelty_top6000": 0.8320212364196777}