{"sentiment": "embarrassment", "seed": 5, "arousal_top1500": 0.8571428656578064, "best": 0.8857142925262451, "arousal_top2000": 0.8571428656578064, "arousal_top2500": 0.8285714387893677, "arousal_top3000": 0.8428571224212646, "arousal_top4000": 0.8285714387893677, "arousal_top5000": 0.5, "arousal_top6000": 0.5, "valence_top1500": 0.6285714507102966, "valence_top2000": 0.5, "valence_top2500": 0.5, "valence_top3000": 0.5142857432365417, "valence_top4000": 0.5, "valence_top5000": 0.5, "valence_top6000": 0.5, "happy_top1500": 0.5142857432365417, "happy_top2000": 0.5, "happy_top2500": 0.5, "happy_top3000": 0.5, "happy_top4000": 0.5, "happy_top5000": 0.5, "happy_top6000": 0.5, "anger_top1500": 0.8571428656578064, "anger_top2000": 0.7285714149475098, "anger_top2500": 0.6571428775787354, "anger_top3000": 0.6428571343421936, "anger_top4000": 0.6857143044471741, "anger_top5000": 0.5285714268684387, "anger_top6000": 0.5, "sad_top1500": 0.6714285612106323, "sad_top2000": 0.6285714507102966, "sad_top2500": 0.5, "sad_top3000": 0.5, "sad_top4000": 0.5, "sad_top5000": 0.5, "sad_top6000": 0.5, "fear_top1500": 0.5142857432365417, "fear_top2000": 0.5142857432365417, "fear_top2500": 0.5, "fear_top3000": 0.5142857432365417, "fear_top4000": 0.48571428656578064, "fear_top5000": 0.5, "fear_top6000": 0.5, "surprise_top1500": 0.8571428656578064, "surprise_top2000": 0.8428571224212646, "surprise_top2500": 0.8714285492897034, "surprise_top3000": 0.8571428656578064, "surprise_top4000": 0.8285714387893677, "surprise_top5000": 0.7714285850524902, "surprise_top6000": 0.800000011920929, "disgust_top1500": 0.8571428656578064, "disgust_top2000": 0.8571428656578064, "disgust_top2500": 0.7714285850524902, "disgust_top3000": 0.7142857313156128, "disgust_top4000": 0.6428571343421936, "disgust_top5000": 0.5, "disgust_top6000": 0.5285714268684387, "control_top1500": 0.5571428537368774, "control_top2000": 0.5428571701049805, "control_top2500": 0.5, "control_top3000": 0.5285714268684387, "control_top4000": 0.5, "control_top5000": 0.48571428656578064, "control_top6000": 0.6285714507102966, "fairness_top1500": 0.7428571581840515, "fairness_top2000": 0.6714285612106323, "fairness_top2500": 0.5, "fairness_top3000": 0.5, "fairness_top4000": 0.5, "fairness_top5000": 0.5, "fairness_top6000": 0.5, "self-related_top1500": 0.8571428656578064, "self-related_top2000": 0.8714285492897034, "self-related_top2500": 0.8428571224212646, "self-related_top3000": 0.800000011920929, "self-related_top4000": 0.5428571701049805, "self-related_top5000": 0.6428571343421936, "self-related_top6000": 0.5142857432365417, "other-related_top1500": 0.8857142925262451, "other-related_top2000": 0.8714285492897034, "other-related_top2500": 0.8714285492897034, "other-related_top3000": 0.8857142925262451, "other-related_top4000": 0.8571428656578064, "other-related_top5000": 0.5428571701049805, "other-related_top6000": 0.5, "expectedness_top1500": 0.8857142925262451, "expectedness_top2000": 0.8714285492897034, "expectedness_top2500": 0.7857142686843872, "expectedness_top3000": 0.8285714387893677, "expectedness_top4000": 0.7428571581840515, "expectedness_top5000": 0.6285714507102966, "expectedness_top6000": 0.5285714268684387, "non-novelty_top1500": 0.8714285492897034, "non-novelty_top2000": 0.7857142686843872, "non-novelty_top2500": 0.6428571343421936, "non-novelty_top3000": 0.5, "non-novelty_top4000": 0.5, "non-novelty_top5000": 0.5, "non-novelty_top6000": 0.5}