{"sentiment": "embarrassment", "seed": 1, "arousal_top1500": 0.5, "best": 0.5714285969734192, "arousal_top2000": 0.5, "arousal_top2500": 0.5571428537368774, "arousal_top3000": 0.5285714268684387, "arousal_top4000": 0.5571428537368774, "arousal_top5000": 0.5, "arousal_top6000": 0.5, "valence_top1500": 0.4714285731315613, "valence_top2000": 0.5285714268684387, "valence_top2500": 0.5714285969734192, "valence_top3000": 0.5857142806053162, "valence_top4000": 0.5142857432365417, "valence_top5000": 0.5571428537368774, "valence_top6000": 0.5142857432365417, "happy_top1500": 0.4571428596973419, "happy_top2000": 0.5285714268684387, "happy_top2500": 0.5, "happy_top3000": 0.5142857432365417, "happy_top4000": 0.5, "happy_top5000": 0.5428571701049805, "happy_top6000": 0.5, "anger_top1500": 0.44285714626312256, "anger_top2000": 0.48571428656578064, "anger_top2500": 0.5, "anger_top3000": 0.5, "anger_top4000": 0.3857142925262451, "anger_top5000": 0.5, "anger_top6000": 0.5142857432365417, "sad_top1500": 0.5, "sad_top2000": 0.5, "sad_top2500": 0.5, "sad_top3000": 0.5, "sad_top4000": 0.5, "sad_top5000": 0.5285714268684387, "sad_top6000": 0.5, "fear_top1500": 0.5, "fear_top2000": 0.5, "fear_top2500": 0.5, "fear_top3000": 0.4714285731315613, "fear_top4000": 0.5428571701049805, "fear_top5000": 0.5571428537368774, "fear_top6000": 0.5428571701049805, "surprise_top1500": 0.5285714268684387, "surprise_top2000": 0.4571428596973419, "surprise_top2500": 0.5, "surprise_top3000": 0.5, "surprise_top4000": 0.5, "surprise_top5000": 0.48571428656578064, "surprise_top6000": 0.5, "disgust_top1500": 0.5714285969734192, "disgust_top2000": 0.5, "disgust_top2500": 0.5, "disgust_top3000": 0.5, "disgust_top4000": 0.5428571701049805, "disgust_top5000": 0.5, "disgust_top6000": 0.5, "control_top1500": 0.44285714626312256, "control_top2000": 0.5285714268684387, "control_top2500": 0.5, "control_top3000": 0.5285714268684387, "control_top4000": 0.5, "control_top5000": 0.5, "control_top6000": 0.5142857432365417, "fairness_top1500": 0.5, "fairness_top2000": 0.5, "fairness_top2500": 0.5142857432365417, "fairness_top3000": 0.48571428656578064, "fairness_top4000": 0.48571428656578064, "fairness_top5000": 0.5285714268684387, "fairness_top6000": 0.5, "self-related_top1500": 0.5, "self-related_top2000": 0.5428571701049805, "self-related_top2500": 0.5142857432365417, "self-related_top3000": 0.5285714268684387, "self-related_top4000": 0.5285714268684387, "self-related_top5000": 0.4714285731315613, "self-related_top6000": 0.5285714268684387, "other-related_top1500": 0.5142857432365417, "other-related_top2000": 0.5, "other-related_top2500": 0.5142857432365417, "other-related_top3000": 0.5142857432365417, "other-related_top4000": 0.5285714268684387, "other-related_top5000": 0.4714285731315613, "other-related_top6000": 0.4571428596973419, "expectedness_top1500": 0.5285714268684387, "expectedness_top2000": 0.5571428537368774, "expectedness_top2500": 0.5, "expectedness_top3000": 0.5, "expectedness_top4000": 0.5428571701049805, "expectedness_top5000": 0.5, "expectedness_top6000": 0.5, "non-novelty_top1500": 0.5, "non-novelty_top2000": 0.5285714268684387, "non-novelty_top2500": 0.5142857432365417, "non-novelty_top3000": 0.5, "non-novelty_top4000": 0.5, "non-novelty_top5000": 0.5, "non-novelty_top6000": 0.5}