{"sentiment": "embarrassment", "seed": 42, "arousal_top1500": 0.5142857432365417, "best": 0.6142857074737549, "arousal_top2000": 0.5, "arousal_top2500": 0.5142857432365417, "arousal_top3000": 0.5285714268684387, "arousal_top4000": 0.48571428656578064, "arousal_top5000": 0.4714285731315613, "arousal_top6000": 0.5, "valence_top1500": 0.5, "valence_top2000": 0.5, "valence_top2500": 0.5, "valence_top3000": 0.5, "valence_top4000": 0.5, "valence_top5000": 0.5, "valence_top6000": 0.5, "happy_top1500": 0.5, "happy_top2000": 0.5, "happy_top2500": 0.5142857432365417, "happy_top3000": 0.5142857432365417, "happy_top4000": 0.5, "happy_top5000": 0.5, "happy_top6000": 0.5, "anger_top1500": 0.5, "anger_top2000": 0.5, "anger_top2500": 0.5142857432365417, "anger_top3000": 0.48571428656578064, "anger_top4000": 0.44285714626312256, "anger_top5000": 0.41428571939468384, "anger_top6000": 0.4714285731315613, "sad_top1500": 0.5428571701049805, "sad_top2000": 0.5, "sad_top2500": 0.48571428656578064, "sad_top3000": 0.5, "sad_top4000": 0.5, "sad_top5000": 0.48571428656578064, "sad_top6000": 0.5, "fear_top1500": 0.4714285731315613, "fear_top2000": 0.5, "fear_top2500": 0.5, "fear_top3000": 0.5, "fear_top4000": 0.5, "fear_top5000": 0.5, "fear_top6000": 0.5, "surprise_top1500": 0.4571428596973419, "surprise_top2000": 0.5, "surprise_top2500": 0.5, "surprise_top3000": 0.5428571701049805, "surprise_top4000": 0.5142857432365417, "surprise_top5000": 0.5428571701049805, "surprise_top6000": 0.5, "disgust_top1500": 0.5, "disgust_top2000": 0.5428571701049805, "disgust_top2500": 0.5428571701049805, "disgust_top3000": 0.5428571701049805, "disgust_top4000": 0.4714285731315613, "disgust_top5000": 0.5, "disgust_top6000": 0.4571428596973419, "control_top1500": 0.4571428596973419, "control_top2000": 0.48571428656578064, "control_top2500": 0.5, "control_top3000": 0.5, "control_top4000": 0.5, "control_top5000": 0.5, "control_top6000": 0.4285714328289032, "fairness_top1500": 0.48571428656578064, "fairness_top2000": 0.48571428656578064, "fairness_top2500": 0.5, "fairness_top3000": 0.5, "fairness_top4000": 0.5, "fairness_top5000": 0.5, "fairness_top6000": 0.5, "self-related_top1500": 0.5285714268684387, "self-related_top2000": 0.5285714268684387, "self-related_top2500": 0.5142857432365417, "self-related_top3000": 0.5142857432365417, "self-related_top4000": 0.4714285731315613, "self-related_top5000": 0.5142857432365417, "self-related_top6000": 0.5, "other-related_top1500": 0.5, "other-related_top2000": 0.5285714268684387, "other-related_top2500": 0.5, "other-related_top3000": 0.5428571701049805, "other-related_top4000": 0.5, "other-related_top5000": 0.5714285969734192, "other-related_top6000": 0.5142857432365417, "expectedness_top1500": 0.5, "expectedness_top2000": 0.5, "expectedness_top2500": 0.5, "expectedness_top3000": 0.5, "expectedness_top4000": 0.5285714268684387, "expectedness_top5000": 0.5, "expectedness_top6000": 0.5, "non-novelty_top1500": 0.5, "non-novelty_top2000": 0.5, "non-novelty_top2500": 0.5, "non-novelty_top3000": 0.5, "non-novelty_top4000": 0.5, "non-novelty_top5000": 0.5, "non-novelty_top6000": 0.5}