{"sentiment": "embarrassment", "seed": 19, "arousal_top1500": 0.7714285850524902, "best": 0.7714285850524902, "arousal_top2000": 0.7857142686843872, "arousal_top2500": 0.8142856955528259, "arousal_top3000": 0.7857142686843872, "arousal_top4000": 0.8285714387893677, "arousal_top5000": 0.5142857432365417, "arousal_top6000": 0.5142857432365417, "valence_top1500": 0.7714285850524902, "valence_top2000": 0.800000011920929, "valence_top2500": 0.5428571701049805, "valence_top3000": 0.5428571701049805, "valence_top4000": 0.5142857432365417, "valence_top5000": 0.5142857432365417, "valence_top6000": 0.5142857432365417, "happy_top1500": 0.7428571581840515, "happy_top2000": 0.7285714149475098, "happy_top2500": 0.6285714507102966, "happy_top3000": 0.5571428537368774, "happy_top4000": 0.5142857432365417, "happy_top5000": 0.5142857432365417, "happy_top6000": 0.5142857432365417, "anger_top1500": 0.7571428418159485, "anger_top2000": 0.8142856955528259, "anger_top2500": 0.7714285850524902, "anger_top3000": 0.6428571343421936, "anger_top4000": 0.5142857432365417, "anger_top5000": 0.6285714507102966, "anger_top6000": 0.5285714268684387, "sad_top1500": 0.7714285850524902, "sad_top2000": 0.7857142686843872, "sad_top2500": 0.7857142686843872, "sad_top3000": 0.7714285850524902, "sad_top4000": 0.6714285612106323, "sad_top5000": 0.5, "sad_top6000": 0.4714285731315613, "fear_top1500": 0.5571428537368774, "fear_top2000": 0.5428571701049805, "fear_top2500": 0.5571428537368774, "fear_top3000": 0.5714285969734192, "fear_top4000": 0.5571428537368774, "fear_top5000": 0.5285714268684387, "fear_top6000": 0.5142857432365417, "surprise_top1500": 0.7571428418159485, "surprise_top2000": 0.800000011920929, "surprise_top2500": 0.8142856955528259, "surprise_top3000": 0.8285714387893677, "surprise_top4000": 0.7857142686843872, "surprise_top5000": 0.6428571343421936, "surprise_top6000": 0.6428571343421936, "disgust_top1500": 0.7857142686843872, "disgust_top2000": 0.8285714387893677, "disgust_top2500": 0.8285714387893677, "disgust_top3000": 0.800000011920929, "disgust_top4000": 0.800000011920929, "disgust_top5000": 0.7571428418159485, "disgust_top6000": 0.7714285850524902, "control_top1500": 0.800000011920929, "control_top2000": 0.7857142686843872, "control_top2500": 0.800000011920929, "control_top3000": 0.7428571581840515, "control_top4000": 0.7285714149475098, "control_top5000": 0.7428571581840515, "control_top6000": 0.6428571343421936, "fairness_top1500": 0.7428571581840515, "fairness_top2000": 0.7428571581840515, "fairness_top2500": 0.8142856955528259, "fairness_top3000": 0.6142857074737549, "fairness_top4000": 0.5714285969734192, "fairness_top5000": 0.5142857432365417, "fairness_top6000": 0.5142857432365417, "self-related_top1500": 0.800000011920929, "self-related_top2000": 0.800000011920929, "self-related_top2500": 0.7714285850524902, "self-related_top3000": 0.7857142686843872, "self-related_top4000": 0.7428571581840515, "self-related_top5000": 0.800000011920929, "self-related_top6000": 0.800000011920929, "other-related_top1500": 0.7428571581840515, "other-related_top2000": 0.7714285850524902, "other-related_top2500": 0.7428571581840515, "other-related_top3000": 0.7714285850524902, "other-related_top4000": 0.7285714149475098, "other-related_top5000": 0.5571428537368774, "other-related_top6000": 0.6428571343421936, "expectedness_top1500": 0.800000011920929, "expectedness_top2000": 0.7428571581840515, "expectedness_top2500": 0.800000011920929, "expectedness_top3000": 0.7428571581840515, "expectedness_top4000": 0.7428571581840515, "expectedness_top5000": 0.6714285612106323, "expectedness_top6000": 0.5857142806053162, "non-novelty_top1500": 0.7285714149475098, "non-novelty_top2000": 0.7142857313156128, "non-novelty_top2500": 0.7285714149475098, "non-novelty_top3000": 0.6714285612106323, "non-novelty_top4000": 0.6000000238418579, "non-novelty_top5000": 0.699999988079071, "non-novelty_top6000": 0.5857142806053162}