{"sentiment": "embarrassment", "seed": 15, "arousal_top1500": 0.8714285492897034, "best": 0.8714285492897034, "arousal_top2000": 0.8571428656578064, "arousal_top2500": 0.8428571224212646, "arousal_top3000": 0.8714285492897034, "arousal_top4000": 0.8571428656578064, "arousal_top5000": 0.5428571701049805, "arousal_top6000": 0.5, "valence_top1500": 0.800000011920929, "valence_top2000": 0.7428571581840515, "valence_top2500": 0.6571428775787354, "valence_top3000": 0.6571428775787354, "valence_top4000": 0.5, "valence_top5000": 0.5, "valence_top6000": 0.5, "happy_top1500": 0.800000011920929, "happy_top2000": 0.5571428537368774, "happy_top2500": 0.5, "happy_top3000": 0.5, "happy_top4000": 0.5, "happy_top5000": 0.5, "happy_top6000": 0.5, "anger_top1500": 0.8571428656578064, "anger_top2000": 0.8285714387893677, "anger_top2500": 0.8142856955528259, "anger_top3000": 0.8285714387893677, "anger_top4000": 0.8285714387893677, "anger_top5000": 0.8428571224212646, "anger_top6000": 0.6714285612106323, "sad_top1500": 0.8428571224212646, "sad_top2000": 0.8428571224212646, "sad_top2500": 0.800000011920929, "sad_top3000": 0.8285714387893677, "sad_top4000": 0.7142857313156128, "sad_top5000": 0.5714285969734192, "sad_top6000": 0.6714285612106323, "fear_top1500": 0.5714285969734192, "fear_top2000": 0.5285714268684387, "fear_top2500": 0.5142857432365417, "fear_top3000": 0.5714285969734192, "fear_top4000": 0.5, "fear_top5000": 0.5, "fear_top6000": 0.5, "surprise_top1500": 0.8714285492897034, "surprise_top2000": 0.8714285492897034, "surprise_top2500": 0.8714285492897034, "surprise_top3000": 0.7428571581840515, "surprise_top4000": 0.7857142686843872, "surprise_top5000": 0.6857143044471741, "surprise_top6000": 0.6285714507102966, "disgust_top1500": 0.8285714387893677, "disgust_top2000": 0.8428571224212646, "disgust_top2500": 0.8142856955528259, "disgust_top3000": 0.8714285492897034, "disgust_top4000": 0.8428571224212646, "disgust_top5000": 0.6142857074737549, "disgust_top6000": 0.800000011920929, "control_top1500": 0.6571428775787354, "control_top2000": 0.7142857313156128, "control_top2500": 0.5285714268684387, "control_top3000": 0.5714285969734192, "control_top4000": 0.5142857432365417, "control_top5000": 0.5, "control_top6000": 0.5714285969734192, "fairness_top1500": 0.7714285850524902, "fairness_top2000": 0.7714285850524902, "fairness_top2500": 0.7714285850524902, "fairness_top3000": 0.7714285850524902, "fairness_top4000": 0.7571428418159485, "fairness_top5000": 0.6428571343421936, "fairness_top6000": 0.5142857432365417, "self-related_top1500": 0.800000011920929, "self-related_top2000": 0.8142856955528259, "self-related_top2500": 0.8285714387893677, "self-related_top3000": 0.7714285850524902, "self-related_top4000": 0.6571428775787354, "self-related_top5000": 0.6000000238418579, "self-related_top6000": 0.6000000238418579, "other-related_top1500": 0.8142856955528259, "other-related_top2000": 0.800000011920929, "other-related_top2500": 0.800000011920929, "other-related_top3000": 0.800000011920929, "other-related_top4000": 0.5714285969734192, "other-related_top5000": 0.5571428537368774, "other-related_top6000": 0.699999988079071, "expectedness_top1500": 0.8571428656578064, "expectedness_top2000": 0.8714285492897034, "expectedness_top2500": 0.8571428656578064, "expectedness_top3000": 0.8285714387893677, "expectedness_top4000": 0.8857142925262451, "expectedness_top5000": 0.6142857074737549, "expectedness_top6000": 0.5571428537368774, "non-novelty_top1500": 0.7285714149475098, "non-novelty_top2000": 0.7571428418159485, "non-novelty_top2500": 0.7571428418159485, "non-novelty_top3000": 0.699999988079071, "non-novelty_top4000": 0.5857142806053162, "non-novelty_top5000": 0.5571428537368774, "non-novelty_top6000": 0.5285714268684387}