{"sentiment": "embarrassment", "seed": 13, "arousal_top1500": 0.8714285492897034, "best": 0.8714285492897034, "arousal_top2000": 0.8857142925262451, "arousal_top2500": 0.8857142925262451, "arousal_top3000": 0.8999999761581421, "arousal_top4000": 0.8714285492897034, "arousal_top5000": 0.6142857074737549, "arousal_top6000": 0.5285714268684387, "valence_top1500": 0.8857142925262451, "valence_top2000": 0.8571428656578064, "valence_top2500": 0.7142857313156128, "valence_top3000": 0.7285714149475098, "valence_top4000": 0.6428571343421936, "valence_top5000": 0.5857142806053162, "valence_top6000": 0.5142857432365417, "happy_top1500": 0.7428571581840515, "happy_top2000": 0.5857142806053162, "happy_top2500": 0.4714285731315613, "happy_top3000": 0.4000000059604645, "happy_top4000": 0.5142857432365417, "happy_top5000": 0.5142857432365417, "happy_top6000": 0.5142857432365417, "anger_top1500": 0.8857142925262451, "anger_top2000": 0.8571428656578064, "anger_top2500": 0.8571428656578064, "anger_top3000": 0.8571428656578064, "anger_top4000": 0.5857142806053162, "anger_top5000": 0.5285714268684387, "anger_top6000": 0.5142857432365417, "sad_top1500": 0.800000011920929, "sad_top2000": 0.800000011920929, "sad_top2500": 0.800000011920929, "sad_top3000": 0.8857142925262451, "sad_top4000": 0.8428571224212646, "sad_top5000": 0.8285714387893677, "sad_top6000": 0.8285714387893677, "fear_top1500": 0.5142857432365417, "fear_top2000": 0.5142857432365417, "fear_top2500": 0.5142857432365417, "fear_top3000": 0.5285714268684387, "fear_top4000": 0.5142857432365417, "fear_top5000": 0.5142857432365417, "fear_top6000": 0.5142857432365417, "surprise_top1500": 0.8571428656578064, "surprise_top2000": 0.8999999761581421, "surprise_top2500": 0.9142857193946838, "surprise_top3000": 0.8857142925262451, "surprise_top4000": 0.8714285492897034, "surprise_top5000": 0.8857142925262451, "surprise_top6000": 0.8428571224212646, "disgust_top1500": 0.8999999761581421, "disgust_top2000": 0.8999999761581421, "disgust_top2500": 0.8428571224212646, "disgust_top3000": 0.8571428656578064, "disgust_top4000": 0.9142857193946838, "disgust_top5000": 0.7857142686843872, "disgust_top6000": 0.5428571701049805, "control_top1500": 0.8571428656578064, "control_top2000": 0.8142856955528259, "control_top2500": 0.8285714387893677, "control_top3000": 0.7142857313156128, "control_top4000": 0.6285714507102966, "control_top5000": 0.7714285850524902, "control_top6000": 0.7857142686843872, "fairness_top1500": 0.8428571224212646, "fairness_top2000": 0.8428571224212646, "fairness_top2500": 0.7571428418159485, "fairness_top3000": 0.8999999761581421, "fairness_top4000": 0.7142857313156128, "fairness_top5000": 0.5285714268684387, "fairness_top6000": 0.5142857432365417, "self-related_top1500": 0.8714285492897034, "self-related_top2000": 0.8857142925262451, "self-related_top2500": 0.8857142925262451, "self-related_top3000": 0.8999999761581421, "self-related_top4000": 0.9142857193946838, "self-related_top5000": 0.9142857193946838, "self-related_top6000": 0.8999999761581421, "other-related_top1500": 0.8714285492897034, "other-related_top2000": 0.8714285492897034, "other-related_top2500": 0.8714285492897034, "other-related_top3000": 0.8571428656578064, "other-related_top4000": 0.8571428656578064, "other-related_top5000": 0.6571428775787354, "other-related_top6000": 0.6714285612106323, "expectedness_top1500": 0.8714285492897034, "expectedness_top2000": 0.8714285492897034, "expectedness_top2500": 0.8285714387893677, "expectedness_top3000": 0.8285714387893677, "expectedness_top4000": 0.8428571224212646, "expectedness_top5000": 0.7285714149475098, "expectedness_top6000": 0.6571428775787354, "non-novelty_top1500": 0.8571428656578064, "non-novelty_top2000": 0.8428571224212646, "non-novelty_top2500": 0.8285714387893677, "non-novelty_top3000": 0.7857142686843872, "non-novelty_top4000": 0.5142857432365417, "non-novelty_top5000": 0.6142857074737549, "non-novelty_top6000": 0.5285714268684387}