{"sentiment": "embarrassment", "seed": 11, "arousal_top1500": 0.7714285850524902, "best": 0.8999999761581421, "arousal_top2000": 0.7285714149475098, "arousal_top2500": 0.6714285612106323, "arousal_top3000": 0.800000011920929, "arousal_top4000": 0.6000000238418579, "arousal_top5000": 0.5, "arousal_top6000": 0.5, "valence_top1500": 0.8714285492897034, "valence_top2000": 0.5, "valence_top2500": 0.5, "valence_top3000": 0.5, "valence_top4000": 0.5, "valence_top5000": 0.5, "valence_top6000": 0.5, "happy_top1500": 0.5, "happy_top2000": 0.5, "happy_top2500": 0.5, "happy_top3000": 0.5142857432365417, "happy_top4000": 0.5, "happy_top5000": 0.5, "happy_top6000": 0.5, "anger_top1500": 0.8714285492897034, "anger_top2000": 0.8714285492897034, "anger_top2500": 0.8142856955528259, "anger_top3000": 0.8285714387893677, "anger_top4000": 0.8428571224212646, "anger_top5000": 0.6857143044471741, "anger_top6000": 0.6285714507102966, "sad_top1500": 0.8285714387893677, "sad_top2000": 0.8571428656578064, "sad_top2500": 0.8428571224212646, "sad_top3000": 0.5714285969734192, "sad_top4000": 0.5, "sad_top5000": 0.5142857432365417, "sad_top6000": 0.5, "fear_top1500": 0.5, "fear_top2000": 0.5, "fear_top2500": 0.5, "fear_top3000": 0.5, "fear_top4000": 0.5, "fear_top5000": 0.5, "fear_top6000": 0.5, "surprise_top1500": 0.8571428656578064, "surprise_top2000": 0.8571428656578064, "surprise_top2500": 0.8428571224212646, "surprise_top3000": 0.800000011920929, "surprise_top4000": 0.8142856955528259, "surprise_top5000": 0.8142856955528259, "surprise_top6000": 0.5428571701049805, "disgust_top1500": 0.8857142925262451, "disgust_top2000": 0.8714285492897034, "disgust_top2500": 0.8428571224212646, "disgust_top3000": 0.8714285492897034, "disgust_top4000": 0.8714285492897034, "disgust_top5000": 0.5285714268684387, "disgust_top6000": 0.5571428537368774, "control_top1500": 0.6000000238418579, "control_top2000": 0.5571428537368774, "control_top2500": 0.5, "control_top3000": 0.5, "control_top4000": 0.5, "control_top5000": 0.5, "control_top6000": 0.8428571224212646, "fairness_top1500": 0.8857142925262451, "fairness_top2000": 0.8857142925262451, "fairness_top2500": 0.8285714387893677, "fairness_top3000": 0.8285714387893677, "fairness_top4000": 0.5571428537368774, "fairness_top5000": 0.5, "fairness_top6000": 0.48571428656578064, "self-related_top1500": 0.8999999761581421, "self-related_top2000": 0.8857142925262451, "self-related_top2500": 0.8857142925262451, "self-related_top3000": 0.8571428656578064, "self-related_top4000": 0.8571428656578064, "self-related_top5000": 0.8428571224212646, "self-related_top6000": 0.8285714387893677, "other-related_top1500": 0.8999999761581421, "other-related_top2000": 0.8999999761581421, "other-related_top2500": 0.8999999761581421, "other-related_top3000": 0.8999999761581421, "other-related_top4000": 0.7857142686843872, "other-related_top5000": 0.5285714268684387, "other-related_top6000": 0.8571428656578064, "expectedness_top1500": 0.800000011920929, "expectedness_top2000": 0.7142857313156128, "expectedness_top2500": 0.5142857432365417, "expectedness_top3000": 0.5571428537368774, "expectedness_top4000": 0.7285714149475098, "expectedness_top5000": 0.5428571701049805, "expectedness_top6000": 0.5142857432365417, "non-novelty_top1500": 0.8714285492897034, "non-novelty_top2000": 0.6857143044471741, "non-novelty_top2500": 0.7857142686843872, "non-novelty_top3000": 0.7571428418159485, "non-novelty_top4000": 0.5, "non-novelty_top5000": 0.5, "non-novelty_top6000": 0.5}