{"sentiment": "excitement", "seed": 15, "arousal_top1500": 0.7856521606445312, "best": 0.859375, "arousal_top2000": 0.8376086950302124, "arousal_top2500": 0.8343478441238403, "arousal_top3000": 0.7852174043655396, "arousal_top4000": 0.7573913335800171, "arousal_top5000": 0.6280434727668762, "arousal_top6000": 0.5017391443252563, "valence_top1500": 0.7665217518806458, "valence_top2000": 0.7306522130966187, "valence_top2500": 0.7484782934188843, "valence_top3000": 0.7176086902618408, "valence_top4000": 0.7213043570518494, "valence_top5000": 0.5515217185020447, "valence_top6000": 0.5017391443252563, "happy_top1500": 0.7363043427467346, "happy_top2000": 0.5569565296173096, "happy_top2500": 0.5017391443252563, "happy_top3000": 0.5786956548690796, "happy_top4000": 0.47673913836479187, "happy_top5000": 0.5267391204833984, "happy_top6000": 0.49086955189704895, "anger_top1500": 0.8447825908660889, "anger_top2000": 0.7886956930160522, "anger_top2500": 0.7841304540634155, "anger_top3000": 0.8104348182678223, "anger_top4000": 0.7589130401611328, "anger_top5000": 0.7417391538619995, "anger_top6000": 0.7426086664199829, "sad_top1500": 0.8210870027542114, "sad_top2000": 0.8106521964073181, "sad_top2500": 0.8110870122909546, "sad_top3000": 0.810869574546814, "sad_top4000": 0.7230434417724609, "sad_top5000": 0.77173912525177, "sad_top6000": 0.7808696031570435, "fear_top1500": 0.6465217471122742, "fear_top2000": 0.5632608532905579, "fear_top2500": 0.6330434679985046, "fear_top3000": 0.6008695363998413, "fear_top4000": 0.5289130210876465, "fear_top5000": 0.5289130210876465, "fear_top6000": 0.5067391395568848, "surprise_top1500": 0.8147826194763184, "surprise_top2000": 0.8152173757553101, "surprise_top2500": 0.7945652008056641, "surprise_top3000": 0.7963043451309204, "surprise_top4000": 0.7758695483207703, "surprise_top5000": 0.7010869979858398, "surprise_top6000": 0.7626086473464966, "disgust_top1500": 0.8643478155136108, "disgust_top2000": 0.8267391324043274, "disgust_top2500": 0.8267391324043274, "disgust_top3000": 0.8380434513092041, "disgust_top4000": 0.7421739101409912, "disgust_top5000": 0.6480435132980347, "disgust_top6000": 0.6923912763595581, "control_top1500": 0.7554347515106201, "control_top2000": 0.7941304445266724, "control_top2500": 0.6819565296173096, "control_top3000": 0.6004347801208496, "control_top4000": 0.5460869669914246, "control_top5000": 0.5504347681999207, "control_top6000": 0.554347813129425, "fairness_top1500": 0.7778260707855225, "fairness_top2000": 0.8017390966415405, "fairness_top2500": 0.7754347920417786, "fairness_top3000": 0.7713043689727783, "fairness_top4000": 0.747826099395752, "fairness_top5000": 0.5410869717597961, "fairness_top6000": 0.49086955189704895, "self-related_top1500": 0.8202173709869385, "self-related_top2000": 0.8202173709869385, "self-related_top2500": 0.8256521821022034, "self-related_top3000": 0.8060869574546814, "self-related_top4000": 0.8352174162864685, "self-related_top5000": 0.8247826099395752, "self-related_top6000": 0.8143478035926819, "other-related_top1500": 0.7828260660171509, "other-related_top2000": 0.8208695650100708, "other-related_top2500": 0.8471739292144775, "other-related_top3000": 0.8313043117523193, "other-related_top4000": 0.7928260564804077, "other-related_top5000": 0.5049999952316284, "other-related_top6000": 0.5386956334114075, "expectedness_top1500": 0.800000011920929, "expectedness_top2000": 0.7526086568832397, "expectedness_top2500": 0.665217399597168, "expectedness_top3000": 0.6317391395568848, "expectedness_top4000": 0.6276087164878845, "expectedness_top5000": 0.5234782695770264, "expectedness_top6000": 0.5071738958358765, "non-novelty_top1500": 0.772826075553894, "non-novelty_top2000": 0.7849999666213989, "non-novelty_top2500": 0.7958695888519287, "non-novelty_top3000": 0.7782608866691589, "non-novelty_top4000": 0.6986956596374512, "non-novelty_top5000": 0.7565217614173889, "non-novelty_top6000": 0.7302173972129822}