{"sentiment": "excitement", "seed": 3, "arousal_top1500": 0.7845652103424072, "best": 0.8072916865348816, "arousal_top2000": 0.7882608771324158, "arousal_top2500": 0.6515217423439026, "arousal_top3000": 0.6286956667900085, "arousal_top4000": 0.5145652294158936, "arousal_top5000": 0.6643478274345398, "arousal_top6000": 0.6532608866691589, "valence_top1500": 0.7808696031570435, "valence_top2000": 0.7680434584617615, "valence_top2500": 0.7469565272331238, "valence_top3000": 0.7054347991943359, "valence_top4000": 0.5234782695770264, "valence_top5000": 0.48543477058410645, "valence_top6000": 0.48543477058410645, "happy_top1500": 0.7263043522834778, "happy_top2000": 0.6000000238418579, "happy_top2500": 0.5506521463394165, "happy_top3000": 0.5673912763595581, "happy_top4000": 0.48543477058410645, "happy_top5000": 0.48543477058410645, "happy_top6000": 0.48543477058410645, "anger_top1500": 0.7597825527191162, "anger_top2000": 0.7760869264602661, "anger_top2500": 0.770652174949646, "anger_top3000": 0.7543478012084961, "anger_top4000": 0.7693477869033813, "anger_top5000": 0.7539130449295044, "anger_top6000": 0.7756521701812744, "sad_top1500": 0.8008695840835571, "sad_top2000": 0.7986956834793091, "sad_top2500": 0.7991304397583008, "sad_top3000": 0.7823913097381592, "sad_top4000": 0.6321738958358765, "sad_top5000": 0.7778260707855225, "sad_top6000": 0.7845652103424072, "fear_top1500": 0.7849999666213989, "fear_top2000": 0.7773913145065308, "fear_top2500": 0.7719565629959106, "fear_top3000": 0.7928260564804077, "fear_top4000": 0.7321739196777344, "fear_top5000": 0.6297826170921326, "fear_top6000": 0.5615217089653015, "surprise_top1500": 0.7769565582275391, "surprise_top2000": 0.7936956882476807, "surprise_top2500": 0.7895652055740356, "surprise_top3000": 0.791304349899292, "surprise_top4000": 0.8104348182678223, "surprise_top5000": 0.802173912525177, "surprise_top6000": 0.7793477773666382, "disgust_top1500": 0.7743477821350098, "disgust_top2000": 0.7652174234390259, "disgust_top2500": 0.7823913097381592, "disgust_top3000": 0.7986956834793091, "disgust_top4000": 0.7417391538619995, "disgust_top5000": 0.7136956453323364, "disgust_top6000": 0.719565212726593, "control_top1500": 0.770652174949646, "control_top2000": 0.7213043570518494, "control_top2500": 0.6710869669914246, "control_top3000": 0.5560869574546814, "control_top4000": 0.5397825837135315, "control_top5000": 0.49086955189704895, "control_top6000": 0.553260862827301, "fairness_top1500": 0.7749999761581421, "fairness_top2000": 0.7539130449295044, "fairness_top2500": 0.7610869407653809, "fairness_top3000": 0.7756521701812744, "fairness_top4000": 0.751086950302124, "fairness_top5000": 0.7384782433509827, "fairness_top6000": 0.5076087117195129, "self-related_top1500": 0.8100000023841858, "self-related_top2000": 0.7819565534591675, "self-related_top2500": 0.7928260564804077, "self-related_top3000": 0.7873913049697876, "self-related_top4000": 0.7702174186706543, "self-related_top5000": 0.8208695650100708, "self-related_top6000": 0.7867391109466553, "other-related_top1500": 0.8100000023841858, "other-related_top2000": 0.7986956834793091, "other-related_top2500": 0.8163043260574341, "other-related_top3000": 0.8163043260574341, "other-related_top4000": 0.8054348230361938, "other-related_top5000": 0.5145652294158936, "other-related_top6000": 0.5145652294158936, "expectedness_top1500": 0.7973912954330444, "expectedness_top2000": 0.7689130306243896, "expectedness_top2500": 0.7241304516792297, "expectedness_top3000": 0.741304337978363, "expectedness_top4000": 0.7263043522834778, "expectedness_top5000": 0.6421738862991333, "expectedness_top6000": 0.6313043832778931, "non-novelty_top1500": 0.7497825622558594, "non-novelty_top2000": 0.7765217423439026, "non-novelty_top2500": 0.730434775352478, "non-novelty_top3000": 0.770652174949646, "non-novelty_top4000": 0.7367391586303711, "non-novelty_top5000": 0.727173924446106, "non-novelty_top6000": 0.769565224647522}