{"sentiment": "excitement", "seed": 42, "arousal_top1500": 0.7689130306243896, "best": 0.8229166865348816, "arousal_top2000": 0.7530434727668762, "arousal_top2500": 0.6328260898590088, "arousal_top3000": 0.5091304183006287, "arousal_top4000": 0.5091304183006287, "arousal_top5000": 0.5291304588317871, "arousal_top6000": 0.623913049697876, "valence_top1500": 0.8058695793151855, "valence_top2000": 0.8004347681999207, "valence_top2500": 0.7680434584617615, "valence_top3000": 0.7476086616516113, "valence_top4000": 0.6447826027870178, "valence_top5000": 0.6115217208862305, "valence_top6000": 0.5332608819007874, "happy_top1500": 0.6647825837135315, "happy_top2000": 0.7591304779052734, "happy_top2500": 0.7226086854934692, "happy_top3000": 0.6036956310272217, "happy_top4000": 0.5186956524848938, "happy_top5000": 0.5341304540634155, "happy_top6000": 0.5389130115509033, "anger_top1500": 0.7634782791137695, "anger_top2000": 0.7250000238418579, "anger_top2500": 0.7856521606445312, "anger_top3000": 0.7910869717597961, "anger_top4000": 0.7480434775352478, "anger_top5000": 0.7782608866691589, "anger_top6000": 0.7669565677642822, "sad_top1500": 0.7497825622558594, "sad_top2000": 0.7689130306243896, "sad_top2500": 0.7543478012084961, "sad_top3000": 0.7484782934188843, "sad_top4000": 0.6728260517120361, "sad_top5000": 0.5660869479179382, "sad_top6000": 0.5328260660171509, "fear_top1500": 0.5071738958358765, "fear_top2000": 0.49086955189704895, "fear_top2500": 0.49630433320999146, "fear_top3000": 0.49086955189704895, "fear_top4000": 0.49086955189704895, "fear_top5000": 0.49086955189704895, "fear_top6000": 0.49086955189704895, "surprise_top1500": 0.8154348134994507, "surprise_top2000": 0.5665217638015747, "surprise_top2500": 0.7747825980186462, "surprise_top3000": 0.6465217471122742, "surprise_top4000": 0.542391300201416, "surprise_top5000": 0.5186956524848938, "surprise_top6000": 0.5136956572532654, "disgust_top1500": 0.7530434727668762, "disgust_top2000": 0.7584782838821411, "disgust_top2500": 0.7915217876434326, "disgust_top3000": 0.7865217924118042, "disgust_top4000": 0.7802174091339111, "disgust_top5000": 0.6041304469108582, "disgust_top6000": 0.6815217137336731, "control_top1500": 0.7530434727668762, "control_top2000": 0.734565258026123, "control_top2500": 0.5234782695770264, "control_top3000": 0.49086955189704895, "control_top4000": 0.49086955189704895, "control_top5000": 0.49086955189704895, "control_top6000": 0.6660869717597961, "fairness_top1500": 0.7147825956344604, "fairness_top2000": 0.6265217661857605, "fairness_top2500": 0.6015217304229736, "fairness_top3000": 0.6510869860649109, "fairness_top4000": 0.5173913240432739, "fairness_top5000": 0.5602173805236816, "fairness_top6000": 0.6617391109466553, "self-related_top1500": 0.814130425453186, "self-related_top2000": 0.8086956739425659, "self-related_top2500": 0.8023912906646729, "self-related_top3000": 0.7899999618530273, "self-related_top4000": 0.7967391014099121, "self-related_top5000": 0.7921738624572754, "self-related_top6000": 0.676086962223053, "other-related_top1500": 0.796521782875061, "other-related_top2000": 0.7915217876434326, "other-related_top2500": 0.8091304302215576, "other-related_top3000": 0.8030434846878052, "other-related_top4000": 0.7326086759567261, "other-related_top5000": 0.4976086914539337, "other-related_top6000": 0.5073913335800171, "expectedness_top1500": 0.7802174091339111, "expectedness_top2000": 0.7245652079582214, "expectedness_top2500": 0.6371738910675049, "expectedness_top3000": 0.5665217638015747, "expectedness_top4000": 0.6715217232704163, "expectedness_top5000": 0.5452173948287964, "expectedness_top6000": 0.5673912763595581, "non-novelty_top1500": 0.7250000238418579, "non-novelty_top2000": 0.7810869812965393, "non-novelty_top2500": 0.7484782934188843, "non-novelty_top3000": 0.7915217876434326, "non-novelty_top4000": 0.6008695363998413, "non-novelty_top5000": 0.7286956310272217, "non-novelty_top6000": 0.6034782528877258}