{"sentiment": "excitement", "seed": 19, "arousal_top1500": 0.869782567024231, "best": 0.8854166865348816, "arousal_top2000": 0.869782567024231, "arousal_top2500": 0.8652174472808838, "arousal_top3000": 0.8552173972129822, "arousal_top4000": 0.8402174115180969, "arousal_top5000": 0.796521782875061, "arousal_top6000": 0.7517391443252563, "valence_top1500": 0.8382608890533447, "valence_top2000": 0.837826132774353, "valence_top2500": 0.837826132774353, "valence_top3000": 0.8332608938217163, "valence_top4000": 0.7956521511077881, "valence_top5000": 0.8082609176635742, "valence_top6000": 0.8082609176635742, "happy_top1500": 0.8273913264274597, "happy_top2000": 0.8060869574546814, "happy_top2500": 0.8497825860977173, "happy_top3000": 0.6736956834793091, "happy_top4000": 0.6486956477165222, "happy_top5000": 0.6191304326057434, "happy_top6000": 0.7760869264602661, "anger_top1500": 0.8584782481193542, "anger_top2000": 0.8634782433509827, "anger_top2500": 0.852173924446106, "anger_top3000": 0.8534782528877258, "anger_top4000": 0.8447825908660889, "anger_top5000": 0.8593478202819824, "anger_top6000": 0.8597825765609741, "sad_top1500": 0.8169565200805664, "sad_top2000": 0.8223912715911865, "sad_top2500": 0.8106521964073181, "sad_top3000": 0.8310869932174683, "sad_top4000": 0.8465217351913452, "sad_top5000": 0.7332608699798584, "sad_top6000": 0.5891304612159729, "fear_top1500": 0.8384782075881958, "fear_top2000": 0.7910869717597961, "fear_top2500": 0.7671738862991333, "fear_top3000": 0.7404347658157349, "fear_top4000": 0.7380434274673462, "fear_top5000": 0.7452174425125122, "fear_top6000": 0.7773913145065308, "surprise_top1500": 0.843478262424469, "surprise_top2000": 0.8289130330085754, "surprise_top2500": 0.8626086711883545, "surprise_top3000": 0.8363043069839478, "surprise_top4000": 0.8367391228675842, "surprise_top5000": 0.8460869789123535, "surprise_top6000": 0.803260862827301, "disgust_top1500": 0.8676086664199829, "disgust_top2000": 0.8576086759567261, "disgust_top2500": 0.8467391133308411, "disgust_top3000": 0.835869550704956, "disgust_top4000": 0.8639130592346191, "disgust_top5000": 0.824999988079071, "disgust_top6000": 0.854347825050354, "control_top1500": 0.8621739149093628, "control_top2000": 0.8258695602416992, "control_top2500": 0.8345652222633362, "control_top3000": 0.7978260517120361, "control_top4000": 0.7308695316314697, "control_top5000": 0.6926087141036987, "control_top6000": 0.6952173709869385, "fairness_top1500": 0.8626086711883545, "fairness_top2000": 0.8797825574874878, "fairness_top2500": 0.8789130449295044, "fairness_top3000": 0.8580434322357178, "fairness_top4000": 0.8149999976158142, "fairness_top5000": 0.800000011920929, "fairness_top6000": 0.6728261113166809, "self-related_top1500": 0.8639130592346191, "self-related_top2000": 0.8539130687713623, "self-related_top2500": 0.8493478298187256, "self-related_top3000": 0.8247826099395752, "self-related_top4000": 0.8452174067497253, "self-related_top5000": 0.8339130282402039, "self-related_top6000": 0.8397825956344604, "other-related_top1500": 0.8621739149093628, "other-related_top2000": 0.8571739196777344, "other-related_top2500": 0.8476086854934692, "other-related_top3000": 0.8480434417724609, "other-related_top4000": 0.8513043522834778, "other-related_top5000": 0.5245652198791504, "other-related_top6000": 0.5245652198791504, "expectedness_top1500": 0.8339130282402039, "expectedness_top2000": 0.8380434513092041, "expectedness_top2500": 0.8334782123565674, "expectedness_top3000": 0.8204348087310791, "expectedness_top4000": 0.7839130163192749, "expectedness_top5000": 0.7471739053726196, "expectedness_top6000": 0.7823913097381592, "non-novelty_top1500": 0.8504347801208496, "non-novelty_top2000": 0.866304337978363, "non-novelty_top2500": 0.8717391490936279, "non-novelty_top3000": 0.8593478202819824, "non-novelty_top4000": 0.8306521773338318, "non-novelty_top5000": 0.8552173972129822, "non-novelty_top6000": 0.803260862827301}