{"sentiment": "excitement", "seed": 100, "arousal_top1500": 0.8576086759567261, "best": 0.8385416865348816, "arousal_top2000": 0.811956524848938, "arousal_top2500": 0.8202173709869385, "arousal_top3000": 0.594565212726593, "arousal_top4000": 0.5245652198791504, "arousal_top5000": 0.5395652055740356, "arousal_top6000": 0.7373913526535034, "valence_top1500": 0.8236956596374512, "valence_top2000": 0.7182608842849731, "valence_top2500": 0.7513043880462646, "valence_top3000": 0.7567391395568848, "valence_top4000": 0.5017391443252563, "valence_top5000": 0.48543477058410645, "valence_top6000": 0.5017391443252563, "happy_top1500": 0.7780435085296631, "happy_top2000": 0.7789130210876465, "happy_top2500": 0.7563043832778931, "happy_top3000": 0.5773913264274597, "happy_top4000": 0.49086955189704895, "happy_top5000": 0.49086955189704895, "happy_top6000": 0.48543477058410645, "anger_top1500": 0.7884782552719116, "anger_top2000": 0.7680434584617615, "anger_top2500": 0.7458695769309998, "anger_top3000": 0.7797825932502747, "anger_top4000": 0.7739130258560181, "anger_top5000": 0.7295652627944946, "anger_top6000": 0.7200000286102295, "sad_top1500": 0.8041304349899292, "sad_top2000": 0.8191304206848145, "sad_top2500": 0.8345652222633362, "sad_top3000": 0.8169565200805664, "sad_top4000": 0.5719565153121948, "sad_top5000": 0.5341304540634155, "sad_top6000": 0.519565224647522, "fear_top1500": 0.7363043427467346, "fear_top2000": 0.5284782648086548, "fear_top2500": 0.49630433320999146, "fear_top3000": 0.48543477058410645, "fear_top4000": 0.5243478417396545, "fear_top5000": 0.5071738958358765, "fear_top6000": 0.48543477058410645, "surprise_top1500": 0.8219565153121948, "surprise_top2000": 0.811956524848938, "surprise_top2500": 0.7830435037612915, "surprise_top3000": 0.7947826385498047, "surprise_top4000": 0.7873913049697876, "surprise_top5000": 0.7526086568832397, "surprise_top6000": 0.755217432975769, "disgust_top1500": 0.7893478274345398, "disgust_top2000": 0.7839130163192749, "disgust_top2500": 0.7839130163192749, "disgust_top3000": 0.7747825980186462, "disgust_top4000": 0.7073913216590881, "disgust_top5000": 0.5819565057754517, "disgust_top6000": 0.5126087069511414, "control_top1500": 0.6376087069511414, "control_top2000": 0.5234782695770264, "control_top2500": 0.48543477058410645, "control_top3000": 0.4758695662021637, "control_top4000": 0.49130433797836304, "control_top5000": 0.48543477058410645, "control_top6000": 0.5636956691741943, "fairness_top1500": 0.8513043522834778, "fairness_top2000": 0.8430434465408325, "fairness_top2500": 0.8350000381469727, "fairness_top3000": 0.7400000095367432, "fairness_top4000": 0.5936956405639648, "fairness_top5000": 0.49086955189704895, "fairness_top6000": 0.48543477058410645, "self-related_top1500": 0.824999988079071, "self-related_top2000": 0.814130425453186, "self-related_top2500": 0.8045651912689209, "self-related_top3000": 0.8452174067497253, "self-related_top4000": 0.8356521725654602, "self-related_top5000": 0.8258695602416992, "self-related_top6000": 0.8393478393554688, "other-related_top1500": 0.8052173852920532, "other-related_top2000": 0.7676087021827698, "other-related_top2500": 0.8404347896575928, "other-related_top3000": 0.8447825908660889, "other-related_top4000": 0.7469565272331238, "other-related_top5000": 0.5056521892547607, "other-related_top6000": 0.5117391347885132, "expectedness_top1500": 0.8056522011756897, "expectedness_top2000": 0.734565258026123, "expectedness_top2500": 0.5769565105438232, "expectedness_top3000": 0.5447826385498047, "expectedness_top4000": 0.47760868072509766, "expectedness_top5000": 0.4758695662021637, "expectedness_top6000": 0.47565215826034546, "non-novelty_top1500": 0.6960869431495667, "non-novelty_top2000": 0.7354347705841064, "non-novelty_top2500": 0.7286956310272217, "non-novelty_top3000": 0.7132608890533447, "non-novelty_top4000": 0.519565224647522, "non-novelty_top5000": 0.5445652008056641, "non-novelty_top6000": 0.5395652055740356}