{"sentiment": "excitement", "seed": 17, "arousal_top1500": 0.7860869765281677, "best": 0.8229166865348816, "arousal_top2000": 0.7726086974143982, "arousal_top2500": 0.7423913478851318, "arousal_top3000": 0.7049999833106995, "arousal_top4000": 0.6650000214576721, "arousal_top5000": 0.7128260731697083, "arousal_top6000": 0.5832608342170715, "valence_top1500": 0.8052173852920532, "valence_top2000": 0.7915217876434326, "valence_top2500": 0.7628260850906372, "valence_top3000": 0.7865217924118042, "valence_top4000": 0.48543477058410645, "valence_top5000": 0.48586955666542053, "valence_top6000": 0.47999998927116394, "happy_top1500": 0.7610869407653809, "happy_top2000": 0.7823913097381592, "happy_top2500": 0.676086962223053, "happy_top3000": 0.633695662021637, "happy_top4000": 0.5260869264602661, "happy_top5000": 0.4969565272331238, "happy_top6000": 0.539130449295044, "anger_top1500": 0.7971739172935486, "anger_top2000": 0.7976086735725403, "anger_top2500": 0.79347825050354, "anger_top3000": 0.7876086831092834, "anger_top4000": 0.7221739292144775, "anger_top5000": 0.6665217280387878, "anger_top6000": 0.6000000238418579, "sad_top1500": 0.7819565534591675, "sad_top2000": 0.7910869717597961, "sad_top2500": 0.7819565534591675, "sad_top3000": 0.7906521558761597, "sad_top4000": 0.7926086783409119, "sad_top5000": 0.7702174186706543, "sad_top6000": 0.8047826290130615, "fear_top1500": 0.7121739387512207, "fear_top2000": 0.5891304016113281, "fear_top2500": 0.5560869574546814, "fear_top3000": 0.5723912715911865, "fear_top4000": 0.7017391324043274, "fear_top5000": 0.5678260922431946, "fear_top6000": 0.6619564890861511, "surprise_top1500": 0.7904347777366638, "surprise_top2000": 0.780434787273407, "surprise_top2500": 0.789130449295044, "surprise_top3000": 0.7736956477165222, "surprise_top4000": 0.7649999856948853, "surprise_top5000": 0.7630434632301331, "surprise_top6000": 0.7658695578575134, "disgust_top1500": 0.8121739029884338, "disgust_top2000": 0.8076087236404419, "disgust_top2500": 0.7976086735725403, "disgust_top3000": 0.79347825050354, "disgust_top4000": 0.7854347825050354, "disgust_top5000": 0.7593477964401245, "disgust_top6000": 0.6832609176635742, "control_top1500": 0.7752174139022827, "control_top2000": 0.7673913240432739, "control_top2500": 0.7517391443252563, "control_top3000": 0.7171739339828491, "control_top4000": 0.5954347848892212, "control_top5000": 0.5284782648086548, "control_top6000": 0.5628260970115662, "fairness_top1500": 0.7915217876434326, "fairness_top2000": 0.7236956357955933, "fairness_top2500": 0.7191304564476013, "fairness_top3000": 0.7436956167221069, "fairness_top4000": 0.6845651865005493, "fairness_top5000": 0.755217432975769, "fairness_top6000": 0.6306521892547607, "self-related_top1500": 0.7889130115509033, "self-related_top2000": 0.7880434989929199, "self-related_top2500": 0.7943478226661682, "self-related_top3000": 0.801086962223053, "self-related_top4000": 0.7906521558761597, "self-related_top5000": 0.8015217781066895, "self-related_top6000": 0.7956521511077881, "other-related_top1500": 0.8221738934516907, "other-related_top2000": 0.8058695793151855, "other-related_top2500": 0.8004347681999207, "other-related_top3000": 0.7841304540634155, "other-related_top4000": 0.6882609128952026, "other-related_top5000": 0.47999998927116394, "other-related_top6000": 0.47999998927116394, "expectedness_top1500": 0.7791304588317871, "expectedness_top2000": 0.7560869455337524, "expectedness_top2500": 0.7317391633987427, "expectedness_top3000": 0.7054347991943359, "expectedness_top4000": 0.6886956691741943, "expectedness_top5000": 0.6665217280387878, "expectedness_top6000": 0.6339130401611328, "non-novelty_top1500": 0.7623913288116455, "non-novelty_top2000": 0.8026087284088135, "non-novelty_top2500": 0.7858695983886719, "non-novelty_top3000": 0.79347825050354, "non-novelty_top4000": 0.7276086807250977, "non-novelty_top5000": 0.7158695459365845, "non-novelty_top6000": 0.6171739101409912}