{"sentiment": "excitement", "seed": 11, "arousal_top1500": 0.8063043355941772, "best": 0.828125, "arousal_top2000": 0.8041304349899292, "arousal_top2500": 0.7197825908660889, "arousal_top3000": 0.6952173709869385, "arousal_top4000": 0.6360869407653809, "arousal_top5000": 0.5623912811279297, "arousal_top6000": 0.49630433320999146, "valence_top1500": 0.7941304445266724, "valence_top2000": 0.7669565677642822, "valence_top2500": 0.7071739435195923, "valence_top3000": 0.6830434799194336, "valence_top4000": 0.518478274345398, "valence_top5000": 0.48543477058410645, "valence_top6000": 0.48543477058410645, "happy_top1500": 0.7428261041641235, "happy_top2000": 0.7328261137008667, "happy_top2500": 0.6878260970115662, "happy_top3000": 0.6230434775352478, "happy_top4000": 0.48543477058410645, "happy_top5000": 0.48543477058410645, "happy_top6000": 0.48543477058410645, "anger_top1500": 0.7806521654129028, "anger_top2000": 0.8045651912689209, "anger_top2500": 0.8030434846878052, "anger_top3000": 0.8226087093353271, "anger_top4000": 0.8100000023841858, "anger_top5000": 0.7917391061782837, "anger_top6000": 0.8013043403625488, "sad_top1500": 0.7439130544662476, "sad_top2000": 0.7771738767623901, "sad_top2500": 0.8030434846878052, "sad_top3000": 0.7873913049697876, "sad_top4000": 0.6593478322029114, "sad_top5000": 0.6823912858963013, "sad_top6000": 0.5180434584617615, "fear_top1500": 0.6326087117195129, "fear_top2000": 0.5465217232704163, "fear_top2500": 0.5678260922431946, "fear_top3000": 0.551086962223053, "fear_top4000": 0.5565217137336731, "fear_top5000": 0.502173900604248, "fear_top6000": 0.48543477058410645, "surprise_top1500": 0.7978260517120361, "surprise_top2000": 0.7910869717597961, "surprise_top2500": 0.7734782695770264, "surprise_top3000": 0.7819565534591675, "surprise_top4000": 0.7773913145065308, "surprise_top5000": 0.7741304636001587, "surprise_top6000": 0.6534782648086548, "disgust_top1500": 0.814130425453186, "disgust_top2000": 0.8095651865005493, "disgust_top2500": 0.8226087093353271, "disgust_top3000": 0.8143478035926819, "disgust_top4000": 0.7752174139022827, "disgust_top5000": 0.6602174043655396, "disgust_top6000": 0.7041304111480713, "control_top1500": 0.693260908126831, "control_top2000": 0.6602174043655396, "control_top2500": 0.5071738958358765, "control_top3000": 0.480434775352478, "control_top4000": 0.48543477058410645, "control_top5000": 0.49130433797836304, "control_top6000": 0.5302174091339111, "fairness_top1500": 0.7597825527191162, "fairness_top2000": 0.671521782875061, "fairness_top2500": 0.6669565439224243, "fairness_top3000": 0.6802173852920532, "fairness_top4000": 0.734565258026123, "fairness_top5000": 0.48543477058410645, "fairness_top6000": 0.48543477058410645, "self-related_top1500": 0.803260862827301, "self-related_top2000": 0.7760869264602661, "self-related_top2500": 0.8086956739425659, "self-related_top3000": 0.7928260564804077, "self-related_top4000": 0.832608699798584, "self-related_top5000": 0.7584782838821411, "self-related_top6000": 0.7089130282402039, "other-related_top1500": 0.8100000023841858, "other-related_top2000": 0.8154348134994507, "other-related_top2500": 0.8154348134994507, "other-related_top3000": 0.8204348087310791, "other-related_top4000": 0.7969565391540527, "other-related_top5000": 0.5093478560447693, "other-related_top6000": 0.5884782075881958, "expectedness_top1500": 0.7936956882476807, "expectedness_top2000": 0.7571738958358765, "expectedness_top2500": 0.6534782648086548, "expectedness_top3000": 0.7647826075553894, "expectedness_top4000": 0.7480434775352478, "expectedness_top5000": 0.7643477916717529, "expectedness_top6000": 0.6269565224647522, "non-novelty_top1500": 0.7802174091339111, "non-novelty_top2000": 0.7793477773666382, "non-novelty_top2500": 0.7689130306243896, "non-novelty_top3000": 0.7723913192749023, "non-novelty_top4000": 0.7384782433509827, "non-novelty_top5000": 0.6439130306243896, "non-novelty_top6000": 0.7208695411682129}