{"sentiment": "excitement", "seed": 9, "arousal_top1500": 0.8584782481193542, "best": 0.8541666865348816, "arousal_top2000": 0.8626086711883545, "arousal_top2500": 0.7756521701812744, "arousal_top3000": 0.7465217113494873, "arousal_top4000": 0.6378260850906372, "arousal_top5000": 0.6895651817321777, "arousal_top6000": 0.5560869574546814, "valence_top1500": 0.8389130234718323, "valence_top2000": 0.7541304230690002, "valence_top2500": 0.7378261089324951, "valence_top3000": 0.6895651817321777, "valence_top4000": 0.6863043308258057, "valence_top5000": 0.49717390537261963, "valence_top6000": 0.49086955189704895, "happy_top1500": 0.7878260612487793, "happy_top2000": 0.7560869455337524, "happy_top2500": 0.6886956691741943, "happy_top3000": 0.540217399597168, "happy_top4000": 0.49630433320999146, "happy_top5000": 0.49086955189704895, "happy_top6000": 0.49086955189704895, "anger_top1500": 0.8241304159164429, "anger_top2000": 0.8350000381469727, "anger_top2500": 0.835869550704956, "anger_top3000": 0.835869550704956, "anger_top4000": 0.8041304349899292, "anger_top5000": 0.8221738934516907, "anger_top6000": 0.7743477821350098, "sad_top1500": 0.8443478345870972, "sad_top2000": 0.8430434465408325, "sad_top2500": 0.843478262424469, "sad_top3000": 0.8371739387512207, "sad_top4000": 0.7930434942245483, "sad_top5000": 0.7643477916717529, "sad_top6000": 0.7156522274017334, "fear_top1500": 0.8013043403625488, "fear_top2000": 0.8028261065483093, "fear_top2500": 0.792391300201416, "fear_top3000": 0.7919565439224243, "fear_top4000": 0.789130449295044, "fear_top5000": 0.7832608819007874, "fear_top6000": 0.7702174186706543, "surprise_top1500": 0.8145651817321777, "surprise_top2000": 0.8204348087310791, "surprise_top2500": 0.824999988079071, "surprise_top3000": 0.8195651769638062, "surprise_top4000": 0.8241304159164429, "surprise_top5000": 0.8304347991943359, "surprise_top6000": 0.7856521606445312, "disgust_top1500": 0.8295652270317078, "disgust_top2000": 0.8295652270317078, "disgust_top2500": 0.8295652270317078, "disgust_top3000": 0.8245652318000793, "disgust_top4000": 0.7910869717597961, "disgust_top5000": 0.7743477821350098, "disgust_top6000": 0.790217399597168, "control_top1500": 0.7980434894561768, "control_top2000": 0.8171738982200623, "control_top2500": 0.8163043260574341, "control_top3000": 0.758695662021637, "control_top4000": 0.7632608413696289, "control_top5000": 0.7278261184692383, "control_top6000": 0.7332608699798584, "fairness_top1500": 0.834782600402832, "fairness_top2000": 0.7760869264602661, "fairness_top2500": 0.7202174067497253, "fairness_top3000": 0.8006521463394165, "fairness_top4000": 0.6730434894561768, "fairness_top5000": 0.7576086521148682, "fairness_top6000": 0.49086955189704895, "self-related_top1500": 0.8530434370040894, "self-related_top2000": 0.8676086664199829, "self-related_top2500": 0.8634782433509827, "self-related_top3000": 0.8534782528877258, "self-related_top4000": 0.8458695411682129, "self-related_top5000": 0.8367391228675842, "self-related_top6000": 0.8380434513092041, "other-related_top1500": 0.8517391681671143, "other-related_top2000": 0.8463043570518494, "other-related_top2500": 0.8458695411682129, "other-related_top3000": 0.8458695411682129, "other-related_top4000": 0.8023912906646729, "other-related_top5000": 0.4950000047683716, "other-related_top6000": 0.508695662021637, "expectedness_top1500": 0.8408695459365845, "expectedness_top2000": 0.8069565296173096, "expectedness_top2500": 0.7626086473464966, "expectedness_top3000": 0.7739130258560181, "expectedness_top4000": 0.686956524848938, "expectedness_top5000": 0.6267391443252563, "expectedness_top6000": 0.6158695220947266, "non-novelty_top1500": 0.7743477821350098, "non-novelty_top2000": 0.8019565343856812, "non-novelty_top2500": 0.7689130306243896, "non-novelty_top3000": 0.8295652270317078, "non-novelty_top4000": 0.8104348182678223, "non-novelty_top5000": 0.8158695697784424, "non-novelty_top6000": 0.808912992477417}