{"sentiment": "excitement", "seed": 7, "arousal_top1500": 0.8302173614501953, "best": 0.859375, "arousal_top2000": 0.8447825908660889, "arousal_top2500": 0.8306521773338318, "arousal_top3000": 0.8265217542648315, "arousal_top4000": 0.7669565677642822, "arousal_top5000": 0.627173900604248, "arousal_top6000": 0.5234782695770264, "valence_top1500": 0.7032608985900879, "valence_top2000": 0.6213043332099915, "valence_top2500": 0.6380434632301331, "valence_top3000": 0.6706521511077881, "valence_top4000": 0.6991304159164429, "valence_top5000": 0.6380434632301331, "valence_top6000": 0.6058695316314697, "happy_top1500": 0.6213043332099915, "happy_top2000": 0.5782608389854431, "happy_top2500": 0.5615217089653015, "happy_top3000": 0.5610869526863098, "happy_top4000": 0.5176087021827698, "happy_top5000": 0.6852173805236816, "happy_top6000": 0.6202173829078674, "anger_top1500": 0.8380434513092041, "anger_top2000": 0.8484782576560974, "anger_top2500": 0.8652174472808838, "anger_top3000": 0.8343478441238403, "anger_top4000": 0.8452174067497253, "anger_top5000": 0.8293478488922119, "anger_top6000": 0.8143478035926819, "sad_top1500": 0.8410869836807251, "sad_top2000": 0.83152174949646, "sad_top2500": 0.8169565200805664, "sad_top3000": 0.8015217781066895, "sad_top4000": 0.7869565486907959, "sad_top5000": 0.7336956262588501, "sad_top6000": 0.5545651912689209, "fear_top1500": 0.806739091873169, "fear_top2000": 0.7995651960372925, "fear_top2500": 0.8167390823364258, "fear_top3000": 0.8234782218933105, "fear_top4000": 0.6928260922431946, "fear_top5000": 0.7339130640029907, "fear_top6000": 0.751086950302124, "surprise_top1500": 0.8547825813293457, "surprise_top2000": 0.8456522226333618, "surprise_top2500": 0.8310869932174683, "surprise_top3000": 0.8169565200805664, "surprise_top4000": 0.8023912906646729, "surprise_top5000": 0.678260862827301, "surprise_top6000": 0.6100000143051147, "disgust_top1500": 0.8484782576560974, "disgust_top2000": 0.8430434465408325, "disgust_top2500": 0.8321739435195923, "disgust_top3000": 0.8534782528877258, "disgust_top4000": 0.8334782123565674, "disgust_top5000": 0.8426086902618408, "disgust_top6000": 0.834782600402832, "control_top1500": 0.8252173662185669, "control_top2000": 0.8252173662185669, "control_top2500": 0.8084782361984253, "control_top3000": 0.7697826027870178, "control_top4000": 0.7591304779052734, "control_top5000": 0.7119565010070801, "control_top6000": 0.6365217566490173, "fairness_top1500": 0.7869565486907959, "fairness_top2000": 0.7836956977844238, "fairness_top2500": 0.7854347825050354, "fairness_top3000": 0.7732608318328857, "fairness_top4000": 0.7339130640029907, "fairness_top5000": 0.6619564890861511, "fairness_top6000": 0.5017391443252563, "self-related_top1500": 0.8602173924446106, "self-related_top2000": 0.8652174472808838, "self-related_top2500": 0.8706521987915039, "self-related_top3000": 0.8756521940231323, "self-related_top4000": 0.8552173972129822, "self-related_top5000": 0.8456522226333618, "self-related_top6000": 0.8256521821022034, "other-related_top1500": 0.835869550704956, "other-related_top2000": 0.8693478107452393, "other-related_top2500": 0.8584782481193542, "other-related_top3000": 0.8339130282402039, "other-related_top4000": 0.8241304159164429, "other-related_top5000": 0.5245652198791504, "other-related_top6000": 0.5145652294158936, "expectedness_top1500": 0.8256521821022034, "expectedness_top2000": 0.8402174115180969, "expectedness_top2500": 0.8602173924446106, "expectedness_top3000": 0.8352174162864685, "expectedness_top4000": 0.8063043355941772, "expectedness_top5000": 0.7954347729682922, "expectedness_top6000": 0.7234782576560974, "non-novelty_top1500": 0.8643478155136108, "non-novelty_top2000": 0.8421739339828491, "non-novelty_top2500": 0.8417391180992126, "non-novelty_top3000": 0.8417391180992126, "non-novelty_top4000": 0.796521782875061, "non-novelty_top5000": 0.7769565582275391, "non-novelty_top6000": 0.7319565415382385}