{"sentiment": "excitement", "seed": 5, "arousal_top1500": 0.7849999666213989, "best": 0.8229166865348816, "arousal_top2000": 0.772826075553894, "arousal_top2500": 0.7732608318328857, "arousal_top3000": 0.7858695983886719, "arousal_top4000": 0.7417391538619995, "arousal_top5000": 0.529347836971283, "arousal_top6000": 0.49086955189704895, "valence_top1500": 0.6597825884819031, "valence_top2000": 0.5882608890533447, "valence_top2500": 0.5556522011756897, "valence_top3000": 0.5828260779380798, "valence_top4000": 0.6213043332099915, "valence_top5000": 0.6393478512763977, "valence_top6000": 0.5076087117195129, "happy_top1500": 0.5719565153121948, "happy_top2000": 0.5891304016113281, "happy_top2500": 0.6493478417396545, "happy_top3000": 0.5780434608459473, "happy_top4000": 0.49086955189704895, "happy_top5000": 0.49086955189704895, "happy_top6000": 0.49086955189704895, "anger_top1500": 0.790217399597168, "anger_top2000": 0.7960869669914246, "anger_top2500": 0.7823913097381592, "anger_top3000": 0.7932608723640442, "anger_top4000": 0.7745652198791504, "anger_top5000": 0.7645652294158936, "anger_top6000": 0.7626086473464966, "sad_top1500": 0.7582608461380005, "sad_top2000": 0.7578260898590088, "sad_top2500": 0.7632608413696289, "sad_top3000": 0.7604347467422485, "sad_top4000": 0.7147825956344604, "sad_top5000": 0.6728261113166809, "sad_top6000": 0.5436956286430359, "fear_top1500": 0.7476086616516113, "fear_top2000": 0.7508695721626282, "fear_top2500": 0.7395652532577515, "fear_top3000": 0.7441304326057434, "fear_top4000": 0.6936956644058228, "fear_top5000": 0.627173900604248, "fear_top6000": 0.6886956691741943, "surprise_top1500": 0.7886956930160522, "surprise_top2000": 0.7782608866691589, "surprise_top2500": 0.7991304397583008, "surprise_top3000": 0.7745652198791504, "surprise_top4000": 0.7776086926460266, "surprise_top5000": 0.6723912954330444, "surprise_top6000": 0.6678260564804077, "disgust_top1500": 0.7897825837135315, "disgust_top2000": 0.7797825932502747, "disgust_top2500": 0.7865217924118042, "disgust_top3000": 0.7865217924118042, "disgust_top4000": 0.8041304349899292, "disgust_top5000": 0.7773913145065308, "disgust_top6000": 0.7554347515106201, "control_top1500": 0.7593477964401245, "control_top2000": 0.7204347848892212, "control_top2500": 0.6213043332099915, "control_top3000": 0.6100000143051147, "control_top4000": 0.5723912715911865, "control_top5000": 0.616304337978363, "control_top6000": 0.7050000429153442, "fairness_top1500": 0.7526086568832397, "fairness_top2000": 0.7886956930160522, "fairness_top2500": 0.765434741973877, "fairness_top3000": 0.7415217161178589, "fairness_top4000": 0.6802173852920532, "fairness_top5000": 0.7113043069839478, "fairness_top6000": 0.6678260564804077, "self-related_top1500": 0.7991304397583008, "self-related_top2000": 0.7936956882476807, "self-related_top2500": 0.7941304445266724, "self-related_top3000": 0.7849999666213989, "self-related_top4000": 0.7947826385498047, "self-related_top5000": 0.7602174282073975, "self-related_top6000": 0.7323912978172302, "other-related_top1500": 0.8123912811279297, "other-related_top2000": 0.8178260922431946, "other-related_top2500": 0.8123912811279297, "other-related_top3000": 0.8023912906646729, "other-related_top4000": 0.5347825884819031, "other-related_top5000": 0.4852173924446106, "other-related_top6000": 0.5091304183006287, "expectedness_top1500": 0.7358695268630981, "expectedness_top2000": 0.760869562625885, "expectedness_top2500": 0.77173912525177, "expectedness_top3000": 0.7758695483207703, "expectedness_top4000": 0.7663043737411499, "expectedness_top5000": 0.7708695530891418, "expectedness_top6000": 0.7647826075553894, "non-novelty_top1500": 0.7689130306243896, "non-novelty_top2000": 0.7371739149093628, "non-novelty_top2500": 0.7245652079582214, "non-novelty_top3000": 0.7408695220947266, "non-novelty_top4000": 0.796521782875061, "non-novelty_top5000": 0.7841304540634155, "non-novelty_top6000": 0.7665217518806458}