{"sentiment": "fear", "seed": 3, "arousal_top1500": 0.8925000429153442, "best": 0.9166666865348816, "arousal_top2000": 0.8737499713897705, "arousal_top2500": 0.8862500190734863, "arousal_top3000": 0.918749988079071, "arousal_top4000": 0.8774999976158142, "arousal_top5000": 0.8174999952316284, "arousal_top6000": 0.5824999809265137, "valence_top1500": 0.8725000023841858, "valence_top2000": 0.6150000095367432, "valence_top2500": 0.5049999952316284, "valence_top3000": 0.5487500429153442, "valence_top4000": 0.4712499976158142, "valence_top5000": 0.6412500143051147, "valence_top6000": 0.45624998211860657, "happy_top1500": 0.9037500023841858, "happy_top2000": 0.8949999809265137, "happy_top2500": 0.8525000214576721, "happy_top3000": 0.7637499570846558, "happy_top4000": 0.5137500166893005, "happy_top5000": 0.6737500429153442, "happy_top6000": 0.44999998807907104, "anger_top1500": 0.9112499952316284, "anger_top2000": 0.9112499952316284, "anger_top2500": 0.8999999761581421, "anger_top3000": 0.8999999761581421, "anger_top4000": 0.8762500286102295, "anger_top5000": 0.8849999904632568, "anger_top6000": 0.9012500047683716, "sad_top1500": 0.8899999856948853, "sad_top2000": 0.8975000381469727, "sad_top2500": 0.8987500071525574, "sad_top3000": 0.8925000429153442, "sad_top4000": 0.5887500047683716, "sad_top5000": 0.7074999809265137, "sad_top6000": 0.7862499952316284, "fear_top1500": 0.44999998807907104, "fear_top2000": 0.44999998807907104, "fear_top2500": 0.44999998807907104, "fear_top3000": 0.44999998807907104, "fear_top4000": 0.44999998807907104, "fear_top5000": 0.44999998807907104, "fear_top6000": 0.44999998807907104, "surprise_top1500": 0.9112499952316284, "surprise_top2000": 0.9087499976158142, "surprise_top2500": 0.9087499976158142, "surprise_top3000": 0.9087499976158142, "surprise_top4000": 0.9087499976158142, "surprise_top5000": 0.9137499928474426, "surprise_top6000": 0.9012500047683716, "disgust_top1500": 0.9099999666213989, "disgust_top2000": 0.9049999713897705, "disgust_top2500": 0.9037500023841858, "disgust_top3000": 0.9037500023841858, "disgust_top4000": 0.9162499904632568, "disgust_top5000": 0.9099999666213989, "disgust_top6000": 0.8837499618530273, "control_top1500": 0.9049999713897705, "control_top2000": 0.8949999809265137, "control_top2500": 0.8174999952316284, "control_top3000": 0.875, "control_top4000": 0.8849999904632568, "control_top5000": 0.8899999856948853, "control_top6000": 0.8675000071525574, "fairness_top1500": 0.8937499523162842, "fairness_top2000": 0.8975000381469727, "fairness_top2500": 0.8837499618530273, "fairness_top3000": 0.8912500143051147, "fairness_top4000": 0.7849999666213989, "fairness_top5000": 0.5062500238418579, "fairness_top6000": 0.44999998807907104, "self-related_top1500": 0.918749988079071, "self-related_top2000": 0.918749988079071, "self-related_top2500": 0.9137499928474426, "self-related_top3000": 0.9137499928474426, "self-related_top4000": 0.9037500023841858, "self-related_top5000": 0.9075000286102295, "self-related_top6000": 0.9087499976158142, "other-related_top1500": 0.9212499856948853, "other-related_top2000": 0.9112499952316284, "other-related_top2500": 0.9175000190734863, "other-related_top3000": 0.918749988079071, "other-related_top4000": 0.918749988079071, "other-related_top5000": 0.45124998688697815, "other-related_top6000": 0.550000011920929, "expectedness_top1500": 0.9137499928474426, "expectedness_top2000": 0.9087499976158142, "expectedness_top2500": 0.9087499976158142, "expectedness_top3000": 0.9137499928474426, "expectedness_top4000": 0.8862500190734863, "expectedness_top5000": 0.9037500023841858, "expectedness_top6000": 0.731249988079071, "non-novelty_top1500": 0.9199999570846558, "non-novelty_top2000": 0.9149999618530273, "non-novelty_top2500": 0.9149999618530273, "non-novelty_top3000": 0.9099999666213989, "non-novelty_top4000": 0.8774999976158142, "non-novelty_top5000": 0.8737499713897705, "non-novelty_top6000": 0.8875000476837158}