{"sentiment": "fear", "seed": 15, "arousal_top1500": 0.9312499761581421, "best": 0.9333333373069763, "arousal_top2000": 0.9300000071525574, "arousal_top2500": 0.9287500381469727, "arousal_top3000": 0.9237500429153442, "arousal_top4000": 0.9300000071525574, "arousal_top5000": 0.9212499856948853, "arousal_top6000": 0.45624998211860657, "valence_top1500": 0.9300000071525574, "valence_top2000": 0.9300000071525574, "valence_top2500": 0.9362499713897705, "valence_top3000": 0.9287500381469727, "valence_top4000": 0.8574999570846558, "valence_top5000": 0.8337500095367432, "valence_top6000": 0.5925000309944153, "happy_top1500": 0.9262499809265137, "happy_top2000": 0.918749988079071, "happy_top2500": 0.9287500381469727, "happy_top3000": 0.5612500309944153, "happy_top4000": 0.45624998211860657, "happy_top5000": 0.45624998211860657, "happy_top6000": 0.45624998211860657, "anger_top1500": 0.9424999952316284, "anger_top2000": 0.9424999952316284, "anger_top2500": 0.9362499713897705, "anger_top3000": 0.9362499713897705, "anger_top4000": 0.9424999952316284, "anger_top5000": 0.9362499713897705, "anger_top6000": 0.9287500381469727, "sad_top1500": 0.9325000047683716, "sad_top2000": 0.9325000047683716, "sad_top2500": 0.9362499713897705, "sad_top3000": 0.8224999904632568, "sad_top4000": 0.6812499761581421, "sad_top5000": 0.5625, "sad_top6000": 0.9075000286102295, "fear_top1500": 0.918749988079071, "fear_top2000": 0.887499988079071, "fear_top2500": 0.8812500238418579, "fear_top3000": 0.8062499761581421, "fear_top4000": 0.7124999761581421, "fear_top5000": 0.7437499761581421, "fear_top6000": 0.5562499761581421, "surprise_top1500": 0.9375, "surprise_top2000": 0.9375, "surprise_top2500": 0.9375, "surprise_top3000": 0.9300000071525574, "surprise_top4000": 0.9375, "surprise_top5000": 0.9312499761581421, "surprise_top6000": 0.9325000047683716, "disgust_top1500": 0.9375, "disgust_top2000": 0.9424999952316284, "disgust_top2500": 0.9375, "disgust_top3000": 0.9375, "disgust_top4000": 0.9362499713897705, "disgust_top5000": 0.9249999523162842, "disgust_top6000": 0.9312499761581421, "control_top1500": 0.9099999666213989, "control_top2000": 0.9162499904632568, "control_top2500": 0.8574999570846558, "control_top3000": 0.4975000023841858, "control_top4000": 0.45624998211860657, "control_top5000": 0.4624999761581421, "control_top6000": 0.8587499856948853, "fairness_top1500": 0.9362499713897705, "fairness_top2000": 0.9424999952316284, "fairness_top2500": 0.9424999952316284, "fairness_top3000": 0.9424999952316284, "fairness_top4000": 0.9387500286102295, "fairness_top5000": 0.9362499713897705, "fairness_top6000": 0.45624998211860657, "self-related_top1500": 0.9424999952316284, "self-related_top2000": 0.9362499713897705, "self-related_top2500": 0.9362499713897705, "self-related_top3000": 0.9362499713897705, "self-related_top4000": 0.9225000143051147, "self-related_top5000": 0.9424999952316284, "self-related_top6000": 0.9424999952316284, "other-related_top1500": 0.9375, "other-related_top2000": 0.9375, "other-related_top2500": 0.9375, "other-related_top3000": 0.9375, "other-related_top4000": 0.9312499761581421, "other-related_top5000": 0.5837500095367432, "other-related_top6000": 0.8412500023841858, "expectedness_top1500": 0.9375, "expectedness_top2000": 0.9375, "expectedness_top2500": 0.9275000095367432, "expectedness_top3000": 0.9300000071525574, "expectedness_top4000": 0.9049999713897705, "expectedness_top5000": 0.8824999928474426, "expectedness_top6000": 0.5925000309944153, "non-novelty_top1500": 0.9387500286102295, "non-novelty_top2000": 0.9312499761581421, "non-novelty_top2500": 0.9249999523162842, "non-novelty_top3000": 0.9199999570846558, "non-novelty_top4000": 0.9137499928474426, "non-novelty_top5000": 0.8912500143051147, "non-novelty_top6000": 0.8849999904632568}