{"sentiment": "fear", "seed": 11, "arousal_top1500": 0.9212499856948853, "best": 0.9222221970558167, "arousal_top2000": 0.9112499952316284, "arousal_top2500": 0.9162499904632568, "arousal_top3000": 0.8962500095367432, "arousal_top4000": 0.8787499666213989, "arousal_top5000": 0.8362500071525574, "arousal_top6000": 0.8100000023841858, "valence_top1500": 0.8987500071525574, "valence_top2000": 0.8837499618530273, "valence_top2500": 0.8862500190734863, "valence_top3000": 0.8687499761581421, "valence_top4000": 0.668749988079071, "valence_top5000": 0.48749998211860657, "valence_top6000": 0.4925000071525574, "happy_top1500": 0.8512499928474426, "happy_top2000": 0.8199999928474426, "happy_top2500": 0.8999999761581421, "happy_top3000": 0.8925000429153442, "happy_top4000": 0.8362500071525574, "happy_top5000": 0.8362500071525574, "happy_top6000": 0.7200000286102295, "anger_top1500": 0.9350000023841858, "anger_top2000": 0.9137499928474426, "anger_top2500": 0.9199999570846558, "anger_top3000": 0.8962500095367432, "anger_top4000": 0.8937499523162842, "anger_top5000": 0.9112499952316284, "anger_top6000": 0.8762500286102295, "sad_top1500": 0.8987500071525574, "sad_top2000": 0.8999999761581421, "sad_top2500": 0.8999999761581421, "sad_top3000": 0.9025000333786011, "sad_top4000": 0.9025000333786011, "sad_top5000": 0.8987500071525574, "sad_top6000": 0.6737500429153442, "fear_top1500": 0.7050000429153442, "fear_top2000": 0.6000000238418579, "fear_top2500": 0.5600000023841858, "fear_top3000": 0.5850000381469727, "fear_top4000": 0.44999998807907104, "fear_top5000": 0.45375001430511475, "fear_top6000": 0.44999998807907104, "surprise_top1500": 0.8987500071525574, "surprise_top2000": 0.9087499976158142, "surprise_top2500": 0.9025000333786011, "surprise_top3000": 0.9025000333786011, "surprise_top4000": 0.9099999666213989, "surprise_top5000": 0.8525000214576721, "surprise_top6000": 0.8849999904632568, "disgust_top1500": 0.9137499928474426, "disgust_top2000": 0.9049999713897705, "disgust_top2500": 0.9087499976158142, "disgust_top3000": 0.9025000333786011, "disgust_top4000": 0.9025000333786011, "disgust_top5000": 0.8975000381469727, "disgust_top6000": 0.8849999904632568, "control_top1500": 0.9087499976158142, "control_top2000": 0.8700000047683716, "control_top2500": 0.8174999952316284, "control_top3000": 0.6850000023841858, "control_top4000": 0.6462500095367432, "control_top5000": 0.6475000381469727, "control_top6000": 0.6812499761581421, "fairness_top1500": 0.8912500143051147, "fairness_top2000": 0.9049999713897705, "fairness_top2500": 0.8875000476837158, "fairness_top3000": 0.8949999809265137, "fairness_top4000": 0.893750011920929, "fairness_top5000": 0.6449999809265137, "fairness_top6000": 0.45624998211860657, "self-related_top1500": 0.9199999570846558, "self-related_top2000": 0.9149999618530273, "self-related_top2500": 0.8999999761581421, "self-related_top3000": 0.8999999761581421, "self-related_top4000": 0.8962500095367432, "self-related_top5000": 0.8737499713897705, "self-related_top6000": 0.824999988079071, "other-related_top1500": 0.9137499928474426, "other-related_top2000": 0.9087499976158142, "other-related_top2500": 0.9037500023841858, "other-related_top3000": 0.8987500071525574, "other-related_top4000": 0.893750011920929, "other-related_top5000": 0.5250000357627869, "other-related_top6000": 0.6512500047683716, "expectedness_top1500": 0.9137499928474426, "expectedness_top2000": 0.9087499976158142, "expectedness_top2500": 0.8987500071525574, "expectedness_top3000": 0.9087499976158142, "expectedness_top4000": 0.8962500095367432, "expectedness_top5000": 0.893750011920929, "expectedness_top6000": 0.8949999809265137, "non-novelty_top1500": 0.9087499976158142, "non-novelty_top2000": 0.8887499570846558, "non-novelty_top2500": 0.9087499976158142, "non-novelty_top3000": 0.9087499976158142, "non-novelty_top4000": 0.8949999809265137, "non-novelty_top5000": 0.8787499666213989, "non-novelty_top6000": 0.6662499904632568}