{"sentiment": "fear", "seed": 13, "arousal_top1500": 0.9049999713897705, "best": 0.9166666865348816, "arousal_top2000": 0.9137499928474426, "arousal_top2500": 0.9199999570846558, "arousal_top3000": 0.9175000190734863, "arousal_top4000": 0.9187500476837158, "arousal_top5000": 0.9075000286102295, "arousal_top6000": 0.8600000143051147, "valence_top1500": 0.8725000023841858, "valence_top2000": 0.4624999761581421, "valence_top2500": 0.4624999761581421, "valence_top3000": 0.4624999761581421, "valence_top4000": 0.4675000011920929, "valence_top5000": 0.4624999761581421, "valence_top6000": 0.4624999761581421, "happy_top1500": 0.8962500095367432, "happy_top2000": 0.875, "happy_top2500": 0.8862500190734863, "happy_top3000": 0.8762500286102295, "happy_top4000": 0.7050000429153442, "happy_top5000": 0.7699999809265137, "happy_top6000": 0.7487499713897705, "anger_top1500": 0.8987500071525574, "anger_top2000": 0.9025000333786011, "anger_top2500": 0.8925000429153442, "anger_top3000": 0.9125000238418579, "anger_top4000": 0.9025000333786011, "anger_top5000": 0.8700000047683716, "anger_top6000": 0.8337500095367432, "sad_top1500": 0.9075000286102295, "sad_top2000": 0.9025000333786011, "sad_top2500": 0.9075000286102295, "sad_top3000": 0.8637499809265137, "sad_top4000": 0.7487499713897705, "sad_top5000": 0.4624999761581421, "sad_top6000": 0.5099999904632568, "fear_top1500": 0.4624999761581421, "fear_top2000": 0.4624999761581421, "fear_top2500": 0.4624999761581421, "fear_top3000": 0.4624999761581421, "fear_top4000": 0.4624999761581421, "fear_top5000": 0.4624999761581421, "fear_top6000": 0.4624999761581421, "surprise_top1500": 0.8999999761581421, "surprise_top2000": 0.8824999928474426, "surprise_top2500": 0.9087499976158142, "surprise_top3000": 0.8999999761581421, "surprise_top4000": 0.9099999666213989, "surprise_top5000": 0.9049999713897705, "surprise_top6000": 0.875, "disgust_top1500": 0.893750011920929, "disgust_top2000": 0.9049999713897705, "disgust_top2500": 0.9125000238418579, "disgust_top3000": 0.90625, "disgust_top4000": 0.90625, "disgust_top5000": 0.8762500286102295, "disgust_top6000": 0.8050000071525574, "control_top1500": 0.8737499713897705, "control_top2000": 0.9075000286102295, "control_top2500": 0.8537499904632568, "control_top3000": 0.8500000238418579, "control_top4000": 0.8450000286102295, "control_top5000": 0.84375, "control_top6000": 0.8450000286102295, "fairness_top1500": 0.8987500071525574, "fairness_top2000": 0.8999999761581421, "fairness_top2500": 0.8374999761581421, "fairness_top3000": 0.6124999523162842, "fairness_top4000": 0.574999988079071, "fairness_top5000": 0.7725000381469727, "fairness_top6000": 0.581250011920929, "self-related_top1500": 0.9175000190734863, "self-related_top2000": 0.9025000333786011, "self-related_top2500": 0.9175000190734863, "self-related_top3000": 0.9075000286102295, "self-related_top4000": 0.9075000286102295, "self-related_top5000": 0.8987500071525574, "self-related_top6000": 0.90625, "other-related_top1500": 0.9012500047683716, "other-related_top2000": 0.9075000286102295, "other-related_top2500": 0.9075000286102295, "other-related_top3000": 0.9125000238418579, "other-related_top4000": 0.9012500047683716, "other-related_top5000": 0.4975000023841858, "other-related_top6000": 0.7475000023841858, "expectedness_top1500": 0.8999999761581421, "expectedness_top2000": 0.9099999666213989, "expectedness_top2500": 0.9087499976158142, "expectedness_top3000": 0.9012500047683716, "expectedness_top4000": 0.9199999570846558, "expectedness_top5000": 0.8999999761581421, "expectedness_top6000": 0.8949999809265137, "non-novelty_top1500": 0.9137499928474426, "non-novelty_top2000": 0.9075000286102295, "non-novelty_top2500": 0.9125000238418579, "non-novelty_top3000": 0.90625, "non-novelty_top4000": 0.8762500286102295, "non-novelty_top5000": 0.8949999809265137, "non-novelty_top6000": 0.8912500143051147}