{"sentiment": "fear", "seed": 100, "arousal_top1500": 0.4637500047683716, "best": 0.5777778029441833, "arousal_top2000": 0.512499988079071, "arousal_top2500": 0.5550000071525574, "arousal_top3000": 0.550000011920929, "arousal_top4000": 0.550000011920929, "arousal_top5000": 0.5262500047683716, "arousal_top6000": 0.44999998807907104, "valence_top1500": 0.44999998807907104, "valence_top2000": 0.44999998807907104, "valence_top2500": 0.44999998807907104, "valence_top3000": 0.44999998807907104, "valence_top4000": 0.44999998807907104, "valence_top5000": 0.44999998807907104, "valence_top6000": 0.44999998807907104, "happy_top1500": 0.44999998807907104, "happy_top2000": 0.44999998807907104, "happy_top2500": 0.44999998807907104, "happy_top3000": 0.5225000381469727, "happy_top4000": 0.4449999928474426, "happy_top5000": 0.5274999737739563, "happy_top6000": 0.44999998807907104, "anger_top1500": 0.53125, "anger_top2000": 0.45625001192092896, "anger_top2500": 0.5349999666213989, "anger_top3000": 0.5450000166893005, "anger_top4000": 0.4412499964237213, "anger_top5000": 0.4412499964237213, "anger_top6000": 0.3737500011920929, "sad_top1500": 0.5149999856948853, "sad_top2000": 0.4712499976158142, "sad_top2500": 0.4912499785423279, "sad_top3000": 0.4274999797344208, "sad_top4000": 0.45749998092651367, "sad_top5000": 0.5387499928474426, "sad_top6000": 0.5325000286102295, "fear_top1500": 0.44999998807907104, "fear_top2000": 0.45124998688697815, "fear_top2500": 0.45124998688697815, "fear_top3000": 0.44999998807907104, "fear_top4000": 0.44999998807907104, "fear_top5000": 0.44999998807907104, "fear_top6000": 0.44999998807907104, "surprise_top1500": 0.48500001430511475, "surprise_top2000": 0.512499988079071, "surprise_top2500": 0.46000000834465027, "surprise_top3000": 0.44999998807907104, "surprise_top4000": 0.4449999928474426, "surprise_top5000": 0.5162500143051147, "surprise_top6000": 0.5087500214576721, "disgust_top1500": 0.45500001311302185, "disgust_top2000": 0.4449999928474426, "disgust_top2500": 0.5224999785423279, "disgust_top3000": 0.550000011920929, "disgust_top4000": 0.44749999046325684, "disgust_top5000": 0.44999998807907104, "disgust_top6000": 0.4387499690055847, "control_top1500": 0.5049999952316284, "control_top2000": 0.518750011920929, "control_top2500": 0.44749999046325684, "control_top3000": 0.5425000190734863, "control_top4000": 0.4624999761581421, "control_top5000": 0.44999998807907104, "control_top6000": 0.4962499737739563, "fairness_top1500": 0.3799999952316284, "fairness_top2000": 0.41749998927116394, "fairness_top2500": 0.44999998807907104, "fairness_top3000": 0.44999998807907104, "fairness_top4000": 0.45624998211860657, "fairness_top5000": 0.44999998807907104, "fairness_top6000": 0.44999998807907104, "self-related_top1500": 0.4625000059604645, "self-related_top2000": 0.44999998807907104, "self-related_top2500": 0.4762499928474426, "self-related_top3000": 0.49125000834465027, "self-related_top4000": 0.4975000023841858, "self-related_top5000": 0.550000011920929, "self-related_top6000": 0.550000011920929, "other-related_top1500": 0.44999998807907104, "other-related_top2000": 0.44999998807907104, "other-related_top2500": 0.44999998807907104, "other-related_top3000": 0.44999998807907104, "other-related_top4000": 0.44999998807907104, "other-related_top5000": 0.4650000035762787, "other-related_top6000": 0.5275000333786011, "expectedness_top1500": 0.5137499570846558, "expectedness_top2000": 0.49125000834465027, "expectedness_top2500": 0.44999998807907104, "expectedness_top3000": 0.44999998807907104, "expectedness_top4000": 0.38750001788139343, "expectedness_top5000": 0.44999998807907104, "expectedness_top6000": 0.4449999928474426, "non-novelty_top1500": 0.44999998807907104, "non-novelty_top2000": 0.44999998807907104, "non-novelty_top2500": 0.44999998807907104, "non-novelty_top3000": 0.44999998807907104, "non-novelty_top4000": 0.4699999988079071, "non-novelty_top5000": 0.4449999928474426, "non-novelty_top6000": 0.44999998807907104}