{"sentiment": "fear", "seed": 9, "arousal_top1500": 0.8462499976158142, "best": 0.8722222447395325, "arousal_top2000": 0.8374999761581421, "arousal_top2500": 0.862500011920929, "arousal_top3000": 0.8487499952316284, "arousal_top4000": 0.8412500023841858, "arousal_top5000": 0.5337499976158142, "arousal_top6000": 0.4612500071525574, "valence_top1500": 0.8262499570846558, "valence_top2000": 0.4612500071525574, "valence_top2500": 0.4675000011920929, "valence_top3000": 0.45749998092651367, "valence_top4000": 0.4612500071525574, "valence_top5000": 0.4675000011920929, "valence_top6000": 0.4612500071525574, "happy_top1500": 0.5862500071525574, "happy_top2000": 0.5, "happy_top2500": 0.46875, "happy_top3000": 0.4274999797344208, "happy_top4000": 0.44624999165534973, "happy_top5000": 0.4612500071525574, "happy_top6000": 0.4612500071525574, "anger_top1500": 0.8487499952316284, "anger_top2000": 0.8650000095367432, "anger_top2500": 0.8712500333786011, "anger_top3000": 0.8524999618530273, "anger_top4000": 0.8600000143051147, "anger_top5000": 0.8650000095367432, "anger_top6000": 0.8450000286102295, "sad_top1500": 0.8675000071525574, "sad_top2000": 0.8762500286102295, "sad_top2500": 0.8612499833106995, "sad_top3000": 0.8500000238418579, "sad_top4000": 0.6612499952316284, "sad_top5000": 0.5587500333786011, "sad_top6000": 0.7712500095367432, "fear_top1500": 0.4612500071525574, "fear_top2000": 0.4612500071525574, "fear_top2500": 0.4612500071525574, "fear_top3000": 0.4612500071525574, "fear_top4000": 0.4612500071525574, "fear_top5000": 0.4612500071525574, "fear_top6000": 0.4612500071525574, "surprise_top1500": 0.8562500476837158, "surprise_top2000": 0.862500011920929, "surprise_top2500": 0.8687499761581421, "surprise_top3000": 0.8637499809265137, "surprise_top4000": 0.862500011920929, "surprise_top5000": 0.8274999856948853, "surprise_top6000": 0.8337500095367432, "disgust_top1500": 0.8537499904632568, "disgust_top2000": 0.8612500429153442, "disgust_top2500": 0.8675000071525574, "disgust_top3000": 0.8737499713897705, "disgust_top4000": 0.8662500381469727, "disgust_top5000": 0.762499988079071, "disgust_top6000": 0.7949999570846558, "control_top1500": 0.7512500286102295, "control_top2000": 0.800000011920929, "control_top2500": 0.6150000095367432, "control_top3000": 0.5412499904632568, "control_top4000": 0.5737500190734863, "control_top5000": 0.4737500250339508, "control_top6000": 0.6862500309944153, "fairness_top1500": 0.8550000190734863, "fairness_top2000": 0.875, "fairness_top2500": 0.8812500238418579, "fairness_top3000": 0.8687499761581421, "fairness_top4000": 0.8537499904632568, "fairness_top5000": 0.4612500071525574, "fairness_top6000": 0.4612500071525574, "self-related_top1500": 0.84375, "self-related_top2000": 0.8487499952316284, "self-related_top2500": 0.8562500476837158, "self-related_top3000": 0.8575000166893005, "self-related_top4000": 0.8524999618530273, "self-related_top5000": 0.8424999713897705, "self-related_top6000": 0.8387500047683716, "other-related_top1500": 0.8675000071525574, "other-related_top2000": 0.875, "other-related_top2500": 0.8587499856948853, "other-related_top3000": 0.8650000095367432, "other-related_top4000": 0.8574999570846558, "other-related_top5000": 0.5987499952316284, "other-related_top6000": 0.6187499761581421, "expectedness_top1500": 0.8650000095367432, "expectedness_top2000": 0.8587499856948853, "expectedness_top2500": 0.8787499666213989, "expectedness_top3000": 0.8462499976158142, "expectedness_top4000": 0.8762500286102295, "expectedness_top5000": 0.8824999928474426, "expectedness_top6000": 0.8887499570846558, "non-novelty_top1500": 0.8612500429153442, "non-novelty_top2000": 0.8612500429153442, "non-novelty_top2500": 0.862500011920929, "non-novelty_top3000": 0.8675000071525574, "non-novelty_top4000": 0.8524999618530273, "non-novelty_top5000": 0.8212499618530273, "non-novelty_top6000": 0.6362500190734863}