{"sentiment": "fear", "seed": 17, "arousal_top1500": 0.8912500143051147, "best": 0.9055555462837219, "arousal_top2000": 0.8824999928474426, "arousal_top2500": 0.8987500071525574, "arousal_top3000": 0.8987500071525574, "arousal_top4000": 0.9049999713897705, "arousal_top5000": 0.45624998211860657, "arousal_top6000": 0.45624998211860657, "valence_top1500": 0.8637499809265137, "valence_top2000": 0.48749998211860657, "valence_top2500": 0.5062499642372131, "valence_top3000": 0.46875, "valence_top4000": 0.45624998211860657, "valence_top5000": 0.45624998211860657, "valence_top6000": 0.45624998211860657, "happy_top1500": 0.9087499976158142, "happy_top2000": 0.8937499523162842, "happy_top2500": 0.8374999761581421, "happy_top3000": 0.8362500071525574, "happy_top4000": 0.5625, "happy_top5000": 0.7725000381469727, "happy_top6000": 0.5037499666213989, "anger_top1500": 0.8987500071525574, "anger_top2000": 0.8937499523162842, "anger_top2500": 0.8937499523162842, "anger_top3000": 0.8987500071525574, "anger_top4000": 0.9149999618530273, "anger_top5000": 0.7975000143051147, "anger_top6000": 0.8574999570846558, "sad_top1500": 0.9125000238418579, "sad_top2000": 0.9037500023841858, "sad_top2500": 0.8999999761581421, "sad_top3000": 0.7862499952316284, "sad_top4000": 0.7387499809265137, "sad_top5000": 0.793749988079071, "sad_top6000": 0.8562500476837158, "fear_top1500": 0.45624998211860657, "fear_top2000": 0.45624998211860657, "fear_top2500": 0.45624998211860657, "fear_top3000": 0.45624998211860657, "fear_top4000": 0.45624998211860657, "fear_top5000": 0.45624998211860657, "fear_top6000": 0.45624998211860657, "surprise_top1500": 0.9037500023841858, "surprise_top2000": 0.9087499976158142, "surprise_top2500": 0.9087499976158142, "surprise_top3000": 0.8962500095367432, "surprise_top4000": 0.9049999713897705, "surprise_top5000": 0.8700000047683716, "surprise_top6000": 0.8899999856948853, "disgust_top1500": 0.9037500023841858, "disgust_top2000": 0.9049999713897705, "disgust_top2500": 0.9025000333786011, "disgust_top3000": 0.90625, "disgust_top4000": 0.8849999904632568, "disgust_top5000": 0.7087500095367432, "disgust_top6000": 0.7412500381469727, "control_top1500": 0.8374999761581421, "control_top2000": 0.8274999856948853, "control_top2500": 0.7999999523162842, "control_top3000": 0.7425000071525574, "control_top4000": 0.8887499570846558, "control_top5000": 0.8274999856948853, "control_top6000": 0.4599999785423279, "fairness_top1500": 0.8912500143051147, "fairness_top2000": 0.9049999713897705, "fairness_top2500": 0.8675000071525574, "fairness_top3000": 0.8812500238418579, "fairness_top4000": 0.6875, "fairness_top5000": 0.6499999761581421, "fairness_top6000": 0.4274999797344208, "self-related_top1500": 0.9037500023841858, "self-related_top2000": 0.9037500023841858, "self-related_top2500": 0.9037500023841858, "self-related_top3000": 0.8962500095367432, "self-related_top4000": 0.8975000381469727, "self-related_top5000": 0.9049999713897705, "self-related_top6000": 0.8962500095367432, "other-related_top1500": 0.9087499976158142, "other-related_top2000": 0.9037500023841858, "other-related_top2500": 0.8987500071525574, "other-related_top3000": 0.8987500071525574, "other-related_top4000": 0.9025000333786011, "other-related_top5000": 0.5300000309944153, "other-related_top6000": 0.7037500143051147, "expectedness_top1500": 0.9037500023841858, "expectedness_top2000": 0.9087499976158142, "expectedness_top2500": 0.8949999809265137, "expectedness_top3000": 0.9075000286102295, "expectedness_top4000": 0.8999999761581421, "expectedness_top5000": 0.8737499713897705, "expectedness_top6000": 0.7887499928474426, "non-novelty_top1500": 0.9175000190734863, "non-novelty_top2000": 0.9112499952316284, "non-novelty_top2500": 0.9112499952316284, "non-novelty_top3000": 0.90625, "non-novelty_top4000": 0.699999988079071, "non-novelty_top5000": 0.5475000143051147, "non-novelty_top6000": 0.4612500071525574}