{"sentiment": "fear", "seed": 5, "arousal_top1500": 0.9025000333786011, "best": 0.9166666865348816, "arousal_top2000": 0.9025000333786011, "arousal_top2500": 0.8887500166893005, "arousal_top3000": 0.84375, "arousal_top4000": 0.8087500333786011, "arousal_top5000": 0.5174999833106995, "arousal_top6000": 0.5387499928474426, "valence_top1500": 0.8700000047683716, "valence_top2000": 0.6875, "valence_top2500": 0.5300000309944153, "valence_top3000": 0.4624999761581421, "valence_top4000": 0.4624999761581421, "valence_top5000": 0.45749998092651367, "valence_top6000": 0.4624999761581421, "happy_top1500": 0.8612500429153442, "happy_top2000": 0.6462500095367432, "happy_top2500": 0.7749999761581421, "happy_top3000": 0.8524999618530273, "happy_top4000": 0.4624999761581421, "happy_top5000": 0.5824999809265137, "happy_top6000": 0.4762499928474426, "anger_top1500": 0.8999999761581421, "anger_top2000": 0.8612500429153442, "anger_top2500": 0.9049999713897705, "anger_top3000": 0.9025000333786011, "anger_top4000": 0.8374999761581421, "anger_top5000": 0.7237499952316284, "anger_top6000": 0.8025000095367432, "sad_top1500": 0.9037500023841858, "sad_top2000": 0.8887499570846558, "sad_top2500": 0.8899999856948853, "sad_top3000": 0.8687499761581421, "sad_top4000": 0.606249988079071, "sad_top5000": 0.5987499952316284, "sad_top6000": 0.5625, "fear_top1500": 0.5049999952316284, "fear_top2000": 0.4624999761581421, "fear_top2500": 0.4624999761581421, "fear_top3000": 0.46875, "fear_top4000": 0.4699999988079071, "fear_top5000": 0.42875000834465027, "fear_top6000": 0.48249998688697815, "surprise_top1500": 0.9099999666213989, "surprise_top2000": 0.8987500071525574, "surprise_top2500": 0.8887500166893005, "surprise_top3000": 0.84375, "surprise_top4000": 0.5925000309944153, "surprise_top5000": 0.6075000166893005, "surprise_top6000": 0.7749999761581421, "disgust_top1500": 0.9049999713897705, "disgust_top2000": 0.9049999713897705, "disgust_top2500": 0.8862500190734863, "disgust_top3000": 0.8799999952316284, "disgust_top4000": 0.8762500286102295, "disgust_top5000": 0.7999999523162842, "disgust_top6000": 0.8650000095367432, "control_top1500": 0.9162499904632568, "control_top2000": 0.9212499856948853, "control_top2500": 0.90625, "control_top3000": 0.8737499713897705, "control_top4000": 0.8999999761581421, "control_top5000": 0.8725000023841858, "control_top6000": 0.7274999618530273, "fairness_top1500": 0.8287500143051147, "fairness_top2000": 0.8524999618530273, "fairness_top2500": 0.8450000286102295, "fairness_top3000": 0.7999999523162842, "fairness_top4000": 0.6887500286102295, "fairness_top5000": 0.3137499988079071, "fairness_top6000": 0.4099999964237213, "self-related_top1500": 0.8675000071525574, "self-related_top2000": 0.8662500381469727, "self-related_top2500": 0.8925000429153442, "self-related_top3000": 0.9012500047683716, "self-related_top4000": 0.9137499928474426, "self-related_top5000": 0.8787499666213989, "self-related_top6000": 0.8675000071525574, "other-related_top1500": 0.9049999713897705, "other-related_top2000": 0.9049999713897705, "other-related_top2500": 0.9112499952316284, "other-related_top3000": 0.9075000286102295, "other-related_top4000": 0.893750011920929, "other-related_top5000": 0.5274999737739563, "other-related_top6000": 0.6899999976158142, "expectedness_top1500": 0.9099999666213989, "expectedness_top2000": 0.9149999618530273, "expectedness_top2500": 0.9049999713897705, "expectedness_top3000": 0.9049999713897705, "expectedness_top4000": 0.8812500238418579, "expectedness_top5000": 0.8987500071525574, "expectedness_top6000": 0.8687499761581421, "non-novelty_top1500": 0.8925000429153442, "non-novelty_top2000": 0.8812500238418579, "non-novelty_top2500": 0.8862500190734863, "non-novelty_top3000": 0.8862500190734863, "non-novelty_top4000": 0.8287500143051147, "non-novelty_top5000": 0.8424999713897705, "non-novelty_top6000": 0.862500011920929}