{"sentiment": "fear", "seed": 42, "arousal_top1500": 0.8637499809265137, "best": 0.8777777552604675, "arousal_top2000": 0.8500000238418579, "arousal_top2500": 0.8562500476837158, "arousal_top3000": 0.8474999666213989, "arousal_top4000": 0.8500000238418579, "arousal_top5000": 0.5887500047683716, "arousal_top6000": 0.44999998807907104, "valence_top1500": 0.5487500429153442, "valence_top2000": 0.5612500309944153, "valence_top2500": 0.6499999761581421, "valence_top3000": 0.59375, "valence_top4000": 0.4987500011920929, "valence_top5000": 0.550000011920929, "valence_top6000": 0.44999998807907104, "happy_top1500": 0.84375, "happy_top2000": 0.8337500095367432, "happy_top2500": 0.5487500429153442, "happy_top3000": 0.5874999761581421, "happy_top4000": 0.44999998807907104, "happy_top5000": 0.44999998807907104, "happy_top6000": 0.44999998807907104, "anger_top1500": 0.8675000071525574, "anger_top2000": 0.8587499856948853, "anger_top2500": 0.8650000095367432, "anger_top3000": 0.8650000095367432, "anger_top4000": 0.8612500429153442, "anger_top5000": 0.8662500381469727, "anger_top6000": 0.6287500262260437, "sad_top1500": 0.6862500309944153, "sad_top2000": 0.7174999713897705, "sad_top2500": 0.7487499713897705, "sad_top3000": 0.793749988079071, "sad_top4000": 0.6812499761581421, "sad_top5000": 0.7699999809265137, "sad_top6000": 0.6899999976158142, "fear_top1500": 0.44999998807907104, "fear_top2000": 0.44999998807907104, "fear_top2500": 0.44999998807907104, "fear_top3000": 0.44999998807907104, "fear_top4000": 0.44999998807907104, "fear_top5000": 0.44999998807907104, "fear_top6000": 0.44999998807907104, "surprise_top1500": 0.8600000143051147, "surprise_top2000": 0.8412500023841858, "surprise_top2500": 0.8412500023841858, "surprise_top3000": 0.7975000143051147, "surprise_top4000": 0.8424999713897705, "surprise_top5000": 0.800000011920929, "surprise_top6000": 0.6762499809265137, "disgust_top1500": 0.8837499618530273, "disgust_top2000": 0.8575000166893005, "disgust_top2500": 0.8612499833106995, "disgust_top3000": 0.84375, "disgust_top4000": 0.8725000023841858, "disgust_top5000": 0.6712499856948853, "disgust_top6000": 0.48625001311302185, "control_top1500": 0.44999998807907104, "control_top2000": 0.45124998688697815, "control_top2500": 0.44999998807907104, "control_top3000": 0.7237499952316284, "control_top4000": 0.8374999761581421, "control_top5000": 0.6212499737739563, "control_top6000": 0.5525000095367432, "fairness_top1500": 0.5475000143051147, "fairness_top2000": 0.5837500095367432, "fairness_top2500": 0.6749999523162842, "fairness_top3000": 0.5824999809265137, "fairness_top4000": 0.5850000381469727, "fairness_top5000": 0.6100000143051147, "fairness_top6000": 0.44999998807907104, "self-related_top1500": 0.8524999618530273, "self-related_top2000": 0.8524999618530273, "self-related_top2500": 0.8675000071525574, "self-related_top3000": 0.8637499809265137, "self-related_top4000": 0.8412500023841858, "self-related_top5000": 0.8387500047683716, "self-related_top6000": 0.8574999570846558, "other-related_top1500": 0.48874998092651367, "other-related_top2000": 0.5249999761581421, "other-related_top2500": 0.71875, "other-related_top3000": 0.7387499809265137, "other-related_top4000": 0.5, "other-related_top5000": 0.44999998807907104, "other-related_top6000": 0.44999998807907104, "expectedness_top1500": 0.5425000190734863, "expectedness_top2000": 0.5362499952316284, "expectedness_top2500": 0.44999998807907104, "expectedness_top3000": 0.44999998807907104, "expectedness_top4000": 0.44999998807907104, "expectedness_top5000": 0.44999998807907104, "expectedness_top6000": 0.44999998807907104, "non-novelty_top1500": 0.8512500524520874, "non-novelty_top2000": 0.8424999713897705, "non-novelty_top2500": 0.7087500095367432, "non-novelty_top3000": 0.5950000286102295, "non-novelty_top4000": 0.6287500262260437, "non-novelty_top5000": 0.8487499952316284, "non-novelty_top6000": 0.45124998688697815}