{"sentiment": "fear", "seed": 19, "arousal_top1500": 0.8862500190734863, "best": 0.9166666865348816, "arousal_top2000": 0.8799999952316284, "arousal_top2500": 0.875, "arousal_top3000": 0.9075000286102295, "arousal_top4000": 0.8925000429153442, "arousal_top5000": 0.8412500023841858, "arousal_top6000": 0.6137499809265137, "valence_top1500": 0.9025000333786011, "valence_top2000": 0.8687499761581421, "valence_top2500": 0.8137500286102295, "valence_top3000": 0.8962500095367432, "valence_top4000": 0.6899999976158142, "valence_top5000": 0.4762499928474426, "valence_top6000": 0.4624999761581421, "happy_top1500": 0.9049999713897705, "happy_top2000": 0.9025000333786011, "happy_top2500": 0.9012500047683716, "happy_top3000": 0.8062499761581421, "happy_top4000": 0.7649999856948853, "happy_top5000": 0.5612499713897705, "happy_top6000": 0.6212500333786011, "anger_top1500": 0.9025000333786011, "anger_top2000": 0.8962500095367432, "anger_top2500": 0.90625, "anger_top3000": 0.9012500047683716, "anger_top4000": 0.8999999761581421, "anger_top5000": 0.8962500095367432, "anger_top6000": 0.9162499904632568, "sad_top1500": 0.9137499928474426, "sad_top2000": 0.9037500023841858, "sad_top2500": 0.8949999809265137, "sad_top3000": 0.9112499952316284, "sad_top4000": 0.9125000238418579, "sad_top5000": 0.9087499976158142, "sad_top6000": 0.7337499856948853, "fear_top1500": 0.8062499761581421, "fear_top2000": 0.8050000071525574, "fear_top2500": 0.7174999713897705, "fear_top3000": 0.8300000429153442, "fear_top4000": 0.4624999761581421, "fear_top5000": 0.4624999761581421, "fear_top6000": 0.4624999761581421, "surprise_top1500": 0.9025000333786011, "surprise_top2000": 0.9025000333786011, "surprise_top2500": 0.9075000286102295, "surprise_top3000": 0.875, "surprise_top4000": 0.8849999904632568, "surprise_top5000": 0.8712500333786011, "surprise_top6000": 0.8837499618530273, "disgust_top1500": 0.9025000333786011, "disgust_top2000": 0.9037500023841858, "disgust_top2500": 0.8987500071525574, "disgust_top3000": 0.9087499976158142, "disgust_top4000": 0.9137499928474426, "disgust_top5000": 0.8999999761581421, "disgust_top6000": 0.8887499570846558, "control_top1500": 0.8999999761581421, "control_top2000": 0.90625, "control_top2500": 0.8737499713897705, "control_top3000": 0.8362500071525574, "control_top4000": 0.8412500023841858, "control_top5000": 0.5037500262260437, "control_top6000": 0.8999999761581421, "fairness_top1500": 0.8837499618530273, "fairness_top2000": 0.8075000047683716, "fairness_top2500": 0.8837499618530273, "fairness_top3000": 0.8374999761581421, "fairness_top4000": 0.8075000047683716, "fairness_top5000": 0.7849999666213989, "fairness_top6000": 0.7112500071525574, "self-related_top1500": 0.9125000238418579, "self-related_top2000": 0.9125000238418579, "self-related_top2500": 0.9175000190734863, "self-related_top3000": 0.9175000190734863, "self-related_top4000": 0.9087499976158142, "self-related_top5000": 0.8949999809265137, "self-related_top6000": 0.8862500190734863, "other-related_top1500": 0.9112499952316284, "other-related_top2000": 0.9112499952316284, "other-related_top2500": 0.9112499952316284, "other-related_top3000": 0.90625, "other-related_top4000": 0.8999999761581421, "other-related_top5000": 0.518750011920929, "other-related_top6000": 0.7112500071525574, "expectedness_top1500": 0.9175000190734863, "expectedness_top2000": 0.9037500023841858, "expectedness_top2500": 0.9049999713897705, "expectedness_top3000": 0.8799999952316284, "expectedness_top4000": 0.8637499809265137, "expectedness_top5000": 0.6987500190734863, "expectedness_top6000": 0.5887500047683716, "non-novelty_top1500": 0.9037500023841858, "non-novelty_top2000": 0.9137499928474426, "non-novelty_top2500": 0.9087499976158142, "non-novelty_top3000": 0.9099999666213989, "non-novelty_top4000": 0.9199999570846558, "non-novelty_top5000": 0.9149999618530273, "non-novelty_top6000": 0.9249999523162842}