{"sentiment": "gratitude", "seed": 11, "arousal_top1500": 0.9624999761581421, "best": 0.9651246070861816, "arousal_top2000": 0.9637500047683716, "arousal_top2500": 0.9650000333786011, "arousal_top3000": 0.9524999856948853, "arousal_top4000": 0.9412499666213989, "arousal_top5000": 0.7549999952316284, "arousal_top6000": 0.9575000405311584, "valence_top1500": 0.9699999690055847, "valence_top2000": 0.9612499475479126, "valence_top2500": 0.9537500143051147, "valence_top3000": 0.9424999952316284, "valence_top4000": 0.9649999737739563, "valence_top5000": 0.9193750023841858, "valence_top6000": 0.4912499785423279, "happy_top1500": 0.9637500047683716, "happy_top2000": 0.9612500667572021, "happy_top2500": 0.9487500190734863, "happy_top3000": 0.92125004529953, "happy_top4000": 0.9134374856948853, "happy_top5000": 0.6012499928474426, "happy_top6000": 0.8662499785423279, "anger_top1500": 0.9649999737739563, "anger_top2000": 0.9625000357627869, "anger_top2500": 0.96875, "anger_top3000": 0.9662500619888306, "anger_top4000": 0.9650000333786011, "anger_top5000": 0.9650000333786011, "anger_top6000": 0.7675000429153442, "sad_top1500": 0.9675000905990601, "sad_top2000": 0.9637500047683716, "sad_top2500": 0.9650000333786011, "sad_top3000": 0.9587500095367432, "sad_top4000": 0.9612499475479126, "sad_top5000": 0.9650000333786011, "sad_top6000": 0.9487499594688416, "fear_top1500": 0.9521875381469727, "fear_top2000": 0.9446874856948853, "fear_top2500": 0.9700000286102295, "fear_top3000": 0.9687500596046448, "fear_top4000": 0.9106250405311584, "fear_top5000": 0.9424999952316284, "fear_top6000": 0.9312500357627869, "surprise_top1500": 0.9637500047683716, "surprise_top2000": 0.9574999809265137, "surprise_top2500": 0.9587500095367432, "surprise_top3000": 0.9612499475479126, "surprise_top4000": 0.9512500762939453, "surprise_top5000": 0.9337500333786011, "surprise_top6000": 0.934999942779541, "disgust_top1500": 0.96875, "disgust_top2000": 0.9650000333786011, "disgust_top2500": 0.9700000286102295, "disgust_top3000": 0.9675000905990601, "disgust_top4000": 0.9649999737739563, "disgust_top5000": 0.9534375071525574, "disgust_top6000": 0.9649999737739563, "control_top1500": 0.9612499475479126, "control_top2000": 0.9562499523162842, "control_top2500": 0.9321874976158142, "control_top3000": 0.8362499475479126, "control_top4000": 0.7265625, "control_top5000": 0.8162499666213989, "control_top6000": 0.9396875500679016, "fairness_top1500": 0.9687500596046448, "fairness_top2000": 0.9624999761581421, "fairness_top2500": 0.9600000381469727, "fairness_top3000": 0.9524999856948853, "fairness_top4000": 0.9487500190734863, "fairness_top5000": 0.9487500190734863, "fairness_top6000": 0.5140625238418579, "self-related_top1500": 0.9725000858306885, "self-related_top2000": 0.9674999713897705, "self-related_top2500": 0.9700000286102295, "self-related_top3000": 0.9675000905990601, "self-related_top4000": 0.9700000286102295, "self-related_top5000": 0.9637500047683716, "self-related_top6000": 0.9524999856948853, "other-related_top1500": 0.9674999713897705, "other-related_top2000": 0.96875, "other-related_top2500": 0.9637500047683716, "other-related_top3000": 0.9637500047683716, "other-related_top4000": 0.96875, "other-related_top5000": 0.7859374284744263, "other-related_top6000": 0.5724999904632568, "expectedness_top1500": 0.96875, "expectedness_top2000": 0.971250057220459, "expectedness_top2500": 0.971250057220459, "expectedness_top3000": 0.96875, "expectedness_top4000": 0.9675000905990601, "expectedness_top5000": 0.9587499499320984, "expectedness_top6000": 0.9512500166893005, "non-novelty_top1500": 0.966249942779541, "non-novelty_top2000": 0.9662500619888306, "non-novelty_top2500": 0.966249942779541, "non-novelty_top3000": 0.966249942779541, "non-novelty_top4000": 0.9650000929832458, "non-novelty_top5000": 0.9612500071525574, "non-novelty_top6000": 0.9625000357627869}