{"sentiment": "gratitude", "seed": 17, "arousal_top1500": 0.9624999761581421, "best": 0.9634906649589539, "arousal_top2000": 0.9650000333786011, "arousal_top2500": 0.9650000333786011, "arousal_top3000": 0.9637500047683716, "arousal_top4000": 0.9612500071525574, "arousal_top5000": 0.9624999761581421, "arousal_top6000": 0.9443750381469727, "valence_top1500": 0.9637500047683716, "valence_top2000": 0.9584375023841858, "valence_top2500": 0.9662500619888306, "valence_top3000": 0.93812495470047, "valence_top4000": 0.6246874928474426, "valence_top5000": 0.5293750166893005, "valence_top6000": 0.5031249523162842, "happy_top1500": 0.9331249594688416, "happy_top2000": 0.49562495946884155, "happy_top2500": 0.49437496066093445, "happy_top3000": 0.8734375238418579, "happy_top4000": 0.49437496066093445, "happy_top5000": 0.7678124904632568, "happy_top6000": 0.49312496185302734, "anger_top1500": 0.9559375047683716, "anger_top2000": 0.9571875333786011, "anger_top2500": 0.9559375047683716, "anger_top3000": 0.9534375071525574, "anger_top4000": 0.9584375619888306, "anger_top5000": 0.9625000357627869, "anger_top6000": 0.9650000333786011, "sad_top1500": 0.96875, "sad_top2000": 0.9650000333786011, "sad_top2500": 0.9650000333786011, "sad_top3000": 0.9662500619888306, "sad_top4000": 0.9687500596046448, "sad_top5000": 0.9599999189376831, "sad_top6000": 0.9574999809265137, "fear_top1500": 0.9481250047683716, "fear_top2000": 0.9265625476837158, "fear_top2500": 0.940625011920929, "fear_top3000": 0.9418749809265137, "fear_top4000": 0.9468749761581421, "fear_top5000": 0.9431250095367432, "fear_top6000": 0.926562488079071, "surprise_top1500": 0.9662500619888306, "surprise_top2000": 0.9700000286102295, "surprise_top2500": 0.9637500047683716, "surprise_top3000": 0.9624999761581421, "surprise_top4000": 0.9650000333786011, "surprise_top5000": 0.9549999833106995, "surprise_top6000": 0.9600000381469727, "disgust_top1500": 0.9625000357627869, "disgust_top2000": 0.9596875309944153, "disgust_top2500": 0.9571874737739563, "disgust_top3000": 0.9662500619888306, "disgust_top4000": 0.9546875357627869, "disgust_top5000": 0.9559375047683716, "disgust_top6000": 0.9625000357627869, "control_top1500": 0.9534375667572021, "control_top2000": 0.9521875381469727, "control_top2500": 0.940625011920929, "control_top3000": 0.9190624952316284, "control_top4000": 0.8421875238418579, "control_top5000": 0.8106249570846558, "control_top6000": 0.9384375214576721, "fairness_top1500": 0.9662500023841858, "fairness_top2000": 0.96875, "fairness_top2500": 0.966249942779541, "fairness_top3000": 0.9637500047683716, "fairness_top4000": 0.9562499523162842, "fairness_top5000": 0.9484374523162842, "fairness_top6000": 0.49687495827674866, "self-related_top1500": 0.9662500023841858, "self-related_top2000": 0.9612500071525574, "self-related_top2500": 0.9624999761581421, "self-related_top3000": 0.9675000309944153, "self-related_top4000": 0.9649999737739563, "self-related_top5000": 0.9662500619888306, "self-related_top6000": 0.9687500596046448, "other-related_top1500": 0.9637500047683716, "other-related_top2000": 0.9662500023841858, "other-related_top2500": 0.9637500643730164, "other-related_top3000": 0.9637500643730164, "other-related_top4000": 0.9456250071525574, "other-related_top5000": 0.9424999952316284, "other-related_top6000": 0.5218750238418579, "expectedness_top1500": 0.9650000333786011, "expectedness_top2000": 0.9468749761581421, "expectedness_top2500": 0.9418749809265137, "expectedness_top3000": 0.9006249904632568, "expectedness_top4000": 0.9206250309944153, "expectedness_top5000": 0.8421874046325684, "expectedness_top6000": 0.828125, "non-novelty_top1500": 0.9624999761581421, "non-novelty_top2000": 0.9443749785423279, "non-novelty_top2500": 0.9406249523162842, "non-novelty_top3000": 0.9456249475479126, "non-novelty_top4000": 0.9153125286102295, "non-novelty_top5000": 0.9140625, "non-novelty_top6000": 0.934374988079071}