{"sentiment": "gratitude", "seed": 7, "arousal_top1500": 0.9600000381469727, "best": 0.958256721496582, "arousal_top2000": 0.9587500095367432, "arousal_top2500": 0.9600000381469727, "arousal_top3000": 0.9562500715255737, "arousal_top4000": 0.9424999952316284, "arousal_top5000": 0.9112500548362732, "arousal_top6000": 0.7846875190734863, "valence_top1500": 0.9550000429153442, "valence_top2000": 0.95374995470047, "valence_top2500": 0.9537500143051147, "valence_top3000": 0.9312499761581421, "valence_top4000": 0.5737499594688416, "valence_top5000": 0.35656246542930603, "valence_top6000": 0.4674999713897705, "happy_top1500": 0.942187488079071, "happy_top2000": 0.9196874499320984, "happy_top2500": 0.59375, "happy_top3000": 0.9012500047683716, "happy_top4000": 0.48624998331069946, "happy_top5000": 0.48874998092651367, "happy_top6000": 0.48624998331069946, "anger_top1500": 0.9521875381469727, "anger_top2000": 0.9612500071525574, "anger_top2500": 0.9587500095367432, "anger_top3000": 0.956250011920929, "anger_top4000": 0.9599999785423279, "anger_top5000": 0.95374995470047, "anger_top6000": 0.9512499570846558, "sad_top1500": 0.9562500715255737, "sad_top2000": 0.9600000381469727, "sad_top2500": 0.9575000405311584, "sad_top3000": 0.9575000405311584, "sad_top4000": 0.9474999904632568, "sad_top5000": 0.9350000023841858, "sad_top6000": 0.918749988079071, "fear_top1500": 0.9524999856948853, "fear_top2000": 0.9562500715255737, "fear_top2500": 0.9600000381469727, "fear_top3000": 0.9521875381469727, "fear_top4000": 0.9137499332427979, "fear_top5000": 0.9437500238418579, "fear_top6000": 0.9562500715255737, "surprise_top1500": 0.9612500667572021, "surprise_top2000": 0.9625000357627869, "surprise_top2500": 0.9625000357627869, "surprise_top3000": 0.9612500071525574, "surprise_top4000": 0.9587500095367432, "surprise_top5000": 0.9599999785423279, "surprise_top6000": 0.9587499499320984, "disgust_top1500": 0.9650000333786011, "disgust_top2000": 0.9546875357627869, "disgust_top2500": 0.9587500095367432, "disgust_top3000": 0.9587500095367432, "disgust_top4000": 0.9625000357627869, "disgust_top5000": 0.9600000381469727, "disgust_top6000": 0.9625000357627869, "control_top1500": 0.9524999856948853, "control_top2000": 0.949999988079071, "control_top2500": 0.9396874904632568, "control_top3000": 0.872499942779541, "control_top4000": 0.7428123950958252, "control_top5000": 0.6312500238418579, "control_top6000": 0.7762500643730164, "fairness_top1500": 0.9600000381469727, "fairness_top2000": 0.9624999761581421, "fairness_top2500": 0.9600000381469727, "fairness_top3000": 0.9549999833106995, "fairness_top4000": 0.9387500286102295, "fairness_top5000": 0.8640625476837158, "fairness_top6000": 0.4899999797344208, "self-related_top1500": 0.9600000381469727, "self-related_top2000": 0.9600000381469727, "self-related_top2500": 0.9600000381469727, "self-related_top3000": 0.9587500095367432, "self-related_top4000": 0.9587500095367432, "self-related_top5000": 0.9587499499320984, "self-related_top6000": 0.9600000381469727, "other-related_top1500": 0.9637500643730164, "other-related_top2000": 0.9600000381469727, "other-related_top2500": 0.9587500095367432, "other-related_top3000": 0.9587500095367432, "other-related_top4000": 0.9612500071525574, "other-related_top5000": 0.442812442779541, "other-related_top6000": 0.4506250023841858, "expectedness_top1500": 0.9587500095367432, "expectedness_top2000": 0.9599999785423279, "expectedness_top2500": 0.9612500071525574, "expectedness_top3000": 0.956250011920929, "expectedness_top4000": 0.9512499570846558, "expectedness_top5000": 0.9321874976158142, "expectedness_top6000": 0.8553124666213989, "non-novelty_top1500": 0.9625000357627869, "non-novelty_top2000": 0.9612500071525574, "non-novelty_top2500": 0.9612500071525574, "non-novelty_top3000": 0.9624999761581421, "non-novelty_top4000": 0.9587500095367432, "non-novelty_top5000": 0.9625000357627869, "non-novelty_top6000": 0.9637500047683716}