{"sentiment": "gratitude", "seed": 42, "arousal_top1500": 0.9609375, "best": 0.9736008644104004, "arousal_top2000": 0.9621875286102295, "arousal_top2500": 0.9521875381469727, "arousal_top3000": 0.948437511920929, "arousal_top4000": 0.9434375166893005, "arousal_top5000": 0.6290625333786011, "arousal_top6000": 0.48374998569488525, "valence_top1500": 0.9596874713897705, "valence_top2000": 0.9356250166893005, "valence_top2500": 0.917187511920929, "valence_top3000": 0.9246875643730164, "valence_top4000": 0.7568750381469727, "valence_top5000": 0.6850000023841858, "valence_top6000": 0.5659374594688416, "happy_top1500": 0.9193750619888306, "happy_top2000": 0.8303125500679016, "happy_top2500": 0.8368750214576721, "happy_top3000": 0.8381249308586121, "happy_top4000": 0.5081249475479126, "happy_top5000": 0.4912499785423279, "happy_top6000": 0.48749998211860657, "anger_top1500": 0.9671875834465027, "anger_top2000": 0.9684374928474426, "anger_top2500": 0.9709374904632568, "anger_top3000": 0.9709374904632568, "anger_top4000": 0.9696875214576721, "anger_top5000": 0.9684375524520874, "anger_top6000": 0.9621875286102295, "sad_top1500": 0.9721875190734863, "sad_top2000": 0.9696874618530273, "sad_top2500": 0.9709374904632568, "sad_top3000": 0.9671875238418579, "sad_top4000": 0.9534375071525574, "sad_top5000": 0.9259375333786011, "sad_top6000": 0.8987499475479126, "fear_top1500": 0.9609375, "fear_top2000": 0.9659375548362732, "fear_top2500": 0.9621874690055847, "fear_top3000": 0.9646875262260437, "fear_top4000": 0.9609375, "fear_top5000": 0.9496874809265137, "fear_top6000": 0.9546875357627869, "surprise_top1500": 0.9721875190734863, "surprise_top2000": 0.9696874618530273, "surprise_top2500": 0.9734375476837158, "surprise_top3000": 0.9734375476837158, "surprise_top4000": 0.9696874618530273, "surprise_top5000": 0.9621875286102295, "surprise_top6000": 0.9621875286102295, "disgust_top1500": 0.9696875214576721, "disgust_top2000": 0.9709374904632568, "disgust_top2500": 0.9709375500679016, "disgust_top3000": 0.9684374928474426, "disgust_top4000": 0.9709375500679016, "disgust_top5000": 0.9671875238418579, "disgust_top6000": 0.9709374904632568, "control_top1500": 0.9759374856948853, "control_top2000": 0.9746875762939453, "control_top2500": 0.9646875262260437, "control_top3000": 0.9421875476837158, "control_top4000": 0.8340624570846558, "control_top5000": 0.785937488079071, "control_top6000": 0.7587500214576721, "fairness_top1500": 0.9684374928474426, "fairness_top2000": 0.9671875238418579, "fairness_top2500": 0.9684374928474426, "fairness_top3000": 0.9684374928474426, "fairness_top4000": 0.958437442779541, "fairness_top5000": 0.8715624809265137, "fairness_top6000": 0.4862499535083771, "self-related_top1500": 0.9696875810623169, "self-related_top2000": 0.9709374904632568, "self-related_top2500": 0.9709374904632568, "self-related_top3000": 0.9684374928474426, "self-related_top4000": 0.9659374952316284, "self-related_top5000": 0.9634374976158142, "self-related_top6000": 0.9709374904632568, "other-related_top1500": 0.9709374904632568, "other-related_top2000": 0.9696875214576721, "other-related_top2500": 0.9696874618530273, "other-related_top3000": 0.9696874618530273, "other-related_top4000": 0.9559375047683716, "other-related_top5000": 0.5065624713897705, "other-related_top6000": 0.7921875715255737, "expectedness_top1500": 0.9709374904632568, "expectedness_top2000": 0.9709375500679016, "expectedness_top2500": 0.9721875190734863, "expectedness_top3000": 0.9621875286102295, "expectedness_top4000": 0.9671875834465027, "expectedness_top5000": 0.9609375, "expectedness_top6000": 0.9193750023841858, "non-novelty_top1500": 0.9684375524520874, "non-novelty_top2000": 0.9684374928474426, "non-novelty_top2500": 0.9596874713897705, "non-novelty_top3000": 0.9534375071525574, "non-novelty_top4000": 0.9671875238418579, "non-novelty_top5000": 0.9671875238418579, "non-novelty_top6000": 0.9659374952316284}