{"sentiment": "gratitude", "seed": 9, "arousal_top1500": 0.9584375619888306, "best": 0.9634906649589539, "arousal_top2000": 0.9596874713897705, "arousal_top2500": 0.9471875429153442, "arousal_top3000": 0.9409375190734863, "arousal_top4000": 0.9262499809265137, "arousal_top5000": 0.9459375143051147, "arousal_top6000": 0.942187488079071, "valence_top1500": 0.9571875333786011, "valence_top2000": 0.9356250166893005, "valence_top2500": 0.9459375143051147, "valence_top3000": 0.877500057220459, "valence_top4000": 0.4881249666213989, "valence_top5000": 0.4881249666213989, "valence_top6000": 0.4881249666213989, "happy_top1500": 0.9081250429153442, "happy_top2000": 0.6628125309944153, "happy_top2500": 0.5096874237060547, "happy_top3000": 0.5031249523162842, "happy_top4000": 0.4881249666213989, "happy_top5000": 0.4881249666213989, "happy_top6000": 0.4881249666213989, "anger_top1500": 0.9493749737739563, "anger_top2000": 0.958437442779541, "anger_top2500": 0.9609375, "anger_top3000": 0.9596874713897705, "anger_top4000": 0.9584375023841858, "anger_top5000": 0.9609375, "anger_top6000": 0.9584375023841858, "sad_top1500": 0.9571875333786011, "sad_top2000": 0.9546874761581421, "sad_top2500": 0.9559375047683716, "sad_top3000": 0.9559375047683716, "sad_top4000": 0.9396874904632568, "sad_top5000": 0.9337500333786011, "sad_top6000": 0.9274998903274536, "fear_top1500": 0.9571875333786011, "fear_top2000": 0.9596874713897705, "fear_top2500": 0.9596874713897705, "fear_top3000": 0.9609375, "fear_top4000": 0.8756250143051147, "fear_top5000": 0.9434375166893005, "fear_top6000": 0.8846874833106995, "surprise_top1500": 0.9534375071525574, "surprise_top2000": 0.9446874856948853, "surprise_top2500": 0.94468754529953, "surprise_top3000": 0.9434375166893005, "surprise_top4000": 0.9375, "surprise_top5000": 0.9337499141693115, "surprise_top6000": 0.9312499761581421, "disgust_top1500": 0.9609375, "disgust_top2000": 0.9596874713897705, "disgust_top2500": 0.9596874713897705, "disgust_top3000": 0.9596874713897705, "disgust_top4000": 0.9584375619888306, "disgust_top5000": 0.9393749833106995, "disgust_top6000": 0.9418750405311584, "control_top1500": 0.9584375023841858, "control_top2000": 0.9609375, "control_top2500": 0.9571874737739563, "control_top3000": 0.9584375023841858, "control_top4000": 0.9571874737739563, "control_top5000": 0.9359375238418579, "control_top6000": 0.9484374523162842, "fairness_top1500": 0.9609375, "fairness_top2000": 0.9546874761581421, "fairness_top2500": 0.9509375095367432, "fairness_top3000": 0.9559375047683716, "fairness_top4000": 0.9309374690055847, "fairness_top5000": 0.7299999594688416, "fairness_top6000": 0.4881249666213989, "self-related_top1500": 0.9621875286102295, "self-related_top2000": 0.9621875286102295, "self-related_top2500": 0.9609375, "self-related_top3000": 0.9596874713897705, "self-related_top4000": 0.9609375596046448, "self-related_top5000": 0.9609375, "self-related_top6000": 0.9621875286102295, "other-related_top1500": 0.9596874713897705, "other-related_top2000": 0.9609375, "other-related_top2500": 0.9596874713897705, "other-related_top3000": 0.9596874713897705, "other-related_top4000": 0.9456250071525574, "other-related_top5000": 0.48937496542930603, "other-related_top6000": 0.9262499809265137, "expectedness_top1500": 0.9546874761581421, "expectedness_top2000": 0.9546874761581421, "expectedness_top2500": 0.9571875333786011, "expectedness_top3000": 0.9596874713897705, "expectedness_top4000": 0.958437442779541, "expectedness_top5000": 0.9446874856948853, "expectedness_top6000": 0.932187557220459, "non-novelty_top1500": 0.9596874713897705, "non-novelty_top2000": 0.9559374451637268, "non-novelty_top2500": 0.9596875309944153, "non-novelty_top3000": 0.9596874713897705, "non-novelty_top4000": 0.9509375095367432, "non-novelty_top5000": 0.9496874809265137, "non-novelty_top6000": 0.9396874308586121}