{"sentiment": "gratitude", "seed": 3, "arousal_top1500": 0.9559375047683716, "best": 0.9618566036224365, "arousal_top2000": 0.9559375047683716, "arousal_top2500": 0.9546874761581421, "arousal_top3000": 0.9546874761581421, "arousal_top4000": 0.9459375739097595, "arousal_top5000": 0.9359375238418579, "arousal_top6000": 0.7931250333786011, "valence_top1500": 0.9534374475479126, "valence_top2000": 0.9559375047683716, "valence_top2500": 0.948437511920929, "valence_top3000": 0.9534375071525574, "valence_top4000": 0.9418749809265137, "valence_top5000": 0.5984375476837158, "valence_top6000": 0.4868749976158142, "happy_top1500": 0.9459375143051147, "happy_top2000": 0.9509375095367432, "happy_top2500": 0.9306250214576721, "happy_top3000": 0.94468754529953, "happy_top4000": 0.6981249451637268, "happy_top5000": 0.4881249964237213, "happy_top6000": 0.4868749976158142, "anger_top1500": 0.9571875333786011, "anger_top2000": 0.9546874761581421, "anger_top2500": 0.9534374475479126, "anger_top3000": 0.9509375095367432, "anger_top4000": 0.9534374475479126, "anger_top5000": 0.9521875381469727, "anger_top6000": 0.9534375667572021, "sad_top1500": 0.9546874761581421, "sad_top2000": 0.9546874761581421, "sad_top2500": 0.9546874761581421, "sad_top3000": 0.9434374570846558, "sad_top4000": 0.9434374570846558, "sad_top5000": 0.9371875524520874, "sad_top6000": 0.9221874475479126, "fear_top1500": 0.934374988079071, "fear_top2000": 0.9024999737739563, "fear_top2500": 0.9074999690055847, "fear_top3000": 0.9012500047683716, "fear_top4000": 0.8987500071525574, "fear_top5000": 0.6731250286102295, "fear_top6000": 0.5321875214576721, "surprise_top1500": 0.9559375047683716, "surprise_top2000": 0.9559375047683716, "surprise_top2500": 0.9571875333786011, "surprise_top3000": 0.9534375071525574, "surprise_top4000": 0.9546874761581421, "surprise_top5000": 0.9534374475479126, "surprise_top6000": 0.9546874761581421, "disgust_top1500": 0.9571874737739563, "disgust_top2000": 0.958437442779541, "disgust_top2500": 0.9559375047683716, "disgust_top3000": 0.9546874761581421, "disgust_top4000": 0.9534374475479126, "disgust_top5000": 0.9534374475479126, "disgust_top6000": 0.9509375095367432, "control_top1500": 0.9471874833106995, "control_top2000": 0.9471874833106995, "control_top2500": 0.9459375739097595, "control_top3000": 0.9090625047683716, "control_top4000": 0.9018750786781311, "control_top5000": 0.9168750047683716, "control_top6000": 0.8543749451637268, "fairness_top1500": 0.9509375691413879, "fairness_top2000": 0.948437511920929, "fairness_top2500": 0.9521874785423279, "fairness_top3000": 0.9559375047683716, "fairness_top4000": 0.9534375071525574, "fairness_top5000": 0.8915624618530273, "fairness_top6000": 0.5565624833106995, "self-related_top1500": 0.9546874761581421, "self-related_top2000": 0.9559375047683716, "self-related_top2500": 0.9546874761581421, "self-related_top3000": 0.9546874761581421, "self-related_top4000": 0.9431250095367432, "self-related_top5000": 0.9546874761581421, "self-related_top6000": 0.9521875381469727, "other-related_top1500": 0.9571875333786011, "other-related_top2000": 0.9521875381469727, "other-related_top2500": 0.9534374475479126, "other-related_top3000": 0.9534374475479126, "other-related_top4000": 0.9571875333786011, "other-related_top5000": 0.9021875262260437, "other-related_top6000": 0.5131250023841858, "expectedness_top1500": 0.9468750357627869, "expectedness_top2000": 0.940625011920929, "expectedness_top2500": 0.9459375143051147, "expectedness_top3000": 0.9115625023841858, "expectedness_top4000": 0.9368749856948853, "expectedness_top5000": 0.9131249785423279, "expectedness_top6000": 0.8803125619888306, "non-novelty_top1500": 0.9471874833106995, "non-novelty_top2000": 0.9484374523162842, "non-novelty_top2500": 0.9484374523162842, "non-novelty_top3000": 0.9484374523162842, "non-novelty_top4000": 0.9471874833106995, "non-novelty_top5000": 0.9459375739097595, "non-novelty_top6000": 0.9459375143051147}