{"sentiment": "gratitude", "seed": 13, "arousal_top1500": 0.9571875333786011, "best": 0.9670904278755188, "arousal_top2000": 0.9584375023841858, "arousal_top2500": 0.9571875333786011, "arousal_top3000": 0.9521875381469727, "arousal_top4000": 0.9384375810623169, "arousal_top5000": 0.7493749856948853, "arousal_top6000": 0.8609374761581421, "valence_top1500": 0.9646875858306885, "valence_top2000": 0.9609375, "valence_top2500": 0.9521875381469727, "valence_top3000": 0.932187557220459, "valence_top4000": 0.942187488079071, "valence_top5000": 0.932187557220459, "valence_top6000": 0.932187557220459, "happy_top1500": 0.9346874952316284, "happy_top2000": 0.9359375238418579, "happy_top2500": 0.8546875715255737, "happy_top3000": 0.8871874809265137, "happy_top4000": 0.8746875524520874, "happy_top5000": 0.7959375381469727, "happy_top6000": 0.8884375095367432, "anger_top1500": 0.9684375524520874, "anger_top2000": 0.9671875238418579, "anger_top2500": 0.9684375524520874, "anger_top3000": 0.9659374952316284, "anger_top4000": 0.9659374952316284, "anger_top5000": 0.9671874642372131, "anger_top6000": 0.9634374380111694, "sad_top1500": 0.9659374952316284, "sad_top2000": 0.9596874713897705, "sad_top2500": 0.9621875286102295, "sad_top3000": 0.963437557220459, "sad_top4000": 0.9571875333786011, "sad_top5000": 0.9559375047683716, "sad_top6000": 0.9059374928474426, "fear_top1500": 0.7953124642372131, "fear_top2000": 0.5784375071525574, "fear_top2500": 0.588437557220459, "fear_top3000": 0.5596874952316284, "fear_top4000": 0.8206250071525574, "fear_top5000": 0.864062488079071, "fear_top6000": 0.8040624856948853, "surprise_top1500": 0.9621875286102295, "surprise_top2000": 0.958437442779541, "surprise_top2500": 0.9621874690055847, "surprise_top3000": 0.963437557220459, "surprise_top4000": 0.9646874666213989, "surprise_top5000": 0.9609375, "surprise_top6000": 0.9609375, "disgust_top1500": 0.9646874666213989, "disgust_top2000": 0.9646874666213989, "disgust_top2500": 0.9684375524520874, "disgust_top3000": 0.9671875238418579, "disgust_top4000": 0.9671875238418579, "disgust_top5000": 0.9646875262260437, "disgust_top6000": 0.9671875238418579, "control_top1500": 0.9468749761581421, "control_top2000": 0.9443750381469727, "control_top2500": 0.9031250476837158, "control_top3000": 0.8865624666213989, "control_top4000": 0.8837500214576721, "control_top5000": 0.606249988079071, "control_top6000": 0.8512500524520874, "fairness_top1500": 0.9621875286102295, "fairness_top2000": 0.9534375071525574, "fairness_top2500": 0.9571875333786011, "fairness_top3000": 0.9609375, "fairness_top4000": 0.9484375715255737, "fairness_top5000": 0.8609374761581421, "fairness_top6000": 0.6143749952316284, "self-related_top1500": 0.963437557220459, "self-related_top2000": 0.9646874666213989, "self-related_top2500": 0.9609375, "self-related_top3000": 0.9584375023841858, "self-related_top4000": 0.9671875238418579, "self-related_top5000": 0.9671875238418579, "self-related_top6000": 0.963437557220459, "other-related_top1500": 0.9609375, "other-related_top2000": 0.9646875262260437, "other-related_top2500": 0.9621875286102295, "other-related_top3000": 0.9609375, "other-related_top4000": 0.9684375524520874, "other-related_top5000": 0.32124999165534973, "other-related_top6000": 0.515625, "expectedness_top1500": 0.9596874713897705, "expectedness_top2000": 0.963437557220459, "expectedness_top2500": 0.9621875286102295, "expectedness_top3000": 0.9671874642372131, "expectedness_top4000": 0.9659374952316284, "expectedness_top5000": 0.9646874666213989, "expectedness_top6000": 0.9621875286102295, "non-novelty_top1500": 0.9596874713897705, "non-novelty_top2000": 0.9559375047683716, "non-novelty_top2500": 0.9584375023841858, "non-novelty_top3000": 0.9571874737739563, "non-novelty_top4000": 0.940625011920929, "non-novelty_top5000": 0.9621874690055847, "non-novelty_top6000": 0.9634374380111694}