{"sentiment": "gratitude", "seed": 5, "arousal_top1500": 0.9700000286102295, "best": 0.9598906636238098, "arousal_top2000": 0.9675000309944153, "arousal_top2500": 0.9624999761581421, "arousal_top3000": 0.9624999761581421, "arousal_top4000": 0.9649999737739563, "arousal_top5000": 0.9175000190734863, "arousal_top6000": 0.9275000095367432, "valence_top1500": 0.9268749952316284, "valence_top2000": 0.9509374499320984, "valence_top2500": 0.9600000381469727, "valence_top3000": 0.9512500166893005, "valence_top4000": 0.9662500023841858, "valence_top5000": 0.9574999809265137, "valence_top6000": 0.95374995470047, "happy_top1500": 0.9650000929832458, "happy_top2000": 0.9587499499320984, "happy_top2500": 0.9550000429153442, "happy_top3000": 0.9262500405311584, "happy_top4000": 0.8987500667572021, "happy_top5000": 0.9175000190734863, "happy_top6000": 0.9149999618530273, "anger_top1500": 0.9637500047683716, "anger_top2000": 0.9624999761581421, "anger_top2500": 0.9649999737739563, "anger_top3000": 0.9649999737739563, "anger_top4000": 0.9637500643730164, "anger_top5000": 0.9612500667572021, "anger_top6000": 0.9650000333786011, "sad_top1500": 0.9637500643730164, "sad_top2000": 0.9624999761581421, "sad_top2500": 0.9624999761581421, "sad_top3000": 0.966249942779541, "sad_top4000": 0.95250004529953, "sad_top5000": 0.9662500023841858, "sad_top6000": 0.9574999809265137, "fear_top1500": 0.9549999833106995, "fear_top2000": 0.9196875095367432, "fear_top2500": 0.8800000548362732, "fear_top3000": 0.877500057220459, "fear_top4000": 0.893750011920929, "fear_top5000": 0.9003125429153442, "fear_top6000": 0.9168750047683716, "surprise_top1500": 0.9662500619888306, "surprise_top2000": 0.9675000309944153, "surprise_top2500": 0.9674999713897705, "surprise_top3000": 0.9637500047683716, "surprise_top4000": 0.9624999761581421, "surprise_top5000": 0.9437500238418579, "surprise_top6000": 0.9462500214576721, "disgust_top1500": 0.9637500047683716, "disgust_top2000": 0.9637500047683716, "disgust_top2500": 0.9662500619888306, "disgust_top3000": 0.9650000333786011, "disgust_top4000": 0.96875, "disgust_top5000": 0.9662500619888306, "disgust_top6000": 0.966249942779541, "control_top1500": 0.9637500047683716, "control_top2000": 0.9662500619888306, "control_top2500": 0.9574999809265137, "control_top3000": 0.956250011920929, "control_top4000": 0.9181250333786011, "control_top5000": 0.8537499904632568, "control_top6000": 0.7849999666213989, "fairness_top1500": 0.9625000357627869, "fairness_top2000": 0.9687499403953552, "fairness_top2500": 0.9624999761581421, "fairness_top3000": 0.9587500095367432, "fairness_top4000": 0.9474999904632568, "fairness_top5000": 0.9174999594688416, "fairness_top6000": 0.9309374690055847, "self-related_top1500": 0.9650000333786011, "self-related_top2000": 0.9637500047683716, "self-related_top2500": 0.9650000333786011, "self-related_top3000": 0.9662500023841858, "self-related_top4000": 0.9612500667572021, "self-related_top5000": 0.9600000381469727, "self-related_top6000": 0.956250011920929, "other-related_top1500": 0.9650000333786011, "other-related_top2000": 0.9637500047683716, "other-related_top2500": 0.9512500166893005, "other-related_top3000": 0.9474999904632568, "other-related_top4000": 0.9599999785423279, "other-related_top5000": 0.5325000286102295, "other-related_top6000": 0.53125, "expectedness_top1500": 0.966249942779541, "expectedness_top2000": 0.9675000309944153, "expectedness_top2500": 0.96875, "expectedness_top3000": 0.9674999713897705, "expectedness_top4000": 0.956250011920929, "expectedness_top5000": 0.9637500047683716, "expectedness_top6000": 0.966249942779541, "non-novelty_top1500": 0.9649999737739563, "non-novelty_top2000": 0.9599999785423279, "non-novelty_top2500": 0.9624999761581421, "non-novelty_top3000": 0.9649999737739563, "non-novelty_top4000": 0.9625000357627869, "non-novelty_top5000": 0.9587500095367432, "non-novelty_top6000": 0.9662500023841858}