{"sentiment": "grief", "seed": 9, "arousal_top1500": 0.8846153616905212, "best": 0.9230769276618958, "arousal_top2000": 0.8846153616905212, "arousal_top2500": 0.8846153616905212, "arousal_top3000": 0.807692289352417, "arousal_top4000": 0.692307710647583, "arousal_top5000": 0.5, "arousal_top6000": 0.5, "valence_top1500": 0.692307710647583, "valence_top2000": 0.807692289352417, "valence_top2500": 0.6538461446762085, "valence_top3000": 0.5, "valence_top4000": 0.6153846383094788, "valence_top5000": 0.38461539149284363, "valence_top6000": 0.5, "happy_top1500": 0.807692289352417, "happy_top2000": 0.7307692170143127, "happy_top2500": 0.5, "happy_top3000": 0.4615384638309479, "happy_top4000": 0.5, "happy_top5000": 0.5, "happy_top6000": 0.5, "anger_top1500": 0.9230769276618958, "anger_top2000": 0.8846153616905212, "anger_top2500": 0.8846153616905212, "anger_top3000": 0.8461538553237915, "anger_top4000": 0.8846153616905212, "anger_top5000": 0.807692289352417, "anger_top6000": 0.7692307829856873, "sad_top1500": 0.7692307829856873, "sad_top2000": 0.807692289352417, "sad_top2500": 0.7692307829856873, "sad_top3000": 0.7692307829856873, "sad_top4000": 0.7692307829856873, "sad_top5000": 0.692307710647583, "sad_top6000": 0.5, "fear_top1500": 0.5, "fear_top2000": 0.5, "fear_top2500": 0.5, "fear_top3000": 0.5, "fear_top4000": 0.5384615659713745, "fear_top5000": 0.7692307829856873, "fear_top6000": 0.5384615659713745, "surprise_top1500": 0.8846153616905212, "surprise_top2000": 0.7692307829856873, "surprise_top2500": 0.7692307829856873, "surprise_top3000": 0.7692307829856873, "surprise_top4000": 0.7692307829856873, "surprise_top5000": 0.692307710647583, "surprise_top6000": 0.5, "disgust_top1500": 0.9230769276618958, "disgust_top2000": 0.9230769276618958, "disgust_top2500": 0.8461538553237915, "disgust_top3000": 0.8461538553237915, "disgust_top4000": 0.8846153616905212, "disgust_top5000": 0.8846153616905212, "disgust_top6000": 0.807692289352417, "control_top1500": 0.8846153616905212, "control_top2000": 0.7692307829856873, "control_top2500": 0.8846153616905212, "control_top3000": 0.8461538553237915, "control_top4000": 0.7307692170143127, "control_top5000": 0.6538461446762085, "control_top6000": 0.6153846383094788, "fairness_top1500": 0.7307692170143127, "fairness_top2000": 0.807692289352417, "fairness_top2500": 0.807692289352417, "fairness_top3000": 0.6538461446762085, "fairness_top4000": 0.5384615659713745, "fairness_top5000": 0.5, "fairness_top6000": 0.5, "self-related_top1500": 0.9230769276618958, "self-related_top2000": 0.9230769276618958, "self-related_top2500": 0.9230769276618958, "self-related_top3000": 0.9230769276618958, "self-related_top4000": 0.8461538553237915, "self-related_top5000": 0.7692307829856873, "self-related_top6000": 0.6538461446762085, "other-related_top1500": 0.9230769276618958, "other-related_top2000": 0.9230769276618958, "other-related_top2500": 0.9230769276618958, "other-related_top3000": 0.9230769276618958, "other-related_top4000": 0.8846153616905212, "other-related_top5000": 0.5, "other-related_top6000": 0.6538461446762085, "expectedness_top1500": 0.807692289352417, "expectedness_top2000": 0.807692289352417, "expectedness_top2500": 0.807692289352417, "expectedness_top3000": 0.8461538553237915, "expectedness_top4000": 0.807692289352417, "expectedness_top5000": 0.7692307829856873, "expectedness_top6000": 0.8461538553237915, "non-novelty_top1500": 0.807692289352417, "non-novelty_top2000": 0.7692307829856873, "non-novelty_top2500": 0.807692289352417, "non-novelty_top3000": 0.8846153616905212, "non-novelty_top4000": 0.8461538553237915, "non-novelty_top5000": 0.9230769276618958, "non-novelty_top6000": 0.807692289352417}