{"sentiment": "grief", "seed": 15, "arousal_top1500": 0.6538461446762085, "best": 0.7692307829856873, "arousal_top2000": 0.6153846383094788, "arousal_top2500": 0.5, "arousal_top3000": 0.5, "arousal_top4000": 0.5, "arousal_top5000": 0.5, "arousal_top6000": 0.5, "valence_top1500": 0.3076923191547394, "valence_top2000": 0.5, "valence_top2500": 0.5384615659713745, "valence_top3000": 0.5384615659713745, "valence_top4000": 0.5, "valence_top5000": 0.5, "valence_top6000": 0.5, "happy_top1500": 0.5384615659713745, "happy_top2000": 0.5, "happy_top2500": 0.5384615659713745, "happy_top3000": 0.5769230723381042, "happy_top4000": 0.5, "happy_top5000": 0.5, "happy_top6000": 0.5, "anger_top1500": 0.5769230723381042, "anger_top2000": 0.5769230723381042, "anger_top2500": 0.4615384638309479, "anger_top3000": 0.42307692766189575, "anger_top4000": 0.5, "anger_top5000": 0.3461538553237915, "anger_top6000": 0.42307692766189575, "sad_top1500": 0.5, "sad_top2000": 0.4615384638309479, "sad_top2500": 0.4615384638309479, "sad_top3000": 0.5384615659713745, "sad_top4000": 0.6153846383094788, "sad_top5000": 0.5, "sad_top6000": 0.5384615659713745, "fear_top1500": 0.5, "fear_top2000": 0.42307692766189575, "fear_top2500": 0.5, "fear_top3000": 0.4615384638309479, "fear_top4000": 0.42307692766189575, "fear_top5000": 0.42307692766189575, "fear_top6000": 0.5, "surprise_top1500": 0.5, "surprise_top2000": 0.5, "surprise_top2500": 0.5, "surprise_top3000": 0.5, "surprise_top4000": 0.5, "surprise_top5000": 0.5, "surprise_top6000": 0.5, "disgust_top1500": 0.5769230723381042, "disgust_top2000": 0.5384615659713745, "disgust_top2500": 0.4615384638309479, "disgust_top3000": 0.5, "disgust_top4000": 0.4615384638309479, "disgust_top5000": 0.5, "disgust_top6000": 0.26923078298568726, "control_top1500": 0.5, "control_top2000": 0.5769230723381042, "control_top2500": 0.4615384638309479, "control_top3000": 0.5, "control_top4000": 0.5384615659713745, "control_top5000": 0.6153846383094788, "control_top6000": 0.4615384638309479, "fairness_top1500": 0.42307692766189575, "fairness_top2000": 0.4615384638309479, "fairness_top2500": 0.5769230723381042, "fairness_top3000": 0.5, "fairness_top4000": 0.4615384638309479, "fairness_top5000": 0.5769230723381042, "fairness_top6000": 0.5, "self-related_top1500": 0.6153846383094788, "self-related_top2000": 0.5769230723381042, "self-related_top2500": 0.6153846383094788, "self-related_top3000": 0.5769230723381042, "self-related_top4000": 0.4615384638309479, "self-related_top5000": 0.5, "self-related_top6000": 0.5, "other-related_top1500": 0.5, "other-related_top2000": 0.5384615659713745, "other-related_top2500": 0.5, "other-related_top3000": 0.5384615659713745, "other-related_top4000": 0.5, "other-related_top5000": 0.42307692766189575, "other-related_top6000": 0.42307692766189575, "expectedness_top1500": 0.5384615659713745, "expectedness_top2000": 0.692307710647583, "expectedness_top2500": 0.5769230723381042, "expectedness_top3000": 0.807692289352417, "expectedness_top4000": 0.5, "expectedness_top5000": 0.38461539149284363, "expectedness_top6000": 0.4615384638309479, "non-novelty_top1500": 0.5384615659713745, "non-novelty_top2000": 0.5769230723381042, "non-novelty_top2500": 0.5, "non-novelty_top3000": 0.5, "non-novelty_top4000": 0.5, "non-novelty_top5000": 0.5, "non-novelty_top6000": 0.5}