{"sentiment": "joy", "seed": 7, "arousal_top1500": 0.8884091377258301, "best": 0.892578125, "arousal_top2000": 0.8859090805053711, "arousal_top2500": 0.8784091472625732, "arousal_top3000": 0.8640909194946289, "arousal_top4000": 0.8109091520309448, "arousal_top5000": 0.7690908908843994, "arousal_top6000": 0.7772727608680725, "valence_top1500": 0.8606818318367004, "valence_top2000": 0.8595454096794128, "valence_top2500": 0.8238636255264282, "valence_top3000": 0.8113636374473572, "valence_top4000": 0.6859090924263, "valence_top5000": 0.696363627910614, "valence_top6000": 0.6277272701263428, "happy_top1500": 0.8311363458633423, "happy_top2000": 0.8477272391319275, "happy_top2500": 0.7977272868156433, "happy_top3000": 0.7831818461418152, "happy_top4000": 0.6781818270683289, "happy_top5000": 0.6679545640945435, "happy_top6000": 0.60840904712677, "anger_top1500": 0.880227267742157, "anger_top2000": 0.8720454573631287, "anger_top2500": 0.8627272844314575, "anger_top3000": 0.8595454692840576, "anger_top4000": 0.8245454430580139, "anger_top5000": 0.8113636374473572, "anger_top6000": 0.8038636445999146, "sad_top1500": 0.8702272772789001, "sad_top2000": 0.8684090375900269, "sad_top2500": 0.8065909147262573, "sad_top3000": 0.7072727084159851, "sad_top4000": 0.600454568862915, "sad_top5000": 0.5754545331001282, "sad_top6000": 0.5479545593261719, "fear_top1500": 0.5529545545578003, "fear_top2000": 0.6079545617103577, "fear_top2500": 0.5704545378684998, "fear_top3000": 0.5579545497894287, "fear_top4000": 0.5547727346420288, "fear_top5000": 0.6097727417945862, "fear_top6000": 0.6779545545578003, "surprise_top1500": 0.8809090852737427, "surprise_top2000": 0.8740909099578857, "surprise_top2500": 0.8622727394104004, "surprise_top3000": 0.8522727489471436, "surprise_top4000": 0.8597727417945862, "surprise_top5000": 0.8140908479690552, "surprise_top6000": 0.669772744178772, "disgust_top1500": 0.8902272582054138, "disgust_top2000": 0.8909090757369995, "disgust_top2500": 0.8652272820472717, "disgust_top3000": 0.8652272820472717, "disgust_top4000": 0.837045431137085, "disgust_top5000": 0.8427272439002991, "disgust_top6000": 0.7827272415161133, "control_top1500": 0.6972727179527283, "control_top2000": 0.6404545307159424, "control_top2500": 0.6229545474052429, "control_top3000": 0.6154545545578003, "control_top4000": 0.767727255821228, "control_top5000": 0.7840908765792847, "control_top6000": 0.5829545855522156, "fairness_top1500": 0.8513635993003845, "fairness_top2000": 0.8715908527374268, "fairness_top2500": 0.8259091377258301, "fairness_top3000": 0.7940908670425415, "fairness_top4000": 0.7256818413734436, "fairness_top5000": 0.7488635778427124, "fairness_top6000": 0.6974999904632568, "self-related_top1500": 0.8884091377258301, "self-related_top2000": 0.8827272653579712, "self-related_top2500": 0.8884091377258301, "self-related_top3000": 0.8784091472625732, "self-related_top4000": 0.8759090900421143, "self-related_top5000": 0.8659090995788574, "self-related_top6000": 0.8402272462844849, "other-related_top1500": 0.8902272582054138, "other-related_top2000": 0.880227267742157, "other-related_top2500": 0.8670454621315002, "other-related_top3000": 0.8545454740524292, "other-related_top4000": 0.8575000166893005, "other-related_top5000": 0.5836363434791565, "other-related_top6000": 0.5597727298736572, "expectedness_top1500": 0.8834091424942017, "expectedness_top2000": 0.8834091424942017, "expectedness_top2500": 0.8859090805053711, "expectedness_top3000": 0.8709090948104858, "expectedness_top4000": 0.8709090948104858, "expectedness_top5000": 0.863409161567688, "expectedness_top6000": 0.8709090948104858, "non-novelty_top1500": 0.8870454430580139, "non-novelty_top2000": 0.8845454454421997, "non-novelty_top2500": 0.8777272701263428, "non-novelty_top3000": 0.8827272653579712, "non-novelty_top4000": 0.8072727918624878, "non-novelty_top5000": 0.7240909337997437, "non-novelty_top6000": 0.825454592704773}