{"sentiment": "joy", "seed": 11, "arousal_top1500": 0.8797727823257446, "best": 0.9035866260528564, "arousal_top2000": 0.8690909147262573, "arousal_top2500": 0.8772727251052856, "arousal_top3000": 0.8779546022415161, "arousal_top4000": 0.850454568862915, "arousal_top5000": 0.8415908813476562, "arousal_top6000": 0.8672727346420288, "valence_top1500": 0.857272744178772, "valence_top2000": 0.8218181729316711, "valence_top2500": 0.7729545831680298, "valence_top3000": 0.7395454049110413, "valence_top4000": 0.6768181920051575, "valence_top5000": 0.6418181657791138, "valence_top6000": 0.7302272319793701, "happy_top1500": 0.7268182039260864, "happy_top2000": 0.5186363458633423, "happy_top2500": 0.45068180561065674, "happy_top3000": 0.4852272868156433, "happy_top4000": 0.5179545283317566, "happy_top5000": 0.699090838432312, "happy_top6000": 0.4884091019630432, "anger_top1500": 0.8797727227210999, "anger_top2000": 0.8872727155685425, "anger_top2500": 0.8922727108001709, "anger_top3000": 0.8897727727890015, "anger_top4000": 0.869772732257843, "anger_top5000": 0.8672727346420288, "anger_top6000": 0.8793181777000427, "sad_top1500": 0.8768181800842285, "sad_top2000": 0.8818181753158569, "sad_top2500": 0.8568181991577148, "sad_top3000": 0.8693181872367859, "sad_top4000": 0.8568181991577148, "sad_top5000": 0.8093181848526001, "sad_top6000": 0.7174999713897705, "fear_top1500": 0.857272744178772, "fear_top2000": 0.806363582611084, "fear_top2500": 0.8540909290313721, "fear_top3000": 0.8270454406738281, "fear_top4000": 0.8359091281890869, "fear_top5000": 0.7440909147262573, "fear_top6000": 0.7668181657791138, "surprise_top1500": 0.8904545903205872, "surprise_top2000": 0.8829545974731445, "surprise_top2500": 0.8904545903205872, "surprise_top3000": 0.8961364030838013, "surprise_top4000": 0.8868181705474854, "surprise_top5000": 0.8493182063102722, "surprise_top6000": 0.7868182063102722, "disgust_top1500": 0.8847727179527283, "disgust_top2000": 0.8872727155685425, "disgust_top2500": 0.8922727108001709, "disgust_top3000": 0.8929545283317566, "disgust_top4000": 0.8747727274894714, "disgust_top5000": 0.860909104347229, "disgust_top6000": 0.8722727298736572, "control_top1500": 0.850454568862915, "control_top2000": 0.8586363792419434, "control_top2500": 0.8604544997215271, "control_top3000": 0.8120454549789429, "control_top4000": 0.610909104347229, "control_top5000": 0.5977272391319275, "control_top6000": 0.8272727727890015, "fairness_top1500": 0.8836363554000854, "fairness_top2000": 0.8818181753158569, "fairness_top2500": 0.8334090709686279, "fairness_top3000": 0.8415908813476562, "fairness_top4000": 0.7049999833106995, "fairness_top5000": 0.6054545640945435, "fairness_top6000": 0.44818180799484253, "self-related_top1500": 0.9036363959312439, "self-related_top2000": 0.9043182134628296, "self-related_top2500": 0.8918181657791138, "self-related_top3000": 0.8693181872367859, "self-related_top4000": 0.8711363673210144, "self-related_top5000": 0.8368181586265564, "self-related_top6000": 0.8218181729316711, "other-related_top1500": 0.8922727108001709, "other-related_top2000": 0.8872727751731873, "other-related_top2500": 0.884772777557373, "other-related_top3000": 0.8722727298736572, "other-related_top4000": 0.8822727203369141, "other-related_top5000": 0.6702272295951843, "other-related_top6000": 0.5518181920051575, "expectedness_top1500": 0.8704545497894287, "expectedness_top2000": 0.8761363625526428, "expectedness_top2500": 0.8665909767150879, "expectedness_top3000": 0.8672727346420288, "expectedness_top4000": 0.8604545593261719, "expectedness_top5000": 0.8018181920051575, "expectedness_top6000": 0.7793181538581848, "non-novelty_top1500": 0.8797727227210999, "non-novelty_top2000": 0.8722727298736572, "non-novelty_top2500": 0.8640909194946289, "non-novelty_top3000": 0.894318163394928, "non-novelty_top4000": 0.8368181586265564, "non-novelty_top5000": 0.8093181848526001, "non-novelty_top6000": 0.8018181920051575}