{"sentiment": "joy", "seed": 5, "arousal_top1500": 0.869772732257843, "best": 0.8615056872367859, "arousal_top2000": 0.8540909290313721, "arousal_top2500": 0.869772732257843, "arousal_top3000": 0.8686363697052002, "arousal_top4000": 0.8268181681632996, "arousal_top5000": 0.8490909337997437, "arousal_top6000": 0.7159091234207153, "valence_top1500": 0.8220454454421997, "valence_top2000": 0.7350000143051147, "valence_top2500": 0.7599999904632568, "valence_top3000": 0.7174999713897705, "valence_top4000": 0.6025000214576721, "valence_top5000": 0.637499988079071, "valence_top6000": 0.5924999713897705, "happy_top1500": 0.8315908908843994, "happy_top2000": 0.8236363530158997, "happy_top2500": 0.6424999833106995, "happy_top3000": 0.7674999833106995, "happy_top4000": 0.5911363959312439, "happy_top5000": 0.712045431137085, "happy_top6000": 0.5886363387107849, "anger_top1500": 0.8465908765792847, "anger_top2000": 0.8565908670425415, "anger_top2500": 0.8729545474052429, "anger_top3000": 0.8665908575057983, "anger_top4000": 0.8704545497894287, "anger_top5000": 0.8554545640945435, "anger_top6000": 0.8679545521736145, "sad_top1500": 0.8636363744735718, "sad_top2000": 0.8536363840103149, "sad_top2500": 0.8536363840103149, "sad_top3000": 0.8368181586265564, "sad_top4000": 0.7699999809265137, "sad_top5000": 0.6424999833106995, "sad_top6000": 0.5649999976158142, "fear_top1500": 0.6611363887786865, "fear_top2000": 0.7311363816261292, "fear_top2500": 0.7024999856948853, "fear_top3000": 0.6725000143051147, "fear_top4000": 0.6575000286102295, "fear_top5000": 0.699999988079071, "fear_top6000": 0.7224999666213989, "surprise_top1500": 0.8697727918624878, "surprise_top2000": 0.8793181777000427, "surprise_top2500": 0.8704546093940735, "surprise_top3000": 0.8711363673210144, "surprise_top4000": 0.8636363744735718, "surprise_top5000": 0.8174999952316284, "surprise_top6000": 0.7124999761581421, "disgust_top1500": 0.8409091234207153, "disgust_top2000": 0.8615908622741699, "disgust_top2500": 0.859772801399231, "disgust_top3000": 0.8622727394104004, "disgust_top4000": 0.8590909242630005, "disgust_top5000": 0.817727267742157, "disgust_top6000": 0.8440909385681152, "control_top1500": 0.7986363768577576, "control_top2000": 0.8086363673210144, "control_top2500": 0.8111363649368286, "control_top3000": 0.7686363458633423, "control_top4000": 0.8136364221572876, "control_top5000": 0.8086363673210144, "control_top6000": 0.656818151473999, "fairness_top1500": 0.8518182039260864, "fairness_top2000": 0.7793182134628296, "fairness_top2500": 0.8143181800842285, "fairness_top3000": 0.784318208694458, "fairness_top4000": 0.7899999618530273, "fairness_top5000": 0.7759090662002563, "fairness_top6000": 0.5279545187950134, "self-related_top1500": 0.869772732257843, "self-related_top2000": 0.8640909194946289, "self-related_top2500": 0.869772732257843, "self-related_top3000": 0.8754546046257019, "self-related_top4000": 0.8861364126205444, "self-related_top5000": 0.8711363673210144, "self-related_top6000": 0.8661364316940308, "other-related_top1500": 0.8459091186523438, "other-related_top2000": 0.8754545450210571, "other-related_top2500": 0.8754546046257019, "other-related_top3000": 0.8779545426368713, "other-related_top4000": 0.8295454382896423, "other-related_top5000": 0.607272744178772, "other-related_top6000": 0.5649999976158142, "expectedness_top1500": 0.866136372089386, "expectedness_top2000": 0.866136372089386, "expectedness_top2500": 0.8415908813476562, "expectedness_top3000": 0.8529545664787292, "expectedness_top4000": 0.8454545140266418, "expectedness_top5000": 0.8329545855522156, "expectedness_top6000": 0.8486363887786865, "non-novelty_top1500": 0.8522727489471436, "non-novelty_top2000": 0.8554545640945435, "non-novelty_top2500": 0.8547727465629578, "non-novelty_top3000": 0.8604545593261719, "non-novelty_top4000": 0.7250000238418579, "non-novelty_top5000": 0.7668181657791138, "non-novelty_top6000": 0.7393181920051575}