{"sentiment": "joy", "seed": 17, "arousal_top1500": 0.8729545474052429, "best": 0.8805042505264282, "arousal_top2000": 0.8861364126205444, "arousal_top2500": 0.8568181991577148, "arousal_top3000": 0.8268181681632996, "arousal_top4000": 0.8149999976158142, "arousal_top5000": 0.7899999618530273, "arousal_top6000": 0.8293182253837585, "valence_top1500": 0.8704545497894287, "valence_top2000": 0.846818208694458, "valence_top2500": 0.8586363792419434, "valence_top3000": 0.8586363792419434, "valence_top4000": 0.8068181872367859, "valence_top5000": 0.8129546046257019, "valence_top6000": 0.656818151473999, "happy_top1500": 0.857272744178772, "happy_top2000": 0.7861363887786865, "happy_top2500": 0.7250000238418579, "happy_top3000": 0.8186363577842712, "happy_top4000": 0.7911363840103149, "happy_top5000": 0.5893181562423706, "happy_top6000": 0.6597727537155151, "anger_top1500": 0.8672727346420288, "anger_top2000": 0.8861364126205444, "anger_top2500": 0.8836363554000854, "anger_top3000": 0.8811363577842712, "anger_top4000": 0.8697727918624878, "anger_top5000": 0.8611363768577576, "anger_top6000": 0.8579545617103577, "sad_top1500": 0.8693181872367859, "sad_top2000": 0.8618181943893433, "sad_top2500": 0.8550000190734863, "sad_top3000": 0.8125, "sad_top4000": 0.8050000071525574, "sad_top5000": 0.6650000214576721, "sad_top6000": 0.6625000238418579, "fear_top1500": 0.6825000047683716, "fear_top2000": 0.7524999976158142, "fear_top2500": 0.7174999713897705, "fear_top3000": 0.7425000071525574, "fear_top4000": 0.7300000190734863, "fear_top5000": 0.7943181991577148, "fear_top6000": 0.8043181896209717, "surprise_top1500": 0.8722727298736572, "surprise_top2000": 0.8861364126205444, "surprise_top2500": 0.878636360168457, "surprise_top3000": 0.8711363673210144, "surprise_top4000": 0.8518182039260864, "surprise_top5000": 0.8018181920051575, "surprise_top6000": 0.7493181824684143, "disgust_top1500": 0.8854545950889587, "disgust_top2000": 0.8829545378684998, "disgust_top2500": 0.8686363697052002, "disgust_top3000": 0.866136372089386, "disgust_top4000": 0.8811363577842712, "disgust_top5000": 0.8604545593261719, "disgust_top6000": 0.8461363911628723, "control_top1500": 0.8543182015419006, "control_top2000": 0.8636363744735718, "control_top2500": 0.8743181824684143, "control_top3000": 0.8711363673210144, "control_top4000": 0.8736363649368286, "control_top5000": 0.8352272510528564, "control_top6000": 0.7425000071525574, "fairness_top1500": 0.8561363816261292, "fairness_top2000": 0.8324999809265137, "fairness_top2500": 0.8518182039260864, "fairness_top3000": 0.8618181943893433, "fairness_top4000": 0.825454592704773, "fairness_top5000": 0.8022727966308594, "fairness_top6000": 0.4325000047683716, "self-related_top1500": 0.8829545378684998, "self-related_top2000": 0.8747727870941162, "self-related_top2500": 0.8804545998573303, "self-related_top3000": 0.8886364102363586, "self-related_top4000": 0.8911364078521729, "self-related_top5000": 0.8836363554000854, "self-related_top6000": 0.866136372089386, "other-related_top1500": 0.8715908527374268, "other-related_top2000": 0.8761364221572876, "other-related_top2500": 0.8636363744735718, "other-related_top3000": 0.859318196773529, "other-related_top4000": 0.8711363673210144, "other-related_top5000": 0.5674999952316284, "other-related_top6000": 0.5674999952316284, "expectedness_top1500": 0.8679545521736145, "expectedness_top2000": 0.8604545593261719, "expectedness_top2500": 0.8790909051895142, "expectedness_top3000": 0.8552272319793701, "expectedness_top4000": 0.8711363673210144, "expectedness_top5000": 0.8647727966308594, "expectedness_top6000": 0.8490909337997437, "non-novelty_top1500": 0.8477272391319275, "non-novelty_top2000": 0.7956817746162415, "non-novelty_top2500": 0.7893181443214417, "non-novelty_top3000": 0.7975000143051147, "non-novelty_top4000": 0.8145454525947571, "non-novelty_top5000": 0.7465908527374268, "non-novelty_top6000": 0.8220454454421997}