{"sentiment": "joy", "seed": 100, "arousal_top1500": 0.8559091091156006, "best": 0.8900923728942871, "arousal_top2000": 0.7577272057533264, "arousal_top2500": 0.7545453906059265, "arousal_top3000": 0.8804545998573303, "arousal_top4000": 0.8450000286102295, "arousal_top5000": 0.596818208694458, "arousal_top6000": 0.7177272439002991, "valence_top1500": 0.7765909433364868, "valence_top2000": 0.8402272462844849, "valence_top2500": 0.8224999904632568, "valence_top3000": 0.8590909242630005, "valence_top4000": 0.7050000429153442, "valence_top5000": 0.49204546213150024, "valence_top6000": 0.5004545450210571, "happy_top1500": 0.8093181848526001, "happy_top2000": 0.7352272272109985, "happy_top2500": 0.5724999904632568, "happy_top3000": 0.5247727036476135, "happy_top4000": 0.44818180799484253, "happy_top5000": 0.4456818103790283, "happy_top6000": 0.4456818103790283, "anger_top1500": 0.8686363697052002, "anger_top2000": 0.8438636064529419, "anger_top2500": 0.8420454263687134, "anger_top3000": 0.8559091091156006, "anger_top4000": 0.8395454287528992, "anger_top5000": 0.8375000357627869, "anger_top6000": 0.8199999928474426, "sad_top1500": 0.824999988079071, "sad_top2000": 0.7368181943893433, "sad_top2500": 0.6493182182312012, "sad_top3000": 0.6918181777000427, "sad_top4000": 0.8154545426368713, "sad_top5000": 0.7436363697052002, "sad_top6000": 0.6661363840103149, "fear_top1500": 0.7993181943893433, "fear_top2000": 0.5097727179527283, "fear_top2500": 0.45636361837387085, "fear_top3000": 0.45636361837387085, "fear_top4000": 0.4456818103790283, "fear_top5000": 0.4456818103790283, "fear_top6000": 0.4456818103790283, "surprise_top1500": 0.8543182015419006, "surprise_top2000": 0.8293181657791138, "surprise_top2500": 0.8199999928474426, "surprise_top3000": 0.8100000023841858, "surprise_top4000": 0.6068181991577148, "surprise_top5000": 0.5568181872367859, "surprise_top6000": 0.5543181896209717, "disgust_top1500": 0.8754545450210571, "disgust_top2000": 0.8672727346420288, "disgust_top2500": 0.8704546093940735, "disgust_top3000": 0.8629545569419861, "disgust_top4000": 0.8224999904632568, "disgust_top5000": 0.7081817984580994, "disgust_top6000": 0.7113636136054993, "control_top1500": 0.7761363983154297, "control_top2000": 0.8193181753158569, "control_top2500": 0.8415908813476562, "control_top3000": 0.7820454239845276, "control_top4000": 0.7381817698478699, "control_top5000": 0.6902272701263428, "control_top6000": 0.8311364054679871, "fairness_top1500": 0.831818163394928, "fairness_top2000": 0.7386363744735718, "fairness_top2500": 0.7086363434791565, "fairness_top3000": 0.7961363792419434, "fairness_top4000": 0.7547727823257446, "fairness_top5000": 0.5179545283317566, "fairness_top6000": 0.6200000047683716, "self-related_top1500": 0.8761364221572876, "self-related_top2000": 0.8736363649368286, "self-related_top2500": 0.8736363649368286, "self-related_top3000": 0.8743181824684143, "self-related_top4000": 0.8768181800842285, "self-related_top5000": 0.8711363673210144, "self-related_top6000": 0.8568181395530701, "other-related_top1500": 0.8502272367477417, "other-related_top2000": 0.8420454263687134, "other-related_top2500": 0.8470454216003418, "other-related_top3000": 0.8754545450210571, "other-related_top4000": 0.8054545521736145, "other-related_top5000": 0.44818180799484253, "other-related_top6000": 0.4279545545578003, "expectedness_top1500": 0.8665908575057983, "expectedness_top2000": 0.85840904712677, "expectedness_top2500": 0.7356818318367004, "expectedness_top3000": 0.6002272367477417, "expectedness_top4000": 0.639090895652771, "expectedness_top5000": 0.45136362314224243, "expectedness_top6000": 0.45136362314224243, "non-novelty_top1500": 0.824999988079071, "non-novelty_top2000": 0.8520454168319702, "non-novelty_top2500": 0.865227222442627, "non-novelty_top3000": 0.8502272367477417, "non-novelty_top4000": 0.7186363935470581, "non-novelty_top5000": 0.807272732257843, "non-novelty_top6000": 0.8215909004211426}