{"sentiment": "joy", "seed": 3, "arousal_top1500": 0.8597727417945862, "best": 0.8673650622367859, "arousal_top2000": 0.8640909194946289, "arousal_top2500": 0.8729545474052429, "arousal_top3000": 0.850454568862915, "arousal_top4000": 0.8179545998573303, "arousal_top5000": 0.7961363792419434, "arousal_top6000": 0.5286363363265991, "valence_top1500": 0.8395454287528992, "valence_top2000": 0.8359091281890869, "valence_top2500": 0.7979545593261719, "valence_top3000": 0.787954568862915, "valence_top4000": 0.7836363911628723, "valence_top5000": 0.7279545664787292, "valence_top6000": 0.7415908575057983, "happy_top1500": 0.8313636183738708, "happy_top2000": 0.8234090805053711, "happy_top2500": 0.7529545426368713, "happy_top3000": 0.6815909147262573, "happy_top4000": 0.6154545545578003, "happy_top5000": 0.5429545640945435, "happy_top6000": 0.5679545402526855, "anger_top1500": 0.8488636016845703, "anger_top2000": 0.8538635969161987, "anger_top2500": 0.8570454716682434, "anger_top3000": 0.8513636589050293, "anger_top4000": 0.8438636064529419, "anger_top5000": 0.828181803226471, "anger_top6000": 0.8149999976158142, "sad_top1500": 0.8497727513313293, "sad_top2000": 0.8422727584838867, "sad_top2500": 0.8322727680206299, "sad_top3000": 0.8372727632522583, "sad_top4000": 0.8329545855522156, "sad_top5000": 0.8129546046257019, "sad_top6000": 0.7961363792419434, "fear_top1500": 0.8540909290313721, "fear_top2000": 0.8477272391319275, "fear_top2500": 0.8395454287528992, "fear_top3000": 0.8395454287528992, "fear_top4000": 0.8363636136054993, "fear_top5000": 0.7370454668998718, "fear_top6000": 0.740227222442627, "surprise_top1500": 0.8522727489471436, "surprise_top2000": 0.8429545760154724, "surprise_top2500": 0.8554545640945435, "surprise_top3000": 0.8611363768577576, "surprise_top4000": 0.8329545855522156, "surprise_top5000": 0.7854545712471008, "surprise_top6000": 0.7579545378684998, "disgust_top1500": 0.8779545426368713, "disgust_top2000": 0.8647727370262146, "disgust_top2500": 0.8729545474052429, "disgust_top3000": 0.8640909194946289, "disgust_top4000": 0.8513636589050293, "disgust_top5000": 0.8218181729316711, "disgust_top6000": 0.8488636016845703, "control_top1500": 0.8729545474052429, "control_top2000": 0.8754545450210571, "control_top2500": 0.8527272939682007, "control_top3000": 0.8388636112213135, "control_top4000": 0.787954568862915, "control_top5000": 0.8143181800842285, "control_top6000": 0.8272727727890015, "fairness_top1500": 0.8454545736312866, "fairness_top2000": 0.8372727632522583, "fairness_top2500": 0.8347727656364441, "fairness_top3000": 0.8279545903205872, "fairness_top4000": 0.787045419216156, "fairness_top5000": 0.5525000095367432, "fairness_top6000": 0.46204546093940735, "self-related_top1500": 0.8565908670425415, "self-related_top2000": 0.8547727465629578, "self-related_top2500": 0.8497727513313293, "self-related_top3000": 0.8472727537155151, "self-related_top4000": 0.8554545640945435, "self-related_top5000": 0.8579545617103577, "self-related_top6000": 0.8577272891998291, "other-related_top1500": 0.8538635969161987, "other-related_top2000": 0.8620454668998718, "other-related_top2500": 0.8570454716682434, "other-related_top3000": 0.8570454716682434, "other-related_top4000": 0.7665908336639404, "other-related_top5000": 0.5134091377258301, "other-related_top6000": 0.5479545593261719, "expectedness_top1500": 0.8622727394104004, "expectedness_top2000": 0.8654545545578003, "expectedness_top2500": 0.8722727298736572, "expectedness_top3000": 0.863409161567688, "expectedness_top4000": 0.8659090995788574, "expectedness_top5000": 0.8545454144477844, "expectedness_top6000": 0.8231818079948425, "non-novelty_top1500": 0.8552272319793701, "non-novelty_top2000": 0.8722727298736572, "non-novelty_top2500": 0.8538635969161987, "non-novelty_top3000": 0.8659090995788574, "non-novelty_top4000": 0.8597727417945862, "non-novelty_top5000": 0.8754545450210571, "non-novelty_top6000": 0.8536363840103149}