{"sentiment": "joy", "seed": 13, "arousal_top1500": 0.869772732257843, "best": 0.888671875, "arousal_top2000": 0.8715908527374268, "arousal_top2500": 0.8715908527374268, "arousal_top3000": 0.8722727298736572, "arousal_top4000": 0.8011363744735718, "arousal_top5000": 0.7622727751731873, "arousal_top6000": 0.8172727823257446, "valence_top1500": 0.8497727513313293, "valence_top2000": 0.771818220615387, "valence_top2500": 0.5568181872367859, "valence_top3000": 0.6011363863945007, "valence_top4000": 0.5543181896209717, "valence_top5000": 0.6393181681632996, "valence_top6000": 0.5693181753158569, "happy_top1500": 0.8184090852737427, "happy_top2000": 0.8043181896209717, "happy_top2500": 0.6706817746162415, "happy_top3000": 0.6574999690055847, "happy_top4000": 0.5431817770004272, "happy_top5000": 0.597954511642456, "happy_top6000": 0.5461363792419434, "anger_top1500": 0.8765908479690552, "anger_top2000": 0.8772727251052856, "anger_top2500": 0.8822727203369141, "anger_top3000": 0.8772727251052856, "anger_top4000": 0.8772727251052856, "anger_top5000": 0.8522727489471436, "anger_top6000": 0.8447726964950562, "sad_top1500": 0.8547727465629578, "sad_top2000": 0.8372727632522583, "sad_top2500": 0.8297727108001709, "sad_top3000": 0.822272777557373, "sad_top4000": 0.7822727560997009, "sad_top5000": 0.678636372089386, "sad_top6000": 0.5593181848526001, "fear_top1500": 0.8140908479690552, "fear_top2000": 0.8490909337997437, "fear_top2500": 0.826590895652771, "fear_top3000": 0.8065909147262573, "fear_top4000": 0.7386363744735718, "fear_top5000": 0.8122727870941162, "fear_top6000": 0.8422727584838867, "surprise_top1500": 0.8872727155685425, "surprise_top2000": 0.8640909194946289, "surprise_top2500": 0.8640909194946289, "surprise_top3000": 0.8640909194946289, "surprise_top4000": 0.835454523563385, "surprise_top5000": 0.7868182063102722, "surprise_top6000": 0.7043181657791138, "disgust_top1500": 0.8922727704048157, "disgust_top2000": 0.8784091472625732, "disgust_top2500": 0.8847727179527283, "disgust_top3000": 0.8872727155685425, "disgust_top4000": 0.8797727823257446, "disgust_top5000": 0.8797727227210999, "disgust_top6000": 0.8754546046257019, "control_top1500": 0.8047727942466736, "control_top2000": 0.8061363697052002, "control_top2500": 0.8297727108001709, "control_top3000": 0.7997727394104004, "control_top4000": 0.8359091281890869, "control_top5000": 0.8184090852737427, "control_top6000": 0.6304545402526855, "fairness_top1500": 0.8561363816261292, "fairness_top2000": 0.8443182110786438, "fairness_top2500": 0.6643182039260864, "fairness_top3000": 0.6343181729316711, "fairness_top4000": 0.5568181872367859, "fairness_top5000": 0.5618181824684143, "fairness_top6000": 0.4777272939682007, "self-related_top1500": 0.8797727227210999, "self-related_top2000": 0.8847727179527283, "self-related_top2500": 0.8797727227210999, "self-related_top3000": 0.8822727203369141, "self-related_top4000": 0.8797727823257446, "self-related_top5000": 0.8515908718109131, "self-related_top6000": 0.857272744178772, "other-related_top1500": 0.8872727751731873, "other-related_top2000": 0.8872727751731873, "other-related_top2500": 0.8872727155685425, "other-related_top3000": 0.884772777557373, "other-related_top4000": 0.8049999475479126, "other-related_top5000": 0.46477270126342773, "other-related_top6000": 0.5518181920051575, "expectedness_top1500": 0.8822727203369141, "expectedness_top2000": 0.8872727155685425, "expectedness_top2500": 0.8897727727890015, "expectedness_top3000": 0.8897727727890015, "expectedness_top4000": 0.8722727298736572, "expectedness_top5000": 0.8238636255264282, "expectedness_top6000": 0.7259091138839722, "non-novelty_top1500": 0.8822727203369141, "non-novelty_top2000": 0.8897727727890015, "non-novelty_top2500": 0.8897727727890015, "non-novelty_top3000": 0.8697727918624878, "non-novelty_top4000": 0.6836363673210144, "non-novelty_top5000": 0.5993181467056274, "non-novelty_top6000": 0.671818196773529}