{"sentiment": "joy", "seed": 19, "arousal_top1500": 0.8822727799415588, "best": 0.8696732521057129, "arousal_top2000": 0.8922727704048157, "arousal_top2500": 0.8822727799415588, "arousal_top3000": 0.8668181896209717, "arousal_top4000": 0.8111363649368286, "arousal_top5000": 0.721818208694458, "arousal_top6000": 0.7918182015419006, "valence_top1500": 0.8670454621315002, "valence_top2000": 0.8627272248268127, "valence_top2500": 0.8715908527374268, "valence_top3000": 0.85840904712677, "valence_top4000": 0.8352272510528564, "valence_top5000": 0.8459091186523438, "valence_top6000": 0.8465908765792847, "happy_top1500": 0.8684090375900269, "happy_top2000": 0.8559091091156006, "happy_top2500": 0.8447727560997009, "happy_top3000": 0.8472727537155151, "happy_top4000": 0.807272732257843, "happy_top5000": 0.784318208694458, "happy_top6000": 0.834318220615387, "anger_top1500": 0.8670454025268555, "anger_top2000": 0.8670454025268555, "anger_top2500": 0.8784091472625732, "anger_top3000": 0.8922727108001709, "anger_top4000": 0.8809090852737427, "anger_top5000": 0.884772777557373, "anger_top6000": 0.8772727251052856, "sad_top1500": 0.8836363554000854, "sad_top2000": 0.881136417388916, "sad_top2500": 0.8768181800842285, "sad_top3000": 0.8718181848526001, "sad_top4000": 0.8568181991577148, "sad_top5000": 0.8243181705474854, "sad_top6000": 0.7818182110786438, "fear_top1500": 0.8843181729316711, "fear_top2000": 0.8772727251052856, "fear_top2500": 0.8779545426368713, "fear_top3000": 0.8836363554000854, "fear_top4000": 0.8829545378684998, "fear_top5000": 0.8331817984580994, "fear_top6000": 0.8570454716682434, "surprise_top1500": 0.884772777557373, "surprise_top2000": 0.8679545521736145, "surprise_top2500": 0.8704546093940735, "surprise_top3000": 0.8761364221572876, "surprise_top4000": 0.8736363649368286, "surprise_top5000": 0.8461363315582275, "surprise_top6000": 0.8361364006996155, "disgust_top1500": 0.8645454049110413, "disgust_top2000": 0.862045407295227, "disgust_top2500": 0.8770454525947571, "disgust_top3000": 0.8884091377258301, "disgust_top4000": 0.8922727108001709, "disgust_top5000": 0.8588635921478271, "disgust_top6000": 0.8613635897636414, "control_top1500": 0.8702272176742554, "control_top2000": 0.8784091472625732, "control_top2500": 0.8759090900421143, "control_top3000": 0.8797727823257446, "control_top4000": 0.865227222442627, "control_top5000": 0.8545454144477844, "control_top6000": 0.8604545593261719, "fairness_top1500": 0.8747727870941162, "fairness_top2000": 0.8929545879364014, "fairness_top2500": 0.8804545998573303, "fairness_top3000": 0.8554545640945435, "fairness_top4000": 0.8565908670425415, "fairness_top5000": 0.8179545998573303, "fairness_top6000": 0.45886361598968506, "self-related_top1500": 0.8840909004211426, "self-related_top2000": 0.884772777557373, "self-related_top2500": 0.8797727823257446, "self-related_top3000": 0.8629545569419861, "self-related_top4000": 0.8761363625526428, "self-related_top5000": 0.8636363744735718, "self-related_top6000": 0.8736363649368286, "other-related_top1500": 0.8695454001426697, "other-related_top2000": 0.8695454597473145, "other-related_top2500": 0.889090895652771, "other-related_top3000": 0.8772727251052856, "other-related_top4000": 0.8690909147262573, "other-related_top5000": 0.5543181896209717, "other-related_top6000": 0.5543181896209717, "expectedness_top1500": 0.8947727680206299, "expectedness_top2000": 0.8936363458633423, "expectedness_top2500": 0.8929545283317566, "expectedness_top3000": 0.8688636422157288, "expectedness_top4000": 0.8722727298736572, "expectedness_top5000": 0.746363639831543, "expectedness_top6000": 0.7356818318367004, "non-novelty_top1500": 0.8581818342208862, "non-novelty_top2000": 0.8450000286102295, "non-novelty_top2500": 0.8506818413734436, "non-novelty_top3000": 0.8638636469841003, "non-novelty_top4000": 0.8811363577842712, "non-novelty_top5000": 0.8811363577842712, "non-novelty_top6000": 0.8586363792419434}