{"sentiment": "love", "seed": 5, "arousal_top1500": 0.9750000834465027, "best": 0.9681829214096069, "arousal_top2000": 0.9750000834465027, "arousal_top2500": 0.9716666340827942, "arousal_top3000": 0.9716666340827942, "arousal_top4000": 0.9700000286102295, "arousal_top5000": 0.9700000286102295, "arousal_top6000": 0.7033333778381348, "valence_top1500": 0.9666666984558105, "valence_top2000": 0.8100000023841858, "valence_top2500": 0.8033332824707031, "valence_top3000": 0.9433333277702332, "valence_top4000": 0.9300000071525574, "valence_top5000": 0.8983333706855774, "valence_top6000": 0.9083333611488342, "happy_top1500": 0.9533333778381348, "happy_top2000": 0.9399999976158142, "happy_top2500": 0.44333329796791077, "happy_top3000": 0.4416666328907013, "happy_top4000": 0.4366666376590729, "happy_top5000": 0.43833330273628235, "happy_top6000": 0.4366666376590729, "anger_top1500": 0.9750000834465027, "anger_top2000": 0.9750000834465027, "anger_top2500": 0.9750000834465027, "anger_top3000": 0.9733333587646484, "anger_top4000": 0.9733333587646484, "anger_top5000": 0.9750000834465027, "anger_top6000": 0.9750000834465027, "sad_top1500": 0.9750000834465027, "sad_top2000": 0.9750000834465027, "sad_top2500": 0.9733333587646484, "sad_top3000": 0.9733333587646484, "sad_top4000": 0.9716666340827942, "sad_top5000": 0.9516666531562805, "sad_top6000": 0.8816666603088379, "fear_top1500": 0.9733333587646484, "fear_top2000": 0.9749999642372131, "fear_top2500": 0.9749999642372131, "fear_top3000": 0.9716666340827942, "fear_top4000": 0.9716666340827942, "fear_top5000": 0.9533333778381348, "fear_top6000": 0.9449999928474426, "surprise_top1500": 0.9733333587646484, "surprise_top2000": 0.9733333587646484, "surprise_top2500": 0.9733333587646484, "surprise_top3000": 0.9750000834465027, "surprise_top4000": 0.9733333587646484, "surprise_top5000": 0.9716666340827942, "surprise_top6000": 0.9733333587646484, "disgust_top1500": 0.9766666889190674, "disgust_top2000": 0.9750000834465027, "disgust_top2500": 0.9750000834465027, "disgust_top3000": 0.9733333587646484, "disgust_top4000": 0.9766666889190674, "disgust_top5000": 0.9700000286102295, "disgust_top6000": 0.9733333587646484, "control_top1500": 0.9733333587646484, "control_top2000": 0.9716666340827942, "control_top2500": 0.9716666340827942, "control_top3000": 0.9683333039283752, "control_top4000": 0.9666666984558105, "control_top5000": 0.9033333659172058, "control_top6000": 0.8550000190734863, "fairness_top1500": 0.9733333587646484, "fairness_top2000": 0.9700000286102295, "fairness_top2500": 0.9649999737739563, "fairness_top3000": 0.9666666984558105, "fairness_top4000": 0.8733332753181458, "fairness_top5000": 0.7966666221618652, "fairness_top6000": 0.4366666376590729, "self-related_top1500": 0.9766666889190674, "self-related_top2000": 0.9750000834465027, "self-related_top2500": 0.9750000834465027, "self-related_top3000": 0.9750000834465027, "self-related_top4000": 0.9750000834465027, "self-related_top5000": 0.9733333587646484, "self-related_top6000": 0.9766666889190674, "other-related_top1500": 0.9733333587646484, "other-related_top2000": 0.9750000834465027, "other-related_top2500": 0.9750000834465027, "other-related_top3000": 0.9750000834465027, "other-related_top4000": 0.9733333587646484, "other-related_top5000": 0.8333333134651184, "other-related_top6000": 0.5849999785423279, "expectedness_top1500": 0.9733333587646484, "expectedness_top2000": 0.9666666984558105, "expectedness_top2500": 0.9616666436195374, "expectedness_top3000": 0.9533333778381348, "expectedness_top4000": 0.9566667079925537, "expectedness_top5000": 0.9283332824707031, "expectedness_top6000": 0.9416666626930237, "non-novelty_top1500": 0.9633333683013916, "non-novelty_top2000": 0.9649999737739563, "non-novelty_top2500": 0.9666666984558105, "non-novelty_top3000": 0.9683333039283752, "non-novelty_top4000": 0.9700000286102295, "non-novelty_top5000": 0.95333331823349, "non-novelty_top6000": 0.9583333134651184}