{"sentiment": "love", "seed": 42, "arousal_top1500": 0.9649999737739563, "best": 0.9520539045333862, "arousal_top2000": 0.9633333683013916, "arousal_top2500": 0.9600000381469727, "arousal_top3000": 0.9616666436195374, "arousal_top4000": 0.9666666984558105, "arousal_top5000": 0.9683333039283752, "arousal_top6000": 0.9649999737739563, "valence_top1500": 0.9333333373069763, "valence_top2000": 0.9500000476837158, "valence_top2500": 0.9533333778381348, "valence_top3000": 0.9500000476837158, "valence_top4000": 0.9466667175292969, "valence_top5000": 0.8499999642372131, "valence_top6000": 0.8016666769981384, "happy_top1500": 0.9583333134651184, "happy_top2000": 0.9633333683013916, "happy_top2500": 0.9566666483879089, "happy_top3000": 0.9449999928474426, "happy_top4000": 0.6933333277702332, "happy_top5000": 0.9416666626930237, "happy_top6000": 0.6766667366027832, "anger_top1500": 0.9566667079925537, "anger_top2000": 0.9583333134651184, "anger_top2500": 0.9616666436195374, "anger_top3000": 0.9616666436195374, "anger_top4000": 0.9616666436195374, "anger_top5000": 0.9566667079925537, "anger_top6000": 0.9649999737739563, "sad_top1500": 0.9633333683013916, "sad_top2000": 0.9649999737739563, "sad_top2500": 0.9633333683013916, "sad_top3000": 0.9599999785423279, "sad_top4000": 0.9683333039283752, "sad_top5000": 0.9649999737739563, "sad_top6000": 0.9516666531562805, "fear_top1500": 0.9566667079925537, "fear_top2000": 0.9516666531562805, "fear_top2500": 0.9100000262260437, "fear_top3000": 0.9566667079925537, "fear_top4000": 0.9100000262260437, "fear_top5000": 0.8966667056083679, "fear_top6000": 0.8950000405311584, "surprise_top1500": 0.9616666436195374, "surprise_top2000": 0.9583333134651184, "surprise_top2500": 0.9583333134651184, "surprise_top3000": 0.9600000381469727, "surprise_top4000": 0.9633333683013916, "surprise_top5000": 0.9616666436195374, "surprise_top6000": 0.9616666436195374, "disgust_top1500": 0.9583333134651184, "disgust_top2000": 0.9583333134651184, "disgust_top2500": 0.9600000381469727, "disgust_top3000": 0.9649999737739563, "disgust_top4000": 0.9583333134651184, "disgust_top5000": 0.9449999928474426, "disgust_top6000": 0.9616666436195374, "control_top1500": 0.9583333134651184, "control_top2000": 0.9583333134651184, "control_top2500": 0.9500000476837158, "control_top3000": 0.9433333873748779, "control_top4000": 0.89000004529953, "control_top5000": 0.9316666722297668, "control_top6000": 0.9549999833106995, "fairness_top1500": 0.9633333683013916, "fairness_top2000": 0.9616666436195374, "fairness_top2500": 0.9649999737739563, "fairness_top3000": 0.9500000476837158, "fairness_top4000": 0.9416666626930237, "fairness_top5000": 0.9433333277702332, "fairness_top6000": 0.8650000095367432, "self-related_top1500": 0.9583333134651184, "self-related_top2000": 0.9583333134651184, "self-related_top2500": 0.9583333134651184, "self-related_top3000": 0.9600000381469727, "self-related_top4000": 0.9600000381469727, "self-related_top5000": 0.9600000381469727, "self-related_top6000": 0.9600000381469727, "other-related_top1500": 0.9549999833106995, "other-related_top2000": 0.9583333134651184, "other-related_top2500": 0.9600000381469727, "other-related_top3000": 0.9616666436195374, "other-related_top4000": 0.9616666436195374, "other-related_top5000": 0.9583333134651184, "other-related_top6000": 0.7883333563804626, "expectedness_top1500": 0.9583333134651184, "expectedness_top2000": 0.9566667079925537, "expectedness_top2500": 0.9500000476837158, "expectedness_top3000": 0.9466667175292969, "expectedness_top4000": 0.9666666984558105, "expectedness_top5000": 0.9533333778381348, "expectedness_top6000": 0.9533333778381348, "non-novelty_top1500": 0.9433333277702332, "non-novelty_top2000": 0.9483333230018616, "non-novelty_top2500": 0.9516666531562805, "non-novelty_top3000": 0.9516666531562805, "non-novelty_top4000": 0.9649999737739563, "non-novelty_top5000": 0.9683333039283752, "non-novelty_top6000": 0.9683333039283752}