{"sentiment": "love", "seed": 9, "arousal_top1500": 0.9549999833106995, "best": 0.9519909620285034, "arousal_top2000": 0.9533333778381348, "arousal_top2500": 0.9549999833106995, "arousal_top3000": 0.9483333230018616, "arousal_top4000": 0.9416666626930237, "arousal_top5000": 0.6800000071525574, "arousal_top6000": 0.768333375453949, "valence_top1500": 0.9549999833106995, "valence_top2000": 0.9000000357627869, "valence_top2500": 0.9049999713897705, "valence_top3000": 0.9466666579246521, "valence_top4000": 0.9200000166893005, "valence_top5000": 0.7633333206176758, "valence_top6000": 0.8799999356269836, "happy_top1500": 0.6366667151451111, "happy_top2000": 0.8349999785423279, "happy_top2500": 0.8666666150093079, "happy_top3000": 0.6850000023841858, "happy_top4000": 0.6333333253860474, "happy_top5000": 0.6366667151451111, "happy_top6000": 0.7733333706855774, "anger_top1500": 0.9566667079925537, "anger_top2000": 0.9566667079925537, "anger_top2500": 0.9533333778381348, "anger_top3000": 0.9549999833106995, "anger_top4000": 0.9566667079925537, "anger_top5000": 0.9566667079925537, "anger_top6000": 0.9533333778381348, "sad_top1500": 0.9566666483879089, "sad_top2000": 0.9566667079925537, "sad_top2500": 0.9583333134651184, "sad_top3000": 0.9600000381469727, "sad_top4000": 0.9566667079925537, "sad_top5000": 0.9516666531562805, "sad_top6000": 0.9166666865348816, "fear_top1500": 0.9549999833106995, "fear_top2000": 0.95333331823349, "fear_top2500": 0.949999988079071, "fear_top3000": 0.9549999833106995, "fear_top4000": 0.8733332753181458, "fear_top5000": 0.8683333396911621, "fear_top6000": 0.7999999523162842, "surprise_top1500": 0.9566666483879089, "surprise_top2000": 0.9483333230018616, "surprise_top2500": 0.9466666579246521, "surprise_top3000": 0.9516666531562805, "surprise_top4000": 0.9399999976158142, "surprise_top5000": 0.8483333587646484, "surprise_top6000": 0.8083333969116211, "disgust_top1500": 0.9566667079925537, "disgust_top2000": 0.9600000381469727, "disgust_top2500": 0.9566667079925537, "disgust_top3000": 0.9533333778381348, "disgust_top4000": 0.9516666531562805, "disgust_top5000": 0.949999988079071, "disgust_top6000": 0.9566667079925537, "control_top1500": 0.9533333778381348, "control_top2000": 0.9483333230018616, "control_top2500": 0.9433333277702332, "control_top3000": 0.9300000667572021, "control_top4000": 0.8966667056083679, "control_top5000": 0.7616667151451111, "control_top6000": 0.7633333206176758, "fairness_top1500": 0.9566666483879089, "fairness_top2000": 0.9483333230018616, "fairness_top2500": 0.9383333325386047, "fairness_top3000": 0.9283332824707031, "fairness_top4000": 0.7300000190734863, "fairness_top5000": 0.5966666340827942, "fairness_top6000": 0.7833333015441895, "self-related_top1500": 0.9533333778381348, "self-related_top2000": 0.9566666483879089, "self-related_top2500": 0.9549999833106995, "self-related_top3000": 0.9583333134651184, "self-related_top4000": 0.9533333778381348, "self-related_top5000": 0.9416666626930237, "self-related_top6000": 0.8766666054725647, "other-related_top1500": 0.9566667079925537, "other-related_top2000": 0.9583333134651184, "other-related_top2500": 0.9566667079925537, "other-related_top3000": 0.9516666531562805, "other-related_top4000": 0.9466667175292969, "other-related_top5000": 0.47333332896232605, "other-related_top6000": 0.6266667246818542, "expectedness_top1500": 0.9533333778381348, "expectedness_top2000": 0.9549999833106995, "expectedness_top2500": 0.9583333134651184, "expectedness_top3000": 0.9616666436195374, "expectedness_top4000": 0.9433333277702332, "expectedness_top5000": 0.9599999785423279, "expectedness_top6000": 0.9583333134651184, "non-novelty_top1500": 0.9549999833106995, "non-novelty_top2000": 0.9549999833106995, "non-novelty_top2500": 0.95333331823349, "non-novelty_top3000": 0.9566667079925537, "non-novelty_top4000": 0.9449999928474426, "non-novelty_top5000": 0.9166666865348816, "non-novelty_top6000": 0.9383333325386047}