{"sentiment": "love", "seed": 7, "arousal_top1500": 0.9666666984558105, "best": 0.9601184129714966, "arousal_top2000": 0.9633333683013916, "arousal_top2500": 0.9666666984558105, "arousal_top3000": 0.9583333134651184, "arousal_top4000": 0.949999988079071, "arousal_top5000": 0.9583333134651184, "arousal_top6000": 0.9316666722297668, "valence_top1500": 0.9583333134651184, "valence_top2000": 0.5683333277702332, "valence_top2500": 0.5683333277702332, "valence_top3000": 0.5683333277702332, "valence_top4000": 0.5699999928474426, "valence_top5000": 0.5683333277702332, "valence_top6000": 0.5849999785423279, "happy_top1500": 0.5683333277702332, "happy_top2000": 0.5666666626930237, "happy_top2500": 0.5866666436195374, "happy_top3000": 0.6100000143051147, "happy_top4000": 0.6816666722297668, "happy_top5000": 0.5766666531562805, "happy_top6000": 0.8166666030883789, "anger_top1500": 0.9600000381469727, "anger_top2000": 0.9633333683013916, "anger_top2500": 0.9616666436195374, "anger_top3000": 0.9616666436195374, "anger_top4000": 0.9666666984558105, "anger_top5000": 0.9700000286102295, "anger_top6000": 0.9666666984558105, "sad_top1500": 0.9666666984558105, "sad_top2000": 0.9649999737739563, "sad_top2500": 0.9566667079925537, "sad_top3000": 0.9533333778381348, "sad_top4000": 0.9483333230018616, "sad_top5000": 0.9200000166893005, "sad_top6000": 0.7383334040641785, "fear_top1500": 0.9616666436195374, "fear_top2000": 0.9666666984558105, "fear_top2500": 0.9683333039283752, "fear_top3000": 0.9683333039283752, "fear_top4000": 0.9566667079925537, "fear_top5000": 0.893333375453949, "fear_top6000": 0.8949999809265137, "surprise_top1500": 0.9616666436195374, "surprise_top2000": 0.9616666436195374, "surprise_top2500": 0.9633333683013916, "surprise_top3000": 0.9633333683013916, "surprise_top4000": 0.9566666483879089, "surprise_top5000": 0.9300000071525574, "surprise_top6000": 0.8349999785423279, "disgust_top1500": 0.9666666984558105, "disgust_top2000": 0.9633333683013916, "disgust_top2500": 0.9633333683013916, "disgust_top3000": 0.9649999737739563, "disgust_top4000": 0.9649999737739563, "disgust_top5000": 0.9649999737739563, "disgust_top6000": 0.9633333683013916, "control_top1500": 0.9616666436195374, "control_top2000": 0.9616666436195374, "control_top2500": 0.9600000381469727, "control_top3000": 0.9616666436195374, "control_top4000": 0.9366666674613953, "control_top5000": 0.89000004529953, "control_top6000": 0.9600000381469727, "fairness_top1500": 0.949999988079071, "fairness_top2000": 0.9449999928474426, "fairness_top2500": 0.8466666340827942, "fairness_top3000": 0.8466666340827942, "fairness_top4000": 0.7066666483879089, "fairness_top5000": 0.5950000286102295, "fairness_top6000": 0.43166664242744446, "self-related_top1500": 0.9666666984558105, "self-related_top2000": 0.9683333039283752, "self-related_top2500": 0.9666666984558105, "self-related_top3000": 0.9616666436195374, "self-related_top4000": 0.9633333683013916, "self-related_top5000": 0.9600000381469727, "self-related_top6000": 0.9416666626930237, "other-related_top1500": 0.9666666984558105, "other-related_top2000": 0.9633333683013916, "other-related_top2500": 0.9633333683013916, "other-related_top3000": 0.9616666436195374, "other-related_top4000": 0.9633333683013916, "other-related_top5000": 0.5699999928474426, "other-related_top6000": 0.5683333277702332, "expectedness_top1500": 0.9666666984558105, "expectedness_top2000": 0.9649999737739563, "expectedness_top2500": 0.9666666984558105, "expectedness_top3000": 0.9633333683013916, "expectedness_top4000": 0.9700000286102295, "expectedness_top5000": 0.9616666436195374, "expectedness_top6000": 0.9649999737739563, "non-novelty_top1500": 0.9616666436195374, "non-novelty_top2000": 0.9633333683013916, "non-novelty_top2500": 0.9649999737739563, "non-novelty_top3000": 0.9666666984558105, "non-novelty_top4000": 0.9616666436195374, "non-novelty_top5000": 0.9583333134651184, "non-novelty_top6000": 0.9483333230018616}