{"sentiment": "love", "seed": 100, "arousal_top1500": 0.8533332943916321, "best": 0.9100302457809448, "arousal_top2000": 0.8633332848548889, "arousal_top2500": 0.9149999618530273, "arousal_top3000": 0.8983333706855774, "arousal_top4000": 0.8566667437553406, "arousal_top5000": 0.9049999713897705, "arousal_top6000": 0.8299999833106995, "valence_top1500": 0.8166666030883789, "valence_top2000": 0.9066666960716248, "valence_top2500": 0.7899999618530273, "valence_top3000": 0.8083333969116211, "valence_top4000": 0.7016666531562805, "valence_top5000": 0.6850000023841858, "valence_top6000": 0.4733332693576813, "happy_top1500": 0.8983333706855774, "happy_top2000": 0.8983333706855774, "happy_top2500": 0.893333375453949, "happy_top3000": 0.8866667151451111, "happy_top4000": 0.4816667139530182, "happy_top5000": 0.4533332884311676, "happy_top6000": 0.4416666328907013, "anger_top1500": 0.824999988079071, "anger_top2000": 0.8250000476837158, "anger_top2500": 0.8883333206176758, "anger_top3000": 0.9283332824707031, "anger_top4000": 0.9149999618530273, "anger_top5000": 0.8866665959358215, "anger_top6000": 0.8983333706855774, "sad_top1500": 0.9000000357627869, "sad_top2000": 0.8550000190734863, "sad_top2500": 0.8616666793823242, "sad_top3000": 0.9333333373069763, "sad_top4000": 0.43833330273628235, "sad_top5000": 0.43833330273628235, "sad_top6000": 0.43833330273628235, "fear_top1500": 0.43833330273628235, "fear_top2000": 0.43833330273628235, "fear_top2500": 0.43833330273628235, "fear_top3000": 0.43833330273628235, "fear_top4000": 0.43833330273628235, "fear_top5000": 0.43833330273628235, "fear_top6000": 0.43833330273628235, "surprise_top1500": 0.8483332991600037, "surprise_top2000": 0.8416666984558105, "surprise_top2500": 0.8316667079925537, "surprise_top3000": 0.800000011920929, "surprise_top4000": 0.878333330154419, "surprise_top5000": 0.875, "surprise_top6000": 0.7766666412353516, "disgust_top1500": 0.8350000381469727, "disgust_top2000": 0.8383333683013916, "disgust_top2500": 0.8299999833106995, "disgust_top3000": 0.8283333778381348, "disgust_top4000": 0.9333333373069763, "disgust_top5000": 0.9266666769981384, "disgust_top6000": 0.8866665959358215, "control_top1500": 0.43833330273628235, "control_top2000": 0.43833330273628235, "control_top2500": 0.43833330273628235, "control_top3000": 0.4399999678134918, "control_top4000": 0.4399999678134918, "control_top5000": 0.43833330273628235, "control_top6000": 0.43833330273628235, "fairness_top1500": 0.8250000476837158, "fairness_top2000": 0.8399999737739563, "fairness_top2500": 0.8516666889190674, "fairness_top3000": 0.8216667175292969, "fairness_top4000": 0.8149999976158142, "fairness_top5000": 0.45166662335395813, "fairness_top6000": 0.6116666793823242, "self-related_top1500": 0.8516666889190674, "self-related_top2000": 0.8499999642372131, "self-related_top2500": 0.8466666340827942, "self-related_top3000": 0.8466666340827942, "self-related_top4000": 0.8916666507720947, "self-related_top5000": 0.8466666340827942, "self-related_top6000": 0.9266666769981384, "other-related_top1500": 0.82833331823349, "other-related_top2000": 0.8383333086967468, "other-related_top2500": 0.8416666388511658, "other-related_top3000": 0.8916666507720947, "other-related_top4000": 0.7983333468437195, "other-related_top5000": 0.5533333420753479, "other-related_top6000": 0.5616666674613953, "expectedness_top1500": 0.7549999356269836, "expectedness_top2000": 0.7149999737739563, "expectedness_top2500": 0.6733333468437195, "expectedness_top3000": 0.6633333563804626, "expectedness_top4000": 0.6783333420753479, "expectedness_top5000": 0.5866666436195374, "expectedness_top6000": 0.5466666221618652, "non-novelty_top1500": 0.9066665768623352, "non-novelty_top2000": 0.9100000262260437, "non-novelty_top2500": 0.8683333396911621, "non-novelty_top3000": 0.8700000643730164, "non-novelty_top4000": 0.46833333373069763, "non-novelty_top5000": 0.43833330273628235, "non-novelty_top6000": 0.4416666328907013}