{"sentiment": "love", "seed": 11, "arousal_top1500": 0.9316666722297668, "best": 0.9642137289047241, "arousal_top2000": 0.9300000071525574, "arousal_top2500": 0.9316666722297668, "arousal_top3000": 0.9333333969116211, "arousal_top4000": 0.9283333420753479, "arousal_top5000": 0.8299999833106995, "arousal_top6000": 0.6616666316986084, "valence_top1500": 0.7883333563804626, "valence_top2000": 0.5616666674613953, "valence_top2500": 0.5083332657814026, "valence_top3000": 0.5366666913032532, "valence_top4000": 0.44499996304512024, "valence_top5000": 0.4466666281223297, "valence_top6000": 0.43833330273628235, "happy_top1500": 0.44333329796791077, "happy_top2000": 0.4416666328907013, "happy_top2500": 0.43833330273628235, "happy_top3000": 0.43833330273628235, "happy_top4000": 0.43833330273628235, "happy_top5000": 0.43833330273628235, "happy_top6000": 0.43833330273628235, "anger_top1500": 0.9283333420753479, "anger_top2000": 0.9300000071525574, "anger_top2500": 0.9316666722297668, "anger_top3000": 0.9333333969116211, "anger_top4000": 0.9383333325386047, "anger_top5000": 0.9366666674613953, "anger_top6000": 0.9333333969116211, "sad_top1500": 0.9316666722297668, "sad_top2000": 0.9283333420753479, "sad_top2500": 0.9700000286102295, "sad_top3000": 0.9316666722297668, "sad_top4000": 0.9266666769981384, "sad_top5000": 0.9716666340827942, "sad_top6000": 0.8983333110809326, "fear_top1500": 0.9750000834465027, "fear_top2000": 0.9333333969116211, "fear_top2500": 0.9316666722297668, "fear_top3000": 0.9283333420753479, "fear_top4000": 0.9783332943916321, "fear_top5000": 0.9716666340827942, "fear_top6000": 0.9283333420753479, "surprise_top1500": 0.9316666722297668, "surprise_top2000": 0.9316666722297668, "surprise_top2500": 0.9316666722297668, "surprise_top3000": 0.9333333969116211, "surprise_top4000": 0.9333333969116211, "surprise_top5000": 0.9300000071525574, "surprise_top6000": 0.9200000166893005, "disgust_top1500": 0.92166668176651, "disgust_top2000": 0.9316666722297668, "disgust_top2500": 0.9316666722297668, "disgust_top3000": 0.9316666722297668, "disgust_top4000": 0.9350000023841858, "disgust_top5000": 0.9350000023841858, "disgust_top6000": 0.9366666674613953, "control_top1500": 0.9266666769981384, "control_top2000": 0.9283333420753479, "control_top2500": 0.9300000071525574, "control_top3000": 0.9316666722297668, "control_top4000": 0.9200000166893005, "control_top5000": 0.9300000071525574, "control_top6000": 0.9183332920074463, "fairness_top1500": 0.9150000214576721, "fairness_top2000": 0.925000011920929, "fairness_top2500": 0.9166666865348816, "fairness_top3000": 0.9233333468437195, "fairness_top4000": 0.9516666531562805, "fairness_top5000": 0.89000004529953, "fairness_top6000": 0.8666666150093079, "self-related_top1500": 0.9333333969116211, "self-related_top2000": 0.9350000023841858, "self-related_top2500": 0.9316666722297668, "self-related_top3000": 0.9316666722297668, "self-related_top4000": 0.9316666722297668, "self-related_top5000": 0.9333333969116211, "self-related_top6000": 0.9350000023841858, "other-related_top1500": 0.92166668176651, "other-related_top2000": 0.925000011920929, "other-related_top2500": 0.9283333420753479, "other-related_top3000": 0.925000011920929, "other-related_top4000": 0.8983333110809326, "other-related_top5000": 0.45666661858558655, "other-related_top6000": 0.9050000309944153, "expectedness_top1500": 0.9300000071525574, "expectedness_top2000": 0.9300000071525574, "expectedness_top2500": 0.9266667366027832, "expectedness_top3000": 0.9300000071525574, "expectedness_top4000": 0.9300000071525574, "expectedness_top5000": 0.9300000071525574, "expectedness_top6000": 0.9183333516120911, "non-novelty_top1500": 0.9333333969116211, "non-novelty_top2000": 0.9316666722297668, "non-novelty_top2500": 0.9316666722297668, "non-novelty_top3000": 0.9333333969116211, "non-novelty_top4000": 0.9766666889190674, "non-novelty_top5000": 0.9566666483879089, "non-novelty_top6000": 0.9566666483879089}