{"sentiment": "love", "seed": 13, "arousal_top1500": 0.9266667366027832, "best": 0.960181474685669, "arousal_top2000": 0.9283333420753479, "arousal_top2500": 0.9266666769981384, "arousal_top3000": 0.9266666769981384, "arousal_top4000": 0.925000011920929, "arousal_top5000": 0.85999995470047, "arousal_top6000": 0.8583333492279053, "valence_top1500": 0.9649999737739563, "valence_top2000": 0.9633333683013916, "valence_top2500": 0.9649999737739563, "valence_top3000": 0.9649999737739563, "valence_top4000": 0.8399999737739563, "valence_top5000": 0.8550000190734863, "valence_top6000": 0.7766666412353516, "happy_top1500": 0.9666666984558105, "happy_top2000": 0.9633333683013916, "happy_top2500": 0.871666669845581, "happy_top3000": 0.9150000214576721, "happy_top4000": 0.7116666436195374, "happy_top5000": 0.8800000548362732, "happy_top6000": 0.5516666769981384, "anger_top1500": 0.925000011920929, "anger_top2000": 0.9283333420753479, "anger_top2500": 0.9283333420753479, "anger_top3000": 0.9283333420753479, "anger_top4000": 0.9283333420753479, "anger_top5000": 0.9283333420753479, "anger_top6000": 0.9266667366027832, "sad_top1500": 0.9283333420753479, "sad_top2000": 0.9716666340827942, "sad_top2500": 0.9683334231376648, "sad_top3000": 0.9683334231376648, "sad_top4000": 0.9283333420753479, "sad_top5000": 0.9649999737739563, "sad_top6000": 0.925000011920929, "fear_top1500": 0.9233333468437195, "fear_top2000": 0.925000011920929, "fear_top2500": 0.925000011920929, "fear_top3000": 0.9666666984558105, "fear_top4000": 0.9150000214576721, "fear_top5000": 0.871666669845581, "fear_top6000": 0.8699999451637268, "surprise_top1500": 0.9266667366027832, "surprise_top2000": 0.9700000286102295, "surprise_top2500": 0.9683334231376648, "surprise_top3000": 0.9283333420753479, "surprise_top4000": 0.9633333683013916, "surprise_top5000": 0.9566666483879089, "surprise_top6000": 0.9616667628288269, "disgust_top1500": 0.925000011920929, "disgust_top2000": 0.925000011920929, "disgust_top2500": 0.9266666769981384, "disgust_top3000": 0.9266666769981384, "disgust_top4000": 0.9283333420753479, "disgust_top5000": 0.925000011920929, "disgust_top6000": 0.9266666769981384, "control_top1500": 0.9266666769981384, "control_top2000": 0.9283333420753479, "control_top2500": 0.9266666769981384, "control_top3000": 0.9150000214576721, "control_top4000": 0.9150000214576721, "control_top5000": 0.9100000262260437, "control_top6000": 0.9483333230018616, "fairness_top1500": 0.9666666984558105, "fairness_top2000": 0.9633333683013916, "fairness_top2500": 0.9649999737739563, "fairness_top3000": 0.9633333683013916, "fairness_top4000": 0.9549999833106995, "fairness_top5000": 0.9333333373069763, "fairness_top6000": 0.8983333110809326, "self-related_top1500": 0.925000011920929, "self-related_top2000": 0.925000011920929, "self-related_top2500": 0.925000011920929, "self-related_top3000": 0.925000011920929, "self-related_top4000": 0.9266666769981384, "self-related_top5000": 0.9233333468437195, "self-related_top6000": 0.9266667366027832, "other-related_top1500": 0.925000011920929, "other-related_top2000": 0.9283333420753479, "other-related_top2500": 0.9266666769981384, "other-related_top3000": 0.9283333420753479, "other-related_top4000": 0.925000011920929, "other-related_top5000": 0.7716667056083679, "other-related_top6000": 0.8666666150093079, "expectedness_top1500": 0.9666666984558105, "expectedness_top2000": 0.9266666769981384, "expectedness_top2500": 0.925000011920929, "expectedness_top3000": 0.9200000166893005, "expectedness_top4000": 0.9666666984558105, "expectedness_top5000": 0.9266666769981384, "expectedness_top6000": 0.8800000548362732, "non-novelty_top1500": 0.9233333468437195, "non-novelty_top2000": 0.9283333420753479, "non-novelty_top2500": 0.9266666769981384, "non-novelty_top3000": 0.9266667366027832, "non-novelty_top4000": 0.9700000286102295, "non-novelty_top5000": 0.9683334231376648, "non-novelty_top6000": 0.9616667628288269}