{"sentiment": "love", "seed": 17, "arousal_top1500": 0.9700000286102295, "best": 0.958228349685669, "arousal_top2000": 0.9683333039283752, "arousal_top2500": 0.9683333039283752, "arousal_top3000": 0.9700000286102295, "arousal_top4000": 0.9683333039283752, "arousal_top5000": 0.893333375453949, "arousal_top6000": 0.8449999690055847, "valence_top1500": 0.9683333039283752, "valence_top2000": 0.871666669845581, "valence_top2500": 0.8166666626930237, "valence_top3000": 0.8866665959358215, "valence_top4000": 0.5883333086967468, "valence_top5000": 0.5183333158493042, "valence_top6000": 0.43833330273628235, "happy_top1500": 0.8149999976158142, "happy_top2000": 0.7416666150093079, "happy_top2500": 0.44333329796791077, "happy_top3000": 0.4416666328907013, "happy_top4000": 0.43833330273628235, "happy_top5000": 0.4416666328907013, "happy_top6000": 0.4399999678134918, "anger_top1500": 0.9666666984558105, "anger_top2000": 0.9649999737739563, "anger_top2500": 0.9666666984558105, "anger_top3000": 0.9666666984558105, "anger_top4000": 0.9666666984558105, "anger_top5000": 0.9666666984558105, "anger_top6000": 0.9716666340827942, "sad_top1500": 0.9666666984558105, "sad_top2000": 0.9666666984558105, "sad_top2500": 0.9666666984558105, "sad_top3000": 0.9649999737739563, "sad_top4000": 0.925000011920929, "sad_top5000": 0.9683333039283752, "sad_top6000": 0.9616666436195374, "fear_top1500": 0.9133333563804626, "fear_top2000": 0.9133333563804626, "fear_top2500": 0.9100000262260437, "fear_top3000": 0.9133333563804626, "fear_top4000": 0.9133333563804626, "fear_top5000": 0.8983333706855774, "fear_top6000": 0.9050000309944153, "surprise_top1500": 0.9649999737739563, "surprise_top2000": 0.9633333683013916, "surprise_top2500": 0.9683333039283752, "surprise_top3000": 0.9700000286102295, "surprise_top4000": 0.9683333039283752, "surprise_top5000": 0.9599999785423279, "surprise_top6000": 0.9616666436195374, "disgust_top1500": 0.9666666984558105, "disgust_top2000": 0.9666666984558105, "disgust_top2500": 0.9666666984558105, "disgust_top3000": 0.9666666984558105, "disgust_top4000": 0.9649999737739563, "disgust_top5000": 0.9666666984558105, "disgust_top6000": 0.9683333039283752, "control_top1500": 0.9150000214576721, "control_top2000": 0.9083333015441895, "control_top2500": 0.9033333659172058, "control_top3000": 0.8499999642372131, "control_top4000": 0.8499999642372131, "control_top5000": 0.8050000071525574, "control_top6000": 0.9716666340827942, "fairness_top1500": 0.9683333039283752, "fairness_top2000": 0.9649999737739563, "fairness_top2500": 0.9616666436195374, "fairness_top3000": 0.9649999737739563, "fairness_top4000": 0.9533333778381348, "fairness_top5000": 0.8083333969116211, "fairness_top6000": 0.43833330273628235, "self-related_top1500": 0.9649999737739563, "self-related_top2000": 0.9666666984558105, "self-related_top2500": 0.9683333039283752, "self-related_top3000": 0.9683333039283752, "self-related_top4000": 0.9683333039283752, "self-related_top5000": 0.9683333039283752, "self-related_top6000": 0.9683333039283752, "other-related_top1500": 0.9649999737739563, "other-related_top2000": 0.9666666984558105, "other-related_top2500": 0.9649999737739563, "other-related_top3000": 0.9649999737739563, "other-related_top4000": 0.9166666865348816, "other-related_top5000": 0.8983333110809326, "other-related_top6000": 0.9433333277702332, "expectedness_top1500": 0.9683333039283752, "expectedness_top2000": 0.9649999737739563, "expectedness_top2500": 0.9566667079925537, "expectedness_top3000": 0.9050000309944153, "expectedness_top4000": 0.9633333683013916, "expectedness_top5000": 0.9100000262260437, "expectedness_top6000": 0.9483333230018616, "non-novelty_top1500": 0.9583333134651184, "non-novelty_top2000": 0.9649999737739563, "non-novelty_top2500": 0.9666666984558105, "non-novelty_top3000": 0.9649999737739563, "non-novelty_top4000": 0.9549999833106995, "non-novelty_top5000": 0.9516666531562805, "non-novelty_top6000": 0.9116666913032532}