{"sentiment": "love", "seed": 1, "arousal_top1500": 0.9616666436195374, "best": 0.946068525314331, "arousal_top2000": 0.9133333563804626, "arousal_top2500": 0.9200000166893005, "arousal_top3000": 0.9666666984558105, "arousal_top4000": 0.9683333039283752, "arousal_top5000": 0.9066666960716248, "arousal_top6000": 0.6383333802223206, "valence_top1500": 0.9466666579246521, "valence_top2000": 0.9050000309944153, "valence_top2500": 0.9033333659172058, "valence_top3000": 0.9083333015441895, "valence_top4000": 0.9483333230018616, "valence_top5000": 0.9516666531562805, "valence_top6000": 0.9649999737739563, "happy_top1500": 0.9083333611488342, "happy_top2000": 0.9500000476837158, "happy_top2500": 0.9166666865348816, "happy_top3000": 0.9549999833106995, "happy_top4000": 0.9133333563804626, "happy_top5000": 0.9283333420753479, "happy_top6000": 0.7350000739097595, "anger_top1500": 0.9583333134651184, "anger_top2000": 0.9649999737739563, "anger_top2500": 0.9666666984558105, "anger_top3000": 0.9666666984558105, "anger_top4000": 0.9666666984558105, "anger_top5000": 0.9666666984558105, "anger_top6000": 0.9616666436195374, "sad_top1500": 0.9633333683013916, "sad_top2000": 0.9649999737739563, "sad_top2500": 0.9666666984558105, "sad_top3000": 0.9649999737739563, "sad_top4000": 0.9666666984558105, "sad_top5000": 0.9583333134651184, "sad_top6000": 0.9433333277702332, "fear_top1500": 0.9566667079925537, "fear_top2000": 0.9533333778381348, "fear_top2500": 0.9533333778381348, "fear_top3000": 0.9533333778381348, "fear_top4000": 0.9500000476837158, "fear_top5000": 0.9583333134651184, "fear_top6000": 0.9600000381469727, "surprise_top1500": 0.9583333134651184, "surprise_top2000": 0.9633333683013916, "surprise_top2500": 0.9633333683013916, "surprise_top3000": 0.9616666436195374, "surprise_top4000": 0.9633333683013916, "surprise_top5000": 0.9633333683013916, "surprise_top6000": 0.9516666531562805, "disgust_top1500": 0.9566667079925537, "disgust_top2000": 0.9633333683013916, "disgust_top2500": 0.9649999737739563, "disgust_top3000": 0.9649999737739563, "disgust_top4000": 0.9666666984558105, "disgust_top5000": 0.9566667079925537, "disgust_top6000": 0.9549999833106995, "control_top1500": 0.9666666984558105, "control_top2000": 0.9666666984558105, "control_top2500": 0.9600000381469727, "control_top3000": 0.9649999737739563, "control_top4000": 0.9549999833106995, "control_top5000": 0.9516666531562805, "control_top6000": 0.940000057220459, "fairness_top1500": 0.9600000381469727, "fairness_top2000": 0.9633333683013916, "fairness_top2500": 0.9649999737739563, "fairness_top3000": 0.9616666436195374, "fairness_top4000": 0.9549999833106995, "fairness_top5000": 0.9033333659172058, "fairness_top6000": 0.7366666793823242, "self-related_top1500": 0.9616666436195374, "self-related_top2000": 0.9616666436195374, "self-related_top2500": 0.9616666436195374, "self-related_top3000": 0.9616666436195374, "self-related_top4000": 0.9616666436195374, "self-related_top5000": 0.9633333683013916, "self-related_top6000": 0.9666666984558105, "other-related_top1500": 0.9000000357627869, "other-related_top2000": 0.9000000357627869, "other-related_top2500": 0.8983333706855774, "other-related_top3000": 0.8916666507720947, "other-related_top4000": 0.8633332848548889, "other-related_top5000": 0.44999995827674866, "other-related_top6000": 0.7883333563804626, "expectedness_top1500": 0.9033333659172058, "expectedness_top2000": 0.9016666412353516, "expectedness_top2500": 0.89000004529953, "expectedness_top3000": 0.9000000357627869, "expectedness_top4000": 0.9150000214576721, "expectedness_top5000": 0.9133333563804626, "expectedness_top6000": 0.9583333134651184, "non-novelty_top1500": 0.9100000262260437, "non-novelty_top2000": 0.9549999833106995, "non-novelty_top2500": 0.9133333563804626, "non-novelty_top3000": 0.9150000214576721, "non-novelty_top4000": 0.9616666436195374, "non-novelty_top5000": 0.9666666984558105, "non-novelty_top6000": 0.9666666984558105}