{"sentiment": "nervousness", "seed": 5, "arousal_top1500": 0.6428571343421936, "best": 0.6904761791229248, "arousal_top2000": 0.5952380895614624, "arousal_top2500": 0.4761904776096344, "arousal_top3000": 0.5, "arousal_top4000": 0.5, "arousal_top5000": 0.5, "arousal_top6000": 0.5, "valence_top1500": 0.5, "valence_top2000": 0.5, "valence_top2500": 0.4761904776096344, "valence_top3000": 0.5, "valence_top4000": 0.5, "valence_top5000": 0.5, "valence_top6000": 0.5, "happy_top1500": 0.5, "happy_top2000": 0.5, "happy_top2500": 0.5, "happy_top3000": 0.5, "happy_top4000": 0.5, "happy_top5000": 0.5, "happy_top6000": 0.5, "anger_top1500": 0.6190476417541504, "anger_top2000": 0.5, "anger_top2500": 0.4761904776096344, "anger_top3000": 0.5, "anger_top4000": 0.4047619104385376, "anger_top5000": 0.3333333432674408, "anger_top6000": 0.3095238208770752, "sad_top1500": 0.5, "sad_top2000": 0.5, "sad_top2500": 0.5, "sad_top3000": 0.4761904776096344, "sad_top4000": 0.5714285969734192, "sad_top5000": 0.4761904776096344, "sad_top6000": 0.4761904776096344, "fear_top1500": 0.5, "fear_top2000": 0.523809552192688, "fear_top2500": 0.5952380895614624, "fear_top3000": 0.380952388048172, "fear_top4000": 0.5, "fear_top5000": 0.5, "fear_top6000": 0.5, "surprise_top1500": 0.523809552192688, "surprise_top2000": 0.4761904776096344, "surprise_top2500": 0.5476190447807312, "surprise_top3000": 0.4047619104385376, "surprise_top4000": 0.4761904776096344, "surprise_top5000": 0.3571428656578064, "surprise_top6000": 0.5, "disgust_top1500": 0.5476190447807312, "disgust_top2000": 0.523809552192688, "disgust_top2500": 0.523809552192688, "disgust_top3000": 0.523809552192688, "disgust_top4000": 0.4047619104385376, "disgust_top5000": 0.5, "disgust_top6000": 0.380952388048172, "control_top1500": 0.5, "control_top2000": 0.5, "control_top2500": 0.5, "control_top3000": 0.5, "control_top4000": 0.5, "control_top5000": 0.5, "control_top6000": 0.5714285969734192, "fairness_top1500": 0.4761904776096344, "fairness_top2000": 0.4761904776096344, "fairness_top2500": 0.523809552192688, "fairness_top3000": 0.5, "fairness_top4000": 0.5, "fairness_top5000": 0.523809552192688, "fairness_top6000": 0.5, "self-related_top1500": 0.5476190447807312, "self-related_top2000": 0.523809552192688, "self-related_top2500": 0.5714285969734192, "self-related_top3000": 0.523809552192688, "self-related_top4000": 0.523809552192688, "self-related_top5000": 0.5, "self-related_top6000": 0.5, "other-related_top1500": 0.5, "other-related_top2000": 0.5, "other-related_top2500": 0.5, "other-related_top3000": 0.5, "other-related_top4000": 0.5, "other-related_top5000": 0.4761904776096344, "other-related_top6000": 0.5, "expectedness_top1500": 0.5476190447807312, "expectedness_top2000": 0.5, "expectedness_top2500": 0.5, "expectedness_top3000": 0.5, "expectedness_top4000": 0.5952380895614624, "expectedness_top5000": 0.5, "expectedness_top6000": 0.5, "non-novelty_top1500": 0.5, "non-novelty_top2000": 0.5, "non-novelty_top2500": 0.5, "non-novelty_top3000": 0.5, "non-novelty_top4000": 0.5, "non-novelty_top5000": 0.5, "non-novelty_top6000": 0.5}