{"sentiment": "nervousness", "seed": 11, "arousal_top1500": 0.738095223903656, "best": 0.8333333134651184, "arousal_top2000": 0.761904776096344, "arousal_top2500": 0.7857142686843872, "arousal_top3000": 0.8095238208770752, "arousal_top4000": 0.7857142686843872, "arousal_top5000": 0.523809552192688, "arousal_top6000": 0.5, "valence_top1500": 0.6428571343421936, "valence_top2000": 0.5, "valence_top2500": 0.5, "valence_top3000": 0.5, "valence_top4000": 0.5, "valence_top5000": 0.5, "valence_top6000": 0.5, "happy_top1500": 0.5, "happy_top2000": 0.5, "happy_top2500": 0.5, "happy_top3000": 0.5, "happy_top4000": 0.5, "happy_top5000": 0.5, "happy_top6000": 0.5, "anger_top1500": 0.8095238208770752, "anger_top2000": 0.5952380895614624, "anger_top2500": 0.523809552192688, "anger_top3000": 0.523809552192688, "anger_top4000": 0.5714285969734192, "anger_top5000": 0.5, "anger_top6000": 0.5, "sad_top1500": 0.6904761791229248, "sad_top2000": 0.761904776096344, "sad_top2500": 0.7142857313156128, "sad_top3000": 0.738095223903656, "sad_top4000": 0.5, "sad_top5000": 0.5, "sad_top6000": 0.5, "fear_top1500": 0.5, "fear_top2000": 0.523809552192688, "fear_top2500": 0.5476190447807312, "fear_top3000": 0.5714285969734192, "fear_top4000": 0.5, "fear_top5000": 0.5, "fear_top6000": 0.5, "surprise_top1500": 0.761904776096344, "surprise_top2000": 0.761904776096344, "surprise_top2500": 0.8095238208770752, "surprise_top3000": 0.7142857313156128, "surprise_top4000": 0.7142857313156128, "surprise_top5000": 0.6428571343421936, "surprise_top6000": 0.6666666865348816, "disgust_top1500": 0.761904776096344, "disgust_top2000": 0.7857142686843872, "disgust_top2500": 0.6190476417541504, "disgust_top3000": 0.8333333134651184, "disgust_top4000": 0.6428571343421936, "disgust_top5000": 0.5, "disgust_top6000": 0.5, "control_top1500": 0.8333333134651184, "control_top2000": 0.8333333134651184, "control_top2500": 0.7857142686843872, "control_top3000": 0.6666666865348816, "control_top4000": 0.6190476417541504, "control_top5000": 0.6904761791229248, "control_top6000": 0.8333333134651184, "fairness_top1500": 0.8333333134651184, "fairness_top2000": 0.523809552192688, "fairness_top2500": 0.523809552192688, "fairness_top3000": 0.5, "fairness_top4000": 0.5, "fairness_top5000": 0.5, "fairness_top6000": 0.5, "self-related_top1500": 0.761904776096344, "self-related_top2000": 0.7857142686843872, "self-related_top2500": 0.7857142686843872, "self-related_top3000": 0.761904776096344, "self-related_top4000": 0.7857142686843872, "self-related_top5000": 0.8095238208770752, "self-related_top6000": 0.8095238208770752, "other-related_top1500": 0.8095238208770752, "other-related_top2000": 0.7857142686843872, "other-related_top2500": 0.7857142686843872, "other-related_top3000": 0.8095238208770752, "other-related_top4000": 0.7857142686843872, "other-related_top5000": 0.6666666865348816, "other-related_top6000": 0.7857142686843872, "expectedness_top1500": 0.7857142686843872, "expectedness_top2000": 0.7857142686843872, "expectedness_top2500": 0.5714285969734192, "expectedness_top3000": 0.5952380895614624, "expectedness_top4000": 0.5952380895614624, "expectedness_top5000": 0.5476190447807312, "expectedness_top6000": 0.5, "non-novelty_top1500": 0.7142857313156128, "non-novelty_top2000": 0.761904776096344, "non-novelty_top2500": 0.7857142686843872, "non-novelty_top3000": 0.6666666865348816, "non-novelty_top4000": 0.5, "non-novelty_top5000": 0.5, "non-novelty_top6000": 0.5}