{"sentiment": "optimism", "seed": 100, "arousal_top1500": 0.8357778787612915, "best": 0.8460407257080078, "arousal_top2000": 0.8377777934074402, "arousal_top2500": 0.8097778558731079, "arousal_top3000": 0.7288888692855835, "arousal_top4000": 0.6088888645172119, "arousal_top5000": 0.558888852596283, "arousal_top6000": 0.5648888349533081, "valence_top1500": 0.7402222752571106, "valence_top2000": 0.753333330154419, "valence_top2500": 0.8135555386543274, "valence_top3000": 0.835777759552002, "valence_top4000": 0.8155555725097656, "valence_top5000": 0.8017778396606445, "valence_top6000": 0.7477777600288391, "happy_top1500": 0.7824444770812988, "happy_top2000": 0.7995555996894836, "happy_top2500": 0.8206666707992554, "happy_top3000": 0.7237777709960938, "happy_top4000": 0.7317777872085571, "happy_top5000": 0.6657778024673462, "happy_top6000": 0.6508888602256775, "anger_top1500": 0.8537777662277222, "anger_top2000": 0.8477777242660522, "anger_top2500": 0.8728889226913452, "anger_top3000": 0.8517777323722839, "anger_top4000": 0.870888888835907, "anger_top5000": 0.8377777934074402, "anger_top6000": 0.8257778286933899, "sad_top1500": 0.835777759552002, "sad_top2000": 0.8177778124809265, "sad_top2500": 0.8117777705192566, "sad_top3000": 0.8157777786254883, "sad_top4000": 0.7397777438163757, "sad_top5000": 0.7288888692855835, "sad_top6000": 0.7328888773918152, "fear_top1500": 0.8226667642593384, "fear_top2000": 0.8457778096199036, "fear_top2500": 0.8286666870117188, "fear_top3000": 0.8386666178703308, "fear_top4000": 0.7775555849075317, "fear_top5000": 0.6297777891159058, "fear_top6000": 0.6811110973358154, "surprise_top1500": 0.8688888549804688, "surprise_top2000": 0.8217778205871582, "surprise_top2500": 0.8377777934074402, "surprise_top3000": 0.8437778353691101, "surprise_top4000": 0.7668889164924622, "surprise_top5000": 0.7488889098167419, "surprise_top6000": 0.7128888964653015, "disgust_top1500": 0.8517777323722839, "disgust_top2000": 0.8537777662277222, "disgust_top2500": 0.8668888807296753, "disgust_top3000": 0.8537777662277222, "disgust_top4000": 0.8477778434753418, "disgust_top5000": 0.8597778081893921, "disgust_top6000": 0.8288888931274414, "control_top1500": 0.8608888387680054, "control_top2000": 0.8417778015136719, "control_top2500": 0.6668888330459595, "control_top3000": 0.48222222924232483, "control_top4000": 0.5373333692550659, "control_top5000": 0.5575555562973022, "control_top6000": 0.7817777991294861, "fairness_top1500": 0.8526666760444641, "fairness_top2000": 0.846666693687439, "fairness_top2500": 0.8517777323722839, "fairness_top3000": 0.8317777514457703, "fairness_top4000": 0.8137778043746948, "fairness_top5000": 0.8046666979789734, "fairness_top6000": 0.7646666765213013, "self-related_top1500": 0.8557777404785156, "self-related_top2000": 0.8597778081893921, "self-related_top2500": 0.8557777404785156, "self-related_top3000": 0.8517777323722839, "self-related_top4000": 0.8397778272628784, "self-related_top5000": 0.8137778043746948, "self-related_top6000": 0.7968888878822327, "other-related_top1500": 0.8386667370796204, "other-related_top2000": 0.8297778367996216, "other-related_top2500": 0.8057778477668762, "other-related_top3000": 0.7668889164924622, "other-related_top4000": 0.8226666450500488, "other-related_top5000": 0.5457777380943298, "other-related_top6000": 0.558888852596283, "expectedness_top1500": 0.835777759552002, "expectedness_top2000": 0.8337777853012085, "expectedness_top2500": 0.8168889284133911, "expectedness_top3000": 0.8108888864517212, "expectedness_top4000": 0.8088889122009277, "expectedness_top5000": 0.8177777528762817, "expectedness_top6000": 0.7935555577278137, "non-novelty_top1500": 0.8557777404785156, "non-novelty_top2000": 0.8546665906906128, "non-novelty_top2500": 0.8537777662277222, "non-novelty_top3000": 0.8577777743339539, "non-novelty_top4000": 0.8237777948379517, "non-novelty_top5000": 0.8157777786254883, "non-novelty_top6000": 0.7808889150619507}