{"sentiment": "optimism", "seed": 19, "arousal_top1500": 0.8648889660835266, "best": 0.8695987462997437, "arousal_top2000": 0.8700000643730164, "arousal_top2500": 0.8700000643730164, "arousal_top3000": 0.8539999723434448, "arousal_top4000": 0.7128888368606567, "arousal_top5000": 0.5497778058052063, "arousal_top6000": 0.6108888983726501, "valence_top1500": 0.821555495262146, "valence_top2000": 0.8526666760444641, "valence_top2500": 0.8526666760444641, "valence_top3000": 0.8366667032241821, "valence_top4000": 0.863777756690979, "valence_top5000": 0.8577777743339539, "valence_top6000": 0.8568889498710632, "happy_top1500": 0.7924444079399109, "happy_top2000": 0.7944444417953491, "happy_top2500": 0.8657777905464172, "happy_top3000": 0.8648889660835266, "happy_top4000": 0.8255555033683777, "happy_top5000": 0.8088889122009277, "happy_top6000": 0.8477778434753418, "anger_top1500": 0.8757778406143188, "anger_top2000": 0.8617777824401855, "anger_top2500": 0.8497778177261353, "anger_top3000": 0.8537777662277222, "anger_top4000": 0.8437778353691101, "anger_top5000": 0.8377777934074402, "anger_top6000": 0.8337777853012085, "sad_top1500": 0.8508888483047485, "sad_top2000": 0.8128889203071594, "sad_top2500": 0.8088889122009277, "sad_top3000": 0.7708889245986938, "sad_top4000": 0.7688888907432556, "sad_top5000": 0.6028888821601868, "sad_top6000": 0.5957777500152588, "fear_top1500": 0.8386667370796204, "fear_top2000": 0.7522222399711609, "fear_top2500": 0.8315555453300476, "fear_top3000": 0.8577777743339539, "fear_top4000": 0.5606666803359985, "fear_top5000": 0.52955561876297, "fear_top6000": 0.5084444284439087, "surprise_top1500": 0.8608888387680054, "surprise_top2000": 0.8348888158798218, "surprise_top2500": 0.8368889093399048, "surprise_top3000": 0.8368889093399048, "surprise_top4000": 0.7728888988494873, "surprise_top5000": 0.7408888936042786, "surprise_top6000": 0.6828888654708862, "disgust_top1500": 0.8557778596878052, "disgust_top2000": 0.8677778244018555, "disgust_top2500": 0.8637778162956238, "disgust_top3000": 0.8588889241218567, "disgust_top4000": 0.8539999723434448, "disgust_top5000": 0.8739999532699585, "disgust_top6000": 0.8308889269828796, "control_top1500": 0.8368889093399048, "control_top2000": 0.8357778787612915, "control_top2500": 0.6166666746139526, "control_top3000": 0.5955556035041809, "control_top4000": 0.5464444756507874, "control_top5000": 0.5846666693687439, "control_top6000": 0.7917777895927429, "fairness_top1500": 0.8657777905464172, "fairness_top2000": 0.8628889322280884, "fairness_top2500": 0.8648889660835266, "fairness_top3000": 0.8668888807296753, "fairness_top4000": 0.8568889498710632, "fairness_top5000": 0.8277777433395386, "fairness_top6000": 0.8206666707992554, "self-related_top1500": 0.888888955116272, "self-related_top2000": 0.888888955116272, "self-related_top2500": 0.8717778325080872, "self-related_top3000": 0.8737778663635254, "self-related_top4000": 0.8808889389038086, "self-related_top5000": 0.870888888835907, "self-related_top6000": 0.8508888483047485, "other-related_top1500": 0.8728889226913452, "other-related_top2000": 0.8788889050483704, "other-related_top2500": 0.8608888387680054, "other-related_top3000": 0.8700000643730164, "other-related_top4000": 0.8657777905464172, "other-related_top5000": 0.46533337235450745, "other-related_top6000": 0.45399999618530273, "expectedness_top1500": 0.8680000305175781, "expectedness_top2000": 0.8680000305175781, "expectedness_top2500": 0.8300000429153442, "expectedness_top3000": 0.8140000104904175, "expectedness_top4000": 0.7708889245986938, "expectedness_top5000": 0.8200000524520874, "expectedness_top6000": 0.8237777948379517, "non-novelty_top1500": 0.8757777214050293, "non-novelty_top2000": 0.8706666827201843, "non-novelty_top2500": 0.8606666326522827, "non-novelty_top3000": 0.8717777132987976, "non-novelty_top4000": 0.870888888835907, "non-novelty_top5000": 0.8488889932632446, "non-novelty_top6000": 0.8488889932632446}