{"sentiment": "optimism", "seed": 17, "arousal_top1500": 0.8246666789054871, "best": 0.8411217331886292, "arousal_top2000": 0.8175555467605591, "arousal_top2500": 0.8277778625488281, "arousal_top3000": 0.8188888430595398, "arousal_top4000": 0.7708889245986938, "arousal_top5000": 0.7208889126777649, "arousal_top6000": 0.6859999895095825, "valence_top1500": 0.7562222480773926, "valence_top2000": 0.6346666812896729, "valence_top2500": 0.6948889493942261, "valence_top3000": 0.67377769947052, "valence_top4000": 0.43400001525878906, "valence_top5000": 0.43199998140335083, "valence_top6000": 0.43199998140335083, "happy_top1500": 0.6337777972221375, "happy_top2000": 0.5655555725097656, "happy_top2500": 0.43199998140335083, "happy_top3000": 0.5264444947242737, "happy_top4000": 0.43199998140335083, "happy_top5000": 0.43199998140335083, "happy_top6000": 0.43199998140335083, "anger_top1500": 0.8237778544425964, "anger_top2000": 0.7773333191871643, "anger_top2500": 0.7955554723739624, "anger_top3000": 0.7673333883285522, "anger_top4000": 0.7753332853317261, "anger_top5000": 0.7644444704055786, "anger_top6000": 0.7664443850517273, "sad_top1500": 0.820888876914978, "sad_top2000": 0.8028888702392578, "sad_top2500": 0.8248888850212097, "sad_top3000": 0.838888943195343, "sad_top4000": 0.7026666402816772, "sad_top5000": 0.6966666579246521, "sad_top6000": 0.7077777981758118, "fear_top1500": 0.6277777552604675, "fear_top2000": 0.4480000138282776, "fear_top2500": 0.4700000286102295, "fear_top3000": 0.4811111390590668, "fear_top4000": 0.4551111161708832, "fear_top5000": 0.43800002336502075, "fear_top6000": 0.43199998140335083, "surprise_top1500": 0.8368889093399048, "surprise_top2000": 0.822888970375061, "surprise_top2500": 0.820888876914978, "surprise_top3000": 0.8288888931274414, "surprise_top4000": 0.792888879776001, "surprise_top5000": 0.7528888583183289, "surprise_top6000": 0.7459999918937683, "disgust_top1500": 0.8348888158798218, "disgust_top2000": 0.8166667222976685, "disgust_top2500": 0.7995554804801941, "disgust_top3000": 0.8086667060852051, "disgust_top4000": 0.7733333110809326, "disgust_top5000": 0.7733333706855774, "disgust_top6000": 0.7775555849075317, "control_top1500": 0.7948888540267944, "control_top2000": 0.7848888635635376, "control_top2500": 0.8188888430595398, "control_top3000": 0.8026666641235352, "control_top4000": 0.6977777481079102, "control_top5000": 0.723111093044281, "control_top6000": 0.7371110916137695, "fairness_top1500": 0.7904444932937622, "fairness_top2000": 0.7773333787918091, "fairness_top2500": 0.8006666898727417, "fairness_top3000": 0.8006666302680969, "fairness_top4000": 0.6859999895095825, "fairness_top5000": 0.6226666569709778, "fairness_top6000": 0.43199998140335083, "self-related_top1500": 0.8246666789054871, "self-related_top2000": 0.8246666789054871, "self-related_top2500": 0.8226666450500488, "self-related_top3000": 0.8166667222976685, "self-related_top4000": 0.8226667642593384, "self-related_top5000": 0.8357778787612915, "self-related_top6000": 0.8308889269828796, "other-related_top1500": 0.8257778286933899, "other-related_top2000": 0.8348888158798218, "other-related_top2500": 0.8148889541625977, "other-related_top3000": 0.8108888864517212, "other-related_top4000": 0.8188888430595398, "other-related_top5000": 0.4339999556541443, "other-related_top6000": 0.5366666316986084, "expectedness_top1500": 0.8277778625488281, "expectedness_top2000": 0.8266667127609253, "expectedness_top2500": 0.8146666288375854, "expectedness_top3000": 0.7964444160461426, "expectedness_top4000": 0.7975556254386902, "expectedness_top5000": 0.741111159324646, "expectedness_top6000": 0.4611111283302307, "non-novelty_top1500": 0.8275555372238159, "non-novelty_top2000": 0.8346667289733887, "non-novelty_top2500": 0.8417778015136719, "non-novelty_top3000": 0.8257778286933899, "non-novelty_top4000": 0.6748888492584229, "non-novelty_top5000": 0.7242221832275391, "non-novelty_top6000": 0.7413333654403687}