{"sentiment": "optimism", "seed": 15, "arousal_top1500": 0.839555561542511, "best": 0.8493200540542603, "arousal_top2000": 0.8275555372238159, "arousal_top2500": 0.8457778096199036, "arousal_top3000": 0.7628888487815857, "arousal_top4000": 0.641777753829956, "arousal_top5000": 0.5777777433395386, "arousal_top6000": 0.6977777481079102, "valence_top1500": 0.7511111497879028, "valence_top2000": 0.7651111483573914, "valence_top2500": 0.8144444227218628, "valence_top3000": 0.8255555033683777, "valence_top4000": 0.4793333411216736, "valence_top5000": 0.45222219824790955, "valence_top6000": 0.45222219824790955, "happy_top1500": 0.7151111364364624, "happy_top2000": 0.7251111268997192, "happy_top2500": 0.6077777147293091, "happy_top3000": 0.6017777919769287, "happy_top4000": 0.5004444718360901, "happy_top5000": 0.6337777376174927, "happy_top6000": 0.5540000200271606, "anger_top1500": 0.849555492401123, "anger_top2000": 0.8375555872917175, "anger_top2500": 0.8315555453300476, "anger_top3000": 0.8295555114746094, "anger_top4000": 0.8386667370796204, "anger_top5000": 0.830666720867157, "anger_top6000": 0.8257778286933899, "sad_top1500": 0.8346667289733887, "sad_top2000": 0.8217778205871582, "sad_top2500": 0.7926666736602783, "sad_top3000": 0.7946666479110718, "sad_top4000": 0.7497777938842773, "sad_top5000": 0.6797777414321899, "sad_top6000": 0.6277777552604675, "fear_top1500": 0.8226667642593384, "fear_top2000": 0.8335555195808411, "fear_top2500": 0.8375555276870728, "fear_top3000": 0.8335555195808411, "fear_top4000": 0.8246666789054871, "fear_top5000": 0.6397777795791626, "fear_top6000": 0.6417778134346008, "surprise_top1500": 0.8335555195808411, "surprise_top2000": 0.8257778286933899, "surprise_top2500": 0.8266667127609253, "surprise_top3000": 0.8346667289733887, "surprise_top4000": 0.7828888893127441, "surprise_top5000": 0.7448889017105103, "surprise_top6000": 0.6417778134346008, "disgust_top1500": 0.8475555181503296, "disgust_top2000": 0.8375555872917175, "disgust_top2500": 0.8435555696487427, "disgust_top3000": 0.839555561542511, "disgust_top4000": 0.840666651725769, "disgust_top5000": 0.840666651725769, "disgust_top6000": 0.8277777433395386, "control_top1500": 0.776888906955719, "control_top2000": 0.7808889150619507, "control_top2500": 0.7937777638435364, "control_top3000": 0.7666666507720947, "control_top4000": 0.792888879776001, "control_top5000": 0.7768888473510742, "control_top6000": 0.6737777590751648, "fairness_top1500": 0.8133333325386047, "fairness_top2000": 0.8255555033683777, "fairness_top2500": 0.842666745185852, "fairness_top3000": 0.823555588722229, "fairness_top4000": 0.8166667222976685, "fairness_top5000": 0.7757777571678162, "fairness_top6000": 0.6279999613761902, "self-related_top1500": 0.8424444198608398, "self-related_top2000": 0.8404444456100464, "self-related_top2500": 0.8324444890022278, "self-related_top3000": 0.8315555453300476, "self-related_top4000": 0.8386667370796204, "self-related_top5000": 0.8408888578414917, "self-related_top6000": 0.8248888850212097, "other-related_top1500": 0.8546667098999023, "other-related_top2000": 0.8366667032241821, "other-related_top2500": 0.8366667032241821, "other-related_top3000": 0.8428889513015747, "other-related_top4000": 0.804444432258606, "other-related_top5000": 0.54666668176651, "other-related_top6000": 0.5477777719497681, "expectedness_top1500": 0.8577777743339539, "expectedness_top2000": 0.8517777323722839, "expectedness_top2500": 0.8597778081893921, "expectedness_top3000": 0.8286666870117188, "expectedness_top4000": 0.7477777600288391, "expectedness_top5000": 0.7577778100967407, "expectedness_top6000": 0.7726666927337646, "non-novelty_top1500": 0.8455554842948914, "non-novelty_top2000": 0.8364444971084595, "non-novelty_top2500": 0.8415554761886597, "non-novelty_top3000": 0.840666651725769, "non-novelty_top4000": 0.8186666369438171, "non-novelty_top5000": 0.8146666288375854, "non-novelty_top6000": 0.7755556106567383}