{"sentiment": "optimism", "seed": 7, "arousal_top1500": 0.8437777757644653, "best": 0.826702356338501, "arousal_top2000": 0.8266666531562805, "arousal_top2500": 0.746222198009491, "arousal_top3000": 0.764222264289856, "arousal_top4000": 0.820888876914978, "arousal_top5000": 0.6682222485542297, "arousal_top6000": 0.5606666803359985, "valence_top1500": 0.7097777724266052, "valence_top2000": 0.7097777724266052, "valence_top2500": 0.6968888640403748, "valence_top3000": 0.735777735710144, "valence_top4000": 0.7404444813728333, "valence_top5000": 0.4511111378669739, "valence_top6000": 0.4511111378669739, "happy_top1500": 0.7635555267333984, "happy_top2000": 0.6773333549499512, "happy_top2500": 0.6755555868148804, "happy_top3000": 0.6562222242355347, "happy_top4000": 0.46222224831581116, "happy_top5000": 0.44911113381385803, "happy_top6000": 0.4511111378669739, "anger_top1500": 0.8339999914169312, "anger_top2000": 0.804888904094696, "anger_top2500": 0.7908889055252075, "anger_top3000": 0.7668889164924622, "anger_top4000": 0.7668888568878174, "anger_top5000": 0.7408888936042786, "anger_top6000": 0.6768888831138611, "sad_top1500": 0.7988889217376709, "sad_top2000": 0.7848888635635376, "sad_top2500": 0.758888840675354, "sad_top3000": 0.7088888883590698, "sad_top4000": 0.742888867855072, "sad_top5000": 0.6759999990463257, "sad_top6000": 0.5568888783454895, "fear_top1500": 0.6468888521194458, "fear_top2000": 0.6888889074325562, "fear_top2500": 0.6768888831138611, "fear_top3000": 0.6788889169692993, "fear_top4000": 0.7628888487815857, "fear_top5000": 0.7095555067062378, "fear_top6000": 0.6531111001968384, "surprise_top1500": 0.8760000467300415, "surprise_top2000": 0.804888904094696, "surprise_top2500": 0.8248888850212097, "surprise_top3000": 0.8248888850212097, "surprise_top4000": 0.8088889122009277, "surprise_top5000": 0.7548888921737671, "surprise_top6000": 0.72688889503479, "disgust_top1500": 0.8700000643730164, "disgust_top2000": 0.8520000576972961, "disgust_top2500": 0.7948889136314392, "disgust_top3000": 0.7828888893127441, "disgust_top4000": 0.7968888878822327, "disgust_top5000": 0.7524444460868835, "disgust_top6000": 0.7888889312744141, "control_top1500": 0.803777813911438, "control_top2000": 0.7926666736602783, "control_top2500": 0.8157777786254883, "control_top3000": 0.7593333125114441, "control_top4000": 0.7271111607551575, "control_top5000": 0.7282222509384155, "control_top6000": 0.7597777247428894, "fairness_top1500": 0.6708889007568359, "fairness_top2000": 0.5808888673782349, "fairness_top2500": 0.6028888821601868, "fairness_top3000": 0.6908888816833496, "fairness_top4000": 0.6555555462837219, "fairness_top5000": 0.4773333668708801, "fairness_top6000": 0.4511111378669739, "self-related_top1500": 0.8628889322280884, "self-related_top2000": 0.8648889660835266, "self-related_top2500": 0.8628889322280884, "self-related_top3000": 0.8608888387680054, "self-related_top4000": 0.8739999532699585, "self-related_top5000": 0.8408889770507812, "self-related_top6000": 0.820888876914978, "other-related_top1500": 0.8237777948379517, "other-related_top2000": 0.8597777485847473, "other-related_top2500": 0.8648889660835266, "other-related_top3000": 0.8568889498710632, "other-related_top4000": 0.8457778096199036, "other-related_top5000": 0.6828888654708862, "other-related_top6000": 0.5608888864517212, "expectedness_top1500": 0.8266666531562805, "expectedness_top2000": 0.8528888821601868, "expectedness_top2500": 0.8246666789054871, "expectedness_top3000": 0.8286666870117188, "expectedness_top4000": 0.8468888998031616, "expectedness_top5000": 0.7755554914474487, "expectedness_top6000": 0.7775555849075317, "non-novelty_top1500": 0.7915555834770203, "non-novelty_top2000": 0.8426666259765625, "non-novelty_top2500": 0.8115555644035339, "non-novelty_top3000": 0.7904444932937622, "non-novelty_top4000": 0.8117777705192566, "non-novelty_top5000": 0.8420000076293945, "non-novelty_top6000": 0.8220000267028809}