{"sentiment": "optimism", "seed": 42, "arousal_top1500": 0.8657777905464172, "best": 0.8634259700775146, "arousal_top2000": 0.8517778515815735, "arousal_top2500": 0.8337777853012085, "arousal_top3000": 0.8308889269828796, "arousal_top4000": 0.6680000424385071, "arousal_top5000": 0.5600000023841858, "arousal_top6000": 0.5800000429153442, "valence_top1500": 0.7802222967147827, "valence_top2000": 0.8286666870117188, "valence_top2500": 0.81977778673172, "valence_top3000": 0.823555588722229, "valence_top4000": 0.7211111187934875, "valence_top5000": 0.6166666746139526, "valence_top6000": 0.5515555143356323, "happy_top1500": 0.7553333640098572, "happy_top2000": 0.7422221899032593, "happy_top2500": 0.5675555467605591, "happy_top3000": 0.49533334374427795, "happy_top4000": 0.4551111161708832, "happy_top5000": 0.45311111211776733, "happy_top6000": 0.4399999976158142, "anger_top1500": 0.8597777485847473, "anger_top2000": 0.854888916015625, "anger_top2500": 0.8539999723434448, "anger_top3000": 0.8659999966621399, "anger_top4000": 0.8488888740539551, "anger_top5000": 0.800000011920929, "anger_top6000": 0.8260000348091125, "sad_top1500": 0.8448888659477234, "sad_top2000": 0.8008888363838196, "sad_top2500": 0.7760000228881836, "sad_top3000": 0.715999960899353, "sad_top4000": 0.7139999866485596, "sad_top5000": 0.6299999952316284, "sad_top6000": 0.5879999995231628, "fear_top1500": 0.7540000081062317, "fear_top2000": 0.8057777285575867, "fear_top2500": 0.803777813911438, "fear_top3000": 0.757777750492096, "fear_top4000": 0.7184444665908813, "fear_top5000": 0.632888913154602, "fear_top6000": 0.698222279548645, "surprise_top1500": 0.8526666760444641, "surprise_top2000": 0.8457778096199036, "surprise_top2500": 0.8368889093399048, "surprise_top3000": 0.8237777948379517, "surprise_top4000": 0.838888943195343, "surprise_top5000": 0.820888876914978, "surprise_top6000": 0.7720000147819519, "disgust_top1500": 0.8455554842948914, "disgust_top2000": 0.8435555696487427, "disgust_top2500": 0.8457778096199036, "disgust_top3000": 0.854888916015625, "disgust_top4000": 0.854888916015625, "disgust_top5000": 0.8488889932632446, "disgust_top6000": 0.8159999847412109, "control_top1500": 0.7580000162124634, "control_top2000": 0.7688888907432556, "control_top2500": 0.7808889150619507, "control_top3000": 0.6899999976158142, "control_top4000": 0.72688889503479, "control_top5000": 0.7324444651603699, "control_top6000": 0.6000000238418579, "fairness_top1500": 0.8204444050788879, "fairness_top2000": 0.8637778162956238, "fairness_top2500": 0.8313332796096802, "fairness_top3000": 0.8133333325386047, "fairness_top4000": 0.8255555033683777, "fairness_top5000": 0.7542222738265991, "fairness_top6000": 0.5253333449363708, "self-related_top1500": 0.8628889322280884, "self-related_top2000": 0.8628889322280884, "self-related_top2500": 0.8446666598320007, "self-related_top3000": 0.8608888387680054, "self-related_top4000": 0.8326666951179504, "self-related_top5000": 0.8648889660835266, "self-related_top6000": 0.7960000038146973, "other-related_top1500": 0.840666651725769, "other-related_top2000": 0.8486666679382324, "other-related_top2500": 0.8508889079093933, "other-related_top3000": 0.7948889136314392, "other-related_top4000": 0.8068889379501343, "other-related_top5000": 0.5182222127914429, "other-related_top6000": 0.5600000023841858, "expectedness_top1500": 0.8337777853012085, "expectedness_top2000": 0.8477778434753418, "expectedness_top2500": 0.8386667370796204, "expectedness_top3000": 0.8486666679382324, "expectedness_top4000": 0.8286666870117188, "expectedness_top5000": 0.7322221994400024, "expectedness_top6000": 0.7402222752571106, "non-novelty_top1500": 0.825333297252655, "non-novelty_top2000": 0.8273332715034485, "non-novelty_top2500": 0.8364443778991699, "non-novelty_top3000": 0.8062222599983215, "non-novelty_top4000": 0.8148889541625977, "non-novelty_top5000": 0.8317778706550598, "non-novelty_top6000": 0.7917777895927429}