{"sentiment": "optimism", "seed": 9, "arousal_top1500": 0.8557778596878052, "best": 0.8687789440155029, "arousal_top2000": 0.8497778177261353, "arousal_top2500": 0.8620001077651978, "arousal_top3000": 0.8280000686645508, "arousal_top4000": 0.777999997138977, "arousal_top5000": 0.7940000295639038, "arousal_top6000": 0.804888904094696, "valence_top1500": 0.7935555577278137, "valence_top2000": 0.7764444351196289, "valence_top2500": 0.8126667141914368, "valence_top3000": 0.8326666951179504, "valence_top4000": 0.8286666870117188, "valence_top5000": 0.8246666789054871, "valence_top6000": 0.8206666707992554, "happy_top1500": 0.7793333530426025, "happy_top2000": 0.699999988079071, "happy_top2500": 0.765333354473114, "happy_top3000": 0.8286666870117188, "happy_top4000": 0.7935555577278137, "happy_top5000": 0.7988889217376709, "happy_top6000": 0.7866666316986084, "anger_top1500": 0.8606666326522827, "anger_top2000": 0.8606666326522827, "anger_top2500": 0.8606667518615723, "anger_top3000": 0.8486666679382324, "anger_top4000": 0.8526666760444641, "anger_top5000": 0.8437778353691101, "anger_top6000": 0.8537777662277222, "sad_top1500": 0.854888916015625, "sad_top2000": 0.8328889012336731, "sad_top2500": 0.8248888850212097, "sad_top3000": 0.8288888931274414, "sad_top4000": 0.8140000104904175, "sad_top5000": 0.7740000486373901, "sad_top6000": 0.7080000042915344, "fear_top1500": 0.842666745185852, "fear_top2000": 0.846666693687439, "fear_top2500": 0.8326666951179504, "fear_top3000": 0.8286666870117188, "fear_top4000": 0.8248888850212097, "fear_top5000": 0.8306666612625122, "fear_top6000": 0.8286666870117188, "surprise_top1500": 0.865777850151062, "surprise_top2000": 0.8648889660835266, "surprise_top2500": 0.8648889660835266, "surprise_top3000": 0.8648889660835266, "surprise_top4000": 0.822888970375061, "surprise_top5000": 0.7800000309944153, "surprise_top6000": 0.7519999742507935, "disgust_top1500": 0.8666666746139526, "disgust_top2000": 0.8606666326522827, "disgust_top2500": 0.8606666326522827, "disgust_top3000": 0.8566667437553406, "disgust_top4000": 0.858666718006134, "disgust_top5000": 0.8566667437553406, "disgust_top6000": 0.8457778096199036, "control_top1500": 0.8300000429153442, "control_top2000": 0.8240000009536743, "control_top2500": 0.8260000348091125, "control_top3000": 0.7677777409553528, "control_top4000": 0.7304444313049316, "control_top5000": 0.7957777976989746, "control_top6000": 0.793999969959259, "fairness_top1500": 0.8526666760444641, "fairness_top2000": 0.8566667437553406, "fairness_top2500": 0.8426666259765625, "fairness_top3000": 0.805555522441864, "fairness_top4000": 0.730222225189209, "fairness_top5000": 0.7946666479110718, "fairness_top6000": 0.6895555257797241, "self-related_top1500": 0.8617777824401855, "self-related_top2000": 0.8566666841506958, "self-related_top2500": 0.8546667098999023, "self-related_top3000": 0.8546667098999023, "self-related_top4000": 0.8506667017936707, "self-related_top5000": 0.8517777323722839, "self-related_top6000": 0.8588889241218567, "other-related_top1500": 0.8677778244018555, "other-related_top2000": 0.8546667098999023, "other-related_top2500": 0.8546667098999023, "other-related_top3000": 0.8497778177261353, "other-related_top4000": 0.8004444241523743, "other-related_top5000": 0.6406666040420532, "other-related_top6000": 0.5860000252723694, "expectedness_top1500": 0.8468888998031616, "expectedness_top2000": 0.8477777242660522, "expectedness_top2500": 0.835777759552002, "expectedness_top3000": 0.8428888320922852, "expectedness_top4000": 0.8100000619888306, "expectedness_top5000": 0.8157777786254883, "expectedness_top6000": 0.803777813911438, "non-novelty_top1500": 0.8617777824401855, "non-novelty_top2000": 0.8577777743339539, "non-novelty_top2500": 0.8688888549804688, "non-novelty_top3000": 0.8528888821601868, "non-novelty_top4000": 0.8046666979789734, "non-novelty_top5000": 0.8086667060852051, "non-novelty_top6000": 0.8177777528762817}