{"sentiment": "optimism", "seed": 11, "arousal_top1500": 0.8326666951179504, "best": 0.8358410596847534, "arousal_top2000": 0.8448888659477234, "arousal_top2500": 0.8428888320922852, "arousal_top3000": 0.820888876914978, "arousal_top4000": 0.765999972820282, "arousal_top5000": 0.5900000333786011, "arousal_top6000": 0.6039999723434448, "valence_top1500": 0.8184444308280945, "valence_top2000": 0.8104444742202759, "valence_top2500": 0.8084443807601929, "valence_top3000": 0.8075554966926575, "valence_top4000": 0.8095555305480957, "valence_top5000": 0.820888876914978, "valence_top6000": 0.7766666412353516, "happy_top1500": 0.7893333435058594, "happy_top2000": 0.805555522441864, "happy_top2500": 0.8088889122009277, "happy_top3000": 0.7080000042915344, "happy_top4000": 0.6399999856948853, "happy_top5000": 0.5468888878822327, "happy_top6000": 0.5699999928474426, "anger_top1500": 0.8295556306838989, "anger_top2000": 0.8648889660835266, "anger_top2500": 0.8620001077651978, "anger_top3000": 0.8520000576972961, "anger_top4000": 0.8640000224113464, "anger_top5000": 0.8460000157356262, "anger_top6000": 0.8560000658035278, "sad_top1500": 0.8540000915527344, "sad_top2000": 0.8200000524520874, "sad_top2500": 0.8020000457763672, "sad_top3000": 0.8260000348091125, "sad_top4000": 0.7928889393806458, "sad_top5000": 0.6299999952316284, "sad_top6000": 0.5699999928474426, "fear_top1500": 0.8135555386543274, "fear_top2000": 0.8135555386543274, "fear_top2500": 0.8155554533004761, "fear_top3000": 0.8157777786254883, "fear_top4000": 0.7068889141082764, "fear_top5000": 0.5984444618225098, "fear_top6000": 0.5893334150314331, "surprise_top1500": 0.8315555453300476, "surprise_top2000": 0.81977778673172, "surprise_top2500": 0.8328889012336731, "surprise_top3000": 0.843999981880188, "surprise_top4000": 0.7960000038146973, "surprise_top5000": 0.722000002861023, "surprise_top6000": 0.6320000290870667, "disgust_top1500": 0.8435555696487427, "disgust_top2000": 0.839555561542511, "disgust_top2500": 0.8375555276870728, "disgust_top3000": 0.8446666598320007, "disgust_top4000": 0.8488889932632446, "disgust_top5000": 0.8608888387680054, "disgust_top6000": 0.8560000658035278, "control_top1500": 0.7926666140556335, "control_top2000": 0.8379999995231628, "control_top2500": 0.762666642665863, "control_top3000": 0.7315555810928345, "control_top4000": 0.7702222466468811, "control_top5000": 0.7453333735466003, "control_top6000": 0.6840000152587891, "fairness_top1500": 0.8255555033683777, "fairness_top2000": 0.8386667370796204, "fairness_top2500": 0.8368889093399048, "fairness_top3000": 0.820888876914978, "fairness_top4000": 0.8008888363838196, "fairness_top5000": 0.7008889317512512, "fairness_top6000": 0.6028888821601868, "self-related_top1500": 0.8153332471847534, "self-related_top2000": 0.8164443969726562, "self-related_top2500": 0.8284443616867065, "self-related_top3000": 0.8204444050788879, "self-related_top4000": 0.8113332986831665, "self-related_top5000": 0.8619999885559082, "self-related_top6000": 0.8428888320922852, "other-related_top1500": 0.839555561542511, "other-related_top2000": 0.8315555453300476, "other-related_top2500": 0.8426666259765625, "other-related_top3000": 0.8379999995231628, "other-related_top4000": 0.804444432258606, "other-related_top5000": 0.45311111211776733, "other-related_top6000": 0.578000009059906, "expectedness_top1500": 0.8399999737739563, "expectedness_top2000": 0.8319999575614929, "expectedness_top2500": 0.8240000009536743, "expectedness_top3000": 0.8059999346733093, "expectedness_top4000": 0.7820000052452087, "expectedness_top5000": 0.7960000038146973, "expectedness_top6000": 0.765999972820282, "non-novelty_top1500": 0.8164443969726562, "non-novelty_top2000": 0.7862222194671631, "non-novelty_top2500": 0.8164443969726562, "non-novelty_top3000": 0.8315555453300476, "non-novelty_top4000": 0.803777813911438, "non-novelty_top5000": 0.8220000267028809, "non-novelty_top6000": 0.8140000104904175}