{"sentiment": "optimism", "seed": 1, "arousal_top1500": 0.8068889379501343, "best": 0.8329957723617554, "arousal_top2000": 0.7968889474868774, "arousal_top2500": 0.7828888893127441, "arousal_top3000": 0.7888888716697693, "arousal_top4000": 0.7848888635635376, "arousal_top5000": 0.47822222113609314, "arousal_top6000": 0.4351111054420471, "valence_top1500": 0.7622222304344177, "valence_top2000": 0.739111065864563, "valence_top2500": 0.8026666641235352, "valence_top3000": 0.7704445123672485, "valence_top4000": 0.5766666531562805, "valence_top5000": 0.4351111054420471, "valence_top6000": 0.4351111054420471, "happy_top1500": 0.6871111392974854, "happy_top2000": 0.6157777905464172, "happy_top2500": 0.7111111283302307, "happy_top3000": 0.7453333139419556, "happy_top4000": 0.4351111054420471, "happy_top5000": 0.4351111054420471, "happy_top6000": 0.4351111054420471, "anger_top1500": 0.8175555467605591, "anger_top2000": 0.7884443998336792, "anger_top2500": 0.8226667642593384, "anger_top3000": 0.8346667289733887, "anger_top4000": 0.781333327293396, "anger_top5000": 0.8095555305480957, "anger_top6000": 0.8186667561531067, "sad_top1500": 0.8337777853012085, "sad_top2000": 0.8317777514457703, "sad_top2500": 0.8277777433395386, "sad_top3000": 0.835777759552002, "sad_top4000": 0.8046666383743286, "sad_top5000": 0.8057778477668762, "sad_top6000": 0.7808889150619507, "fear_top1500": 0.8277777433395386, "fear_top2000": 0.814666748046875, "fear_top2500": 0.8186667561531067, "fear_top3000": 0.8035556077957153, "fear_top4000": 0.6662222146987915, "fear_top5000": 0.590666651725769, "fear_top6000": 0.6388888955116272, "surprise_top1500": 0.8357778787612915, "surprise_top2000": 0.8317778706550598, "surprise_top2500": 0.8317778706550598, "surprise_top3000": 0.8457778096199036, "surprise_top4000": 0.8286666870117188, "surprise_top5000": 0.8357778787612915, "surprise_top6000": 0.8397777676582336, "disgust_top1500": 0.8357778787612915, "disgust_top2000": 0.8337777853012085, "disgust_top2500": 0.8437777757644653, "disgust_top3000": 0.8417778015136719, "disgust_top4000": 0.765333354473114, "disgust_top5000": 0.6802222728729248, "disgust_top6000": 0.7253333330154419, "control_top1500": 0.7593333125114441, "control_top2000": 0.8097778558731079, "control_top2500": 0.6859999895095825, "control_top3000": 0.5486665964126587, "control_top4000": 0.7797777056694031, "control_top5000": 0.4382222592830658, "control_top6000": 0.4351111352443695, "fairness_top1500": 0.8317777514457703, "fairness_top2000": 0.8337777853012085, "fairness_top2500": 0.8237777948379517, "fairness_top3000": 0.8237777948379517, "fairness_top4000": 0.81977778673172, "fairness_top5000": 0.81977778673172, "fairness_top6000": 0.5515555143356323, "self-related_top1500": 0.8266667127609253, "self-related_top2000": 0.8266667127609253, "self-related_top2500": 0.8286666870117188, "self-related_top3000": 0.8286666870117188, "self-related_top4000": 0.8266667127609253, "self-related_top5000": 0.8397778272628784, "self-related_top6000": 0.8317778706550598, "other-related_top1500": 0.835777759552002, "other-related_top2000": 0.835777759552002, "other-related_top2500": 0.8206666707992554, "other-related_top3000": 0.8297778367996216, "other-related_top4000": 0.6920000314712524, "other-related_top5000": 0.4351111054420471, "other-related_top6000": 0.45222219824790955, "expectedness_top1500": 0.8226666450500488, "expectedness_top2000": 0.7944444417953491, "expectedness_top2500": 0.7633333802223206, "expectedness_top3000": 0.6600000262260437, "expectedness_top4000": 0.6499999761581421, "expectedness_top5000": 0.43711113929748535, "expectedness_top6000": 0.4351111054420471, "non-novelty_top1500": 0.7713333368301392, "non-novelty_top2000": 0.7784444689750671, "non-novelty_top2500": 0.7020000219345093, "non-novelty_top3000": 0.7502222657203674, "non-novelty_top4000": 0.4351111054420471, "non-novelty_top5000": 0.4351111054420471, "non-novelty_top6000": 0.4551111161708832}