{"sentiment": "optimism", "seed": 5, "arousal_top1500": 0.8537777662277222, "best": 0.8440876007080078, "arousal_top2000": 0.8497778177261353, "arousal_top2500": 0.8760000467300415, "arousal_top3000": 0.8040000200271606, "arousal_top4000": 0.6520000100135803, "arousal_top5000": 0.5740000009536743, "arousal_top6000": 0.5779999494552612, "valence_top1500": 0.8086667060852051, "valence_top2000": 0.7191110849380493, "valence_top2500": 0.7835556268692017, "valence_top3000": 0.8086667060852051, "valence_top4000": 0.7573333382606506, "valence_top5000": 0.7553333640098572, "valence_top6000": 0.7260000109672546, "happy_top1500": 0.7242222428321838, "happy_top2000": 0.7162222266197205, "happy_top2500": 0.8297778367996216, "happy_top3000": 0.8200000524520874, "happy_top4000": 0.8024444580078125, "happy_top5000": 0.7199999690055847, "happy_top6000": 0.7440000176429749, "anger_top1500": 0.870888888835907, "anger_top2000": 0.8728889226913452, "anger_top2500": 0.8688888549804688, "anger_top3000": 0.870888888835907, "anger_top4000": 0.8668888211250305, "anger_top5000": 0.8668888807296753, "anger_top6000": 0.8848888278007507, "sad_top1500": 0.8819999694824219, "sad_top2000": 0.8659999966621399, "sad_top2500": 0.8399999737739563, "sad_top3000": 0.8379999995231628, "sad_top4000": 0.7760000228881836, "sad_top5000": 0.6720000505447388, "sad_top6000": 0.6499999761581421, "fear_top1500": 0.8619999885559082, "fear_top2000": 0.8659999966621399, "fear_top2500": 0.8539999723434448, "fear_top3000": 0.8460000157356262, "fear_top4000": 0.8437777757644653, "fear_top5000": 0.7864444851875305, "fear_top6000": 0.5262222290039062, "surprise_top1500": 0.8617777824401855, "surprise_top2000": 0.8479999303817749, "surprise_top2500": 0.8520000576972961, "surprise_top3000": 0.8619999885559082, "surprise_top4000": 0.7599999904632568, "surprise_top5000": 0.6439999938011169, "surprise_top6000": 0.5779999494552612, "disgust_top1500": 0.863777756690979, "disgust_top2000": 0.863777756690979, "disgust_top2500": 0.8728889226913452, "disgust_top3000": 0.8728889226913452, "disgust_top4000": 0.8648889660835266, "disgust_top5000": 0.8628889322280884, "disgust_top6000": 0.8799999952316284, "control_top1500": 0.8640000224113464, "control_top2000": 0.8600000143051147, "control_top2500": 0.8528888821601868, "control_top3000": 0.6884444355964661, "control_top4000": 0.7295554876327515, "control_top5000": 0.7100000381469727, "control_top6000": 0.7279999852180481, "fairness_top1500": 0.8557777404785156, "fairness_top2000": 0.8537777662277222, "fairness_top2500": 0.8768888711929321, "fairness_top3000": 0.8557777404785156, "fairness_top4000": 0.8417778015136719, "fairness_top5000": 0.8360000848770142, "fairness_top6000": 0.8579999804496765, "self-related_top1500": 0.8597777485847473, "self-related_top2000": 0.8728888630867004, "self-related_top2500": 0.8688888549804688, "self-related_top3000": 0.870888888835907, "self-related_top4000": 0.8819999694824219, "self-related_top5000": 0.8799999952316284, "self-related_top6000": 0.8600000143051147, "other-related_top1500": 0.8497776985168457, "other-related_top2000": 0.8588888049125671, "other-related_top2500": 0.8668888807296753, "other-related_top3000": 0.8700000643730164, "other-related_top4000": 0.8517777323722839, "other-related_top5000": 0.5788888931274414, "other-related_top6000": 0.5719999670982361, "expectedness_top1500": 0.8537777662277222, "expectedness_top2000": 0.8608888387680054, "expectedness_top2500": 0.8568889498710632, "expectedness_top3000": 0.8059999346733093, "expectedness_top4000": 0.7199999690055847, "expectedness_top5000": 0.7459999918937683, "expectedness_top6000": 0.7619999647140503, "non-novelty_top1500": 0.8557777404785156, "non-novelty_top2000": 0.8297778367996216, "non-novelty_top2500": 0.81977778673172, "non-novelty_top3000": 0.8457778096199036, "non-novelty_top4000": 0.8520000576972961, "non-novelty_top5000": 0.8739999532699585, "non-novelty_top6000": 0.8379999995231628}