{"sentiment": "pride", "seed": 7, "arousal_top1500": 0.9333333373069763, "best": 0.9666666388511658, "arousal_top2000": 0.8999999761581421, "arousal_top2500": 0.800000011920929, "arousal_top3000": 0.7333333492279053, "arousal_top4000": 0.800000011920929, "arousal_top5000": 0.5, "arousal_top6000": 0.5, "valence_top1500": 0.7333333492279053, "valence_top2000": 0.7333333492279053, "valence_top2500": 0.699999988079071, "valence_top3000": 0.699999988079071, "valence_top4000": 0.7333333492279053, "valence_top5000": 0.7666666507720947, "valence_top6000": 0.7333333492279053, "happy_top1500": 0.699999988079071, "happy_top2000": 0.699999988079071, "happy_top2500": 0.699999988079071, "happy_top3000": 0.6000000238418579, "happy_top4000": 0.5333333611488342, "happy_top5000": 0.800000011920929, "happy_top6000": 0.5333333611488342, "anger_top1500": 0.7666666507720947, "anger_top2000": 0.7333333492279053, "anger_top2500": 0.6666666865348816, "anger_top3000": 0.6666666865348816, "anger_top4000": 0.6333333253860474, "anger_top5000": 0.6000000238418579, "anger_top6000": 0.6000000238418579, "sad_top1500": 0.8333333134651184, "sad_top2000": 0.8333333134651184, "sad_top2500": 0.7666666507720947, "sad_top3000": 0.7333333492279053, "sad_top4000": 0.6000000238418579, "sad_top5000": 0.7666666507720947, "sad_top6000": 0.6000000238418579, "fear_top1500": 0.6666666865348816, "fear_top2000": 0.5666666626930237, "fear_top2500": 0.5333333611488342, "fear_top3000": 0.5666666626930237, "fear_top4000": 0.5333333611488342, "fear_top5000": 0.5, "fear_top6000": 0.5, "surprise_top1500": 0.800000011920929, "surprise_top2000": 0.8333333134651184, "surprise_top2500": 0.800000011920929, "surprise_top3000": 0.7666666507720947, "surprise_top4000": 0.6666666865348816, "surprise_top5000": 0.699999988079071, "surprise_top6000": 0.6666666865348816, "disgust_top1500": 0.8999999761581421, "disgust_top2000": 0.8333333134651184, "disgust_top2500": 0.800000011920929, "disgust_top3000": 0.699999988079071, "disgust_top4000": 0.6000000238418579, "disgust_top5000": 0.5333333611488342, "disgust_top6000": 0.5333333611488342, "control_top1500": 0.699999988079071, "control_top2000": 0.699999988079071, "control_top2500": 0.7333333492279053, "control_top3000": 0.5666666626930237, "control_top4000": 0.5333333611488342, "control_top5000": 0.5666666626930237, "control_top6000": 0.5666666626930237, "fairness_top1500": 0.800000011920929, "fairness_top2000": 0.800000011920929, "fairness_top2500": 0.7666666507720947, "fairness_top3000": 0.7666666507720947, "fairness_top4000": 0.7666666507720947, "fairness_top5000": 0.6333333253860474, "fairness_top6000": 0.6000000238418579, "self-related_top1500": 0.8999999761581421, "self-related_top2000": 0.8999999761581421, "self-related_top2500": 0.800000011920929, "self-related_top3000": 0.800000011920929, "self-related_top4000": 0.7666666507720947, "self-related_top5000": 0.7333333492279053, "self-related_top6000": 0.7333333492279053, "other-related_top1500": 0.8999999761581421, "other-related_top2000": 0.8999999761581421, "other-related_top2500": 0.8666666746139526, "other-related_top3000": 0.8666666746139526, "other-related_top4000": 0.6666666865348816, "other-related_top5000": 0.5666666626930237, "other-related_top6000": 0.5, "expectedness_top1500": 0.7666666507720947, "expectedness_top2000": 0.8666666746139526, "expectedness_top2500": 0.7333333492279053, "expectedness_top3000": 0.7666666507720947, "expectedness_top4000": 0.6666666865348816, "expectedness_top5000": 0.6000000238418579, "expectedness_top6000": 0.5333333611488342, "non-novelty_top1500": 0.7333333492279053, "non-novelty_top2000": 0.699999988079071, "non-novelty_top2500": 0.699999988079071, "non-novelty_top3000": 0.7333333492279053, "non-novelty_top4000": 0.6666666865348816, "non-novelty_top5000": 0.6666666865348816, "non-novelty_top6000": 0.6333333253860474}