{"sentiment": "pride", "seed": 3, "arousal_top1500": 0.7666666507720947, "best": 0.800000011920929, "arousal_top2000": 0.6666666865348816, "arousal_top2500": 0.6333333253860474, "arousal_top3000": 0.7666666507720947, "arousal_top4000": 0.6666666865348816, "arousal_top5000": 0.5666666626930237, "arousal_top6000": 0.5, "valence_top1500": 0.7666666507720947, "valence_top2000": 0.8333333134651184, "valence_top2500": 0.800000011920929, "valence_top3000": 0.800000011920929, "valence_top4000": 0.7666666507720947, "valence_top5000": 0.6000000238418579, "valence_top6000": 0.6000000238418579, "happy_top1500": 0.6333333253860474, "happy_top2000": 0.800000011920929, "happy_top2500": 0.699999988079071, "happy_top3000": 0.699999988079071, "happy_top4000": 0.6000000238418579, "happy_top5000": 0.5, "happy_top6000": 0.5, "anger_top1500": 0.800000011920929, "anger_top2000": 0.7666666507720947, "anger_top2500": 0.7333333492279053, "anger_top3000": 0.7666666507720947, "anger_top4000": 0.7333333492279053, "anger_top5000": 0.6666666865348816, "anger_top6000": 0.699999988079071, "sad_top1500": 0.6333333253860474, "sad_top2000": 0.699999988079071, "sad_top2500": 0.6666666865348816, "sad_top3000": 0.6333333253860474, "sad_top4000": 0.7333333492279053, "sad_top5000": 0.6000000238418579, "sad_top6000": 0.5333333611488342, "fear_top1500": 0.6333333253860474, "fear_top2000": 0.5666666626930237, "fear_top2500": 0.5666666626930237, "fear_top3000": 0.7666666507720947, "fear_top4000": 0.5, "fear_top5000": 0.5, "fear_top6000": 0.5, "surprise_top1500": 0.7666666507720947, "surprise_top2000": 0.6666666865348816, "surprise_top2500": 0.6666666865348816, "surprise_top3000": 0.699999988079071, "surprise_top4000": 0.6666666865348816, "surprise_top5000": 0.6000000238418579, "surprise_top6000": 0.6333333253860474, "disgust_top1500": 0.800000011920929, "disgust_top2000": 0.800000011920929, "disgust_top2500": 0.7666666507720947, "disgust_top3000": 0.7333333492279053, "disgust_top4000": 0.6666666865348816, "disgust_top5000": 0.5666666626930237, "disgust_top6000": 0.699999988079071, "control_top1500": 0.7666666507720947, "control_top2000": 0.7666666507720947, "control_top2500": 0.5, "control_top3000": 0.5, "control_top4000": 0.5, "control_top5000": 0.4333333373069763, "control_top6000": 0.5666666626930237, "fairness_top1500": 0.6000000238418579, "fairness_top2000": 0.699999988079071, "fairness_top2500": 0.6333333253860474, "fairness_top3000": 0.7666666507720947, "fairness_top4000": 0.6666666865348816, "fairness_top5000": 0.7333333492279053, "fairness_top6000": 0.5333333611488342, "self-related_top1500": 0.7666666507720947, "self-related_top2000": 0.7666666507720947, "self-related_top2500": 0.7333333492279053, "self-related_top3000": 0.699999988079071, "self-related_top4000": 0.699999988079071, "self-related_top5000": 0.699999988079071, "self-related_top6000": 0.6000000238418579, "other-related_top1500": 0.7666666507720947, "other-related_top2000": 0.7333333492279053, "other-related_top2500": 0.7333333492279053, "other-related_top3000": 0.7333333492279053, "other-related_top4000": 0.5, "other-related_top5000": 0.5333333611488342, "other-related_top6000": 0.5, "expectedness_top1500": 0.699999988079071, "expectedness_top2000": 0.6666666865348816, "expectedness_top2500": 0.6333333253860474, "expectedness_top3000": 0.6333333253860474, "expectedness_top4000": 0.5666666626930237, "expectedness_top5000": 0.5, "expectedness_top6000": 0.46666666865348816, "non-novelty_top1500": 0.6666666865348816, "non-novelty_top2000": 0.699999988079071, "non-novelty_top2500": 0.6666666865348816, "non-novelty_top3000": 0.6666666865348816, "non-novelty_top4000": 0.6666666865348816, "non-novelty_top5000": 0.6000000238418579, "non-novelty_top6000": 0.5666666626930237}