{"sentiment": "pride", "seed": 5, "arousal_top1500": 0.8666666746139526, "best": 0.8666666746139526, "arousal_top2000": 0.800000011920929, "arousal_top2500": 0.7333333492279053, "arousal_top3000": 0.7333333492279053, "arousal_top4000": 0.699999988079071, "arousal_top5000": 0.7666666507720947, "arousal_top6000": 0.6333333253860474, "valence_top1500": 0.6000000238418579, "valence_top2000": 0.6000000238418579, "valence_top2500": 0.6000000238418579, "valence_top3000": 0.6000000238418579, "valence_top4000": 0.5333333611488342, "valence_top5000": 0.5333333611488342, "valence_top6000": 0.6000000238418579, "happy_top1500": 0.6000000238418579, "happy_top2000": 0.6000000238418579, "happy_top2500": 0.5666666626930237, "happy_top3000": 0.5, "happy_top4000": 0.5, "happy_top5000": 0.5, "happy_top6000": 0.5, "anger_top1500": 0.8999999761581421, "anger_top2000": 0.8999999761581421, "anger_top2500": 0.8666666746139526, "anger_top3000": 0.8999999761581421, "anger_top4000": 0.8333333134651184, "anger_top5000": 0.8333333134651184, "anger_top6000": 0.8666666746139526, "sad_top1500": 0.800000011920929, "sad_top2000": 0.800000011920929, "sad_top2500": 0.800000011920929, "sad_top3000": 0.7333333492279053, "sad_top4000": 0.7333333492279053, "sad_top5000": 0.699999988079071, "sad_top6000": 0.5666666626930237, "fear_top1500": 0.7333333492279053, "fear_top2000": 0.7666666507720947, "fear_top2500": 0.7666666507720947, "fear_top3000": 0.7666666507720947, "fear_top4000": 0.6333333253860474, "fear_top5000": 0.6666666865348816, "fear_top6000": 0.6666666865348816, "surprise_top1500": 0.7666666507720947, "surprise_top2000": 0.6666666865348816, "surprise_top2500": 0.699999988079071, "surprise_top3000": 0.6666666865348816, "surprise_top4000": 0.6666666865348816, "surprise_top5000": 0.6333333253860474, "surprise_top6000": 0.5666666626930237, "disgust_top1500": 0.8333333134651184, "disgust_top2000": 0.8666666746139526, "disgust_top2500": 0.8666666746139526, "disgust_top3000": 0.8666666746139526, "disgust_top4000": 0.7666666507720947, "disgust_top5000": 0.800000011920929, "disgust_top6000": 0.7666666507720947, "control_top1500": 0.8333333134651184, "control_top2000": 0.800000011920929, "control_top2500": 0.7333333492279053, "control_top3000": 0.6333333253860474, "control_top4000": 0.6000000238418579, "control_top5000": 0.6666666865348816, "control_top6000": 0.5, "fairness_top1500": 0.7666666507720947, "fairness_top2000": 0.800000011920929, "fairness_top2500": 0.7333333492279053, "fairness_top3000": 0.7333333492279053, "fairness_top4000": 0.699999988079071, "fairness_top5000": 0.6666666865348816, "fairness_top6000": 0.5, "self-related_top1500": 0.8666666746139526, "self-related_top2000": 0.8333333134651184, "self-related_top2500": 0.8333333134651184, "self-related_top3000": 0.800000011920929, "self-related_top4000": 0.8333333134651184, "self-related_top5000": 0.7666666507720947, "self-related_top6000": 0.7666666507720947, "other-related_top1500": 0.7666666507720947, "other-related_top2000": 0.7666666507720947, "other-related_top2500": 0.8333333134651184, "other-related_top3000": 0.7666666507720947, "other-related_top4000": 0.8333333134651184, "other-related_top5000": 0.5, "other-related_top6000": 0.5, "expectedness_top1500": 0.699999988079071, "expectedness_top2000": 0.699999988079071, "expectedness_top2500": 0.7333333492279053, "expectedness_top3000": 0.6333333253860474, "expectedness_top4000": 0.699999988079071, "expectedness_top5000": 0.699999988079071, "expectedness_top6000": 0.800000011920929, "non-novelty_top1500": 0.8333333134651184, "non-novelty_top2000": 0.7666666507720947, "non-novelty_top2500": 0.7666666507720947, "non-novelty_top3000": 0.7666666507720947, "non-novelty_top4000": 0.800000011920929, "non-novelty_top5000": 0.800000011920929, "non-novelty_top6000": 0.800000011920929}