{"sentiment": "realization", "seed": 100, "arousal_top1500": 0.5295062065124512, "best": 0.6141732335090637, "arousal_top2000": 0.5404937863349915, "arousal_top2500": 0.5893827080726624, "arousal_top3000": 0.6292592287063599, "arousal_top4000": 0.6424691081047058, "arousal_top5000": 0.4456789791584015, "arousal_top6000": 0.42666664719581604, "valence_top1500": 0.49839505553245544, "valence_top2000": 0.49888888001441956, "valence_top2500": 0.5666666626930237, "valence_top3000": 0.5059259533882141, "valence_top4000": 0.5229629874229431, "valence_top5000": 0.6348147988319397, "valence_top6000": 0.5749382376670837, "happy_top1500": 0.45185184478759766, "happy_top2000": 0.42666664719581604, "happy_top2500": 0.43333330750465393, "happy_top3000": 0.45185184478759766, "happy_top4000": 0.42666664719581604, "happy_top5000": 0.42666664719581604, "happy_top6000": 0.42666664719581604, "anger_top1500": 0.6035802364349365, "anger_top2000": 0.6311110854148865, "anger_top2500": 0.6304938197135925, "anger_top3000": 0.6266666650772095, "anger_top4000": 0.597777783870697, "anger_top5000": 0.5808641910552979, "anger_top6000": 0.5201234221458435, "sad_top1500": 0.6333333253860474, "sad_top2000": 0.6299999952316284, "sad_top2500": 0.6333333253860474, "sad_top3000": 0.6338271498680115, "sad_top4000": 0.5277777910232544, "sad_top5000": 0.6066666841506958, "sad_top6000": 0.5701234936714172, "fear_top1500": 0.46086418628692627, "fear_top2000": 0.43617284297943115, "fear_top2500": 0.4328395128250122, "fear_top3000": 0.44234564900398254, "fear_top4000": 0.4328395128250122, "fear_top5000": 0.42666664719581604, "fear_top6000": 0.42666664719581604, "surprise_top1500": 0.49839505553245544, "surprise_top2000": 0.49172839522361755, "surprise_top2500": 0.43333330750465393, "surprise_top3000": 0.42666664719581604, "surprise_top4000": 0.4395061731338501, "surprise_top5000": 0.4328395128250122, "surprise_top6000": 0.42666664719581604, "disgust_top1500": 0.5495061874389648, "disgust_top2000": 0.6320987343788147, "disgust_top2500": 0.6338271498680115, "disgust_top3000": 0.6333333253860474, "disgust_top4000": 0.6233333349227905, "disgust_top5000": 0.429999977350235, "disgust_top6000": 0.5120987892150879, "control_top1500": 0.6101234555244446, "control_top2000": 0.5771605372428894, "control_top2500": 0.5992592573165894, "control_top3000": 0.5039505958557129, "control_top4000": 0.42666664719581604, "control_top5000": 0.5211111307144165, "control_top6000": 0.6299999952316284, "fairness_top1500": 0.550000011920929, "fairness_top2000": 0.5888888835906982, "fairness_top2500": 0.5064197182655334, "fairness_top3000": 0.429999977350235, "fairness_top4000": 0.429999977350235, "fairness_top5000": 0.5017284154891968, "fairness_top6000": 0.4328395128250122, "self-related_top1500": 0.5495061874389648, "self-related_top2000": 0.5628395080566406, "self-related_top2500": 0.5680246949195862, "self-related_top3000": 0.643333375453949, "self-related_top4000": 0.5774074196815491, "self-related_top5000": 0.6134567856788635, "self-related_top6000": 0.6233333349227905, "other-related_top1500": 0.5259259343147278, "other-related_top2000": 0.5187654495239258, "other-related_top2500": 0.5504937767982483, "other-related_top3000": 0.5775308609008789, "other-related_top4000": 0.429999977350235, "other-related_top5000": 0.42666664719581604, "other-related_top6000": 0.4480246603488922, "expectedness_top1500": 0.5074073672294617, "expectedness_top2000": 0.486543208360672, "expectedness_top2500": 0.42666664719581604, "expectedness_top3000": 0.42666664719581604, "expectedness_top4000": 0.42666664719581604, "expectedness_top5000": 0.42666664719581604, "expectedness_top6000": 0.42666664719581604, "non-novelty_top1500": 0.5760493278503418, "non-novelty_top2000": 0.5362963080406189, "non-novelty_top2500": 0.5690123438835144, "non-novelty_top3000": 0.5206173062324524, "non-novelty_top4000": 0.42666664719581604, "non-novelty_top5000": 0.45185184478759766, "non-novelty_top6000": 0.5050617456436157}