{"sentiment": "realization", "seed": 42, "arousal_top1500": 0.43567898869514465, "best": 0.5708661675453186, "arousal_top2000": 0.43567898869514465, "arousal_top2500": 0.43567898869514465, "arousal_top3000": 0.5634567737579346, "arousal_top4000": 0.564320981502533, "arousal_top5000": 0.43567898869514465, "arousal_top6000": 0.43567898869514465, "valence_top1500": 0.43567898869514465, "valence_top2000": 0.43567898869514465, "valence_top2500": 0.4418518543243408, "valence_top3000": 0.4418518543243408, "valence_top4000": 0.43567898869514465, "valence_top5000": 0.43567898869514465, "valence_top6000": 0.43567898869514465, "happy_top1500": 0.45135799050331116, "happy_top2000": 0.44234564900398254, "happy_top2500": 0.4982715845108032, "happy_top3000": 0.43518519401550293, "happy_top4000": 0.43567898869514465, "happy_top5000": 0.43567898869514465, "happy_top6000": 0.43567898869514465, "anger_top1500": 0.43567898869514465, "anger_top2000": 0.4546913206577301, "anger_top2500": 0.5434567928314209, "anger_top3000": 0.5272839665412903, "anger_top4000": 0.5572839379310608, "anger_top5000": 0.5320987701416016, "anger_top6000": 0.43567898869514465, "sad_top1500": 0.5069136023521423, "sad_top2000": 0.5030863881111145, "sad_top2500": 0.49925926327705383, "sad_top3000": 0.4575308561325073, "sad_top4000": 0.5201234221458435, "sad_top5000": 0.542222261428833, "sad_top6000": 0.564320981502533, "fear_top1500": 0.43567898869514465, "fear_top2000": 0.43567898869514465, "fear_top2500": 0.43567898869514465, "fear_top3000": 0.43567898869514465, "fear_top4000": 0.43567898869514465, "fear_top5000": 0.43567898869514465, "fear_top6000": 0.43567898869514465, "surprise_top1500": 0.547283947467804, "surprise_top2000": 0.5229629874229431, "surprise_top2500": 0.43567898869514465, "surprise_top3000": 0.4323456585407257, "surprise_top4000": 0.4385185241699219, "surprise_top5000": 0.4546913206577301, "surprise_top6000": 0.44518518447875977, "disgust_top1500": 0.43567898869514465, "disgust_top2000": 0.45135799050331116, "disgust_top2500": 0.5387654304504395, "disgust_top3000": 0.5562962889671326, "disgust_top4000": 0.5114814639091492, "disgust_top5000": 0.43567898869514465, "disgust_top6000": 0.43567898869514465, "control_top1500": 0.43567898869514465, "control_top2000": 0.43567898869514465, "control_top2500": 0.43567898869514465, "control_top3000": 0.43567898869514465, "control_top4000": 0.43567898869514465, "control_top5000": 0.43567898869514465, "control_top6000": 0.43567898869514465, "fairness_top1500": 0.5204938054084778, "fairness_top2000": 0.5249382853507996, "fairness_top2500": 0.5123456716537476, "fairness_top3000": 0.49296292662620544, "fairness_top4000": 0.42802467942237854, "fairness_top5000": 0.43567898869514465, "fairness_top6000": 0.43567898869514465, "self-related_top1500": 0.5487654209136963, "self-related_top2000": 0.43567898869514465, "self-related_top2500": 0.43567898869514465, "self-related_top3000": 0.43567898869514465, "self-related_top4000": 0.43567898869514465, "self-related_top5000": 0.5553086400032043, "self-related_top6000": 0.5519753098487854, "other-related_top1500": 0.4390123188495636, "other-related_top2000": 0.4888888895511627, "other-related_top2500": 0.5358024835586548, "other-related_top3000": 0.5138271450996399, "other-related_top4000": 0.43567898869514465, "other-related_top5000": 0.44518518447875977, "other-related_top6000": 0.564320981502533, "expectedness_top1500": 0.5519753098487854, "expectedness_top2000": 0.43567898869514465, "expectedness_top2500": 0.5074073672294617, "expectedness_top3000": 0.5432098507881165, "expectedness_top4000": 0.5390123128890991, "expectedness_top5000": 0.4750617444515228, "expectedness_top6000": 0.4390123188495636, "non-novelty_top1500": 0.5476543307304382, "non-novelty_top2000": 0.43567898869514465, "non-novelty_top2500": 0.43567898869514465, "non-novelty_top3000": 0.43567898869514465, "non-novelty_top4000": 0.43567898869514465, "non-novelty_top5000": 0.43567898869514465, "non-novelty_top6000": 0.4583950936794281}