{"sentiment": "realization", "seed": 17, "arousal_top1500": 0.6940740942955017, "best": 0.6929134130477905, "arousal_top2000": 0.6755555272102356, "arousal_top2500": 0.6570370197296143, "arousal_top3000": 0.6683950424194336, "arousal_top4000": 0.6959258913993835, "arousal_top5000": 0.5720987915992737, "arousal_top6000": 0.4456789791584015, "valence_top1500": 0.614814817905426, "valence_top2000": 0.5122222304344177, "valence_top2500": 0.48086419701576233, "valence_top3000": 0.48370373249053955, "valence_top4000": 0.4775308668613434, "valence_top5000": 0.43567898869514465, "valence_top6000": 0.42950618267059326, "happy_top1500": 0.6204938292503357, "happy_top2000": 0.5335802435874939, "happy_top2500": 0.46851852536201477, "happy_top3000": 0.48135802149772644, "happy_top4000": 0.4328395128250122, "happy_top5000": 0.49790120124816895, "happy_top6000": 0.42950618267059326, "anger_top1500": 0.67037034034729, "anger_top2000": 0.5667901039123535, "anger_top2500": 0.5881481170654297, "anger_top3000": 0.5971605181694031, "anger_top4000": 0.5592592358589172, "anger_top5000": 0.565432071685791, "anger_top6000": 0.5274074077606201, "sad_top1500": 0.6261727809906006, "sad_top2000": 0.6437036991119385, "sad_top2500": 0.6551852226257324, "sad_top3000": 0.6371605396270752, "sad_top4000": 0.566419780254364, "sad_top5000": 0.6722221970558167, "sad_top6000": 0.6529629826545715, "fear_top1500": 0.4841975271701813, "fear_top2000": 0.4932098686695099, "fear_top2500": 0.506049394607544, "fear_top3000": 0.5179011821746826, "fear_top4000": 0.44234564900398254, "fear_top5000": 0.42950618267059326, "fear_top6000": 0.42950618267059326, "surprise_top1500": 0.6485185027122498, "surprise_top2000": 0.6960493922233582, "surprise_top2500": 0.5901234745979309, "surprise_top3000": 0.537407398223877, "surprise_top4000": 0.5369135737419128, "surprise_top5000": 0.5811111330986023, "surprise_top6000": 0.4737037122249603, "disgust_top1500": 0.6446914076805115, "disgust_top2000": 0.6413580775260925, "disgust_top2500": 0.5809876322746277, "disgust_top3000": 0.6033332943916321, "disgust_top4000": 0.5882716178894043, "disgust_top5000": 0.5032098889350891, "disgust_top6000": 0.5711111426353455, "control_top1500": 0.6798765063285828, "control_top2000": 0.6783950328826904, "control_top2500": 0.6214814782142639, "control_top3000": 0.49271607398986816, "control_top4000": 0.5174074172973633, "control_top5000": 0.49888885021209717, "control_top6000": 0.6627160906791687, "fairness_top1500": 0.6067901253700256, "fairness_top2000": 0.6176543235778809, "fairness_top2500": 0.6034567952156067, "fairness_top3000": 0.6333333253860474, "fairness_top4000": 0.5430864095687866, "fairness_top5000": 0.4932098686695099, "fairness_top6000": 0.4456789791584015, "self-related_top1500": 0.7007407546043396, "self-related_top2000": 0.6755555272102356, "self-related_top2500": 0.6693827509880066, "self-related_top3000": 0.7069135308265686, "self-related_top4000": 0.6855555176734924, "self-related_top5000": 0.7035802006721497, "self-related_top6000": 0.6897530555725098, "other-related_top1500": 0.6441975235939026, "other-related_top2000": 0.6755555272102356, "other-related_top2500": 0.6783950924873352, "other-related_top3000": 0.6912345886230469, "other-related_top4000": 0.6200000047683716, "other-related_top5000": 0.4256789982318878, "other-related_top6000": 0.6892592310905457, "expectedness_top1500": 0.6907407641410828, "expectedness_top2000": 0.6408641934394836, "expectedness_top2500": 0.6256789565086365, "expectedness_top3000": 0.610987663269043, "expectedness_top4000": 0.6480247378349304, "expectedness_top5000": 0.48370373249053955, "expectedness_top6000": 0.4523456394672394, "non-novelty_top1500": 0.6793827414512634, "non-novelty_top2000": 0.6014814972877502, "non-novelty_top2500": 0.562592625617981, "non-novelty_top3000": 0.5440740585327148, "non-novelty_top4000": 0.4708641767501831, "non-novelty_top5000": 0.4456789791584015, "non-novelty_top6000": 0.43567898869514465}