{"sentiment": "realization", "seed": 1, "arousal_top1500": 0.526913583278656, "best": 0.6102362275123596, "arousal_top2000": 0.5387654304504395, "arousal_top2500": 0.5372839570045471, "arousal_top3000": 0.5635802149772644, "arousal_top4000": 0.5706172585487366, "arousal_top5000": 0.5429629683494568, "arousal_top6000": 0.43567898869514465, "valence_top1500": 0.44518518447875977, "valence_top2000": 0.43567898869514465, "valence_top2500": 0.48987653851509094, "valence_top3000": 0.43567898869514465, "valence_top4000": 0.43567898869514465, "valence_top5000": 0.43567898869514465, "valence_top6000": 0.5083950757980347, "happy_top1500": 0.43567898869514465, "happy_top2000": 0.43567898869514465, "happy_top2500": 0.43567898869514465, "happy_top3000": 0.4256789982318878, "happy_top4000": 0.43518519401550293, "happy_top5000": 0.43567898869514465, "happy_top6000": 0.43567898869514465, "anger_top1500": 0.5577778220176697, "anger_top2000": 0.5497530698776245, "anger_top2500": 0.5676543116569519, "anger_top3000": 0.5617284178733826, "anger_top4000": 0.5009876489639282, "anger_top5000": 0.5217283964157104, "anger_top6000": 0.49851855635643005, "sad_top1500": 0.5341975092887878, "sad_top2000": 0.5538272261619568, "sad_top2500": 0.5228394865989685, "sad_top3000": 0.5411111116409302, "sad_top4000": 0.5353086590766907, "sad_top5000": 0.5529629588127136, "sad_top6000": 0.5596296191215515, "fear_top1500": 0.5304937958717346, "fear_top2000": 0.5648148059844971, "fear_top2500": 0.497283935546875, "fear_top3000": 0.5676543116569519, "fear_top4000": 0.53839510679245, "fear_top5000": 0.4974074065685272, "fear_top6000": 0.4390123188495636, "surprise_top1500": 0.5371604561805725, "surprise_top2000": 0.6027160286903381, "surprise_top2500": 0.5358024835586548, "surprise_top3000": 0.5434567928314209, "surprise_top4000": 0.5264197587966919, "surprise_top5000": 0.5567901134490967, "surprise_top6000": 0.5434567928314209, "disgust_top1500": 0.5155555605888367, "disgust_top2000": 0.5372839570045471, "disgust_top2500": 0.5648148059844971, "disgust_top3000": 0.5564197897911072, "disgust_top4000": 0.5372839570045471, "disgust_top5000": 0.4737037420272827, "disgust_top6000": 0.5124691128730774, "control_top1500": 0.5228394865989685, "control_top2000": 0.5862963199615479, "control_top2500": 0.46654319763183594, "control_top3000": 0.4645678997039795, "control_top4000": 0.4323456585407257, "control_top5000": 0.569753110408783, "control_top6000": 0.4597530663013458, "fairness_top1500": 0.4637037217617035, "fairness_top2000": 0.526913583278656, "fairness_top2500": 0.5107406973838806, "fairness_top3000": 0.49222221970558167, "fairness_top4000": 0.5425925850868225, "fairness_top5000": 0.45851853489875793, "fairness_top6000": 0.43567898869514465, "self-related_top1500": 0.5088889002799988, "self-related_top2000": 0.4641975164413452, "self-related_top2500": 0.4932098686695099, "self-related_top3000": 0.5525925755500793, "self-related_top4000": 0.5606172680854797, "self-related_top5000": 0.5727159976959229, "self-related_top6000": 0.5237037539482117, "other-related_top1500": 0.5434567928314209, "other-related_top2000": 0.5818518996238708, "other-related_top2500": 0.5576543211936951, "other-related_top3000": 0.5611111521720886, "other-related_top4000": 0.5055555701255798, "other-related_top5000": 0.42234566807746887, "other-related_top6000": 0.4593827426433563, "expectedness_top1500": 0.537407398223877, "expectedness_top2000": 0.5711111426353455, "expectedness_top2500": 0.44234564900398254, "expectedness_top3000": 0.45802465081214905, "expectedness_top4000": 0.43567898869514465, "expectedness_top5000": 0.43567898869514465, "expectedness_top6000": 0.43567898869514465, "non-novelty_top1500": 0.4708642065525055, "non-novelty_top2000": 0.4485185146331787, "non-novelty_top2500": 0.43567898869514465, "non-novelty_top3000": 0.43567898869514465, "non-novelty_top4000": 0.43567898869514465, "non-novelty_top5000": 0.43567898869514465, "non-novelty_top6000": 0.43567898869514465}