{"sentiment": "realization", "seed": 5, "arousal_top1500": 0.666543185710907, "best": 0.712598443031311, "arousal_top2000": 0.6637036800384521, "arousal_top2500": 0.6793827414512634, "arousal_top3000": 0.6869135499000549, "arousal_top4000": 0.6832098960876465, "arousal_top5000": 0.5279012322425842, "arousal_top6000": 0.42950618267059326, "valence_top1500": 0.6223456263542175, "valence_top2000": 0.6503703594207764, "valence_top2500": 0.6223456263542175, "valence_top3000": 0.5359259247779846, "valence_top4000": 0.4328395128250122, "valence_top5000": 0.42950618267059326, "valence_top6000": 0.46037039160728455, "happy_top1500": 0.6276543736457825, "happy_top2000": 0.6508641839027405, "happy_top2500": 0.4328395128250122, "happy_top3000": 0.607654333114624, "happy_top4000": 0.6404938697814941, "happy_top5000": 0.47654321789741516, "happy_top6000": 0.42950618267059326, "anger_top1500": 0.7086420059204102, "anger_top2000": 0.708148181438446, "anger_top2500": 0.6948148608207703, "anger_top3000": 0.6838271617889404, "anger_top4000": 0.7062962651252747, "anger_top5000": 0.7067901492118835, "anger_top6000": 0.707777738571167, "sad_top1500": 0.7034568190574646, "sad_top2000": 0.6996296048164368, "sad_top2500": 0.6972839832305908, "sad_top3000": 0.6902468800544739, "sad_top4000": 0.6423457264900208, "sad_top5000": 0.6927160620689392, "sad_top6000": 0.7120987772941589, "fear_top1500": 0.6991357803344727, "fear_top2000": 0.6972839832305908, "fear_top2500": 0.7067901492118835, "fear_top3000": 0.7254320979118347, "fear_top4000": 0.7092592120170593, "fear_top5000": 0.6803703904151917, "fear_top6000": 0.5625925660133362, "surprise_top1500": 0.7048147320747375, "surprise_top2000": 0.708148181438446, "surprise_top2500": 0.7124691009521484, "surprise_top3000": 0.7106173038482666, "surprise_top4000": 0.7091358304023743, "surprise_top5000": 0.6871604919433594, "surprise_top6000": 0.7014815211296082, "disgust_top1500": 0.7039506435394287, "disgust_top2000": 0.7058024406433105, "disgust_top2500": 0.7176544070243835, "disgust_top3000": 0.7109877467155457, "disgust_top4000": 0.7062962651252747, "disgust_top5000": 0.7107407450675964, "disgust_top6000": 0.7072839736938477, "control_top1500": 0.6219753623008728, "control_top2000": 0.6438271999359131, "control_top2500": 0.5592592358589172, "control_top3000": 0.4708641767501831, "control_top4000": 0.4960494041442871, "control_top5000": 0.44234564900398254, "control_top6000": 0.4485185146331787, "fairness_top1500": 0.6949382424354553, "fairness_top2000": 0.7011110782623291, "fairness_top2500": 0.7006173133850098, "fairness_top3000": 0.6944444179534912, "fairness_top4000": 0.657654345035553, "fairness_top5000": 0.6796296238899231, "fairness_top6000": 0.5454320907592773, "self-related_top1500": 0.7244443893432617, "self-related_top2000": 0.7187654376029968, "self-related_top2500": 0.7059259414672852, "self-related_top3000": 0.7154321074485779, "self-related_top4000": 0.70876544713974, "self-related_top5000": 0.7124691009521484, "self-related_top6000": 0.7058024406433105, "other-related_top1500": 0.6675308346748352, "other-related_top2000": 0.6575308442115784, "other-related_top2500": 0.6523457169532776, "other-related_top3000": 0.6485185027122498, "other-related_top4000": 0.537407398223877, "other-related_top5000": 0.5672839283943176, "other-related_top6000": 0.6006173491477966, "expectedness_top1500": 0.6965432167053223, "expectedness_top2000": 0.62913578748703, "expectedness_top2500": 0.6034567952156067, "expectedness_top3000": 0.566419780254364, "expectedness_top4000": 0.5474073886871338, "expectedness_top5000": 0.461357980966568, "expectedness_top6000": 0.4803704023361206, "non-novelty_top1500": 0.6927160620689392, "non-novelty_top2000": 0.6566666960716248, "non-novelty_top2500": 0.6129629611968994, "non-novelty_top3000": 0.6258024573326111, "non-novelty_top4000": 0.5620987415313721, "non-novelty_top5000": 0.5188888907432556, "non-novelty_top6000": 0.4641975164413452}