{"sentiment": "realization", "seed": 9, "arousal_top1500": 0.6604938507080078, "best": 0.712598443031311, "arousal_top2000": 0.6438271999359131, "arousal_top2500": 0.6219753623008728, "arousal_top3000": 0.6755555272102356, "arousal_top4000": 0.6532098650932312, "arousal_top5000": 0.48320984840393066, "arousal_top6000": 0.43617284297943115, "valence_top1500": 0.5530864596366882, "valence_top2000": 0.5155555605888367, "valence_top2500": 0.6535802483558655, "valence_top3000": 0.5801234841346741, "valence_top4000": 0.461357980966568, "valence_top5000": 0.4395061731338501, "valence_top6000": 0.44901230931282043, "happy_top1500": 0.5497530698776245, "happy_top2000": 0.53839510679245, "happy_top2500": 0.47469136118888855, "happy_top3000": 0.4932098686695099, "happy_top4000": 0.46037039160728455, "happy_top5000": 0.4708642065525055, "happy_top6000": 0.44283950328826904, "anger_top1500": 0.7055556178092957, "anger_top2000": 0.6941974759101868, "anger_top2500": 0.6979012489318848, "anger_top3000": 0.7035802006721497, "anger_top4000": 0.6927160620689392, "anger_top5000": 0.6485185623168945, "anger_top6000": 0.5911111235618591, "sad_top1500": 0.6803703904151917, "sad_top2000": 0.7022222876548767, "sad_top2500": 0.6727160811424255, "sad_top3000": 0.704444408416748, "sad_top4000": 0.5958024859428406, "sad_top5000": 0.6606172919273376, "sad_top6000": 0.6449382901191711, "fear_top1500": 0.600493848323822, "fear_top2000": 0.5896296501159668, "fear_top2500": 0.6233333349227905, "fear_top3000": 0.5996296405792236, "fear_top4000": 0.583456814289093, "fear_top5000": 0.4870370626449585, "fear_top6000": 0.45234569907188416, "surprise_top1500": 0.6806173324584961, "surprise_top2000": 0.6724691390991211, "surprise_top2500": 0.6524690985679626, "surprise_top3000": 0.6391357779502869, "surprise_top4000": 0.6386420130729675, "surprise_top5000": 0.5876542925834656, "surprise_top6000": 0.5738271474838257, "disgust_top1500": 0.6448147892951965, "disgust_top2000": 0.6875308156013489, "disgust_top2500": 0.7017284035682678, "disgust_top3000": 0.6922222971916199, "disgust_top4000": 0.6386420130729675, "disgust_top5000": 0.5193827152252197, "disgust_top6000": 0.6319753527641296, "control_top1500": 0.5597531199455261, "control_top2000": 0.5055555701255798, "control_top2500": 0.4775308668613434, "control_top3000": 0.45802465081214905, "control_top4000": 0.4780246913433075, "control_top5000": 0.4785185158252716, "control_top6000": 0.6018518805503845, "fairness_top1500": 0.5607407689094543, "fairness_top2000": 0.5954321026802063, "fairness_top2500": 0.5103704333305359, "fairness_top3000": 0.5075308680534363, "fairness_top4000": 0.506049394607544, "fairness_top5000": 0.45185184478759766, "fairness_top6000": 0.4480246603488922, "self-related_top1500": 0.6381481289863586, "self-related_top2000": 0.5702469348907471, "self-related_top2500": 0.5920987725257874, "self-related_top3000": 0.6409876942634583, "self-related_top4000": 0.6096296310424805, "self-related_top5000": 0.6693827509880066, "self-related_top6000": 0.6987654566764832, "other-related_top1500": 0.5887654423713684, "other-related_top2000": 0.5574074387550354, "other-related_top2500": 0.5887654423713684, "other-related_top3000": 0.5887654423713684, "other-related_top4000": 0.4618518650531769, "other-related_top5000": 0.47555553913116455, "other-related_top6000": 0.5129629969596863, "expectedness_top1500": 0.6343210339546204, "expectedness_top2000": 0.6998765468597412, "expectedness_top2500": 0.6908642649650574, "expectedness_top3000": 0.6751852035522461, "expectedness_top4000": 0.7083950638771057, "expectedness_top5000": 0.647160530090332, "expectedness_top6000": 0.5816049575805664, "non-novelty_top1500": 0.6737037301063538, "non-novelty_top2000": 0.6490123271942139, "non-novelty_top2500": 0.6518518328666687, "non-novelty_top3000": 0.6408641934394836, "non-novelty_top4000": 0.6435802578926086, "non-novelty_top5000": 0.6560493111610413, "non-novelty_top6000": 0.6418518424034119}