{"sentiment": "realization", "seed": 19, "arousal_top1500": 0.7082715630531311, "best": 0.7007874250411987, "arousal_top2000": 0.7002468705177307, "arousal_top2500": 0.7258024215698242, "arousal_top3000": 0.6466667056083679, "arousal_top4000": 0.6643210053443909, "arousal_top5000": 0.6585184931755066, "arousal_top6000": 0.429999977350235, "valence_top1500": 0.6238271594047546, "valence_top2000": 0.4495061933994293, "valence_top2500": 0.6029629707336426, "valence_top3000": 0.6158024668693542, "valence_top4000": 0.45851850509643555, "valence_top5000": 0.429999977350235, "valence_top6000": 0.429999977350235, "happy_top1500": 0.5222222208976746, "happy_top2000": 0.4495061933994293, "happy_top2500": 0.429999977350235, "happy_top3000": 0.4708642065525055, "happy_top4000": 0.429999977350235, "happy_top5000": 0.429999977350235, "happy_top6000": 0.429999977350235, "anger_top1500": 0.72246915102005, "anger_top2000": 0.736790120601654, "anger_top2500": 0.6843209862709045, "anger_top3000": 0.6738271713256836, "anger_top4000": 0.43518519401550293, "anger_top5000": 0.4390123188495636, "anger_top6000": 0.43617284297943115, "sad_top1500": 0.6981480717658997, "sad_top2000": 0.6838271617889404, "sad_top2500": 0.6824691295623779, "sad_top3000": 0.5749382376670837, "sad_top4000": 0.429999977350235, "sad_top5000": 0.429999977350235, "sad_top6000": 0.4328395128250122, "fear_top1500": 0.47469136118888855, "fear_top2000": 0.429999977350235, "fear_top2500": 0.429999977350235, "fear_top3000": 0.429999977350235, "fear_top4000": 0.429999977350235, "fear_top5000": 0.429999977350235, "fear_top6000": 0.429999977350235, "surprise_top1500": 0.7039506435394287, "surprise_top2000": 0.7229629158973694, "surprise_top2500": 0.7306172847747803, "surprise_top3000": 0.7154321074485779, "surprise_top4000": 0.5844444632530212, "surprise_top5000": 0.4651851952075958, "surprise_top6000": 0.429999977350235, "disgust_top1500": 0.7154321074485779, "disgust_top2000": 0.7334567904472351, "disgust_top2500": 0.714320957660675, "disgust_top3000": 0.6833333373069763, "disgust_top4000": 0.7220987677574158, "disgust_top5000": 0.429999977350235, "disgust_top6000": 0.44901230931282043, "control_top1500": 0.6843209266662598, "control_top2000": 0.6333333253860474, "control_top2500": 0.6853086352348328, "control_top3000": 0.643333375453949, "control_top4000": 0.7624691128730774, "control_top5000": 0.6253086924552917, "control_top6000": 0.5779011845588684, "fairness_top1500": 0.7050617337226868, "fairness_top2000": 0.6738271713256836, "fairness_top2500": 0.7234567999839783, "fairness_top3000": 0.6551851630210876, "fairness_top4000": 0.6186420321464539, "fairness_top5000": 0.6937037110328674, "fairness_top6000": 0.42950618267059326, "self-related_top1500": 0.7139506340026855, "self-related_top2000": 0.6817283630371094, "self-related_top2500": 0.6693827509880066, "self-related_top3000": 0.6745678782463074, "self-related_top4000": 0.7120987772941589, "self-related_top5000": 0.6977777481079102, "self-related_top6000": 0.6871604919433594, "other-related_top1500": 0.6817283630371094, "other-related_top2000": 0.6783950924873352, "other-related_top2500": 0.664197564125061, "other-related_top3000": 0.663209855556488, "other-related_top4000": 0.5759259462356567, "other-related_top5000": 0.46358025074005127, "other-related_top6000": 0.5838271975517273, "expectedness_top1500": 0.6997530460357666, "expectedness_top2000": 0.6959258913993835, "expectedness_top2500": 0.6870370507240295, "expectedness_top3000": 0.614814817905426, "expectedness_top4000": 0.6124691367149353, "expectedness_top5000": 0.429999977350235, "expectedness_top6000": 0.4713580310344696, "non-novelty_top1500": 0.6950616836547852, "non-novelty_top2000": 0.6803703308105469, "non-novelty_top2500": 0.7083950638771057, "non-novelty_top3000": 0.6870370507240295, "non-novelty_top4000": 0.4495061933994293, "non-novelty_top5000": 0.509876549243927, "non-novelty_top6000": 0.5440741181373596}