{"sentiment": "realization", "seed": 3, "arousal_top1500": 0.639012336730957, "best": 0.7047244310379028, "arousal_top2000": 0.6513580679893494, "arousal_top2500": 0.691728413105011, "arousal_top3000": 0.6959258913993835, "arousal_top4000": 0.7062962651252747, "arousal_top5000": 0.45086419582366943, "arousal_top6000": 0.4328395128250122, "valence_top1500": 0.7040740847587585, "valence_top2000": 0.45086419582366943, "valence_top2500": 0.43617284297943115, "valence_top3000": 0.44234564900398254, "valence_top4000": 0.4328395128250122, "valence_top5000": 0.4328395128250122, "valence_top6000": 0.4328395128250122, "happy_top1500": 0.5958024859428406, "happy_top2000": 0.5891358256340027, "happy_top2500": 0.5877777934074402, "happy_top3000": 0.5492592453956604, "happy_top4000": 0.4328395128250122, "happy_top5000": 0.4737037122249603, "happy_top6000": 0.4328395128250122, "anger_top1500": 0.7120987772941589, "anger_top2000": 0.7164197564125061, "anger_top2500": 0.714938223361969, "anger_top3000": 0.71160489320755, "anger_top4000": 0.7069136500358582, "anger_top5000": 0.68123459815979, "anger_top6000": 0.6783950924873352, "sad_top1500": 0.7120987772941589, "sad_top2000": 0.71160489320755, "sad_top2500": 0.7187654376029968, "sad_top3000": 0.6877777576446533, "sad_top4000": 0.646172821521759, "sad_top5000": 0.673703670501709, "sad_top6000": 0.5854321122169495, "fear_top1500": 0.6528394818305969, "fear_top2000": 0.5849382877349854, "fear_top2500": 0.6803703904151917, "fear_top3000": 0.6880246996879578, "fear_top4000": 0.5312345623970032, "fear_top5000": 0.5649382472038269, "fear_top6000": 0.4775308668613434, "surprise_top1500": 0.7201234698295593, "surprise_top2000": 0.7072839736938477, "surprise_top2500": 0.6939506530761719, "surprise_top3000": 0.6912345886230469, "surprise_top4000": 0.7017284035682678, "surprise_top5000": 0.7112345695495605, "surprise_top6000": 0.6618518829345703, "disgust_top1500": 0.7097530961036682, "disgust_top2000": 0.715925931930542, "disgust_top2500": 0.7182715535163879, "disgust_top3000": 0.7049382328987122, "disgust_top4000": 0.7297530770301819, "disgust_top5000": 0.6651852130889893, "disgust_top6000": 0.6456789970397949, "control_top1500": 0.6737037301063538, "control_top2000": 0.723086416721344, "control_top2500": 0.6280246376991272, "control_top3000": 0.6293826699256897, "control_top4000": 0.6497530937194824, "control_top5000": 0.6033332943916321, "control_top6000": 0.5335802435874939, "fairness_top1500": 0.6879012584686279, "fairness_top2000": 0.7035802006721497, "fairness_top2500": 0.6912345886230469, "fairness_top3000": 0.6892592310905457, "fairness_top4000": 0.6906173229217529, "fairness_top5000": 0.6602469086647034, "fairness_top6000": 0.5335802435874939, "self-related_top1500": 0.7144443988800049, "self-related_top2000": 0.7177777290344238, "self-related_top2500": 0.7211110591888428, "self-related_top3000": 0.707777738571167, "self-related_top4000": 0.7111110687255859, "self-related_top5000": 0.680123507976532, "self-related_top6000": 0.679135799407959, "other-related_top1500": 0.7030864357948303, "other-related_top2000": 0.712592601776123, "other-related_top2500": 0.6964197158813477, "other-related_top3000": 0.6964197158813477, "other-related_top4000": 0.664197564125061, "other-related_top5000": 0.44518518447875977, "other-related_top6000": 0.6748148798942566, "expectedness_top1500": 0.6902468800544739, "expectedness_top2000": 0.6869135499000549, "expectedness_top2500": 0.6650617122650146, "expectedness_top3000": 0.6760494112968445, "expectedness_top4000": 0.680246889591217, "expectedness_top5000": 0.6138271689414978, "expectedness_top6000": 0.5886419415473938, "non-novelty_top1500": 0.7039506435394287, "non-novelty_top2000": 0.7249382138252258, "non-novelty_top2500": 0.70876544713974, "non-novelty_top3000": 0.6982715725898743, "non-novelty_top4000": 0.5339506268501282, "non-novelty_top5000": 0.6156789660453796, "non-novelty_top6000": 0.5492592453956604}