{"sentiment": "relief", "seed": 5, "arousal_top1500": 0.6666666865348816, "best": 0.7222222089767456, "arousal_top2000": 0.6944444179534912, "arousal_top2500": 0.5833333134651184, "arousal_top3000": 0.6111111044883728, "arousal_top4000": 0.5833333134651184, "arousal_top5000": 0.4722222089767456, "arousal_top6000": 0.5, "valence_top1500": 0.5833333134651184, "valence_top2000": 0.5555555820465088, "valence_top2500": 0.5555555820465088, "valence_top3000": 0.5, "valence_top4000": 0.4722222089767456, "valence_top5000": 0.5, "valence_top6000": 0.5277777910232544, "happy_top1500": 0.5, "happy_top2000": 0.5, "happy_top2500": 0.5, "happy_top3000": 0.5, "happy_top4000": 0.5, "happy_top5000": 0.5277777910232544, "happy_top6000": 0.5, "anger_top1500": 0.6666666865348816, "anger_top2000": 0.6944444179534912, "anger_top2500": 0.5555555820465088, "anger_top3000": 0.6111111044883728, "anger_top4000": 0.6666666865348816, "anger_top5000": 0.5833333134651184, "anger_top6000": 0.5833333134651184, "sad_top1500": 0.4722222089767456, "sad_top2000": 0.4722222089767456, "sad_top2500": 0.5, "sad_top3000": 0.5277777910232544, "sad_top4000": 0.5, "sad_top5000": 0.5, "sad_top6000": 0.5, "fear_top1500": 0.5277777910232544, "fear_top2000": 0.4722222089767456, "fear_top2500": 0.4722222089767456, "fear_top3000": 0.4722222089767456, "fear_top4000": 0.5833333134651184, "fear_top5000": 0.4722222089767456, "fear_top6000": 0.5277777910232544, "surprise_top1500": 0.7222222089767456, "surprise_top2000": 0.6666666865348816, "surprise_top2500": 0.6388888955116272, "surprise_top3000": 0.6666666865348816, "surprise_top4000": 0.6111111044883728, "surprise_top5000": 0.6666666865348816, "surprise_top6000": 0.5277777910232544, "disgust_top1500": 0.6388888955116272, "disgust_top2000": 0.6388888955116272, "disgust_top2500": 0.6666666865348816, "disgust_top3000": 0.6666666865348816, "disgust_top4000": 0.6666666865348816, "disgust_top5000": 0.6388888955116272, "disgust_top6000": 0.6666666865348816, "control_top1500": 0.5555555820465088, "control_top2000": 0.5277777910232544, "control_top2500": 0.6111111044883728, "control_top3000": 0.5555555820465088, "control_top4000": 0.4722222089767456, "control_top5000": 0.5277777910232544, "control_top6000": 0.5833333134651184, "fairness_top1500": 0.6388888955116272, "fairness_top2000": 0.5277777910232544, "fairness_top2500": 0.5277777910232544, "fairness_top3000": 0.5833333134651184, "fairness_top4000": 0.5555555820465088, "fairness_top5000": 0.5555555820465088, "fairness_top6000": 0.5277777910232544, "self-related_top1500": 0.6388888955116272, "self-related_top2000": 0.6388888955116272, "self-related_top2500": 0.6388888955116272, "self-related_top3000": 0.6944444179534912, "self-related_top4000": 0.6666666865348816, "self-related_top5000": 0.6388888955116272, "self-related_top6000": 0.5555555820465088, "other-related_top1500": 0.6111111044883728, "other-related_top2000": 0.6666666865348816, "other-related_top2500": 0.6111111044883728, "other-related_top3000": 0.6111111044883728, "other-related_top4000": 0.5277777910232544, "other-related_top5000": 0.5555555820465088, "other-related_top6000": 0.5277777910232544, "expectedness_top1500": 0.6111111044883728, "expectedness_top2000": 0.5833333134651184, "expectedness_top2500": 0.5, "expectedness_top3000": 0.5833333134651184, "expectedness_top4000": 0.5555555820465088, "expectedness_top5000": 0.5277777910232544, "expectedness_top6000": 0.5555555820465088, "non-novelty_top1500": 0.5833333134651184, "non-novelty_top2000": 0.5277777910232544, "non-novelty_top2500": 0.5277777910232544, "non-novelty_top3000": 0.5555555820465088, "non-novelty_top4000": 0.5555555820465088, "non-novelty_top5000": 0.5555555820465088, "non-novelty_top6000": 0.6111111044883728}