{"sentiment": "remorse", "seed": 5, "arousal_top1500": 0.9700000286102295, "best": 0.9632353186607361, "arousal_top2000": 0.9700000286102295, "arousal_top2500": 0.9700000286102295, "arousal_top3000": 0.9700000286102295, "arousal_top4000": 0.9550000429153442, "arousal_top5000": 0.9094444513320923, "arousal_top6000": 0.3588888943195343, "valence_top1500": 0.5677777528762817, "valence_top2000": 0.3727777898311615, "valence_top2500": 0.41055554151535034, "valence_top3000": 0.3588888943195343, "valence_top4000": 0.3588888943195343, "valence_top5000": 0.3588888943195343, "valence_top6000": 0.3588888943195343, "happy_top1500": 0.6233333349227905, "happy_top2000": 0.40666666626930237, "happy_top2500": 0.3588888943195343, "happy_top3000": 0.38277778029441833, "happy_top4000": 0.3588888943195343, "happy_top5000": 0.3588888943195343, "happy_top6000": 0.3588888943195343, "anger_top1500": 0.9700000286102295, "anger_top2000": 0.9611110687255859, "anger_top2500": 0.9611110687255859, "anger_top3000": 0.9422222375869751, "anger_top4000": 0.3588888943195343, "anger_top5000": 0.3588888943195343, "anger_top6000": 0.3777777850627899, "sad_top1500": 0.449444442987442, "sad_top2000": 0.4166666567325592, "sad_top2500": 0.3638888895511627, "sad_top3000": 0.3588888943195343, "sad_top4000": 0.38277778029441833, "sad_top5000": 0.3727777898311615, "sad_top6000": 0.3727777898311615, "fear_top1500": 0.9422222375869751, "fear_top2000": 0.7922222018241882, "fear_top2500": 0.48222219944000244, "fear_top3000": 0.4533333480358124, "fear_top4000": 0.6699999570846558, "fear_top5000": 0.3588888943195343, "fear_top6000": 0.3588888943195343, "surprise_top1500": 0.9750000238418579, "surprise_top2000": 0.9750000238418579, "surprise_top2500": 0.9750000238418579, "surprise_top3000": 0.9700000286102295, "surprise_top4000": 0.9750000238418579, "surprise_top5000": 0.9700000286102295, "surprise_top6000": 0.6838889122009277, "disgust_top1500": 0.9750000238418579, "disgust_top2000": 0.9750000238418579, "disgust_top2500": 0.9750000238418579, "disgust_top3000": 0.9750000238418579, "disgust_top4000": 0.9611110687255859, "disgust_top5000": 0.3588888943195343, "disgust_top6000": 0.47611111402511597, "control_top1500": 0.9700000286102295, "control_top2000": 0.949999988079071, "control_top2500": 0.9361110925674438, "control_top3000": 0.926111102104187, "control_top4000": 0.8494444489479065, "control_top5000": 0.5205555558204651, "control_top6000": 0.46833336353302, "fairness_top1500": 0.6788889169692993, "fairness_top2000": 0.7294444441795349, "fairness_top2500": 0.5516666769981384, "fairness_top3000": 0.3727777898311615, "fairness_top4000": 0.3588888943195343, "fairness_top5000": 0.3588888943195343, "fairness_top6000": 0.3588888943195343, "self-related_top1500": 0.9750000238418579, "self-related_top2000": 0.9700000286102295, "self-related_top2500": 0.9700000286102295, "self-related_top3000": 0.9700000286102295, "self-related_top4000": 0.9650000333786011, "self-related_top5000": 0.9650000333786011, "self-related_top6000": 0.9600000381469727, "other-related_top1500": 0.9750000238418579, "other-related_top2000": 0.9700000286102295, "other-related_top2500": 0.9700000286102295, "other-related_top3000": 0.9700000286102295, "other-related_top4000": 0.9700000286102295, "other-related_top5000": 0.22055555880069733, "other-related_top6000": 0.425555557012558, "expectedness_top1500": 0.9700000286102295, "expectedness_top2000": 0.9700000286102295, "expectedness_top2500": 0.9700000286102295, "expectedness_top3000": 0.9700000286102295, "expectedness_top4000": 0.9550000429153442, "expectedness_top5000": 0.9550000429153442, "expectedness_top6000": 0.4611110985279083, "non-novelty_top1500": 0.9700000286102295, "non-novelty_top2000": 0.9700000286102295, "non-novelty_top2500": 0.9650000333786011, "non-novelty_top3000": 0.9700000286102295, "non-novelty_top4000": 0.6183333396911621, "non-novelty_top5000": 0.887222170829773, "non-novelty_top6000": 0.4583333432674408}