{"sentiment": "remorse", "seed": 13, "arousal_top1500": 0.9611110687255859, "best": 0.9632353186607361, "arousal_top2000": 0.9472222328186035, "arousal_top2500": 0.9611110687255859, "arousal_top3000": 0.9611110687255859, "arousal_top4000": 0.9661110639572144, "arousal_top5000": 0.4144444465637207, "arousal_top6000": 0.3538888990879059, "valence_top1500": 0.926111102104187, "valence_top2000": 0.8050000071525574, "valence_top2500": 0.8088889122009277, "valence_top3000": 0.49000000953674316, "valence_top4000": 0.41555556654930115, "valence_top5000": 0.3538888990879059, "valence_top6000": 0.35777780413627625, "happy_top1500": 0.7861111164093018, "happy_top2000": 0.730555534362793, "happy_top2500": 0.3538888990879059, "happy_top3000": 0.3816666603088379, "happy_top4000": 0.3538888990879059, "happy_top5000": 0.42166668176651, "happy_top6000": 0.37833333015441895, "anger_top1500": 0.9611110687255859, "anger_top2000": 0.9461110830307007, "anger_top2500": 0.9361110925674438, "anger_top3000": 0.9061111211776733, "anger_top4000": 0.8799999952316284, "anger_top5000": 0.926111102104187, "anger_top6000": 0.7922222018241882, "sad_top1500": 0.9511110782623291, "sad_top2000": 0.9511110782623291, "sad_top2500": 0.9511110782623291, "sad_top3000": 0.7711111307144165, "sad_top4000": 0.7250000238418579, "sad_top5000": 0.6511111259460449, "sad_top6000": 0.6461111307144165, "fear_top1500": 0.9561110734939575, "fear_top2000": 0.9233333468437195, "fear_top2500": 0.8605555295944214, "fear_top3000": 0.823888897895813, "fear_top4000": 0.6616666316986084, "fear_top5000": 0.40166667103767395, "fear_top6000": 0.38277778029441833, "surprise_top1500": 0.9661110639572144, "surprise_top2000": 0.9661110639572144, "surprise_top2500": 0.9661110639572144, "surprise_top3000": 0.9661110639572144, "surprise_top4000": 0.9611110687255859, "surprise_top5000": 0.9511110782623291, "surprise_top6000": 0.9611110687255859, "disgust_top1500": 0.9611110687255859, "disgust_top2000": 0.9611110687255859, "disgust_top2500": 0.9461110830307007, "disgust_top3000": 0.9461110830307007, "disgust_top4000": 0.9461110830307007, "disgust_top5000": 0.9511110782623291, "disgust_top6000": 0.8844444751739502, "control_top1500": 0.9611110687255859, "control_top2000": 0.9611110687255859, "control_top2500": 0.8955555558204651, "control_top3000": 0.8994444608688354, "control_top4000": 0.8955555558204651, "control_top5000": 0.9094444513320923, "control_top6000": 0.847777783870697, "fairness_top1500": 0.926111102104187, "fairness_top2000": 0.9211111068725586, "fairness_top2500": 0.8644444346427917, "fairness_top3000": 0.926111102104187, "fairness_top4000": 0.4877777695655823, "fairness_top5000": 0.31166666746139526, "fairness_top6000": 0.3538888990879059, "self-related_top1500": 0.9661110639572144, "self-related_top2000": 0.9661110639572144, "self-related_top2500": 0.9661110639572144, "self-related_top3000": 0.9661110639572144, "self-related_top4000": 0.9611110687255859, "self-related_top5000": 0.9561110734939575, "self-related_top6000": 0.9561110734939575, "other-related_top1500": 0.9661110639572144, "other-related_top2000": 0.9661110639572144, "other-related_top2500": 0.9661110639572144, "other-related_top3000": 0.9661110639572144, "other-related_top4000": 0.862777829170227, "other-related_top5000": 0.8805555105209351, "other-related_top6000": 0.8111110925674438, "expectedness_top1500": 0.9422222375869751, "expectedness_top2000": 0.9283333420753479, "expectedness_top2500": 0.9094444513320923, "expectedness_top3000": 0.8805555105209351, "expectedness_top4000": 0.9472222328186035, "expectedness_top5000": 0.46611109375953674, "expectedness_top6000": 0.3538888990879059, "non-novelty_top1500": 0.9661110639572144, "non-novelty_top2000": 0.9611110687255859, "non-novelty_top2500": 0.9611110687255859, "non-novelty_top3000": 0.9611110687255859, "non-novelty_top4000": 0.8388888835906982, "non-novelty_top5000": 0.7405555248260498, "non-novelty_top6000": 0.8388888835906982}