{"sentiment": "remorse", "seed": 17, "arousal_top1500": 0.9700000286102295, "best": 0.9485294222831726, "arousal_top2000": 0.9650000333786011, "arousal_top2500": 0.9133333563804626, "arousal_top3000": 0.8666666746139526, "arousal_top4000": 0.9461110830307007, "arousal_top5000": 0.3538888990879059, "arousal_top6000": 0.3400000035762787, "valence_top1500": 0.9461110830307007, "valence_top2000": 0.3400000035762787, "valence_top2500": 0.3400000035762787, "valence_top3000": 0.3727777898311615, "valence_top4000": 0.4055555462837219, "valence_top5000": 0.3400000035762787, "valence_top6000": 0.3400000035762787, "happy_top1500": 0.6311111450195312, "happy_top2000": 0.3400000035762787, "happy_top2500": 0.33500000834465027, "happy_top3000": 0.3400000035762787, "happy_top4000": 0.3400000035762787, "happy_top5000": 0.3400000035762787, "happy_top6000": 0.3400000035762787, "anger_top1500": 0.9700000286102295, "anger_top2000": 0.9700000286102295, "anger_top2500": 0.9700000286102295, "anger_top3000": 0.9700000286102295, "anger_top4000": 0.9550000429153442, "anger_top5000": 0.3400000035762787, "anger_top6000": 0.3400000035762787, "sad_top1500": 0.9600000381469727, "sad_top2000": 0.9411110877990723, "sad_top2500": 0.9700000286102295, "sad_top3000": 0.5644444227218628, "sad_top4000": 0.3400000035762787, "sad_top5000": 0.7872222065925598, "sad_top6000": 0.5216666460037231, "fear_top1500": 0.3677777945995331, "fear_top2000": 0.3400000035762787, "fear_top2500": 0.3400000035762787, "fear_top3000": 0.4055555462837219, "fear_top4000": 0.3400000035762787, "fear_top5000": 0.3400000035762787, "fear_top6000": 0.3400000035762787, "surprise_top1500": 0.9650000333786011, "surprise_top2000": 0.9650000333786011, "surprise_top2500": 0.9650000333786011, "surprise_top3000": 0.9361110925674438, "surprise_top4000": 0.9361110925674438, "surprise_top5000": 0.9311110973358154, "surprise_top6000": 0.9222221970558167, "disgust_top1500": 0.9700000286102295, "disgust_top2000": 0.9700000286102295, "disgust_top2500": 0.9700000286102295, "disgust_top3000": 0.9700000286102295, "disgust_top4000": 0.9700000286102295, "disgust_top5000": 0.3400000035762787, "disgust_top6000": 0.6388888955116272, "control_top1500": 0.7422221899032593, "control_top2000": 0.6527777910232544, "control_top2500": 0.36277779936790466, "control_top3000": 0.3727777898311615, "control_top4000": 0.3538888990879059, "control_top5000": 0.3400000035762787, "control_top6000": 0.8127777576446533, "fairness_top1500": 0.9700000286102295, "fairness_top2000": 0.9700000286102295, "fairness_top2500": 0.8566666841506958, "fairness_top3000": 0.9272222518920898, "fairness_top4000": 0.3400000035762787, "fairness_top5000": 0.3400000035762787, "fairness_top6000": 0.3149999976158142, "self-related_top1500": 0.9650000333786011, "self-related_top2000": 0.9650000333786011, "self-related_top2500": 0.9650000333786011, "self-related_top3000": 0.9700000286102295, "self-related_top4000": 0.9700000286102295, "self-related_top5000": 0.9700000286102295, "self-related_top6000": 0.9700000286102295, "other-related_top1500": 0.9550000429153442, "other-related_top2000": 0.9550000429153442, "other-related_top2500": 0.9550000429153442, "other-related_top3000": 0.9550000429153442, "other-related_top4000": 0.9222221970558167, "other-related_top5000": 0.9322222471237183, "other-related_top6000": 0.9461110830307007, "expectedness_top1500": 0.9600000381469727, "expectedness_top2000": 0.9650000333786011, "expectedness_top2500": 0.9411110877990723, "expectedness_top3000": 0.9361110925674438, "expectedness_top4000": 0.9650000333786011, "expectedness_top5000": 0.41055554151535034, "expectedness_top6000": 0.3588888943195343, "non-novelty_top1500": 0.9700000286102295, "non-novelty_top2000": 0.9700000286102295, "non-novelty_top2500": 0.9700000286102295, "non-novelty_top3000": 0.9700000286102295, "non-novelty_top4000": 0.8177777528762817, "non-novelty_top5000": 0.8088889122009277, "non-novelty_top6000": 0.4194444417953491}