{"sentiment": "remorse", "seed": 3, "arousal_top1500": 0.9333333373069763, "best": 0.9485294222831726, "arousal_top2000": 0.9333333373069763, "arousal_top2500": 0.9333333373069763, "arousal_top3000": 0.9333333373069763, "arousal_top4000": 0.9472222328186035, "arousal_top5000": 0.6449999809265137, "arousal_top6000": 0.4005555510520935, "valence_top1500": 0.9333333373069763, "valence_top2000": 0.7872222065925598, "valence_top2500": 0.6411111354827881, "valence_top3000": 0.862777829170227, "valence_top4000": 0.3588888943195343, "valence_top5000": 0.3588888943195343, "valence_top6000": 0.3588888943195343, "happy_top1500": 0.6261110901832581, "happy_top2000": 0.4561111032962799, "happy_top2500": 0.3777777850627899, "happy_top3000": 0.3588888943195343, "happy_top4000": 0.3588888943195343, "happy_top5000": 0.3588888943195343, "happy_top6000": 0.3588888943195343, "anger_top1500": 0.9333333373069763, "anger_top2000": 0.9333333373069763, "anger_top2500": 0.9333333373069763, "anger_top3000": 0.9333333373069763, "anger_top4000": 0.894444465637207, "anger_top5000": 0.7005555629730225, "anger_top6000": 0.3866666555404663, "sad_top1500": 0.9333333373069763, "sad_top2000": 0.9333333373069763, "sad_top2500": 0.9194444417953491, "sad_top3000": 0.5338889360427856, "sad_top4000": 0.3588888943195343, "sad_top5000": 0.33888888359069824, "sad_top6000": 0.07388889044523239, "fear_top1500": 0.3588888943195343, "fear_top2000": 0.3588888943195343, "fear_top2500": 0.3588888943195343, "fear_top3000": 0.3588888943195343, "fear_top4000": 0.3588888943195343, "fear_top5000": 0.3588888943195343, "fear_top6000": 0.3588888943195343, "surprise_top1500": 0.9333333373069763, "surprise_top2000": 0.9333333373069763, "surprise_top2500": 0.9333333373069763, "surprise_top3000": 0.9383333325386047, "surprise_top4000": 0.9144444465637207, "surprise_top5000": 0.9283333420753479, "surprise_top6000": 0.8727778196334839, "disgust_top1500": 0.9383333325386047, "disgust_top2000": 0.9383333325386047, "disgust_top2500": 0.9333333373069763, "disgust_top3000": 0.9333333373069763, "disgust_top4000": 0.7383333444595337, "disgust_top5000": 0.44333335757255554, "disgust_top6000": 0.4950000047683716, "control_top1500": 0.9283333420753479, "control_top2000": 0.8894444704055786, "control_top2500": 0.6361111402511597, "control_top3000": 0.3638888895511627, "control_top4000": 0.38277778029441833, "control_top5000": 0.3588888943195343, "control_top6000": 0.44333335757255554, "fairness_top1500": 0.9333333373069763, "fairness_top2000": 0.9333333373069763, "fairness_top2500": 0.9283333420753479, "fairness_top3000": 0.9422222375869751, "fairness_top4000": 0.7294444441795349, "fairness_top5000": 0.41055554151535034, "fairness_top6000": 0.3588888943195343, "self-related_top1500": 0.9333333373069763, "self-related_top2000": 0.9383333325386047, "self-related_top2500": 0.9383333325386047, "self-related_top3000": 0.9383333325386047, "self-related_top4000": 0.9383333325386047, "self-related_top5000": 0.9383333325386047, "self-related_top6000": 0.9333333373069763, "other-related_top1500": 0.9383333325386047, "other-related_top2000": 0.9383333325386047, "other-related_top2500": 0.9383333325386047, "other-related_top3000": 0.9383333325386047, "other-related_top4000": 0.9333333373069763, "other-related_top5000": 0.4950000047683716, "other-related_top6000": 0.9272222518920898, "expectedness_top1500": 0.9383333325386047, "expectedness_top2000": 0.9194444417953491, "expectedness_top2500": 0.9155555963516235, "expectedness_top3000": 0.6272222399711609, "expectedness_top4000": 0.4444444477558136, "expectedness_top5000": 0.3727777898311615, "expectedness_top6000": 0.3588888943195343, "non-novelty_top1500": 0.9333333373069763, "non-novelty_top2000": 0.9333333373069763, "non-novelty_top2500": 0.9055555462837219, "non-novelty_top3000": 0.9055555462837219, "non-novelty_top4000": 0.5338889360427856, "non-novelty_top5000": 0.3727777898311615, "non-novelty_top6000": 0.5527777671813965}