{"sentiment": "remorse", "seed": 1, "arousal_top1500": 0.3538888990879059, "best": 0.6029411554336548, "arousal_top2000": 0.3538888990879059, "arousal_top2500": 0.4211111068725586, "arousal_top3000": 0.4905555546283722, "arousal_top4000": 0.4605555534362793, "arousal_top5000": 0.3772222399711609, "arousal_top6000": 0.3538888990879059, "valence_top1500": 0.3538888990879059, "valence_top2000": 0.3538888990879059, "valence_top2500": 0.3538888990879059, "valence_top3000": 0.3538888990879059, "valence_top4000": 0.3538888990879059, "valence_top5000": 0.3538888990879059, "valence_top6000": 0.3538888990879059, "happy_top1500": 0.3538888990879059, "happy_top2000": 0.3538888990879059, "happy_top2500": 0.347777783870697, "happy_top3000": 0.3538888990879059, "happy_top4000": 0.3538888990879059, "happy_top5000": 0.3538888990879059, "happy_top6000": 0.3538888990879059, "anger_top1500": 0.3538888990879059, "anger_top2000": 0.3866666555404663, "anger_top2500": 0.5644444227218628, "anger_top3000": 0.6238889098167419, "anger_top4000": 0.4816666841506958, "anger_top5000": 0.38555556535720825, "anger_top6000": 0.38777780532836914, "sad_top1500": 0.3538888990879059, "sad_top2000": 0.3538888990879059, "sad_top2500": 0.3538888990879059, "sad_top3000": 0.34888890385627747, "sad_top4000": 0.3538888990879059, "sad_top5000": 0.36166664958000183, "sad_top6000": 0.6188889145851135, "fear_top1500": 0.3538888990879059, "fear_top2000": 0.3538888990879059, "fear_top2500": 0.3538888990879059, "fear_top3000": 0.3538888990879059, "fear_top4000": 0.3538888990879059, "fear_top5000": 0.3538888990879059, "fear_top6000": 0.3538888990879059, "surprise_top1500": 0.6561111211776733, "surprise_top2000": 0.6511111259460449, "surprise_top2500": 0.39055556058883667, "surprise_top3000": 0.38333335518836975, "surprise_top4000": 0.3538888990879059, "surprise_top5000": 0.35777780413627625, "surprise_top6000": 0.5361111164093018, "disgust_top1500": 0.3538888990879059, "disgust_top2000": 0.5844444036483765, "disgust_top2500": 0.6472222208976746, "disgust_top3000": 0.6105555295944214, "disgust_top4000": 0.3727777898311615, "disgust_top5000": 0.3538888990879059, "disgust_top6000": 0.3538888990879059, "control_top1500": 0.3538888990879059, "control_top2000": 0.3538888990879059, "control_top2500": 0.3538888990879059, "control_top3000": 0.3538888990879059, "control_top4000": 0.3538888990879059, "control_top5000": 0.3538888990879059, "control_top6000": 0.6422222256660461, "fairness_top1500": 0.3538888990879059, "fairness_top2000": 0.3538888990879059, "fairness_top2500": 0.3538888990879059, "fairness_top3000": 0.3538888990879059, "fairness_top4000": 0.3538888990879059, "fairness_top5000": 0.3538888990879059, "fairness_top6000": 0.3538888990879059, "self-related_top1500": 0.3538888990879059, "self-related_top2000": 0.3538888990879059, "self-related_top2500": 0.3538888990879059, "self-related_top3000": 0.3538888990879059, "self-related_top4000": 0.3538888990879059, "self-related_top5000": 0.5388889312744141, "self-related_top6000": 0.48944443464279175, "other-related_top1500": 0.3538888990879059, "other-related_top2000": 0.4005555510520935, "other-related_top2500": 0.5299999713897705, "other-related_top3000": 0.6277778148651123, "other-related_top4000": 0.3538888990879059, "other-related_top5000": 0.44055554270744324, "other-related_top6000": 0.6272221803665161, "expectedness_top1500": 0.3538888990879059, "expectedness_top2000": 0.3538888990879059, "expectedness_top2500": 0.3538888990879059, "expectedness_top3000": 0.3538888990879059, "expectedness_top4000": 0.4322222173213959, "expectedness_top5000": 0.3538888990879059, "expectedness_top6000": 0.37222224473953247, "non-novelty_top1500": 0.3588888943195343, "non-novelty_top2000": 0.3538888990879059, "non-novelty_top2500": 0.3538888990879059, "non-novelty_top3000": 0.3677777945995331, "non-novelty_top4000": 0.5605555772781372, "non-novelty_top5000": 0.6272221803665161, "non-novelty_top6000": 0.4955555498600006}