{"sentiment": "remorse", "seed": 19, "arousal_top1500": 0.9611110687255859, "best": 0.9558823704719543, "arousal_top2000": 0.9611110687255859, "arousal_top2500": 0.9561110734939575, "arousal_top3000": 0.9561110734939575, "arousal_top4000": 0.9561110734939575, "arousal_top5000": 0.3588888943195343, "arousal_top6000": 0.3588888943195343, "valence_top1500": 0.4005555510520935, "valence_top2000": 0.3588888943195343, "valence_top2500": 0.3588888943195343, "valence_top3000": 0.41555556654930115, "valence_top4000": 0.3588888943195343, "valence_top5000": 0.3588888943195343, "valence_top6000": 0.3588888943195343, "happy_top1500": 0.3727777898311615, "happy_top2000": 0.3588888943195343, "happy_top2500": 0.34388890862464905, "happy_top3000": 0.14388889074325562, "happy_top4000": 0.2688888907432556, "happy_top5000": 0.3588888943195343, "happy_top6000": 0.3588888943195343, "anger_top1500": 0.9750000238418579, "anger_top2000": 0.9650000333786011, "anger_top2500": 0.9600000381469727, "anger_top3000": 0.9650000333786011, "anger_top4000": 0.5833333134651184, "anger_top5000": 0.6311111450195312, "anger_top6000": 0.3588888943195343, "sad_top1500": 0.8311110734939575, "sad_top2000": 0.9111111164093018, "sad_top2500": 0.9650000333786011, "sad_top3000": 0.3588888943195343, "sad_top4000": 0.1738888919353485, "sad_top5000": 0.477222204208374, "sad_top6000": 0.6499999761581421, "fear_top1500": 0.9272222518920898, "fear_top2000": 0.5983332991600037, "fear_top2500": 0.5755555629730225, "fear_top3000": 0.5377777814865112, "fear_top4000": 0.3727777898311615, "fear_top5000": 0.3588888943195343, "fear_top6000": 0.3588888943195343, "surprise_top1500": 0.9611110687255859, "surprise_top2000": 0.9611110687255859, "surprise_top2500": 0.9611110687255859, "surprise_top3000": 0.9472222328186035, "surprise_top4000": 0.9650000333786011, "surprise_top5000": 0.9144444465637207, "surprise_top6000": 0.7961111068725586, "disgust_top1500": 0.9611110687255859, "disgust_top2000": 0.9611110687255859, "disgust_top2500": 0.9650000333786011, "disgust_top3000": 0.9650000333786011, "disgust_top4000": 0.9611110687255859, "disgust_top5000": 0.3727777898311615, "disgust_top6000": 0.6261110901832581, "control_top1500": 0.9044444561004639, "control_top2000": 0.7561111450195312, "control_top2500": 0.4633333384990692, "control_top3000": 0.5477777719497681, "control_top4000": 0.4811111092567444, "control_top5000": 0.871666669845581, "control_top6000": 0.8855555653572083, "fairness_top1500": 0.7405555248260498, "fairness_top2000": 0.8527777791023254, "fairness_top2500": 0.45722222328186035, "fairness_top3000": 0.41555556654930115, "fairness_top4000": 0.3588888943195343, "fairness_top5000": 0.253888875246048, "fairness_top6000": 0.18444445729255676, "self-related_top1500": 0.9611110687255859, "self-related_top2000": 0.9611110687255859, "self-related_top2500": 0.9611110687255859, "self-related_top3000": 0.9561110734939575, "self-related_top4000": 0.9561110734939575, "self-related_top5000": 0.9700000286102295, "self-related_top6000": 0.9650000333786011, "other-related_top1500": 0.9611110687255859, "other-related_top2000": 0.9611110687255859, "other-related_top2500": 0.9611110687255859, "other-related_top3000": 0.9611110687255859, "other-related_top4000": 0.9422222375869751, "other-related_top5000": 0.44333335757255554, "other-related_top6000": 0.8222222328186035, "expectedness_top1500": 0.9472222328186035, "expectedness_top2000": 0.9233333468437195, "expectedness_top2500": 0.5994444489479065, "expectedness_top3000": 0.7066666483879089, "expectedness_top4000": 0.9144444465637207, "expectedness_top5000": 0.397777795791626, "expectedness_top6000": 0.37388890981674194, "non-novelty_top1500": 0.9372222423553467, "non-novelty_top2000": 0.9422222375869751, "non-novelty_top2500": 0.9283333420753479, "non-novelty_top3000": 0.9144444465637207, "non-novelty_top4000": 0.38777780532836914, "non-novelty_top5000": 0.397777795791626, "non-novelty_top6000": 0.3588888943195343}