{"sentiment": "remorse", "seed": 15, "arousal_top1500": 0.9750000238418579, "best": 0.9632353186607361, "arousal_top2000": 0.9750000238418579, "arousal_top2500": 0.9561110734939575, "arousal_top3000": 0.9611110687255859, "arousal_top4000": 0.9472222328186035, "arousal_top5000": 0.3400000035762787, "arousal_top6000": 0.3400000035762787, "valence_top1500": 0.9750000238418579, "valence_top2000": 0.3538888990879059, "valence_top2500": 0.3400000035762787, "valence_top3000": 0.3400000035762787, "valence_top4000": 0.3400000035762787, "valence_top5000": 0.3400000035762787, "valence_top6000": 0.3400000035762787, "happy_top1500": 0.6200000047683716, "happy_top2000": 0.3400000035762787, "happy_top2500": 0.3400000035762787, "happy_top3000": 0.3400000035762787, "happy_top4000": 0.3400000035762787, "happy_top5000": 0.3400000035762787, "happy_top6000": 0.3400000035762787, "anger_top1500": 0.9800000190734863, "anger_top2000": 0.44333335757255554, "anger_top2500": 0.570555567741394, "anger_top3000": 0.3400000035762787, "anger_top4000": 0.3400000035762787, "anger_top5000": 0.33500000834465027, "anger_top6000": 0.23999999463558197, "sad_top1500": 0.9561110734939575, "sad_top2000": 0.9750000238418579, "sad_top2500": 0.9233333468437195, "sad_top3000": 0.3400000035762787, "sad_top4000": 0.45722222328186035, "sad_top5000": 0.9449999928474426, "sad_top6000": 0.6977777481079102, "fear_top1500": 0.3400000035762787, "fear_top2000": 0.3400000035762787, "fear_top2500": 0.3400000035762787, "fear_top3000": 0.3400000035762787, "fear_top4000": 0.3400000035762787, "fear_top5000": 0.3400000035762787, "fear_top6000": 0.3400000035762787, "surprise_top1500": 0.9750000238418579, "surprise_top2000": 0.9750000238418579, "surprise_top2500": 0.9661110639572144, "surprise_top3000": 0.8149999976158142, "surprise_top4000": 0.7194444537162781, "surprise_top5000": 0.7383333444595337, "surprise_top6000": 0.6449999809265137, "disgust_top1500": 0.9800000190734863, "disgust_top2000": 0.9800000190734863, "disgust_top2500": 0.9750000238418579, "disgust_top3000": 0.9750000238418579, "disgust_top4000": 0.32499998807907104, "disgust_top5000": 0.3400000035762787, "disgust_top6000": 0.3400000035762787, "control_top1500": 0.9700000286102295, "control_top2000": 0.949999988079071, "control_top2500": 0.5188888907432556, "control_top3000": 0.48722219467163086, "control_top4000": 0.5211111307144165, "control_top5000": 0.3866666555404663, "control_top6000": 0.894444465637207, "fairness_top1500": 0.9600000381469727, "fairness_top2000": 0.9449999928474426, "fairness_top2500": 0.9750000238418579, "fairness_top3000": 0.9550000429153442, "fairness_top4000": 0.33500000834465027, "fairness_top5000": 0.3400000035762787, "fairness_top6000": 0.33500000834465027, "self-related_top1500": 0.9522222280502319, "self-related_top2000": 0.9522222280502319, "self-related_top2500": 0.9472222328186035, "self-related_top3000": 0.9750000238418579, "self-related_top4000": 0.9750000238418579, "self-related_top5000": 0.9750000238418579, "self-related_top6000": 0.9750000238418579, "other-related_top1500": 0.9661110639572144, "other-related_top2000": 0.9661110639572144, "other-related_top2500": 0.9661110639572144, "other-related_top3000": 0.9661110639572144, "other-related_top4000": 0.9005555510520935, "other-related_top5000": 0.45722222328186035, "other-related_top6000": 0.753333330154419, "expectedness_top1500": 0.9522222280502319, "expectedness_top2000": 0.9422222375869751, "expectedness_top2500": 0.8994444608688354, "expectedness_top3000": 0.8755555152893066, "expectedness_top4000": 0.9561110734939575, "expectedness_top5000": 0.3677777945995331, "expectedness_top6000": 0.3400000035762787, "non-novelty_top1500": 0.9233333468437195, "non-novelty_top2000": 0.9183333516120911, "non-novelty_top2500": 0.8855555653572083, "non-novelty_top3000": 0.5894444584846497, "non-novelty_top4000": 0.3400000035762787, "non-novelty_top5000": 0.3400000035762787, "non-novelty_top6000": 0.3400000035762787}