{"sentiment": "remorse", "seed": 42, "arousal_top1500": 0.8933333158493042, "best": 0.8897058963775635, "arousal_top2000": 0.8066666126251221, "arousal_top2500": 0.7811111211776733, "arousal_top3000": 0.7211111187934875, "arousal_top4000": 0.6411111354827881, "arousal_top5000": 0.6411111354827881, "arousal_top6000": 0.6411111354827881, "valence_top1500": 0.9161111116409302, "valence_top2000": 0.8933333158493042, "valence_top2500": 0.9161111116409302, "valence_top3000": 0.7949999570846558, "valence_top4000": 0.3588888943195343, "valence_top5000": 0.3588888943195343, "valence_top6000": 0.3588888943195343, "happy_top1500": 0.3866666555404663, "happy_top2000": 0.43611109256744385, "happy_top2500": 0.6288889050483704, "happy_top3000": 0.8216666579246521, "happy_top4000": 0.3588888943195343, "happy_top5000": 0.3588888943195343, "happy_top6000": 0.3588888943195343, "anger_top1500": 0.9161111116409302, "anger_top2000": 0.9161111116409302, "anger_top2500": 0.9161111116409302, "anger_top3000": 0.9161111116409302, "anger_top4000": 0.9161111116409302, "anger_top5000": 0.8516666889190674, "anger_top6000": 0.42444443702697754, "sad_top1500": 0.9161111116409302, "sad_top2000": 0.9161111116409302, "sad_top2500": 0.9072222113609314, "sad_top3000": 0.3588888943195343, "sad_top4000": 0.3588888943195343, "sad_top5000": 0.3588888943195343, "sad_top6000": 0.3588888943195343, "fear_top1500": 0.7255555391311646, "fear_top2000": 0.3538888990879059, "fear_top2500": 0.3588888943195343, "fear_top3000": 0.3588888943195343, "fear_top4000": 0.3588888943195343, "fear_top5000": 0.3588888943195343, "fear_top6000": 0.3588888943195343, "surprise_top1500": 0.9161111116409302, "surprise_top2000": 0.9161111116409302, "surprise_top2500": 0.9161111116409302, "surprise_top3000": 0.9161111116409302, "surprise_top4000": 0.9211111068725586, "surprise_top5000": 0.41055554151535034, "surprise_top6000": 0.5883333086967468, "disgust_top1500": 0.9161111116409302, "disgust_top2000": 0.9161111116409302, "disgust_top2500": 0.9161111116409302, "disgust_top3000": 0.9161111116409302, "disgust_top4000": 0.9161111116409302, "disgust_top5000": 0.8933333158493042, "disgust_top6000": 0.4472222328186035, "control_top1500": 0.3588888943195343, "control_top2000": 0.3588888943195343, "control_top2500": 0.7155555486679077, "control_top3000": 0.3588888943195343, "control_top4000": 0.3588888943195343, "control_top5000": 0.3588888943195343, "control_top6000": 0.3588888943195343, "fairness_top1500": 0.9161111116409302, "fairness_top2000": 0.9161111116409302, "fairness_top2500": 0.9161111116409302, "fairness_top3000": 0.8972222208976746, "fairness_top4000": 0.5644444227218628, "fairness_top5000": 0.3588888943195343, "fairness_top6000": 0.3588888943195343, "self-related_top1500": 0.9161111116409302, "self-related_top2000": 0.9161111116409302, "self-related_top2500": 0.9161111116409302, "self-related_top3000": 0.8733333349227905, "self-related_top4000": 0.9211111068725586, "self-related_top5000": 0.9011111259460449, "self-related_top6000": 0.9161111116409302, "other-related_top1500": 0.9161111116409302, "other-related_top2000": 0.9161111116409302, "other-related_top2500": 0.9161111116409302, "other-related_top3000": 0.9161111116409302, "other-related_top4000": 0.9161111116409302, "other-related_top5000": 0.4722222089767456, "other-related_top6000": 0.4911110997200012, "expectedness_top1500": 0.8861111402511597, "expectedness_top2000": 0.9161111116409302, "expectedness_top2500": 0.5972222089767456, "expectedness_top3000": 0.8883333206176758, "expectedness_top4000": 0.6538888812065125, "expectedness_top5000": 0.3588888943195343, "expectedness_top6000": 0.4005555510520935, "non-novelty_top1500": 0.9161111116409302, "non-novelty_top2000": 0.9161111116409302, "non-novelty_top2500": 0.9161111116409302, "non-novelty_top3000": 0.9161111116409302, "non-novelty_top4000": 0.3588888943195343, "non-novelty_top5000": 0.3588888943195343, "non-novelty_top6000": 0.3727777898311615}