{"sentiment": "remorse", "seed": 7, "arousal_top1500": 0.9700000286102295, "best": 0.9632353186607361, "arousal_top2000": 0.9750000238418579, "arousal_top2500": 0.9561110734939575, "arousal_top3000": 0.9700000286102295, "arousal_top4000": 0.9700000286102295, "arousal_top5000": 0.7972221970558167, "arousal_top6000": 0.3538888990879059, "valence_top1500": 0.9700000286102295, "valence_top2000": 0.9650000333786011, "valence_top2500": 0.9750000238418579, "valence_top3000": 0.9700000286102295, "valence_top4000": 0.9611110687255859, "valence_top5000": 0.3816666603088379, "valence_top6000": 0.34888890385627747, "happy_top1500": 0.9472222328186035, "happy_top2000": 0.3538888990879059, "happy_top2500": 0.3538888990879059, "happy_top3000": 0.5327777862548828, "happy_top4000": 0.3538888990879059, "happy_top5000": 0.3538888990879059, "happy_top6000": 0.3538888990879059, "anger_top1500": 0.9750000238418579, "anger_top2000": 0.9700000286102295, "anger_top2500": 0.9700000286102295, "anger_top3000": 0.9700000286102295, "anger_top4000": 0.9650000333786011, "anger_top5000": 0.8327777981758118, "anger_top6000": 0.3588888943195343, "sad_top1500": 0.9650000333786011, "sad_top2000": 0.9650000333786011, "sad_top2500": 0.9650000333786011, "sad_top3000": 0.9650000333786011, "sad_top4000": 0.8155555725097656, "sad_top5000": 0.6672222018241882, "sad_top6000": 0.9550000429153442, "fear_top1500": 0.6438888907432556, "fear_top2000": 0.5277777910232544, "fear_top2500": 0.570555567741394, "fear_top3000": 0.7027778029441833, "fear_top4000": 0.3538888990879059, "fear_top5000": 0.5038889050483704, "fear_top6000": 0.3538888990879059, "surprise_top1500": 0.9611110687255859, "surprise_top2000": 0.9750000238418579, "surprise_top2500": 0.9750000238418579, "surprise_top3000": 0.9511110782623291, "surprise_top4000": 0.9372222423553467, "surprise_top5000": 0.9094444513320923, "surprise_top6000": 0.862777829170227, "disgust_top1500": 0.9750000238418579, "disgust_top2000": 0.9750000238418579, "disgust_top2500": 0.9700000286102295, "disgust_top3000": 0.9700000286102295, "disgust_top4000": 0.9700000286102295, "disgust_top5000": 0.9750000238418579, "disgust_top6000": 0.9700000286102295, "control_top1500": 0.8388888835906982, "control_top2000": 0.9561110734939575, "control_top2500": 0.8388888835906982, "control_top3000": 0.6599999666213989, "control_top4000": 0.579444408416748, "control_top5000": 0.6133333444595337, "control_top6000": 0.9650000333786011, "fairness_top1500": 0.9650000333786011, "fairness_top2000": 0.8816666603088379, "fairness_top2500": 0.6788889169692993, "fairness_top3000": 0.49000000953674316, "fairness_top4000": 0.894444465637207, "fairness_top5000": 0.3955555558204651, "fairness_top6000": 0.3538888990879059, "self-related_top1500": 0.9750000238418579, "self-related_top2000": 0.9750000238418579, "self-related_top2500": 0.9750000238418579, "self-related_top3000": 0.9750000238418579, "self-related_top4000": 0.9750000238418579, "self-related_top5000": 0.9700000286102295, "self-related_top6000": 0.9700000286102295, "other-related_top1500": 0.9561110734939575, "other-related_top2000": 0.9561110734939575, "other-related_top2500": 0.9561110734939575, "other-related_top3000": 0.9322222471237183, "other-related_top4000": 0.7316666841506958, "other-related_top5000": 0.43444445729255676, "other-related_top6000": 0.5983332991600037, "expectedness_top1500": 0.9422222375869751, "expectedness_top2000": 0.9372222423553467, "expectedness_top2500": 0.9750000238418579, "expectedness_top3000": 0.9750000238418579, "expectedness_top4000": 0.9700000286102295, "expectedness_top5000": 0.8805555105209351, "expectedness_top6000": 0.5316666960716248, "non-novelty_top1500": 0.9750000238418579, "non-novelty_top2000": 0.9700000286102295, "non-novelty_top2500": 0.9700000286102295, "non-novelty_top3000": 0.9700000286102295, "non-novelty_top4000": 0.3538888990879059, "non-novelty_top5000": 0.40444445610046387, "non-novelty_top6000": 0.3538888990879059}