{"sentiment": "sadness", "seed": 19, "arousal_top1500": 0.8374419212341309, "best": 0.7963541746139526, "arousal_top2000": 0.8485271334648132, "arousal_top2500": 0.8518604636192322, "arousal_top3000": 0.8662790656089783, "arousal_top4000": 0.8367441296577454, "arousal_top5000": 0.844031035900116, "arousal_top6000": 0.8224031329154968, "valence_top1500": 0.8585271239280701, "valence_top2000": 0.8219380378723145, "valence_top2500": 0.7714729309082031, "valence_top3000": 0.8329457640647888, "valence_top4000": 0.7055038809776306, "valence_top5000": 0.4982945919036865, "valence_top6000": 0.4982945919036865, "happy_top1500": 0.8417829871177673, "happy_top2000": 0.8028681874275208, "happy_top2500": 0.7095348834991455, "happy_top3000": 0.6111627817153931, "happy_top4000": 0.6904651522636414, "happy_top5000": 0.7162790298461914, "happy_top6000": 0.5030232667922974, "anger_top1500": 0.8385271430015564, "anger_top2000": 0.8551163077354431, "anger_top2500": 0.8428681492805481, "anger_top3000": 0.8334107995033264, "anger_top4000": 0.8262014985084534, "anger_top5000": 0.7731007933616638, "anger_top6000": 0.7990697026252747, "sad_top1500": 0.8475193977355957, "sad_top2000": 0.8502326011657715, "sad_top2500": 0.8374419212341309, "sad_top3000": 0.8240309357643127, "sad_top4000": 0.6385271549224854, "sad_top5000": 0.6844961643218994, "sad_top6000": 0.7440310120582581, "fear_top1500": 0.6324030756950378, "fear_top2000": 0.4982945919036865, "fear_top2500": 0.5021705627441406, "fear_top3000": 0.4982945919036865, "fear_top4000": 0.4982945919036865, "fear_top5000": 0.4982945919036865, "fear_top6000": 0.4982945919036865, "surprise_top1500": 0.8518604636192322, "surprise_top2000": 0.8568217158317566, "surprise_top2500": 0.8568217158317566, "surprise_top3000": 0.8557364344596863, "surprise_top4000": 0.8590697646141052, "surprise_top5000": 0.810697615146637, "surprise_top6000": 0.7200775146484375, "disgust_top1500": 0.8418604731559753, "disgust_top2000": 0.8557364344596863, "disgust_top2500": 0.8262014985084534, "disgust_top3000": 0.8228681683540344, "disgust_top4000": 0.8156588673591614, "disgust_top5000": 0.8418604731559753, "disgust_top6000": 0.58364337682724, "control_top1500": 0.8286046981811523, "control_top2000": 0.8468992114067078, "control_top2500": 0.8396899104118347, "control_top3000": 0.8090696930885315, "control_top4000": 0.8290697932243347, "control_top5000": 0.8168216347694397, "control_top6000": 0.7823255658149719, "fairness_top1500": 0.8502326011657715, "fairness_top2000": 0.8324031233787537, "fairness_top2500": 0.8418604731559753, "fairness_top3000": 0.8557364344596863, "fairness_top4000": 0.7662015557289124, "fairness_top5000": 0.6467441916465759, "fairness_top6000": 0.6134108901023865, "self-related_top1500": 0.8613178133964539, "self-related_top2000": 0.854651153087616, "self-related_top2500": 0.8413178324699402, "self-related_top3000": 0.8457364439964294, "self-related_top4000": 0.8568217158317566, "self-related_top5000": 0.8434883952140808, "self-related_top6000": 0.8412403464317322, "other-related_top1500": 0.840775191783905, "other-related_top2000": 0.8385271430015564, "other-related_top2500": 0.8424031138420105, "other-related_top3000": 0.8368217349052429, "other-related_top4000": 0.833488404750824, "other-related_top5000": 0.49519383907318115, "other-related_top6000": 0.5017054080963135, "expectedness_top1500": 0.8585271239280701, "expectedness_top2000": 0.8596124053001404, "expectedness_top2500": 0.8701550364494324, "expectedness_top3000": 0.8568217158317566, "expectedness_top4000": 0.8145735859870911, "expectedness_top5000": 0.830155074596405, "expectedness_top6000": 0.8263565897941589, "non-novelty_top1500": 0.8479844927787781, "non-novelty_top2000": 0.8336434364318848, "non-novelty_top2500": 0.8142635822296143, "non-novelty_top3000": 0.8248062133789062, "non-novelty_top4000": 0.820310115814209, "non-novelty_top5000": 0.7548837065696716, "non-novelty_top6000": 0.7172093391418457}