{"sentiment": "sadness", "seed": 13, "arousal_top1500": 0.8480620384216309, "best": 0.7786458730697632, "arousal_top2000": 0.8264341354370117, "arousal_top2500": 0.8181395530700684, "arousal_top3000": 0.848604679107666, "arousal_top4000": 0.8197674751281738, "arousal_top5000": 0.7931783199310303, "arousal_top6000": 0.7400000095367432, "valence_top1500": 0.8192248344421387, "valence_top2000": 0.7796899676322937, "valence_top2500": 0.7671318054199219, "valence_top3000": 0.7437984347343445, "valence_top4000": 0.6800774931907654, "valence_top5000": 0.49162793159484863, "valence_top6000": 0.4844186305999756, "happy_top1500": 0.8331007957458496, "happy_top2000": 0.823100745677948, "happy_top2500": 0.8009302616119385, "happy_top3000": 0.8230233192443848, "happy_top4000": 0.604651153087616, "happy_top5000": 0.4844186305999756, "happy_top6000": 0.4844186305999756, "anger_top1500": 0.8413178324699402, "anger_top2000": 0.8157364726066589, "anger_top2500": 0.8134883046150208, "anger_top3000": 0.7723255753517151, "anger_top4000": 0.6906201243400574, "anger_top5000": 0.5650387406349182, "anger_top6000": 0.5322480201721191, "sad_top1500": 0.8346511721611023, "sad_top2000": 0.8190696835517883, "sad_top2500": 0.7689922451972961, "sad_top3000": 0.6767442226409912, "sad_top4000": 0.6972867846488953, "sad_top5000": 0.5189146995544434, "sad_top6000": 0.5155813694000244, "fear_top1500": 0.7996899485588074, "fear_top2000": 0.5586821436882019, "fear_top2500": 0.5187597274780273, "fear_top3000": 0.5082170963287354, "fear_top4000": 0.4882946014404297, "fear_top5000": 0.48775196075439453, "fear_top6000": 0.4921705722808838, "surprise_top1500": 0.8096123337745667, "surprise_top2000": 0.8012402653694153, "surprise_top2500": 0.8168216347694397, "surprise_top3000": 0.821240246295929, "surprise_top4000": 0.8240309357643127, "surprise_top5000": 0.7956588864326477, "surprise_top6000": 0.7195348739624023, "disgust_top1500": 0.840775191783905, "disgust_top2000": 0.8246511816978455, "disgust_top2500": 0.8257364630699158, "disgust_top3000": 0.8117828965187073, "disgust_top4000": 0.753410816192627, "disgust_top5000": 0.7334108352661133, "disgust_top6000": 0.6189147233963013, "control_top1500": 0.807364284992218, "control_top2000": 0.7228682041168213, "control_top2500": 0.6728682518005371, "control_top3000": 0.5522480607032776, "control_top4000": 0.5489147305488586, "control_top5000": 0.5155813694000244, "control_top6000": 0.5517054200172424, "fairness_top1500": 0.8341860771179199, "fairness_top2000": 0.8308526873588562, "fairness_top2500": 0.8502326011657715, "fairness_top3000": 0.833565890789032, "fairness_top4000": 0.7432558536529541, "fairness_top5000": 0.7198449969291687, "fairness_top6000": 0.635503888130188, "self-related_top1500": 0.8530232310295105, "self-related_top2000": 0.8496899604797363, "self-related_top2500": 0.8596898913383484, "self-related_top3000": 0.8496899604797363, "self-related_top4000": 0.8302326202392578, "self-related_top5000": 0.8201550841331482, "self-related_top6000": 0.8145735859870911, "other-related_top1500": 0.8563566207885742, "other-related_top2000": 0.8496899604797363, "other-related_top2500": 0.840775191783905, "other-related_top3000": 0.8241086006164551, "other-related_top4000": 0.8296899795532227, "other-related_top5000": 0.38077521324157715, "other-related_top6000": 0.5050387382507324, "expectedness_top1500": 0.8302326202392578, "expectedness_top2000": 0.8313178420066833, "expectedness_top2500": 0.8296124339103699, "expectedness_top3000": 0.8240310549736023, "expectedness_top4000": 0.7206201553344727, "expectedness_top5000": 0.7139534950256348, "expectedness_top6000": 0.6517054438591003, "non-novelty_top1500": 0.8607751727104187, "non-novelty_top2000": 0.8630232810974121, "non-novelty_top2500": 0.8419380187988281, "non-novelty_top3000": 0.8541085124015808, "non-novelty_top4000": 0.6417054533958435, "non-novelty_top5000": 0.6183720827102661, "non-novelty_top6000": 0.7984495759010315}