{"sentiment": "sadness", "seed": 3, "arousal_top1500": 0.8602325320243835, "best": 0.8374999761581421, "arousal_top2000": 0.8635659217834473, "arousal_top2500": 0.8519379496574402, "arousal_top3000": 0.8596898913383484, "arousal_top4000": 0.8535658717155457, "arousal_top5000": 0.6152713298797607, "arousal_top6000": 0.5165891647338867, "valence_top1500": 0.8574419021606445, "valence_top2000": 0.8535658717155457, "valence_top2500": 0.8419380187988281, "valence_top3000": 0.8291473388671875, "valence_top4000": 0.6346511840820312, "valence_top5000": 0.5127131938934326, "valence_top6000": 0.5016279220581055, "happy_top1500": 0.8396899104118347, "happy_top2000": 0.8463565707206726, "happy_top2500": 0.8557364344596863, "happy_top3000": 0.8396899104118347, "happy_top4000": 0.8224031329154968, "happy_top5000": 0.8023255467414856, "happy_top6000": 0.6905426383018494, "anger_top1500": 0.8641085624694824, "anger_top2000": 0.8679844737052917, "anger_top2500": 0.8607751727104187, "anger_top3000": 0.8834883570671082, "anger_top4000": 0.8717829585075378, "anger_top5000": 0.8784496188163757, "anger_top6000": 0.8423255085945129, "sad_top1500": 0.8563566207885742, "sad_top2000": 0.8596898913383484, "sad_top2500": 0.8574419021606445, "sad_top3000": 0.8474418520927429, "sad_top4000": 0.8380619883537292, "sad_top5000": 0.8373643755912781, "sad_top6000": 0.7700775265693665, "fear_top1500": 0.7205426692962646, "fear_top2000": 0.718294620513916, "fear_top2500": 0.7870543003082275, "fear_top3000": 0.7759690284729004, "fear_top4000": 0.7632558345794678, "fear_top5000": 0.7798449993133545, "fear_top6000": 0.767674446105957, "surprise_top1500": 0.8801550269126892, "surprise_top2000": 0.8851162791252136, "surprise_top2500": 0.8845736384391785, "surprise_top3000": 0.8762790560722351, "surprise_top4000": 0.8262014985084534, "surprise_top5000": 0.7772868275642395, "surprise_top6000": 0.671705424785614, "disgust_top1500": 0.8641085624694824, "disgust_top2000": 0.8641085624694824, "disgust_top2500": 0.8641085624694824, "disgust_top3000": 0.8641085624694824, "disgust_top4000": 0.8641085624694824, "disgust_top5000": 0.879612386226654, "disgust_top6000": 0.8679069876670837, "control_top1500": 0.8607751727104187, "control_top2000": 0.8701550364494324, "control_top2500": 0.8657364249229431, "control_top3000": 0.8401550650596619, "control_top4000": 0.7858914732933044, "control_top5000": 0.8113953471183777, "control_top6000": 0.765116274356842, "fairness_top1500": 0.8535658717155457, "fairness_top2000": 0.851317822933197, "fairness_top2500": 0.8585271239280701, "fairness_top3000": 0.8590697646141052, "fairness_top4000": 0.8495349287986755, "fairness_top5000": 0.7667441964149475, "fairness_top6000": 0.5830232501029968, "self-related_top1500": 0.8635659217834473, "self-related_top2000": 0.8635659217834473, "self-related_top2500": 0.8602325320243835, "self-related_top3000": 0.8568992614746094, "self-related_top4000": 0.8602325320243835, "self-related_top5000": 0.8551937937736511, "self-related_top6000": 0.868992269039154, "other-related_top1500": 0.848604679107666, "other-related_top2000": 0.8596898913383484, "other-related_top2500": 0.8524805903434753, "other-related_top3000": 0.8558139801025391, "other-related_top4000": 0.8297674059867859, "other-related_top5000": 0.555348813533783, "other-related_top6000": 0.6056589484214783, "expectedness_top1500": 0.8602325320243835, "expectedness_top2000": 0.8568992614746094, "expectedness_top2500": 0.8657364249229431, "expectedness_top3000": 0.8613178133964539, "expectedness_top4000": 0.8518604636192322, "expectedness_top5000": 0.8435659408569336, "expectedness_top6000": 0.854651153087616, "non-novelty_top1500": 0.8634883761405945, "non-novelty_top2000": 0.8613178133964539, "non-novelty_top2500": 0.8679069876670837, "non-novelty_top3000": 0.8562015891075134, "non-novelty_top4000": 0.6424031257629395, "non-novelty_top5000": 0.8097674250602722, "non-novelty_top6000": 0.8213953971862793}