{"sentiment": "sadness", "seed": 5, "arousal_top1500": 0.8247286677360535, "best": 0.8296874761581421, "arousal_top2000": 0.8352713584899902, "arousal_top2500": 0.8269767761230469, "arousal_top3000": 0.8386046290397644, "arousal_top4000": 0.8331007957458496, "arousal_top5000": 0.5437984466552734, "arousal_top6000": 0.5021705627441406, "valence_top1500": 0.8184495568275452, "valence_top2000": 0.8268217444419861, "valence_top2500": 0.8262791037559509, "valence_top3000": 0.8424806594848633, "valence_top4000": 0.5165891647338867, "valence_top5000": 0.49162793159484863, "valence_top6000": 0.49162793159484863, "happy_top1500": 0.8206977248191833, "happy_top2000": 0.8268216252326965, "happy_top2500": 0.7714728713035583, "happy_top3000": 0.700620174407959, "happy_top4000": 0.49162793159484863, "happy_top5000": 0.49162793159484863, "happy_top6000": 0.49162793159484863, "anger_top1500": 0.8562790751457214, "anger_top2000": 0.8401550650596619, "anger_top2500": 0.8251162171363831, "anger_top3000": 0.8245736956596375, "anger_top4000": 0.8189921975135803, "anger_top5000": 0.7393023371696472, "anger_top6000": 0.5320930480957031, "sad_top1500": 0.7339534759521484, "sad_top2000": 0.7272868156433105, "sad_top2500": 0.7367441654205322, "sad_top3000": 0.7327907085418701, "sad_top4000": 0.5892248153686523, "sad_top5000": 0.6212403178215027, "sad_top6000": 0.5110077261924744, "fear_top1500": 0.6225581765174866, "fear_top2000": 0.5698449611663818, "fear_top2500": 0.6496899724006653, "fear_top3000": 0.6368992328643799, "fear_top4000": 0.5199224948883057, "fear_top5000": 0.4921705722808838, "fear_top6000": 0.49162793159484863, "surprise_top1500": 0.8534883856773376, "surprise_top2000": 0.8534883856773376, "surprise_top2500": 0.8496124148368835, "surprise_top3000": 0.8585271239280701, "surprise_top4000": 0.8551937937736511, "surprise_top5000": 0.8490697741508484, "surprise_top6000": 0.8490697741508484, "disgust_top1500": 0.8501550555229187, "disgust_top2000": 0.8468217253684998, "disgust_top2500": 0.8251162171363831, "disgust_top3000": 0.8351163268089294, "disgust_top4000": 0.8424031138420105, "disgust_top5000": 0.697364330291748, "disgust_top6000": 0.6186046600341797, "control_top1500": 0.8502326011657715, "control_top2000": 0.8351938128471375, "control_top2500": 0.8379845023155212, "control_top3000": 0.7970542907714844, "control_top4000": 0.8169767260551453, "control_top5000": 0.7858139872550964, "control_top6000": 0.7568216919898987, "fairness_top1500": 0.8256588578224182, "fairness_top2000": 0.8223255276679993, "fairness_top2500": 0.8189921975135803, "fairness_top3000": 0.8162015080451965, "fairness_top4000": 0.8279070258140564, "fairness_top5000": 0.49162793159484863, "fairness_top6000": 0.49162793159484863, "self-related_top1500": 0.8474418520927429, "self-related_top2000": 0.8474418520927429, "self-related_top2500": 0.8474418520927429, "self-related_top3000": 0.851317822933197, "self-related_top4000": 0.851317822933197, "self-related_top5000": 0.8562790751457214, "self-related_top6000": 0.8473643660545349, "other-related_top1500": 0.8479844927787781, "other-related_top2000": 0.8518604636192322, "other-related_top2500": 0.8557364344596863, "other-related_top3000": 0.8457364439964294, "other-related_top4000": 0.8441085815429688, "other-related_top5000": 0.4949612617492676, "other-related_top6000": 0.7679844498634338, "expectedness_top1500": 0.8518604636192322, "expectedness_top2000": 0.8601550459861755, "expectedness_top2500": 0.8457364439964294, "expectedness_top3000": 0.8346511721611023, "expectedness_top4000": 0.8201550841331482, "expectedness_top5000": 0.8213178515434265, "expectedness_top6000": 0.8113953471183777, "non-novelty_top1500": 0.8268217444419861, "non-novelty_top2000": 0.840775191783905, "non-novelty_top2500": 0.8496899604797363, "non-novelty_top3000": 0.8402325510978699, "non-novelty_top4000": 0.7422480583190918, "non-novelty_top5000": 0.8114728927612305, "non-novelty_top6000": 0.6668992042541504}