{"sentiment": "sadness", "seed": 1, "arousal_top1500": 0.8186046481132507, "best": 0.8346353769302368, "arousal_top2000": 0.8103100657463074, "arousal_top2500": 0.8385271430015564, "arousal_top3000": 0.8368217349052429, "arousal_top4000": 0.8340310454368591, "arousal_top5000": 0.8020155429840088, "arousal_top6000": 0.5431783199310303, "valence_top1500": 0.8340310454368591, "valence_top2000": 0.8146511912345886, "valence_top2500": 0.7482170462608337, "valence_top3000": 0.6362790465354919, "valence_top4000": 0.4949612617492676, "valence_top5000": 0.4949612617492676, "valence_top6000": 0.4949612617492676, "happy_top1500": 0.8340310454368591, "happy_top2000": 0.812480628490448, "happy_top2500": 0.7693023681640625, "happy_top3000": 0.7271317839622498, "happy_top4000": 0.5243411064147949, "happy_top5000": 0.4949612617492676, "happy_top6000": 0.4949612617492676, "anger_top1500": 0.8396124243736267, "anger_top2000": 0.8373643755912781, "anger_top2500": 0.8373643755912781, "anger_top3000": 0.8340310454368591, "anger_top4000": 0.833565890789032, "anger_top5000": 0.7996899485588074, "anger_top6000": 0.8096123337745667, "sad_top1500": 0.8317829966545105, "sad_top2000": 0.831782877445221, "sad_top2500": 0.831782877445221, "sad_top3000": 0.8256588578224182, "sad_top4000": 0.7723255753517151, "sad_top5000": 0.7662015557289124, "sad_top6000": 0.7350387573242188, "fear_top1500": 0.5481395125389099, "fear_top2000": 0.4949612617492676, "fear_top2500": 0.4949612617492676, "fear_top3000": 0.4949612617492676, "fear_top4000": 0.4949612617492676, "fear_top5000": 0.4949612617492676, "fear_top6000": 0.4949612617492676, "surprise_top1500": 0.8457364439964294, "surprise_top2000": 0.8368217349052429, "surprise_top2500": 0.8379845023155212, "surprise_top3000": 0.7543411254882812, "surprise_top4000": 0.7981395721435547, "surprise_top5000": 0.7648837566375732, "surprise_top6000": 0.5575968623161316, "disgust_top1500": 0.8429457545280457, "disgust_top2000": 0.8362790942192078, "disgust_top2500": 0.8217828869819641, "disgust_top3000": 0.8217828869819641, "disgust_top4000": 0.840697705745697, "disgust_top5000": 0.7980620265007019, "disgust_top6000": 0.8074418902397156, "control_top1500": 0.8286046981811523, "control_top2000": 0.8368217349052429, "control_top2500": 0.8141860961914062, "control_top3000": 0.8313178420066833, "control_top4000": 0.8451163172721863, "control_top5000": 0.7879844307899475, "control_top6000": 0.7900775074958801, "fairness_top1500": 0.8345736861228943, "fairness_top2000": 0.8362790942192078, "fairness_top2500": 0.8279845118522644, "fairness_top3000": 0.8130232691764832, "fairness_top4000": 0.7293798923492432, "fairness_top5000": 0.6113178133964539, "fairness_top6000": 0.4982945919036865, "self-related_top1500": 0.8357364535331726, "self-related_top2000": 0.8462790846824646, "self-related_top2500": 0.8462790846824646, "self-related_top3000": 0.8296124339103699, "self-related_top4000": 0.8302326202392578, "self-related_top5000": 0.8362790942192078, "self-related_top6000": 0.8468217253684998, "other-related_top1500": 0.8219380378723145, "other-related_top2000": 0.8268992304801941, "other-related_top2500": 0.8424031138420105, "other-related_top3000": 0.830775260925293, "other-related_top4000": 0.7798449993133545, "other-related_top5000": 0.48496127128601074, "other-related_top6000": 0.6984496116638184, "expectedness_top1500": 0.8258139491081238, "expectedness_top2000": 0.8152713775634766, "expectedness_top2500": 0.7665116190910339, "expectedness_top3000": 0.7881395816802979, "expectedness_top4000": 0.8390697836875916, "expectedness_top5000": 0.7626356482505798, "expectedness_top6000": 0.770387589931488, "non-novelty_top1500": 0.8373643755912781, "non-novelty_top2000": 0.8341085314750671, "non-novelty_top2500": 0.8191472887992859, "non-novelty_top3000": 0.840697705745697, "non-novelty_top4000": 0.4949612617492676, "non-novelty_top5000": 0.6146511435508728, "non-novelty_top6000": 0.4988372325897217}