{"sentiment": "sadness", "seed": 15, "arousal_top1500": 0.8579844832420349, "best": 0.9130208492279053, "arousal_top2000": 0.8502326011657715, "arousal_top2500": 0.8468992114067078, "arousal_top3000": 0.8430233001708984, "arousal_top4000": 0.8391472697257996, "arousal_top5000": 0.7122480869293213, "arousal_top6000": 0.6640310287475586, "valence_top1500": 0.8612403273582458, "valence_top2000": 0.8424806594848633, "valence_top2500": 0.7958914637565613, "valence_top3000": 0.7953488826751709, "valence_top4000": 0.7344186305999756, "valence_top5000": 0.528217077255249, "valence_top6000": 0.5016279220581055, "happy_top1500": 0.8441085815429688, "happy_top2000": 0.827519416809082, "happy_top2500": 0.686744213104248, "happy_top3000": 0.594186007976532, "happy_top4000": 0.5016279220581055, "happy_top5000": 0.5016279220581055, "happy_top6000": 0.5016279220581055, "anger_top1500": 0.8673643469810486, "anger_top2000": 0.8606976866722107, "anger_top2500": 0.8745736479759216, "anger_top3000": 0.8573643565177917, "anger_top4000": 0.8020155429840088, "anger_top5000": 0.5016279220581055, "anger_top6000": 0.5121705532073975, "sad_top1500": 0.8224806785583496, "sad_top2000": 0.8003101348876953, "sad_top2500": 0.7610077857971191, "sad_top3000": 0.5237984657287598, "sad_top4000": 0.8640310168266296, "sad_top5000": 0.5016279220581055, "sad_top6000": 0.5082945823669434, "fear_top1500": 0.7654263973236084, "fear_top2000": 0.6911628246307373, "fear_top2500": 0.7233333587646484, "fear_top3000": 0.5986046195030212, "fear_top4000": 0.5016279220581055, "fear_top5000": 0.5016279220581055, "fear_top6000": 0.5016279220581055, "surprise_top1500": 0.8784496188163757, "surprise_top2000": 0.8851162791252136, "surprise_top2500": 0.8779069781303406, "surprise_top3000": 0.8657364249229431, "surprise_top4000": 0.861860454082489, "surprise_top5000": 0.8053488731384277, "surprise_top6000": 0.7050387859344482, "disgust_top1500": 0.8706976771354675, "disgust_top2000": 0.8706976771354675, "disgust_top2500": 0.8640310168266296, "disgust_top3000": 0.8740310072898865, "disgust_top4000": 0.8629457354545593, "disgust_top5000": 0.7510077953338623, "disgust_top6000": 0.7881395816802979, "control_top1500": 0.861782968044281, "control_top2000": 0.8423256278038025, "control_top2500": 0.8601550459861755, "control_top3000": 0.8634883761405945, "control_top4000": 0.8279845118522644, "control_top5000": 0.8173642754554749, "control_top6000": 0.7606976628303528, "fairness_top1500": 0.8685271143913269, "fairness_top2000": 0.8729457259178162, "fairness_top2500": 0.8657364249229431, "fairness_top3000": 0.8341860771179199, "fairness_top4000": 0.6529457569122314, "fairness_top5000": 0.5127131938934326, "fairness_top6000": 0.4949612617492676, "self-related_top1500": 0.8734883666038513, "self-related_top2000": 0.8629457354545593, "self-related_top2500": 0.8668217062950134, "self-related_top3000": 0.8673643469810486, "self-related_top4000": 0.8657364249229431, "self-related_top5000": 0.8806976675987244, "self-related_top6000": 0.8840309977531433, "other-related_top1500": 0.8690697550773621, "other-related_top2000": 0.872403085231781, "other-related_top2500": 0.8690697550773621, "other-related_top3000": 0.8690697550773621, "other-related_top4000": 0.8585271239280701, "other-related_top5000": 0.5132558345794678, "other-related_top6000": 0.7144185900688171, "expectedness_top1500": 0.8734883666038513, "expectedness_top2000": 0.8773643374443054, "expectedness_top2500": 0.8817829489707947, "expectedness_top3000": 0.8673643469810486, "expectedness_top4000": 0.8706976771354675, "expectedness_top5000": 0.8696123957633972, "expectedness_top6000": 0.8579069972038269, "non-novelty_top1500": 0.8651162981987, "non-novelty_top2000": 0.8524031043052673, "non-novelty_top2500": 0.8518604636192322, "non-novelty_top3000": 0.8551937937736511, "non-novelty_top4000": 0.7460465431213379, "non-novelty_top5000": 0.8640310168266296, "non-novelty_top6000": 0.8058915138244629}