{"sentiment": "sadness", "seed": 9, "arousal_top1500": 0.8585271239280701, "best": 0.8688802123069763, "arousal_top2000": 0.8624030947685242, "arousal_top2500": 0.8541085124015808, "arousal_top3000": 0.8601550459861755, "arousal_top4000": 0.8596124053001404, "arousal_top5000": 0.49775195121765137, "arousal_top6000": 0.5620154738426208, "valence_top1500": 0.8634883761405945, "valence_top2000": 0.8128681778907776, "valence_top2500": 0.6678294539451599, "valence_top3000": 0.6767442226409912, "valence_top4000": 0.4844186305999756, "valence_top5000": 0.49775195121765137, "valence_top6000": 0.49775195121765137, "happy_top1500": 0.5925580859184265, "happy_top2000": 0.5060465335845947, "happy_top2500": 0.5021705627441406, "happy_top3000": 0.49775195121765137, "happy_top4000": 0.5055038928985596, "happy_top5000": 0.49775195121765137, "happy_top6000": 0.49775195121765137, "anger_top1500": 0.8485271334648132, "anger_top2000": 0.8489922881126404, "anger_top2500": 0.8534108996391296, "anger_top3000": 0.838914692401886, "anger_top4000": 0.8055813908576965, "anger_top5000": 0.8483720421791077, "anger_top6000": 0.8679069876670837, "sad_top1500": 0.8534108996391296, "sad_top2000": 0.8411627411842346, "sad_top2500": 0.8350387215614319, "sad_top3000": 0.8200774788856506, "sad_top4000": 0.5049612522125244, "sad_top5000": 0.5471317768096924, "sad_top6000": 0.7127132415771484, "fear_top1500": 0.559844970703125, "fear_top2000": 0.5997674465179443, "fear_top2500": 0.6463566422462463, "fear_top3000": 0.6507751941680908, "fear_top4000": 0.5232558250427246, "fear_top5000": 0.5410077571868896, "fear_top6000": 0.5448837280273438, "surprise_top1500": 0.868992269039154, "surprise_top2000": 0.8439534306526184, "surprise_top2500": 0.8672868609428406, "surprise_top3000": 0.8478294014930725, "surprise_top4000": 0.788914680480957, "surprise_top5000": 0.7050387859344482, "surprise_top6000": 0.7117054462432861, "disgust_top1500": 0.8573643565177917, "disgust_top2000": 0.8573643565177917, "disgust_top2500": 0.8451163172721863, "disgust_top3000": 0.8484496474266052, "disgust_top4000": 0.8551163077354431, "disgust_top5000": 0.8651162981987, "disgust_top6000": 0.8623256087303162, "control_top1500": 0.8339534401893616, "control_top2000": 0.7722480893135071, "control_top2500": 0.7983720898628235, "control_top3000": 0.7835658192634583, "control_top4000": 0.7831007838249207, "control_top5000": 0.7844961285591125, "control_top6000": 0.7367441654205322, "fairness_top1500": 0.8228681683540344, "fairness_top2000": 0.8400774598121643, "fairness_top2500": 0.7955813407897949, "fairness_top3000": 0.7922480702400208, "fairness_top4000": 0.6745736598968506, "fairness_top5000": 0.5640310645103455, "fairness_top6000": 0.49775195121765137, "self-related_top1500": 0.8718604445457458, "self-related_top2000": 0.8657364249229431, "self-related_top2500": 0.8629457354545593, "self-related_top3000": 0.8651162981987, "self-related_top4000": 0.823100745677948, "self-related_top5000": 0.8386046290397644, "self-related_top6000": 0.8596124053001404, "other-related_top1500": 0.8701550364494324, "other-related_top2000": 0.8634883761405945, "other-related_top2500": 0.8629457354545593, "other-related_top3000": 0.8634883761405945, "other-related_top4000": 0.8602325320243835, "other-related_top5000": 0.5276744365692139, "other-related_top6000": 0.6220155358314514, "expectedness_top1500": 0.8529457449913025, "expectedness_top2000": 0.8540310263633728, "expectedness_top2500": 0.8484496474266052, "expectedness_top3000": 0.8568217158317566, "expectedness_top4000": 0.8351162075996399, "expectedness_top5000": 0.8402325510978699, "expectedness_top6000": 0.8579069972038269, "non-novelty_top1500": 0.8579069972038269, "non-novelty_top2000": 0.8551937937736511, "non-novelty_top2500": 0.820387601852417, "non-novelty_top3000": 0.8392248153686523, "non-novelty_top4000": 0.6912403106689453, "non-novelty_top5000": 0.820310115814209, "non-novelty_top6000": 0.7227907180786133}