{"sentiment": "sadness", "seed": 42, "arousal_top1500": 0.5163565874099731, "best": 0.707812488079071, "arousal_top2000": 0.5318604111671448, "arousal_top2500": 0.5016279220581055, "arousal_top3000": 0.5103100538253784, "arousal_top4000": 0.477054238319397, "arousal_top5000": 0.5390697717666626, "arousal_top6000": 0.4944186210632324, "valence_top1500": 0.49550390243530273, "valence_top2000": 0.5055038928985596, "valence_top2500": 0.5147287249565125, "valence_top3000": 0.4853488504886627, "valence_top4000": 0.4944186210632324, "valence_top5000": 0.4944186210632324, "valence_top6000": 0.4944186210632324, "happy_top1500": 0.4944186210632324, "happy_top2000": 0.4944186210632324, "happy_top2500": 0.4944186210632324, "happy_top3000": 0.4944186210632324, "happy_top4000": 0.4944186210632324, "happy_top5000": 0.5044960975646973, "happy_top6000": 0.5186821818351746, "anger_top1500": 0.539534866809845, "anger_top2000": 0.5255038738250732, "anger_top2500": 0.5055813789367676, "anger_top3000": 0.5055813789367676, "anger_top4000": 0.48379847407341003, "anger_top5000": 0.4453488290309906, "anger_top6000": 0.48496124148368835, "sad_top1500": 0.5055813789367676, "sad_top2000": 0.5055813789367676, "sad_top2500": 0.5055813789367676, "sad_top3000": 0.5089147090911865, "sad_top4000": 0.4944186210632324, "sad_top5000": 0.4971318244934082, "sad_top6000": 0.4944186210632324, "fear_top1500": 0.4944186210632324, "fear_top2000": 0.4944186210632324, "fear_top2500": 0.4944186210632324, "fear_top3000": 0.4944186210632324, "fear_top4000": 0.4944186210632324, "fear_top5000": 0.4944186210632324, "fear_top6000": 0.4944186210632324, "surprise_top1500": 0.5155813694000244, "surprise_top2000": 0.5055813789367676, "surprise_top2500": 0.49806201457977295, "surprise_top3000": 0.5189147591590881, "surprise_top4000": 0.5055813789367676, "surprise_top5000": 0.5022480487823486, "surprise_top6000": 0.5406201481819153, "disgust_top1500": 0.563178300857544, "disgust_top2000": 0.5350387692451477, "disgust_top2500": 0.5089147090911865, "disgust_top3000": 0.5055813789367676, "disgust_top4000": 0.4982945919036865, "disgust_top5000": 0.4944186210632324, "disgust_top6000": 0.4944186210632324, "control_top1500": 0.4944186210632324, "control_top2000": 0.5021705627441406, "control_top2500": 0.4944186210632324, "control_top3000": 0.4944186210632324, "control_top4000": 0.4944186210632324, "control_top5000": 0.4944186210632324, "control_top6000": 0.4944186210632324, "fairness_top1500": 0.5022480487823486, "fairness_top2000": 0.5055813789367676, "fairness_top2500": 0.5055813789367676, "fairness_top3000": 0.49674418568611145, "fairness_top4000": 0.5055813789367676, "fairness_top5000": 0.4944186210632324, "fairness_top6000": 0.4944186210632324, "self-related_top1500": 0.5195348858833313, "self-related_top2000": 0.49248063564300537, "self-related_top2500": 0.4882170855998993, "self-related_top3000": 0.5252713561058044, "self-related_top4000": 0.5312402844429016, "self-related_top5000": 0.5055813789367676, "self-related_top6000": 0.5122480392456055, "other-related_top1500": 0.4944186210632324, "other-related_top2000": 0.4944186210632324, "other-related_top2500": 0.4944186210632324, "other-related_top3000": 0.4944186210632324, "other-related_top4000": 0.4944186210632324, "other-related_top5000": 0.47992250323295593, "other-related_top6000": 0.49271318316459656, "expectedness_top1500": 0.5202325582504272, "expectedness_top2000": 0.5081395506858826, "expectedness_top2500": 0.5267441868782043, "expectedness_top3000": 0.4832558333873749, "expectedness_top4000": 0.4844186305999756, "expectedness_top5000": 0.4944186210632324, "expectedness_top6000": 0.4944186210632324, "non-novelty_top1500": 0.5047286748886108, "non-novelty_top2000": 0.499922513961792, "non-novelty_top2500": 0.49286821484565735, "non-novelty_top3000": 0.5017054080963135, "non-novelty_top4000": 0.4944186210632324, "non-novelty_top5000": 0.4944186210632324, "non-novelty_top6000": 0.4944186210632324}