{"sentiment": "sadness", "seed": 100, "arousal_top1500": 0.5265891551971436, "best": 0.7079427242279053, "arousal_top2000": 0.5224806070327759, "arousal_top2500": 0.5071317553520203, "arousal_top3000": 0.4988372027873993, "arousal_top4000": 0.5129457116127014, "arousal_top5000": 0.5037984848022461, "arousal_top6000": 0.5032558441162109, "valence_top1500": 0.5215504169464111, "valence_top2000": 0.5032558441162109, "valence_top2500": 0.5032558441162109, "valence_top3000": 0.5032558441162109, "valence_top4000": 0.499922513961792, "valence_top5000": 0.5032558441162109, "valence_top6000": 0.5032558441162109, "happy_top1500": 0.5298449993133545, "happy_top2000": 0.5470542311668396, "happy_top2500": 0.5032558441162109, "happy_top3000": 0.5032558441162109, "happy_top4000": 0.5032558441162109, "happy_top5000": 0.5111627578735352, "happy_top6000": 0.5076744556427002, "anger_top1500": 0.5025581121444702, "anger_top2000": 0.5346511006355286, "anger_top2500": 0.5195348858833313, "anger_top3000": 0.5034108757972717, "anger_top4000": 0.499922513961792, "anger_top5000": 0.499922513961792, "anger_top6000": 0.5032558441162109, "sad_top1500": 0.4503875970840454, "sad_top2000": 0.499922513961792, "sad_top2500": 0.5076744556427002, "sad_top3000": 0.5032558441162109, "sad_top4000": 0.4971317946910858, "sad_top5000": 0.48124030232429504, "sad_top6000": 0.5331007838249207, "fear_top1500": 0.49674418568611145, "fear_top2000": 0.49286821484565735, "fear_top2500": 0.49286821484565735, "fear_top3000": 0.4987596571445465, "fear_top4000": 0.5043411254882812, "fear_top5000": 0.5054264068603516, "fear_top6000": 0.5032558441162109, "surprise_top1500": 0.4908527135848999, "surprise_top2000": 0.5228682160377502, "surprise_top2500": 0.5182170867919922, "surprise_top3000": 0.5032558441162109, "surprise_top4000": 0.5032558441162109, "surprise_top5000": 0.47596898674964905, "surprise_top6000": 0.47992250323295593, "disgust_top1500": 0.5173643231391907, "disgust_top2000": 0.4996899366378784, "disgust_top2500": 0.49674418568611145, "disgust_top3000": 0.49674418568611145, "disgust_top4000": 0.5028682351112366, "disgust_top5000": 0.47860467433929443, "disgust_top6000": 0.499922513961792, "control_top1500": 0.499922513961792, "control_top2000": 0.510465145111084, "control_top2500": 0.5032558441162109, "control_top3000": 0.5032558441162109, "control_top4000": 0.5032558441162109, "control_top5000": 0.5032558441162109, "control_top6000": 0.5054263472557068, "fairness_top1500": 0.49674418568611145, "fairness_top2000": 0.49674418568611145, "fairness_top2500": 0.515116274356842, "fairness_top3000": 0.5165116190910339, "fairness_top4000": 0.5193023681640625, "fairness_top5000": 0.47341084480285645, "fairness_top6000": 0.5032558441162109, "self-related_top1500": 0.5313178300857544, "self-related_top2000": 0.4960465431213379, "self-related_top2500": 0.5032558441162109, "self-related_top3000": 0.49542638659477234, "self-related_top4000": 0.509844958782196, "self-related_top5000": 0.5200775265693665, "self-related_top6000": 0.5000775456428528, "other-related_top1500": 0.5496123433113098, "other-related_top2000": 0.5479845404624939, "other-related_top2500": 0.5322480797767639, "other-related_top3000": 0.5110077857971191, "other-related_top4000": 0.5065891742706299, "other-related_top5000": 0.5116279125213623, "other-related_top6000": 0.47465118765830994, "expectedness_top1500": 0.5054263472557068, "expectedness_top2000": 0.5032558441162109, "expectedness_top2500": 0.5032558441162109, "expectedness_top3000": 0.5032558441162109, "expectedness_top4000": 0.5032558441162109, "expectedness_top5000": 0.5032558441162109, "expectedness_top6000": 0.5032558441162109, "non-novelty_top1500": 0.48379841446876526, "non-novelty_top2000": 0.46395349502563477, "non-novelty_top2500": 0.47968992590904236, "non-novelty_top3000": 0.5032558441162109, "non-novelty_top4000": 0.5311627984046936, "non-novelty_top5000": 0.5020930171012878, "non-novelty_top6000": 0.49155041575431824}