{"sentiment": "sadness", "seed": 17, "arousal_top1500": 0.8568992614746094, "best": 0.9227864742279053, "arousal_top2000": 0.8313953280448914, "arousal_top2500": 0.8169767260551453, "arousal_top3000": 0.8535658717155457, "arousal_top4000": 0.8424806594848633, "arousal_top5000": 0.8458139300346375, "arousal_top6000": 0.7654263973236084, "valence_top1500": 0.8651162981987, "valence_top2000": 0.8247286677360535, "valence_top2500": 0.7914729118347168, "valence_top3000": 0.6618605256080627, "valence_top4000": 0.563178300857544, "valence_top5000": 0.4872093200683594, "valence_top6000": 0.4872093200683594, "happy_top1500": 0.820310115814209, "happy_top2000": 0.8308526873588562, "happy_top2500": 0.7516279220581055, "happy_top3000": 0.732248067855835, "happy_top4000": 0.5265891551971436, "happy_top5000": 0.4910852909088135, "happy_top6000": 0.4872093200683594, "anger_top1500": 0.8806976675987244, "anger_top2000": 0.8806976675987244, "anger_top2500": 0.8640310168266296, "anger_top3000": 0.8740310072898865, "anger_top4000": 0.8685271143913269, "anger_top5000": 0.7338759899139404, "anger_top6000": 0.7028682231903076, "sad_top1500": 0.8367441296577454, "sad_top2000": 0.8339534401893616, "sad_top2500": 0.8300774693489075, "sad_top3000": 0.8395348191261292, "sad_top4000": 0.6811628341674805, "sad_top5000": 0.5461240410804749, "sad_top6000": 0.6206976771354675, "fear_top1500": 0.8197674751281738, "fear_top2000": 0.7981395721435547, "fear_top2500": 0.7537984848022461, "fear_top3000": 0.7460465431213379, "fear_top4000": 0.7837209701538086, "fear_top5000": 0.5227131843566895, "fear_top6000": 0.5049612522125244, "surprise_top1500": 0.865193784236908, "surprise_top2000": 0.8729457259178162, "surprise_top2500": 0.8762790560722351, "surprise_top3000": 0.7765891551971436, "surprise_top4000": 0.7937209606170654, "surprise_top5000": 0.799302339553833, "surprise_top6000": 0.6967442035675049, "disgust_top1500": 0.8773643374443054, "disgust_top2000": 0.8740310072898865, "disgust_top2500": 0.8673643469810486, "disgust_top3000": 0.8551163077354431, "disgust_top4000": 0.8740310072898865, "disgust_top5000": 0.8435659408569336, "disgust_top6000": 0.7621705532073975, "control_top1500": 0.8651162981987, "control_top2000": 0.8528682589530945, "control_top2500": 0.8579844832420349, "control_top3000": 0.854651153087616, "control_top4000": 0.8662790656089783, "control_top5000": 0.8374419212341309, "control_top6000": 0.8206977248191833, "fairness_top1500": 0.8362016081809998, "fairness_top2000": 0.8144960999488831, "fairness_top2500": 0.757286787033081, "fairness_top3000": 0.7539534568786621, "fairness_top4000": 0.8390697836875916, "fairness_top5000": 0.6889147162437439, "fairness_top6000": 0.5824806094169617, "self-related_top1500": 0.8740310072898865, "self-related_top2000": 0.8773643374443054, "self-related_top2500": 0.8840309977531433, "self-related_top3000": 0.8806976675987244, "self-related_top4000": 0.8840309977531433, "self-related_top5000": 0.8706976771354675, "self-related_top6000": 0.8506976962089539, "other-related_top1500": 0.8801550269126892, "other-related_top2000": 0.8806976675987244, "other-related_top2500": 0.8840309977531433, "other-related_top3000": 0.8873643279075623, "other-related_top4000": 0.8541085124015808, "other-related_top5000": 0.5259690284729004, "other-related_top6000": 0.7148062586784363, "expectedness_top1500": 0.8840309977531433, "expectedness_top2000": 0.8762790560722351, "expectedness_top2500": 0.8352713584899902, "expectedness_top3000": 0.8496899604797363, "expectedness_top4000": 0.8502326011657715, "expectedness_top5000": 0.767674446105957, "expectedness_top6000": 0.7516279220581055, "non-novelty_top1500": 0.8773643374443054, "non-novelty_top2000": 0.8496899604797363, "non-novelty_top2500": 0.8092247843742371, "non-novelty_top3000": 0.8308526873588562, "non-novelty_top4000": 0.549302339553833, "non-novelty_top5000": 0.612480640411377, "non-novelty_top6000": 0.4872093200683594}