{"sentiment": "sadness", "seed": 7, "arousal_top1500": 0.8928682208061218, "best": 0.9100260734558105, "arousal_top2000": 0.8928682208061218, "arousal_top2500": 0.8962015509605408, "arousal_top3000": 0.8962015509605408, "arousal_top4000": 0.8928682208061218, "arousal_top5000": 0.8762015700340271, "arousal_top6000": 0.815891444683075, "valence_top1500": 0.8734108805656433, "valence_top2000": 0.8496124148368835, "valence_top2500": 0.8030232787132263, "valence_top3000": 0.8313178420066833, "valence_top4000": 0.4982945919036865, "valence_top5000": 0.4982945919036865, "valence_top6000": 0.4982945919036865, "happy_top1500": 0.8679069876670837, "happy_top2000": 0.872325599193573, "happy_top2500": 0.8468217253684998, "happy_top3000": 0.8396124243736267, "happy_top4000": 0.4982945919036865, "happy_top5000": 0.6134883761405945, "happy_top6000": 0.6262790560722351, "anger_top1500": 0.8600775599479675, "anger_top2000": 0.8695349097251892, "anger_top2500": 0.8662015795707703, "anger_top3000": 0.8628682494163513, "anger_top4000": 0.8734108805656433, "anger_top5000": 0.8867442011833191, "anger_top6000": 0.8772868514060974, "sad_top1500": 0.8628682494163513, "sad_top2000": 0.8595349192619324, "sad_top2500": 0.8567442297935486, "sad_top3000": 0.8867442011833191, "sad_top4000": 0.8679069876670837, "sad_top5000": 0.7875969409942627, "sad_top6000": 0.7299224734306335, "fear_top1500": 0.8468992114067078, "fear_top2000": 0.746589183807373, "fear_top2500": 0.6207751631736755, "fear_top3000": 0.6479069590568542, "fear_top4000": 0.4982945919036865, "fear_top5000": 0.4982945919036865, "fear_top6000": 0.4982945919036865, "surprise_top1500": 0.8695349097251892, "surprise_top2000": 0.8528682589530945, "surprise_top2500": 0.8862015604972839, "surprise_top3000": 0.8862015604972839, "surprise_top4000": 0.8206201195716858, "surprise_top5000": 0.8206201195716858, "surprise_top6000": 0.8567442297935486, "disgust_top1500": 0.8662015795707703, "disgust_top2000": 0.8634108901023865, "disgust_top2500": 0.8706201910972595, "disgust_top3000": 0.8700775504112244, "disgust_top4000": 0.8662015795707703, "disgust_top5000": 0.8800775408744812, "disgust_top6000": 0.8506200909614563, "control_top1500": 0.8845736384391785, "control_top2000": 0.8673643469810486, "control_top2500": 0.8801550269126892, "control_top3000": 0.8330232501029968, "control_top4000": 0.7853488922119141, "control_top5000": 0.6993798613548279, "control_top6000": 0.8357364535331726, "fairness_top1500": 0.8572867512702942, "fairness_top2000": 0.8539535403251648, "fairness_top2500": 0.8606202006340027, "fairness_top3000": 0.8539535403251648, "fairness_top4000": 0.8128681778907776, "fairness_top5000": 0.8639534115791321, "fairness_top6000": 0.6179844737052917, "self-related_top1500": 0.8895348906517029, "self-related_top2000": 0.8895348906517029, "self-related_top2500": 0.8862015604972839, "self-related_top3000": 0.879534900188446, "self-related_top4000": 0.8895348906517029, "self-related_top5000": 0.890077531337738, "self-related_top6000": 0.8734108805656433, "other-related_top1500": 0.8823255896568298, "other-related_top2000": 0.8856589198112488, "other-related_top2500": 0.8823255896568298, "other-related_top3000": 0.8889922499656677, "other-related_top4000": 0.8607751727104187, "other-related_top5000": 0.5698449611663818, "other-related_top6000": 0.8128681778907776, "expectedness_top1500": 0.8889922499656677, "expectedness_top2000": 0.8784496188163757, "expectedness_top2500": 0.8823255896568298, "expectedness_top3000": 0.8474418520927429, "expectedness_top4000": 0.8640310168266296, "expectedness_top5000": 0.8291473388671875, "expectedness_top6000": 0.8640310168266296, "non-novelty_top1500": 0.8823255896568298, "non-novelty_top2000": 0.8756589293479919, "non-novelty_top2500": 0.872325599193573, "non-novelty_top3000": 0.8756589293479919, "non-novelty_top4000": 0.8419380187988281, "non-novelty_top5000": 0.8485271334648132, "non-novelty_top6000": 0.7942636013031006}