{"sentiment": "surprise", "seed": 11, "arousal_top1500": 0.8242529034614563, "best": 0.900390625, "arousal_top2000": 0.8209195137023926, "arousal_top2500": 0.8285057544708252, "arousal_top3000": 0.8218390941619873, "arousal_top4000": 0.8075861930847168, "arousal_top5000": 0.429999977350235, "arousal_top6000": 0.429999977350235, "valence_top1500": 0.7662069201469421, "valence_top2000": 0.5675861835479736, "valence_top2500": 0.5699999928474426, "valence_top3000": 0.5699999928474426, "valence_top4000": 0.5699999928474426, "valence_top5000": 0.5766666531562805, "valence_top6000": 0.4005747139453888, "happy_top1500": 0.8040229678153992, "happy_top2000": 0.5773563385009766, "happy_top2500": 0.4366666376590729, "happy_top3000": 0.5797701478004456, "happy_top4000": 0.429999977350235, "happy_top5000": 0.4166666567325592, "happy_top6000": 0.429999977350235, "anger_top1500": 0.8075861930847168, "anger_top2000": 0.8133333325386047, "anger_top2500": 0.8100000023841858, "anger_top3000": 0.8100000023841858, "anger_top4000": 0.8066666722297668, "anger_top5000": 0.7070115208625793, "anger_top6000": 0.73517245054245, "sad_top1500": 0.8170115351676941, "sad_top2000": 0.8051724433898926, "sad_top2500": 0.8075861930847168, "sad_top3000": 0.6833333373069763, "sad_top4000": 0.7067815661430359, "sad_top5000": 0.6627585887908936, "sad_top6000": 0.5731034874916077, "fear_top1500": 0.6500000357627869, "fear_top2000": 0.429999977350235, "fear_top2500": 0.429999977350235, "fear_top3000": 0.429999977350235, "fear_top4000": 0.6085057854652405, "fear_top5000": 0.42666664719581604, "fear_top6000": 0.429999977350235, "surprise_top1500": 0.8209195137023926, "surprise_top2000": 0.8175862431526184, "surprise_top2500": 0.8142528533935547, "surprise_top3000": 0.8185057640075684, "surprise_top4000": 0.815517246723175, "surprise_top5000": 0.8036782145500183, "surprise_top6000": 0.8109195828437805, "disgust_top1500": 0.8218390941619873, "disgust_top2000": 0.8209195137023926, "disgust_top2500": 0.8100000023841858, "disgust_top3000": 0.8100000023841858, "disgust_top4000": 0.8100000023841858, "disgust_top5000": 0.791034460067749, "disgust_top6000": 0.5677011609077454, "control_top1500": 0.6833333373069763, "control_top2000": 0.7242528796195984, "control_top2500": 0.44390806555747986, "control_top3000": 0.429999977350235, "control_top4000": 0.5497701168060303, "control_top5000": 0.43724140524864197, "control_top6000": 0.3448275625705719, "fairness_top1500": 0.7925286889076233, "fairness_top2000": 0.8185057640075684, "fairness_top2500": 0.6166666746139526, "fairness_top3000": 0.6500000357627869, "fairness_top4000": 0.7055172920227051, "fairness_top5000": 0.4414942264556885, "fairness_top6000": 0.429999977350235, "self-related_top1500": 0.8142528533935547, "self-related_top2000": 0.8142528533935547, "self-related_top2500": 0.8142528533935547, "self-related_top3000": 0.8066666722297668, "self-related_top4000": 0.7066666483879089, "self-related_top5000": 0.6366666555404663, "self-related_top6000": 0.6200000047683716, "other-related_top1500": 0.8112643361091614, "other-related_top2000": 0.8194252848625183, "other-related_top2500": 0.8075861930847168, "other-related_top3000": 0.7633333206176758, "other-related_top4000": 0.73517245054245, "other-related_top5000": 0.42666664719581604, "other-related_top6000": 0.43149423599243164, "expectedness_top1500": 0.8075861930847168, "expectedness_top2000": 0.6981608867645264, "expectedness_top2500": 0.429999977350235, "expectedness_top3000": 0.429999977350235, "expectedness_top4000": 0.43333330750465393, "expectedness_top5000": 0.429999977350235, "expectedness_top6000": 0.429999977350235, "non-novelty_top1500": 0.8142528533935547, "non-novelty_top2000": 0.8109195828437805, "non-novelty_top2500": 0.8042529225349426, "non-novelty_top3000": 0.8066666722297668, "non-novelty_top4000": 0.26965516805648804, "non-novelty_top5000": 0.5699999928474426, "non-novelty_top6000": 0.613793134689331}