{"sentiment": "surprise", "seed": 9, "arousal_top1500": 0.45057472586631775, "best": 0.76171875, "arousal_top2000": 0.5555172562599182, "arousal_top2500": 0.5427586436271667, "arousal_top3000": 0.5427586436271667, "arousal_top4000": 0.5427586436271667, "arousal_top5000": 0.45724138617515564, "arousal_top6000": 0.45724138617515564, "valence_top1500": 0.45724138617515564, "valence_top2000": 0.45724138617515564, "valence_top2500": 0.45724138617515564, "valence_top3000": 0.45724138617515564, "valence_top4000": 0.45724138617515564, "valence_top5000": 0.45724138617515564, "valence_top6000": 0.45724138617515564, "happy_top1500": 0.45724138617515564, "happy_top2000": 0.45724138617515564, "happy_top2500": 0.460574746131897, "happy_top3000": 0.45724138617515564, "happy_top4000": 0.45724138617515564, "happy_top5000": 0.45724138617515564, "happy_top6000": 0.45724138617515564, "anger_top1500": 0.47356319427490234, "anger_top2000": 0.45724138617515564, "anger_top2500": 0.5465517044067383, "anger_top3000": 0.5462068915367126, "anger_top4000": 0.4539080560207367, "anger_top5000": 0.4539080560207367, "anger_top6000": 0.45724138617515564, "sad_top1500": 0.5216092467308044, "sad_top2000": 0.47114941477775574, "sad_top2500": 0.48563218116760254, "sad_top3000": 0.45724138617515564, "sad_top4000": 0.45724138617515564, "sad_top5000": 0.45724138617515564, "sad_top6000": 0.4563218355178833, "fear_top1500": 0.45724138617515564, "fear_top2000": 0.45724138617515564, "fear_top2500": 0.45724138617515564, "fear_top3000": 0.45724138617515564, "fear_top4000": 0.45724138617515564, "fear_top5000": 0.45724138617515564, "fear_top6000": 0.45724138617515564, "surprise_top1500": 0.5047126412391663, "surprise_top2000": 0.5503448247909546, "surprise_top2500": 0.45724138617515564, "surprise_top3000": 0.45724138617515564, "surprise_top4000": 0.45724138617515564, "surprise_top5000": 0.45724138617515564, "surprise_top6000": 0.45724138617515564, "disgust_top1500": 0.45057472586631775, "disgust_top2000": 0.45724138617515564, "disgust_top2500": 0.4539080560207367, "disgust_top3000": 0.568965494632721, "disgust_top4000": 0.4539080560207367, "disgust_top5000": 0.45724138617515564, "disgust_top6000": 0.4629884958267212, "control_top1500": 0.45724138617515564, "control_top2000": 0.45724138617515564, "control_top2500": 0.45724138617515564, "control_top3000": 0.45724138617515564, "control_top4000": 0.45724138617515564, "control_top5000": 0.45724138617515564, "control_top6000": 0.5013793110847473, "fairness_top1500": 0.45724138617515564, "fairness_top2000": 0.4748276174068451, "fairness_top2500": 0.45965516567230225, "fairness_top3000": 0.45724138617515564, "fairness_top4000": 0.45724138617515564, "fairness_top5000": 0.45724138617515564, "fairness_top6000": 0.45724138617515564, "self-related_top1500": 0.47114941477775574, "self-related_top2000": 0.45724138617515564, "self-related_top2500": 0.45724138617515564, "self-related_top3000": 0.46206894516944885, "self-related_top4000": 0.5437931418418884, "self-related_top5000": 0.5427586436271667, "self-related_top6000": 0.5427586436271667, "other-related_top1500": 0.5427586436271667, "other-related_top2000": 0.5427586436271667, "other-related_top2500": 0.5427586436271667, "other-related_top3000": 0.5427586436271667, "other-related_top4000": 0.45057472586631775, "other-related_top5000": 0.4037930965423584, "other-related_top6000": 0.5349425673484802, "expectedness_top1500": 0.48747125267982483, "expectedness_top2000": 0.45724138617515564, "expectedness_top2500": 0.45724138617515564, "expectedness_top3000": 0.45724138617515564, "expectedness_top4000": 0.47448277473449707, "expectedness_top5000": 0.45724138617515564, "expectedness_top6000": 0.45724138617515564, "non-novelty_top1500": 0.45298850536346436, "non-novelty_top2000": 0.45724138617515564, "non-novelty_top2500": 0.45724138617515564, "non-novelty_top3000": 0.45724138617515564, "non-novelty_top4000": 0.45724138617515564, "non-novelty_top5000": 0.45724138617515564, "non-novelty_top6000": 0.45724138617515564}