{"sentiment": "surprise", "seed": 1, "arousal_top1500": 0.5463218092918396, "best": 0.748046875, "arousal_top2000": 0.43333330750465393, "arousal_top2500": 0.43333330750465393, "arousal_top3000": 0.4348275661468506, "arousal_top4000": 0.4026436507701874, "arousal_top5000": 0.43333330750465393, "arousal_top6000": 0.43333330750465393, "valence_top1500": 0.43333330750465393, "valence_top2000": 0.43333330750465393, "valence_top2500": 0.43333330750465393, "valence_top3000": 0.43333330750465393, "valence_top4000": 0.43333330750465393, "valence_top5000": 0.43333330750465393, "valence_top6000": 0.43333330750465393, "happy_top1500": 0.43333330750465393, "happy_top2000": 0.43333330750465393, "happy_top2500": 0.43333330750465393, "happy_top3000": 0.43333330750465393, "happy_top4000": 0.43333330750465393, "happy_top5000": 0.43333330750465393, "happy_top6000": 0.43333330750465393, "anger_top1500": 0.4357471168041229, "anger_top2000": 0.43333330750465393, "anger_top2500": 0.5265517234802246, "anger_top3000": 0.5666666626930237, "anger_top4000": 0.47678160667419434, "anger_top5000": 0.43333330750465393, "anger_top6000": 0.43333330750465393, "sad_top1500": 0.4539080560207367, "sad_top2000": 0.43333330750465393, "sad_top2500": 0.43333330750465393, "sad_top3000": 0.43333330750465393, "sad_top4000": 0.43333330750465393, "sad_top5000": 0.43333330750465393, "sad_top6000": 0.43333330750465393, "fear_top1500": 0.43333330750465393, "fear_top2000": 0.43333330750465393, "fear_top2500": 0.43333330750465393, "fear_top3000": 0.43333330750465393, "fear_top4000": 0.43333330750465393, "fear_top5000": 0.43333330750465393, "fear_top6000": 0.43333330750465393, "surprise_top1500": 0.5666666626930237, "surprise_top2000": 0.5666666626930237, "surprise_top2500": 0.5666666626930237, "surprise_top3000": 0.5666666626930237, "surprise_top4000": 0.5666666626930237, "surprise_top5000": 0.46505746245384216, "surprise_top6000": 0.429999977350235, "disgust_top1500": 0.4898850619792938, "disgust_top2000": 0.4716092050075531, "disgust_top2500": 0.5609195232391357, "disgust_top3000": 0.5666666626930237, "disgust_top4000": 0.457241415977478, "disgust_top5000": 0.43333330750465393, "disgust_top6000": 0.43333330750465393, "control_top1500": 0.43333330750465393, "control_top2000": 0.43333330750465393, "control_top2500": 0.43333330750465393, "control_top3000": 0.43333330750465393, "control_top4000": 0.43333330750465393, "control_top5000": 0.43333330750465393, "control_top6000": 0.43333330750465393, "fairness_top1500": 0.5404598116874695, "fairness_top2000": 0.5666666626930237, "fairness_top2500": 0.46149423718452454, "fairness_top3000": 0.43333330750465393, "fairness_top4000": 0.43333330750465393, "fairness_top5000": 0.43333330750465393, "fairness_top6000": 0.43333330750465393, "self-related_top1500": 0.43333330750465393, "self-related_top2000": 0.43333330750465393, "self-related_top2500": 0.43333330750465393, "self-related_top3000": 0.43333330750465393, "self-related_top4000": 0.43333330750465393, "self-related_top5000": 0.4812643527984619, "self-related_top6000": 0.43333330750465393, "other-related_top1500": 0.5666666626930237, "other-related_top2000": 0.5666666626930237, "other-related_top2500": 0.541034460067749, "other-related_top3000": 0.5328735709190369, "other-related_top4000": 0.43333330750465393, "other-related_top5000": 0.43333330750465393, "other-related_top6000": 0.43333330750465393, "expectedness_top1500": 0.43333330750465393, "expectedness_top2000": 0.43333330750465393, "expectedness_top2500": 0.43333330750465393, "expectedness_top3000": 0.43333330750465393, "expectedness_top4000": 0.43333330750465393, "expectedness_top5000": 0.43333330750465393, "expectedness_top6000": 0.43333330750465393, "non-novelty_top1500": 0.43333330750465393, "non-novelty_top2000": 0.43333330750465393, "non-novelty_top2500": 0.43333330750465393, "non-novelty_top3000": 0.43333330750465393, "non-novelty_top4000": 0.43333330750465393, "non-novelty_top5000": 0.43333330750465393, "non-novelty_top6000": 0.43333330750465393}