{"sentiment": "surprise", "seed": 3, "arousal_top1500": 0.8445976376533508, "best": 0.9140625, "arousal_top2000": 0.8545977473258972, "arousal_top2500": 0.8421838879585266, "arousal_top3000": 0.8279309868812561, "arousal_top4000": 0.8133333325386047, "arousal_top5000": 0.4399999678134918, "arousal_top6000": 0.4366666376590729, "valence_top1500": 0.7880459427833557, "valence_top2000": 0.5852873921394348, "valence_top2500": 0.44333335757255554, "valence_top3000": 0.45000001788139343, "valence_top4000": 0.4366666376590729, "valence_top5000": 0.4366666376590729, "valence_top6000": 0.4366666376590729, "happy_top1500": 0.47149422764778137, "happy_top2000": 0.4366666376590729, "happy_top2500": 0.4366666376590729, "happy_top3000": 0.4366666376590729, "happy_top4000": 0.4366666376590729, "happy_top5000": 0.4366666376590729, "happy_top6000": 0.4366666376590729, "anger_top1500": 0.8062068819999695, "anger_top2000": 0.8277011513710022, "anger_top2500": 0.8406896591186523, "anger_top3000": 0.8545977473258972, "anger_top4000": 0.8397701382637024, "anger_top5000": 0.834597647190094, "anger_top6000": 0.8279309868812561, "sad_top1500": 0.8379309773445129, "sad_top2000": 0.8379309773445129, "sad_top2500": 0.8379309773445129, "sad_top3000": 0.8397701382637024, "sad_top4000": 0.8412643074989319, "sad_top5000": 0.8336781859397888, "sad_top6000": 0.823678195476532, "fear_top1500": 0.7904598116874695, "fear_top2000": 0.7847126126289368, "fear_top2500": 0.7871264815330505, "fear_top3000": 0.8143677711486816, "fear_top4000": 0.7139080166816711, "fear_top5000": 0.49965521693229675, "fear_top6000": 0.4954023063182831, "surprise_top1500": 0.8373563289642334, "surprise_top2000": 0.8397701382637024, "surprise_top2500": 0.8291954398155212, "surprise_top3000": 0.830115020275116, "surprise_top4000": 0.8210344910621643, "surprise_top5000": 0.7565517425537109, "surprise_top6000": 0.704827606678009, "disgust_top1500": 0.7937931418418884, "disgust_top2000": 0.8177011609077454, "disgust_top2500": 0.8373563289642334, "disgust_top3000": 0.8340229988098145, "disgust_top4000": 0.8373563289642334, "disgust_top5000": 0.8119540214538574, "disgust_top6000": 0.8421838879585266, "control_top1500": 0.8125287890434265, "control_top2000": 0.7986207008361816, "control_top2500": 0.7828735709190369, "control_top3000": 0.6575862169265747, "control_top4000": 0.6058620810508728, "control_top5000": 0.6379310488700867, "control_top6000": 0.4883907735347748, "fairness_top1500": 0.8382758498191833, "fairness_top2000": 0.8455172181129456, "fairness_top2500": 0.7317240834236145, "fairness_top3000": 0.7608045935630798, "fairness_top4000": 0.6312643885612488, "fairness_top5000": 0.44333335757255554, "fairness_top6000": 0.4366666376590729, "self-related_top1500": 0.7904598116874695, "self-related_top2000": 0.7937931418418884, "self-related_top2500": 0.7880459427833557, "self-related_top3000": 0.8119540214538574, "self-related_top4000": 0.8062068819999695, "self-related_top5000": 0.8316092491149902, "self-related_top6000": 0.8134482502937317, "other-related_top1500": 0.771379292011261, "other-related_top2000": 0.7747126221656799, "other-related_top2500": 0.7622988224029541, "other-related_top3000": 0.7622988224029541, "other-related_top4000": 0.6570114493370056, "other-related_top5000": 0.4424137771129608, "other-related_top6000": 0.7478160858154297, "expectedness_top1500": 0.7962068915367126, "expectedness_top2000": 0.7441379427909851, "expectedness_top2500": 0.7680459022521973, "expectedness_top3000": 0.747471272945404, "expectedness_top4000": 0.7722988128662109, "expectedness_top5000": 0.743563175201416, "expectedness_top6000": 0.7263218760490417, "non-novelty_top1500": 0.8095402121543884, "non-novelty_top2000": 0.8162069320678711, "non-novelty_top2500": 0.8004598021507263, "non-novelty_top3000": 0.7871264815330505, "non-novelty_top4000": 0.7426436543464661, "non-novelty_top5000": 0.7722988128662109, "non-novelty_top6000": 0.7608045935630798}