{"sentiment": "admiration", "seed": 15, "arousal_random500": 0.9018946886062622, "best": 0.899489164352417, "arousal_random1000": 0.9008947610855103, "arousal_random1500": 0.9052104949951172, "arousal_random2000": 0.8849474191665649, "arousal_random2500": 0.8932105302810669, "arousal_random3000": 0.8885262608528137, "arousal_random4000": 0.6751578450202942, "arousal_random5000": 0.8694736361503601, "arousal_random6000": 0.8762105107307434, "valence_random500": 0.9008947610855103, "valence_random1000": 0.8995789289474487, "valence_random1500": 0.9028946757316589, "valence_random2000": 0.8968947529792786, "valence_random2500": 0.8888946771621704, "valence_random3000": 0.863315761089325, "valence_random4000": 0.902210533618927, "valence_random5000": 0.8971578478813171, "valence_random6000": 0.7665789723396301, "happy_random500": 0.9012104868888855, "happy_random1000": 0.898578941822052, "happy_random1500": 0.8918946981430054, "happy_random2000": 0.8892105221748352, "happy_random2500": 0.8978420495986938, "happy_random3000": 0.8928947448730469, "happy_random4000": 0.8854737281799316, "happy_random5000": 0.8399999737739563, "happy_random6000": 0.8296842575073242, "anger_random500": 0.8972104787826538, "anger_random1000": 0.900526225566864, "anger_random1500": 0.8864736557006836, "anger_random2000": 0.9058420062065125, "anger_random2500": 0.8473683595657349, "anger_random3000": 0.8892105221748352, "anger_random4000": 0.8689473867416382, "anger_random5000": 0.8624737858772278, "anger_random6000": 0.8557894825935364, "sad_random500": 0.8998947143554688, "sad_random1000": 0.9005263447761536, "sad_random1500": 0.9052104949951172, "sad_random2000": 0.8782631754875183, "sad_random2500": 0.8835789561271667, "sad_random3000": 0.7004210352897644, "sad_random4000": 0.8869473338127136, "sad_random5000": 0.840999960899353, "sad_random6000": 0.7004210352897644, "fear_random500": 0.9052104949951172, "fear_random1000": 0.9012104868888855, "fear_random1500": 0.8892631530761719, "fear_random2000": 0.9058420062065125, "fear_random2500": 0.8985263109207153, "fear_random3000": 0.8952105641365051, "fear_random4000": 0.8801578283309937, "fear_random5000": 0.8871577978134155, "fear_random6000": 0.7917367815971375, "surprise_random500": 0.8958947062492371, "surprise_random1000": 0.9002105593681335, "surprise_random1500": 0.9038419723510742, "surprise_random2000": 0.9018421173095703, "surprise_random2500": 0.888841986656189, "surprise_random3000": 0.8771052360534668, "surprise_random4000": 0.8802105188369751, "surprise_random5000": 0.8819473385810852, "surprise_random6000": 0.8227368593215942, "disgust_random500": 0.9045262336730957, "disgust_random1000": 0.8988946676254272, "disgust_random1500": 0.9012104868888855, "disgust_random2000": 0.8954736590385437, "disgust_random2500": 0.887210488319397, "disgust_random3000": 0.8925789594650269, "disgust_random4000": 0.8835789561271667, "disgust_random5000": 0.8664736747741699, "disgust_random6000": 0.753315806388855, "control_random500": 0.9038947224617004, "control_random1000": 0.9048946499824524, "control_random1500": 0.9052104949951172, "control_random2000": 0.904157817363739, "control_random2500": 0.8998947143554688, "control_random3000": 0.8975262641906738, "control_random4000": 0.8905261754989624, "control_random5000": 0.8815263509750366, "control_random6000": 0.8274210095405579, "fairness_random500": 0.8912631273269653, "fairness_random1000": 0.9042104482650757, "fairness_random1500": 0.8958947062492371, "fairness_random2000": 0.9088420867919922, "fairness_random2500": 0.8918946981430054, "fairness_random3000": 0.8821579217910767, "fairness_random4000": 0.8814737200737, "fairness_random5000": 0.7127368450164795, "fairness_random6000": 0.8858421444892883, "self-related_random500": 0.8905789256095886, "self-related_random1000": 0.8836315870285034, "self-related_random1500": 0.898578941822052, "self-related_random2000": 0.8958947062492371, "self-related_random2500": 0.8955262899398804, "self-related_random3000": 0.840052604675293, "self-related_random4000": 0.8868420720100403, "self-related_random5000": 0.8729473948478699, "self-related_random6000": 0.888157844543457, "other-related_random500": 0.8938946723937988, "other-related_random1000": 0.6007894277572632, "other-related_random1500": 0.898578941822052, "other-related_random2000": 0.8796316385269165, "other-related_random2500": 0.9007894396781921, "other-related_random3000": 0.900526225566864, "other-related_random4000": 0.8849474191665649, "other-related_random5000": 0.8595789074897766, "other-related_random6000": 0.5910526514053345, "expectedness_random500": 0.8988946676254272, "expectedness_random1000": 0.8982105255126953, "expectedness_random1500": 0.903210461139679, "expectedness_random2000": 0.9028421640396118, "expectedness_random2500": 0.8992104530334473, "expectedness_random3000": 0.8925788998603821, "expectedness_random4000": 0.8367894887924194, "expectedness_random5000": 0.8271052241325378, "expectedness_random6000": 0.8755263090133667, "non-novelty_random500": 0.8859474062919617, "non-novelty_random1000": 0.8988947868347168, "non-novelty_random1500": 0.8978946805000305, "non-novelty_random2000": 0.9018421173095703, "non-novelty_random2500": 0.866263210773468, "non-novelty_random3000": 0.9011579751968384, "non-novelty_random4000": 0.8841579556465149, "non-novelty_random5000": 0.8951579928398132, "non-novelty_random6000": 0.7476315498352051}