{"sentiment": "admiration", "seed": 17, "arousal_random500": 0.9037895202636719, "best": 0.9026442170143127, "arousal_random1000": 0.9087368845939636, "arousal_random1500": 0.9041579961776733, "arousal_random2000": 0.8739999532699585, "arousal_random2500": 0.8965262174606323, "arousal_random3000": 0.7988420724868774, "arousal_random4000": 0.5017894506454468, "arousal_random5000": 0.8287895321846008, "arousal_random6000": 0.6731052398681641, "valence_random500": 0.9018421173095703, "valence_random1000": 0.9054210782051086, "valence_random1500": 0.9044736623764038, "valence_random2000": 0.8885263204574585, "valence_random2500": 0.9037895202636719, "valence_random3000": 0.8858946561813354, "valence_random4000": 0.9045262336730957, "valence_random5000": 0.8927894830703735, "valence_random6000": 0.5455789566040039, "happy_random500": 0.9014737010002136, "happy_random1000": 0.9074209928512573, "happy_random1500": 0.8872631192207336, "happy_random2000": 0.8830526471138, "happy_random2500": 0.8965262174606323, "happy_random3000": 0.8898420333862305, "happy_random4000": 0.8927894830703735, "happy_random5000": 0.8715262413024902, "happy_random6000": 0.8648420572280884, "anger_random500": 0.8965262174606323, "anger_random1000": 0.9057895541191101, "anger_random1500": 0.8953683972358704, "anger_random2000": 0.9037368893623352, "anger_random2500": 0.8698946833610535, "anger_random3000": 0.891473650932312, "anger_random4000": 0.8764210939407349, "anger_random5000": 0.7451052069664001, "anger_random6000": 0.8017894625663757, "sad_random500": 0.9015262722969055, "sad_random1000": 0.9097894430160522, "sad_random1500": 0.9087368845939636, "sad_random2000": 0.8991052508354187, "sad_random2500": 0.9067894816398621, "sad_random3000": 0.5581052303314209, "sad_random4000": 0.8997895121574402, "sad_random5000": 0.5404211282730103, "sad_random6000": 0.46747368574142456, "fear_random500": 0.9054210782051086, "fear_random1000": 0.8968421816825867, "fear_random1500": 0.901421070098877, "fear_random2000": 0.898105263710022, "fear_random2500": 0.9090526700019836, "fear_random3000": 0.898736834526062, "fear_random4000": 0.8241051435470581, "fear_random5000": 0.88178950548172, "fear_random6000": 0.5327894687652588, "surprise_random500": 0.9004737734794617, "surprise_random1000": 0.9080526232719421, "surprise_random1500": 0.9094210863113403, "surprise_random2000": 0.9094210863113403, "surprise_random2500": 0.8903683423995972, "surprise_random3000": 0.776421070098877, "surprise_random4000": 0.8331053853034973, "surprise_random5000": 0.8426316380500793, "surprise_random6000": 0.6787894368171692, "disgust_random500": 0.9037895202636719, "disgust_random1000": 0.8954211473464966, "disgust_random1500": 0.9013684391975403, "disgust_random2000": 0.8853683471679688, "disgust_random2500": 0.8786841630935669, "disgust_random3000": 0.9034211039543152, "disgust_random4000": 0.8371052742004395, "disgust_random5000": 0.8417367935180664, "disgust_random6000": 0.7798420786857605, "control_random500": 0.9008420705795288, "control_random1000": 0.9081052541732788, "control_random1500": 0.9040526151657104, "control_random2000": 0.9021579623222351, "control_random2500": 0.9005263447761536, "control_random3000": 0.8967368006706238, "control_random4000": 0.8854209780693054, "control_random5000": 0.8483683466911316, "control_random6000": 0.8151052594184875, "fairness_random500": 0.8968947529792786, "fairness_random1000": 0.9081052541732788, "fairness_random1500": 0.9037367701530457, "fairness_random2000": 0.9111579656600952, "fairness_random2500": 0.9047895669937134, "fairness_random3000": 0.901736855506897, "fairness_random4000": 0.8323683738708496, "fairness_random5000": 0.8178421258926392, "fairness_random6000": 0.8748947978019714, "self-related_random500": 0.9055262804031372, "self-related_random1000": 0.8829473257064819, "self-related_random1500": 0.8925263285636902, "self-related_random2000": 0.8773684501647949, "self-related_random2500": 0.9010526537895203, "self-related_random3000": 0.4814736843109131, "self-related_random4000": 0.8367368578910828, "self-related_random5000": 0.8740526437759399, "self-related_random6000": 0.770736813545227, "other-related_random500": 0.9054210782051086, "other-related_random1000": 0.5119473338127136, "other-related_random1500": 0.906842052936554, "other-related_random2000": 0.8783684968948364, "other-related_random2500": 0.9044211506843567, "other-related_random3000": 0.899052619934082, "other-related_random4000": 0.8997368812561035, "other-related_random5000": 0.7409999966621399, "other-related_random6000": 0.7144210934638977, "expectedness_random500": 0.900526225566864, "expectedness_random1000": 0.9025262594223022, "expectedness_random1500": 0.9024211168289185, "expectedness_random2000": 0.8783683776855469, "expectedness_random2500": 0.8958947062492371, "expectedness_random3000": 0.8997368812561035, "expectedness_random4000": 0.883736789226532, "expectedness_random5000": 0.8649474382400513, "expectedness_random6000": 0.8720526695251465, "non-novelty_random500": 0.9005263447761536, "non-novelty_random1000": 0.9061578512191772, "non-novelty_random1500": 0.8879473805427551, "non-novelty_random2000": 0.905052661895752, "non-novelty_random2500": 0.8838947415351868, "non-novelty_random3000": 0.8991052508354187, "non-novelty_random4000": 0.8824210166931152, "non-novelty_random5000": 0.8047367930412292, "non-novelty_random6000": 0.8021578788757324}