{"sentiment": "admiration", "seed": 19, "arousal_random500": 0.8996842503547668, "best": 0.896409273147583, "arousal_random1000": 0.8933157920837402, "arousal_random1500": 0.8940000534057617, "arousal_random2000": 0.8843684196472168, "arousal_random2500": 0.8913683891296387, "arousal_random3000": 0.8457895517349243, "arousal_random4000": 0.61710524559021, "arousal_random5000": 0.8794736862182617, "arousal_random6000": 0.8427894711494446, "valence_random500": 0.8940000534057617, "valence_random1000": 0.8956316113471985, "valence_random1500": 0.9012104868888855, "valence_random2000": 0.8816841840744019, "valence_random2500": 0.8859999775886536, "valence_random3000": 0.8858946561813354, "valence_random4000": 0.8836842775344849, "valence_random5000": 0.8854736089706421, "valence_random6000": 0.6821052432060242, "happy_random500": 0.8973158001899719, "happy_random1000": 0.8896842002868652, "happy_random1500": 0.8929473757743835, "happy_random2000": 0.8992104530334473, "happy_random2500": 0.8831579089164734, "happy_random3000": 0.8928947448730469, "happy_random4000": 0.8480526208877563, "happy_random5000": 0.8724735975265503, "happy_random6000": 0.8130525350570679, "anger_random500": 0.8999473452568054, "anger_random1000": 0.9062104225158691, "anger_random1500": 0.9015262722969055, "anger_random2000": 0.8998947143554688, "anger_random2500": 0.8719999194145203, "anger_random3000": 0.8787368535995483, "anger_random4000": 0.8891578912734985, "anger_random5000": 0.8027368783950806, "anger_random6000": 0.7977368831634521, "sad_random500": 0.8970000147819519, "sad_random1000": 0.9009473919868469, "sad_random1500": 0.9006316065788269, "sad_random2000": 0.8882104754447937, "sad_random2500": 0.8920000195503235, "sad_random3000": 0.7780526280403137, "sad_random4000": 0.8492106199264526, "sad_random5000": 0.7954736948013306, "sad_random6000": 0.699052631855011, "fear_random500": 0.8913158178329468, "fear_random1000": 0.8939999341964722, "fear_random1500": 0.9009473919868469, "fear_random2000": 0.8952104449272156, "fear_random2500": 0.9008947610855103, "fear_random3000": 0.8856315612792969, "fear_random4000": 0.8856841921806335, "fear_random5000": 0.8905261754989624, "fear_random6000": 0.6880527138710022, "surprise_random500": 0.8973158001899719, "surprise_random1000": 0.8979474306106567, "surprise_random1500": 0.89031583070755, "surprise_random2000": 0.8969473838806152, "surprise_random2500": 0.8968420028686523, "surprise_random3000": 0.8484210968017578, "surprise_random4000": 0.8620526194572449, "surprise_random5000": 0.8630000948905945, "surprise_random6000": 0.8687893748283386, "disgust_random500": 0.8913158178329468, "disgust_random1000": 0.8965789675712585, "disgust_random1500": 0.8955788612365723, "disgust_random2000": 0.884210467338562, "disgust_random2500": 0.8824736475944519, "disgust_random3000": 0.8926841616630554, "disgust_random4000": 0.8779999613761902, "disgust_random5000": 0.8912104368209839, "disgust_random6000": 0.8650525808334351, "control_random500": 0.8896842002868652, "control_random1000": 0.9002631306648254, "control_random1500": 0.8965263366699219, "control_random2000": 0.899578869342804, "control_random2500": 0.8972631692886353, "control_random3000": 0.8855789303779602, "control_random4000": 0.8912104368209839, "control_random5000": 0.8177894353866577, "control_random6000": 0.8651579022407532, "fairness_random500": 0.8963685035705566, "fairness_random1000": 0.9012104868888855, "fairness_random1500": 0.8923157453536987, "fairness_random2000": 0.9048947095870972, "fairness_random2500": 0.8810000419616699, "fairness_random3000": 0.8892105221748352, "fairness_random4000": 0.8839473724365234, "fairness_random5000": 0.818157970905304, "fairness_random6000": 0.8745262026786804, "self-related_random500": 0.8956842422485352, "self-related_random1000": 0.8999473452568054, "self-related_random1500": 0.8883158564567566, "self-related_random2000": 0.9021579623222351, "self-related_random2500": 0.8905789256095886, "self-related_random3000": 0.6380525827407837, "self-related_random4000": 0.8747895359992981, "self-related_random5000": 0.8551578521728516, "self-related_random6000": 0.8661578893661499, "other-related_random500": 0.8923158645629883, "other-related_random1000": 0.6380525827407837, "other-related_random1500": 0.894631564617157, "other-related_random2000": 0.8889999389648438, "other-related_random2500": 0.8995262384414673, "other-related_random3000": 0.8961578607559204, "other-related_random4000": 0.8912631273269653, "other-related_random5000": 0.8395789265632629, "other-related_random6000": 0.8521579504013062, "expectedness_random500": 0.8976842164993286, "expectedness_random1000": 0.89631587266922, "expectedness_random1500": 0.8962104916572571, "expectedness_random2000": 0.8925788998603821, "expectedness_random2500": 0.8860527276992798, "expectedness_random3000": 0.8923157453536987, "expectedness_random4000": 0.8734210133552551, "expectedness_random5000": 0.8394210934638977, "expectedness_random6000": 0.8417894244194031, "non-novelty_random500": 0.8926841616630554, "non-novelty_random1000": 0.8970000147819519, "non-novelty_random1500": 0.8926841616630554, "non-novelty_random2000": 0.8935262560844421, "non-novelty_random2500": 0.8912631273269653, "non-novelty_random3000": 0.8913158178329468, "non-novelty_random4000": 0.8813684582710266, "non-novelty_random5000": 0.8524211049079895, "non-novelty_random6000": 0.7910526990890503}