{"sentiment": "admiration", "seed": 5, "arousal_random500": 0.8972104787826538, "best": 0.8955078125, "arousal_random1000": 0.8902105093002319, "arousal_random1500": 0.8952104449272156, "arousal_random2000": 0.8925262689590454, "arousal_random2500": 0.8958419561386108, "arousal_random3000": 0.8822105526924133, "arousal_random4000": 0.8134737014770508, "arousal_random5000": 0.8934209942817688, "arousal_random6000": 0.8675789833068848, "valence_random500": 0.8928947448730469, "valence_random1000": 0.8935262560844421, "valence_random1500": 0.8885788917541504, "valence_random2000": 0.8865789175033569, "valence_random2500": 0.8676842451095581, "valence_random3000": 0.8474210500717163, "valence_random4000": 0.8609999418258667, "valence_random5000": 0.8952104449272156, "valence_random6000": 0.5665262937545776, "happy_random500": 0.8932105302810669, "happy_random1000": 0.8862630724906921, "happy_random1500": 0.8756316304206848, "happy_random2000": 0.8975263833999634, "happy_random2500": 0.909473717212677, "happy_random3000": 0.8978420495986938, "happy_random4000": 0.8941577672958374, "happy_random5000": 0.5900526642799377, "happy_random6000": 0.8411579132080078, "anger_random500": 0.8882104754447937, "anger_random1000": 0.8918946981430054, "anger_random1500": 0.9021579623222351, "anger_random2000": 0.8981578946113586, "anger_random2500": 0.8859474062919617, "anger_random3000": 0.8759473562240601, "anger_random4000": 0.8951578140258789, "anger_random5000": 0.8604210615158081, "anger_random6000": 0.8927895426750183, "sad_random500": 0.8982104063034058, "sad_random1000": 0.8985263109207153, "sad_random1500": 0.8882631063461304, "sad_random2000": 0.8736315965652466, "sad_random2500": 0.8819473385810852, "sad_random3000": 0.8067895174026489, "sad_random4000": 0.9002104997634888, "sad_random5000": 0.8462104797363281, "sad_random6000": 0.5634210705757141, "fear_random500": 0.8935262560844421, "fear_random1000": 0.8985263109207153, "fear_random1500": 0.8885788917541504, "fear_random2000": 0.8941577672958374, "fear_random2500": 0.8895262479782104, "fear_random3000": 0.8878947496414185, "fear_random4000": 0.8908947110176086, "fear_random5000": 0.8855789303779602, "fear_random6000": 0.6814211010932922, "surprise_random500": 0.8932105302810669, "surprise_random1000": 0.8942105174064636, "surprise_random1500": 0.8928946256637573, "surprise_random2000": 0.8882631063461304, "surprise_random2500": 0.8981578946113586, "surprise_random3000": 0.8727895021438599, "surprise_random4000": 0.8643158078193665, "surprise_random5000": 0.8747894167900085, "surprise_random6000": 0.8894737362861633, "disgust_random500": 0.8955262899398804, "disgust_random1000": 0.8912105560302734, "disgust_random1500": 0.9071578979492188, "disgust_random2000": 0.8968421816825867, "disgust_random2500": 0.9111052751541138, "disgust_random3000": 0.884210467338562, "disgust_random4000": 0.8434737324714661, "disgust_random5000": 0.8937894701957703, "disgust_random6000": 0.8007367849349976, "control_random500": 0.8855789303779602, "control_random1000": 0.8918946981430054, "control_random1500": 0.8955262303352356, "control_random2000": 0.8995262980461121, "control_random2500": 0.8760000467300415, "control_random3000": 0.9032105207443237, "control_random4000": 0.8891578912734985, "control_random5000": 0.7221052646636963, "control_random6000": 0.8551052212715149, "fairness_random500": 0.8925788998603821, "fairness_random1000": 0.8918946981430054, "fairness_random1500": 0.8952104449272156, "fairness_random2000": 0.8972104787826538, "fairness_random2500": 0.8882631063461304, "fairness_random3000": 0.8918420672416687, "fairness_random4000": 0.8978420495986938, "fairness_random5000": 0.8841053247451782, "fairness_random6000": 0.8722631335258484, "self-related_random500": 0.8948947191238403, "self-related_random1000": 0.883578896522522, "self-related_random1500": 0.8869473338127136, "self-related_random2000": 0.8982105255126953, "self-related_random2500": 0.9031578302383423, "self-related_random3000": 0.6137369275093079, "self-related_random4000": 0.8914210200309753, "self-related_random5000": 0.8651052713394165, "self-related_random6000": 0.8697367906570435, "other-related_random500": 0.8915262222290039, "other-related_random1000": 0.6811052560806274, "other-related_random1500": 0.8882631063461304, "other-related_random2000": 0.8965262174606323, "other-related_random2500": 0.8878947496414185, "other-related_random3000": 0.8981578946113586, "other-related_random4000": 0.8978946805000305, "other-related_random5000": 0.862157940864563, "other-related_random6000": 0.8377367854118347, "expectedness_random500": 0.8922104835510254, "expectedness_random1000": 0.897210419178009, "expectedness_random1500": 0.9031580090522766, "expectedness_random2000": 0.8985261917114258, "expectedness_random2500": 0.8902104496955872, "expectedness_random3000": 0.9011579751968384, "expectedness_random4000": 0.8901578783988953, "expectedness_random5000": 0.8877894282341003, "expectedness_random6000": 0.8797894716262817, "non-novelty_random500": 0.8875789642333984, "non-novelty_random1000": 0.8955262899398804, "non-novelty_random1500": 0.8935262560844421, "non-novelty_random2000": 0.8947895169258118, "non-novelty_random2500": 0.8477368354797363, "non-novelty_random3000": 0.9008947610855103, "non-novelty_random4000": 0.893157958984375, "non-novelty_random5000": 0.8968947529792786, "non-novelty_random6000": 0.8562105894088745}