{"sentiment": "admiration", "seed": 7, "arousal_random500": 0.8989473581314087, "best": 0.8909254670143127, "arousal_random1000": 0.8969473838806152, "arousal_random1500": 0.9012631177902222, "arousal_random2000": 0.8730000257492065, "arousal_random2500": 0.8988946676254272, "arousal_random3000": 0.8871579170227051, "arousal_random4000": 0.5757368803024292, "arousal_random5000": 0.8877894282341003, "arousal_random6000": 0.8875262141227722, "valence_random500": 0.8906315565109253, "valence_random1000": 0.9009472727775574, "valence_random1500": 0.8962631225585938, "valence_random2000": 0.8799999952316284, "valence_random2500": 0.8676841855049133, "valence_random3000": 0.8882631063461304, "valence_random4000": 0.8414210081100464, "valence_random5000": 0.8945789337158203, "valence_random6000": 0.4627894461154938, "happy_random500": 0.8962631225585938, "happy_random1000": 0.9035789370536804, "happy_random1500": 0.8769999742507935, "happy_random2000": 0.8975788950920105, "happy_random2500": 0.9022104144096375, "happy_random3000": 0.9051578640937805, "happy_random4000": 0.847789466381073, "happy_random5000": 0.865947425365448, "happy_random6000": 0.7876842021942139, "anger_random500": 0.8959473371505737, "anger_random1000": 0.9035789370536804, "anger_random1500": 0.8758420944213867, "anger_random2000": 0.9012104868888855, "anger_random2500": 0.8851579427719116, "anger_random3000": 0.8643684387207031, "anger_random4000": 0.894473671913147, "anger_random5000": 0.7846842408180237, "anger_random6000": 0.7384210824966431, "sad_random500": 0.8886316418647766, "sad_random1000": 0.8998947143554688, "sad_random1500": 0.8966315984725952, "sad_random2000": 0.8525263071060181, "sad_random2500": 0.8969473838806152, "sad_random3000": 0.666736900806427, "sad_random4000": 0.875, "sad_random5000": 0.6967368721961975, "sad_random6000": 0.7610526084899902, "fear_random500": 0.9039474725723267, "fear_random1000": 0.8959473371505737, "fear_random1500": 0.8972631692886353, "fear_random2000": 0.8826315999031067, "fear_random2500": 0.9015789031982422, "fear_random3000": 0.8992105722427368, "fear_random4000": 0.9055262804031372, "fear_random5000": 0.8948421478271484, "fear_random6000": 0.6713684797286987, "surprise_random500": 0.8962631225585938, "surprise_random1000": 0.8969473838806152, "surprise_random1500": 0.8955789804458618, "surprise_random2000": 0.8823158144950867, "surprise_random2500": 0.8865789175033569, "surprise_random3000": 0.7794210314750671, "surprise_random4000": 0.8671053051948547, "surprise_random5000": 0.8837894201278687, "surprise_random6000": 0.8898946642875671, "disgust_random500": 0.9026316404342651, "disgust_random1000": 0.8905789256095886, "disgust_random1500": 0.8998948335647583, "disgust_random2000": 0.8971578478813171, "disgust_random2500": 0.8912104368209839, "disgust_random3000": 0.9088420867919922, "disgust_random4000": 0.8654209971427917, "disgust_random5000": 0.8210526704788208, "disgust_random6000": 0.8199999928474426, "control_random500": 0.894631564617157, "control_random1000": 0.9002631902694702, "control_random1500": 0.9052104949951172, "control_random2000": 0.8908947110176086, "control_random2500": 0.8836315274238586, "control_random3000": 0.8901578783988953, "control_random4000": 0.88257896900177, "control_random5000": 0.577368438243866, "control_random6000": 0.8584210276603699, "fairness_random500": 0.8956316113471985, "fairness_random1000": 0.9085262417793274, "fairness_random1500": 0.8998945951461792, "fairness_random2000": 0.898578941822052, "fairness_random2500": 0.8673158884048462, "fairness_random3000": 0.8971578478813171, "fairness_random4000": 0.8947895765304565, "fairness_random5000": 0.8894736170768738, "fairness_random6000": 0.8819473385810852, "self-related_random500": 0.8906315565109253, "self-related_random1000": 0.8836315274238586, "self-related_random1500": 0.8956316113471985, "self-related_random2000": 0.8938946723937988, "self-related_random2500": 0.8985261917114258, "self-related_random3000": 0.5600526332855225, "self-related_random4000": 0.8507367968559265, "self-related_random5000": 0.8193684816360474, "self-related_random6000": 0.871842086315155, "other-related_random500": 0.8902631998062134, "other-related_random1000": 0.4670526385307312, "other-related_random1500": 0.8926316499710083, "other-related_random2000": 0.8879473805427551, "other-related_random2500": 0.897210419178009, "other-related_random3000": 0.8978420495986938, "other-related_random4000": 0.8882104158401489, "other-related_random5000": 0.8243683576583862, "other-related_random6000": 0.8699473142623901, "expectedness_random500": 0.8916316032409668, "expectedness_random1000": 0.8995789289474487, "expectedness_random1500": 0.8962104916572571, "expectedness_random2000": 0.8922104835510254, "expectedness_random2500": 0.8860000371932983, "expectedness_random3000": 0.8826315999031067, "expectedness_random4000": 0.8811052441596985, "expectedness_random5000": 0.8404736518859863, "expectedness_random6000": 0.8056842088699341, "non-novelty_random500": 0.8816316723823547, "non-novelty_random1000": 0.8909474611282349, "non-novelty_random1500": 0.8893157839775085, "non-novelty_random2000": 0.9015262722969055, "non-novelty_random2500": 0.8893157243728638, "non-novelty_random3000": 0.8723157644271851, "non-novelty_random4000": 0.8918420672416687, "non-novelty_random5000": 0.8788421750068665, "non-novelty_random6000": 0.7387368679046631}