{"sentiment": "admiration", "seed": 3, "arousal_random500": 0.9022631645202637, "best": 0.898587703704834, "arousal_random1000": 0.8996316194534302, "arousal_random1500": 0.892368495464325, "arousal_random2000": 0.891315758228302, "arousal_random2500": 0.8993157148361206, "arousal_random3000": 0.8952104449272156, "arousal_random4000": 0.8234211206436157, "arousal_random5000": 0.8952104449272156, "arousal_random6000": 0.8791578412055969, "valence_random500": 0.894631564617157, "valence_random1000": 0.8972631692886353, "valence_random1500": 0.898263156414032, "valence_random2000": 0.8843157887458801, "valence_random2500": 0.8963157534599304, "valence_random3000": 0.8773684501647949, "valence_random4000": 0.8978947401046753, "valence_random5000": 0.8972104787826538, "valence_random6000": 0.8632104992866516, "happy_random500": 0.9002631306648254, "happy_random1000": 0.9006315469741821, "happy_random1500": 0.893631637096405, "happy_random2000": 0.8890000581741333, "happy_random2500": 0.9052631258964539, "happy_random3000": 0.898263156414032, "happy_random4000": 0.8918946981430054, "happy_random5000": 0.8679473996162415, "happy_random6000": 0.7091578841209412, "anger_random500": 0.8963157534599304, "anger_random1000": 0.8992632031440735, "anger_random1500": 0.885105311870575, "anger_random2000": 0.8948947191238403, "anger_random2500": 0.8815789222717285, "anger_random3000": 0.8863157033920288, "anger_random4000": 0.9012104868888855, "anger_random5000": 0.8634210824966431, "anger_random6000": 0.8677895665168762, "sad_random500": 0.8989473581314087, "sad_random1000": 0.8992632031440735, "sad_random1500": 0.9052631258964539, "sad_random2000": 0.8905789256095886, "sad_random2500": 0.8919473886489868, "sad_random3000": 0.6764736771583557, "sad_random4000": 0.9005788564682007, "sad_random5000": 0.8271578550338745, "sad_random6000": 0.5538421273231506, "fear_random500": 0.8939473032951355, "fear_random1000": 0.9052631258964539, "fear_random1500": 0.8940000534057617, "fear_random2000": 0.8956316113471985, "fear_random2500": 0.9002631306648254, "fear_random3000": 0.8972104787826538, "fear_random4000": 0.8924736976623535, "fear_random5000": 0.896894633769989, "fear_random6000": 0.7091579437255859, "surprise_random500": 0.8986315727233887, "surprise_random1000": 0.8939473032951355, "surprise_random1500": 0.8988946676254272, "surprise_random2000": 0.9013158082962036, "surprise_random2500": 0.8938946723937988, "surprise_random3000": 0.7824736833572388, "surprise_random4000": 0.8854736089706421, "surprise_random5000": 0.8678420782089233, "surprise_random6000": 0.8577893972396851, "disgust_random500": 0.8995789289474487, "disgust_random1000": 0.9035788774490356, "disgust_random1500": 0.8992630839347839, "disgust_random2000": 0.8918946981430054, "disgust_random2500": 0.8958946466445923, "disgust_random3000": 0.8790526390075684, "disgust_random4000": 0.8826315999031067, "disgust_random5000": 0.8711053133010864, "disgust_random6000": 0.8251053094863892, "control_random500": 0.8989473581314087, "control_random1000": 0.8995789289474487, "control_random1500": 0.9022630453109741, "control_random2000": 0.9065788984298706, "control_random2500": 0.8926316499710083, "control_random3000": 0.8935262560844421, "control_random4000": 0.8822105526924133, "control_random5000": 0.815473735332489, "control_random6000": 0.8591052889823914, "fairness_random500": 0.8920000195503235, "fairness_random1000": 0.8999473452568054, "fairness_random1500": 0.9022631645202637, "fairness_random2000": 0.9045789837837219, "fairness_random2500": 0.8886842727661133, "fairness_random3000": 0.8908945918083191, "fairness_random4000": 0.8892104029655457, "fairness_random5000": 0.873315691947937, "fairness_random6000": 0.881210446357727, "self-related_random500": 0.8930000066757202, "self-related_random1000": 0.8833158612251282, "self-related_random1500": 0.8976316452026367, "self-related_random2000": 0.8932104110717773, "self-related_random2500": 0.8939473032951355, "self-related_random3000": 0.4875263273715973, "self-related_random4000": 0.8871579170227051, "self-related_random5000": 0.8715788722038269, "self-related_random6000": 0.8912631273269653, "other-related_random500": 0.894947350025177, "other-related_random1000": 0.5628421306610107, "other-related_random1500": 0.9019473195075989, "other-related_random2000": 0.8863157033920288, "other-related_random2500": 0.8998947143554688, "other-related_random3000": 0.899578869342804, "other-related_random4000": 0.9022631645202637, "other-related_random5000": 0.8634209632873535, "other-related_random6000": 0.8895262479782104, "expectedness_random500": 0.8943157196044922, "expectedness_random1000": 0.8926315307617188, "expectedness_random1500": 0.9062105417251587, "expectedness_random2000": 0.8978947401046753, "expectedness_random2500": 0.8899472951889038, "expectedness_random3000": 0.8982630968093872, "expectedness_random4000": 0.8931577801704407, "expectedness_random5000": 0.8394737243652344, "expectedness_random6000": 0.8691577911376953, "non-novelty_random500": 0.876684308052063, "non-novelty_random1000": 0.8996316194534302, "non-novelty_random1500": 0.8992630839347839, "non-novelty_random2000": 0.8989473581314087, "non-novelty_random2500": 0.8842631578445435, "non-novelty_random3000": 0.8922631144523621, "non-novelty_random4000": 0.8964737057685852, "non-novelty_random5000": 0.8861052393913269, "non-novelty_random6000": 0.8669473528862}