{"sentiment": "admiration", "seed": 11, "arousal_random500": 0.9025262594223022, "best": 0.90625, "arousal_random1000": 0.8972104787826538, "arousal_random1500": 0.903210461139679, "arousal_random2000": 0.8872631788253784, "arousal_random2500": 0.8912104368209839, "arousal_random3000": 0.8836315870285034, "arousal_random4000": 0.5657368898391724, "arousal_random5000": 0.8788421750068665, "arousal_random6000": 0.8234211206436157, "valence_random500": 0.8992104530334473, "valence_random1000": 0.9062105417251587, "valence_random1500": 0.900526225566864, "valence_random2000": 0.8915262222290039, "valence_random2500": 0.900526225566864, "valence_random3000": 0.863631546497345, "valence_random4000": 0.8982105255126953, "valence_random5000": 0.8558419942855835, "valence_random6000": 0.6997894644737244, "happy_random500": 0.8972104787826538, "happy_random1000": 0.902210533618927, "happy_random1500": 0.8866316676139832, "happy_random2000": 0.8945263028144836, "happy_random2500": 0.8985263109207153, "happy_random3000": 0.8958947062492371, "happy_random4000": 0.8808420896530151, "happy_random5000": 0.5694736242294312, "happy_random6000": 0.7170526385307312, "anger_random500": 0.8982105255126953, "anger_random1000": 0.8955262899398804, "anger_random1500": 0.8527895212173462, "anger_random2000": 0.8912104368209839, "anger_random2500": 0.8815262913703918, "anger_random3000": 0.8898946642875671, "anger_random4000": 0.8892105221748352, "anger_random5000": 0.8003684282302856, "anger_random6000": 0.7923684120178223, "sad_random500": 0.9028946757316589, "sad_random1000": 0.8965262174606323, "sad_random1500": 0.9002104997634888, "sad_random2000": 0.8915262222290039, "sad_random2500": 0.8925788998603821, "sad_random3000": 0.5661052465438843, "sad_random4000": 0.8772632479667664, "sad_random5000": 0.6757368445396423, "sad_random6000": 0.6874736547470093, "fear_random500": 0.902210533618927, "fear_random1000": 0.8948947191238403, "fear_random1500": 0.9038947224617004, "fear_random2000": 0.8985263109207153, "fear_random2500": 0.890526294708252, "fear_random3000": 0.8804737329483032, "fear_random4000": 0.8891578912734985, "fear_random5000": 0.8942105174064636, "fear_random6000": 0.6381052732467651, "surprise_random500": 0.9052104949951172, "surprise_random1000": 0.9002104997634888, "surprise_random1500": 0.8885262608528137, "surprise_random2000": 0.8988946676254272, "surprise_random2500": 0.8774737119674683, "surprise_random3000": 0.8171052932739258, "surprise_random4000": 0.8709473609924316, "surprise_random5000": 0.8351052403450012, "surprise_random6000": 0.8824736475944519, "disgust_random500": 0.8992104530334473, "disgust_random1000": 0.8962104916572571, "disgust_random1500": 0.9012104868888855, "disgust_random2000": 0.8845263719558716, "disgust_random2500": 0.885210394859314, "disgust_random3000": 0.8935262560844421, "disgust_random4000": 0.8517894744873047, "disgust_random5000": 0.8284211158752441, "disgust_random6000": 0.7744210362434387, "control_random500": 0.9022104144096375, "control_random1000": 0.9002104997634888, "control_random1500": 0.8965262174606323, "control_random2000": 0.8935262560844421, "control_random2500": 0.8945263028144836, "control_random3000": 0.8885262608528137, "control_random4000": 0.881210446357727, "control_random5000": 0.8354736566543579, "control_random6000": 0.839052677154541, "fairness_random500": 0.9002104997634888, "fairness_random1000": 0.9025262594223022, "fairness_random1500": 0.8972104787826538, "fairness_random2000": 0.8912104368209839, "fairness_random2500": 0.8915789723396301, "fairness_random3000": 0.8932104110717773, "fairness_random4000": 0.841736912727356, "fairness_random5000": 0.8219999074935913, "fairness_random6000": 0.8882104158401489, "self-related_random500": 0.8995262980461121, "self-related_random1000": 0.8855789303779602, "self-related_random1500": 0.8965262174606323, "self-related_random2000": 0.8805263638496399, "self-related_random2500": 0.8962104916572571, "self-related_random3000": 0.5618420839309692, "self-related_random4000": 0.8761578798294067, "self-related_random5000": 0.8714736700057983, "self-related_random6000": 0.835736870765686, "other-related_random500": 0.8992104530334473, "other-related_random1000": 0.4608420729637146, "other-related_random1500": 0.8735789060592651, "other-related_random2000": 0.9008946418762207, "other-related_random2500": 0.8955262303352356, "other-related_random3000": 0.8862104415893555, "other-related_random4000": 0.8922104835510254, "other-related_random5000": 0.8387368321418762, "other-related_random6000": 0.8644736409187317, "expectedness_random500": 0.8998947143554688, "expectedness_random1000": 0.8978946805000305, "expectedness_random1500": 0.8875262141227722, "expectedness_random2000": 0.884526252746582, "expectedness_random2500": 0.9015262722969055, "expectedness_random3000": 0.8805789947509766, "expectedness_random4000": 0.8738420605659485, "expectedness_random5000": 0.8641578555107117, "expectedness_random6000": 0.8741579055786133, "non-novelty_random500": 0.8935790061950684, "non-novelty_random1000": 0.8958947062492371, "non-novelty_random1500": 0.9022104144096375, "non-novelty_random2000": 0.888841986656189, "non-novelty_random2500": 0.8493157625198364, "non-novelty_random3000": 0.8895262479782104, "non-novelty_random4000": 0.8738420605659485, "non-novelty_random5000": 0.871842086315155, "non-novelty_random6000": 0.7661051750183105}