{"sentiment": "amusement", "seed": 42, "arousal_random500": 0.9399999976158142, "best": 0.9344525337219238, "arousal_random1000": 0.9385713934898376, "arousal_random1500": 0.9428572058677673, "arousal_random2000": 0.941428542137146, "arousal_random2500": 0.9414286017417908, "arousal_random3000": 0.4714285433292389, "arousal_random4000": 0.46857142448425293, "arousal_random5000": 0.941428542137146, "arousal_random6000": 0.9299999475479126, "valence_random500": 0.9428571462631226, "valence_random1000": 0.9385713934898376, "valence_random1500": 0.9485713839530945, "valence_random2000": 0.9399999976158142, "valence_random2500": 0.941428542137146, "valence_random3000": 0.811904788017273, "valence_random4000": 0.9414286017417908, "valence_random5000": 0.9414286017417908, "valence_random6000": 0.7466666102409363, "happy_random500": 0.9428571462631226, "happy_random1000": 0.9357143044471741, "happy_random1500": 0.9385713934898376, "happy_random2000": 0.941428542137146, "happy_random2500": 0.9399999976158142, "happy_random3000": 0.941428542137146, "happy_random4000": 0.9314285516738892, "happy_random5000": 0.5180953145027161, "happy_random6000": 0.9214286208152771, "anger_random500": 0.9442856907844543, "anger_random1000": 0.9385713934898376, "anger_random1500": 0.9228571653366089, "anger_random2000": 0.9428571462631226, "anger_random2500": 0.8904762268066406, "anger_random3000": 0.9414286017417908, "anger_random4000": 0.9399999976158142, "anger_random5000": 0.9399999976158142, "anger_random6000": 0.941428542137146, "sad_random500": 0.9442857503890991, "sad_random1000": 0.941428542137146, "sad_random1500": 0.9457142949104309, "sad_random2000": 0.9342857003211975, "sad_random2500": 0.9371428489685059, "sad_random3000": 0.7571428418159485, "sad_random4000": 0.9285714030265808, "sad_random5000": 0.44999998807907104, "sad_random6000": 0.9342857003211975, "fear_random500": 0.9399999976158142, "fear_random1000": 0.9428571462631226, "fear_random1500": 0.9385714530944824, "fear_random2000": 0.941428542137146, "fear_random2500": 0.9428571462631226, "fear_random3000": 0.9385713934898376, "fear_random4000": 0.9047618508338928, "fear_random5000": 0.9371428489685059, "fear_random6000": 0.9385713934898376, "surprise_random500": 0.9414286017417908, "surprise_random1000": 0.941428542137146, "surprise_random1500": 0.9428571462631226, "surprise_random2000": 0.9414286017417908, "surprise_random2500": 0.9357143044471741, "surprise_random3000": 0.9428571462631226, "surprise_random4000": 0.9371428489685059, "surprise_random5000": 0.9214285612106323, "surprise_random6000": 0.9328571557998657, "disgust_random500": 0.9371428489685059, "disgust_random1000": 0.9371428489685059, "disgust_random1500": 0.9357142448425293, "disgust_random2000": 0.9428571462631226, "disgust_random2500": 0.9357142448425293, "disgust_random3000": 0.941428542137146, "disgust_random4000": 0.941428542137146, "disgust_random5000": 0.9357142448425293, "disgust_random6000": 0.4599999785423279, "control_random500": 0.9428571462631226, "control_random1000": 0.9385713934898376, "control_random1500": 0.9428571462631226, "control_random2000": 0.9442857503890991, "control_random2500": 0.9371428489685059, "control_random3000": 0.9285714030265808, "control_random4000": 0.9385713934898376, "control_random5000": 0.9114285707473755, "control_random6000": 0.9442856907844543, "fairness_random500": 0.9385713934898376, "fairness_random1000": 0.9428572058677673, "fairness_random1500": 0.9399999976158142, "fairness_random2000": 0.9385714530944824, "fairness_random2500": 0.9399999380111694, "fairness_random3000": 0.941428542137146, "fairness_random4000": 0.9428570866584778, "fairness_random5000": 0.508571445941925, "fairness_random6000": 0.9428571462631226, "self-related_random500": 0.941428542137146, "self-related_random1000": 0.941428542137146, "self-related_random1500": 0.9414286017417908, "self-related_random2000": 0.9399999976158142, "self-related_random2500": 0.941428542137146, "self-related_random3000": 0.6890476942062378, "self-related_random4000": 0.9371428489685059, "self-related_random5000": 0.9399999976158142, "self-related_random6000": 0.9399999976158142, "other-related_random500": 0.941428542137146, "other-related_random1000": 0.44999998807907104, "other-related_random1500": 0.9357143044471741, "other-related_random2000": 0.941428542137146, "other-related_random2500": 0.9471428990364075, "other-related_random3000": 0.9414286017417908, "other-related_random4000": 0.9342857003211975, "other-related_random5000": 0.880476176738739, "other-related_random6000": 0.9299999475479126, "expectedness_random500": 0.9385713934898376, "expectedness_random1000": 0.9428572058677673, "expectedness_random1500": 0.9428571462631226, "expectedness_random2000": 0.9428571462631226, "expectedness_random2500": 0.9371427893638611, "expectedness_random3000": 0.9428571462631226, "expectedness_random4000": 0.9399999976158142, "expectedness_random5000": 0.8390476107597351, "expectedness_random6000": 0.9342857003211975, "non-novelty_random500": 0.9428571462631226, "non-novelty_random1000": 0.941428542137146, "non-novelty_random1500": 0.9428571462631226, "non-novelty_random2000": 0.941428542137146, "non-novelty_random2500": 0.8942857384681702, "non-novelty_random3000": 0.9371429085731506, "non-novelty_random4000": 0.9428571462631226, "non-novelty_random5000": 0.9471428990364075, "non-novelty_random6000": 0.6571428179740906}