{"sentiment": "amusement", "seed": 7, "arousal_random500": 0.9371428489685059, "best": 0.9273603558540344, "arousal_random1000": 0.9357143044471741, "arousal_random1500": 0.9371428489685059, "arousal_random2000": 0.9371428489685059, "arousal_random2500": 0.9104762077331543, "arousal_random3000": 0.8680952191352844, "arousal_random4000": 0.5023809671401978, "arousal_random5000": 0.6938095092773438, "arousal_random6000": 0.9385714530944824, "valence_random500": 0.9371428489685059, "valence_random1000": 0.9399999976158142, "valence_random1500": 0.9371428489685059, "valence_random2000": 0.9385714530944824, "valence_random2500": 0.9399999976158142, "valence_random3000": 0.9090476632118225, "valence_random4000": 0.9399999976158142, "valence_random5000": 0.9371428489685059, "valence_random6000": 0.9028571844100952, "happy_random500": 0.9371428489685059, "happy_random1000": 0.9357143044471741, "happy_random1500": 0.9300000071525574, "happy_random2000": 0.9385714530944824, "happy_random2500": 0.9300000071525574, "happy_random3000": 0.9271429181098938, "happy_random4000": 0.9399999976158142, "happy_random5000": 0.8609523773193359, "happy_random6000": 0.5690476298332214, "anger_random500": 0.9399999976158142, "anger_random1000": 0.9214285612106323, "anger_random1500": 0.8580952286720276, "anger_random2000": 0.9399999976158142, "anger_random2500": 0.4838095009326935, "anger_random3000": 0.9133333563804626, "anger_random4000": 0.9385713934898376, "anger_random5000": 0.941428542137146, "anger_random6000": 0.9357142448425293, "sad_random500": 0.9385714530944824, "sad_random1000": 0.9371428489685059, "sad_random1500": 0.9371428489685059, "sad_random2000": 0.8666666150093079, "sad_random2500": 0.9371428489685059, "sad_random3000": 0.8828571438789368, "sad_random4000": 0.9342857003211975, "sad_random5000": 0.7590476274490356, "sad_random6000": 0.9257143139839172, "fear_random500": 0.9399999976158142, "fear_random1000": 0.9399999976158142, "fear_random1500": 0.9371428489685059, "fear_random2000": 0.9399999976158142, "fear_random2500": 0.9414286017417908, "fear_random3000": 0.9385713934898376, "fear_random4000": 0.9019047617912292, "fear_random5000": 0.8523808717727661, "fear_random6000": 0.9314286112785339, "surprise_random500": 0.9385713934898376, "surprise_random1000": 0.9371428489685059, "surprise_random1500": 0.9357143044471741, "surprise_random2000": 0.9385714530944824, "surprise_random2500": 0.9371428489685059, "surprise_random3000": 0.9385714530944824, "surprise_random4000": 0.9371428489685059, "surprise_random5000": 0.4695238173007965, "surprise_random6000": 0.9357142448425293, "disgust_random500": 0.940000057220459, "disgust_random1000": 0.9371429085731506, "disgust_random1500": 0.9090476632118225, "disgust_random2000": 0.9385714530944824, "disgust_random2500": 0.9357143044471741, "disgust_random3000": 0.9399999976158142, "disgust_random4000": 0.5223810076713562, "disgust_random5000": 0.9119048118591309, "disgust_random6000": 0.48666664958000183, "control_random500": 0.9385713934898376, "control_random1000": 0.9385714530944824, "control_random1500": 0.9385714530944824, "control_random2000": 0.9371428489685059, "control_random2500": 0.9342857003211975, "control_random3000": 0.9090476632118225, "control_random4000": 0.9328571557998657, "control_random5000": 0.47809523344039917, "control_random6000": 0.9314285516738892, "fairness_random500": 0.9399999976158142, "fairness_random1000": 0.9371428489685059, "fairness_random1500": 0.9228571653366089, "fairness_random2000": 0.9385714530944824, "fairness_random2500": 0.9371428489685059, "fairness_random3000": 0.9385713934898376, "fairness_random4000": 0.9399999976158142, "fairness_random5000": 0.8619047999382019, "fairness_random6000": 0.9357143044471741, "self-related_random500": 0.9371428489685059, "self-related_random1000": 0.9385714530944824, "self-related_random1500": 0.9442856907844543, "self-related_random2000": 0.9314285516738892, "self-related_random2500": 0.9371428489685059, "self-related_random3000": 0.7833333611488342, "self-related_random4000": 0.9342857003211975, "self-related_random5000": 0.8019047975540161, "self-related_random6000": 0.9133333563804626, "other-related_random500": 0.9371428489685059, "other-related_random1000": 0.6419047713279724, "other-related_random1500": 0.9214286208152771, "other-related_random2000": 0.9399999976158142, "other-related_random2500": 0.916190505027771, "other-related_random3000": 0.9371428489685059, "other-related_random4000": 0.9371428489685059, "other-related_random5000": 0.869523823261261, "other-related_random6000": 0.4695238173007965, "expectedness_random500": 0.9371428489685059, "expectedness_random1000": 0.9385713934898376, "expectedness_random1500": 0.9371428489685059, "expectedness_random2000": 0.9385714530944824, "expectedness_random2500": 0.9371428489685059, "expectedness_random3000": 0.9061905145645142, "expectedness_random4000": 0.9342857003211975, "expectedness_random5000": 0.6752381324768066, "expectedness_random6000": 0.9371428489685059, "non-novelty_random500": 0.9371428489685059, "non-novelty_random1000": 0.9399999976158142, "non-novelty_random1500": 0.9371428489685059, "non-novelty_random2000": 0.9371428489685059, "non-novelty_random2500": 0.8395237922668457, "non-novelty_random3000": 0.9119048118591309, "non-novelty_random4000": 0.9399999976158142, "non-novelty_random5000": 0.9385714530944824, "non-novelty_random6000": 0.5052381157875061}