{"sentiment": "amusement", "seed": 11, "arousal_random500": 0.9571428298950195, "best": 0.9497174620628357, "arousal_random1000": 0.9528571367263794, "arousal_random1500": 0.9542856812477112, "arousal_random2000": 0.9528571367263794, "arousal_random2500": 0.9585714340209961, "arousal_random3000": 0.48095235228538513, "arousal_random4000": 0.9542856812477112, "arousal_random5000": 0.9457142949104309, "arousal_random6000": 0.9485713839530945, "valence_random500": 0.9571428298950195, "valence_random1000": 0.9528571367263794, "valence_random1500": 0.9599999785423279, "valence_random2000": 0.9528571367263794, "valence_random2500": 0.9499999284744263, "valence_random3000": 0.8400000333786011, "valence_random4000": 0.9314286112785339, "valence_random5000": 0.949999988079071, "valence_random6000": 0.6590476036071777, "happy_random500": 0.9571428298950195, "happy_random1000": 0.9528571367263794, "happy_random1500": 0.9371428489685059, "happy_random2000": 0.9499999284744263, "happy_random2500": 0.9514285922050476, "happy_random3000": 0.9442857503890991, "happy_random4000": 0.9514285922050476, "happy_random5000": 0.47809523344039917, "happy_random6000": 0.6328571438789368, "anger_random500": 0.9571428298950195, "anger_random1000": 0.9228571057319641, "anger_random1500": 0.8842856287956238, "anger_random2000": 0.9557142853736877, "anger_random2500": 0.47809523344039917, "anger_random3000": 0.9528570771217346, "anger_random4000": 0.949999988079071, "anger_random5000": 0.9514285326004028, "anger_random6000": 0.904285728931427, "sad_random500": 0.9571428298950195, "sad_random1000": 0.9571428298950195, "sad_random1500": 0.9571428894996643, "sad_random2000": 0.7480951547622681, "sad_random2500": 0.9399999976158142, "sad_random3000": 0.9157142639160156, "sad_random4000": 0.9157143235206604, "sad_random5000": 0.9457142949104309, "sad_random6000": 0.9571428894996643, "fear_random500": 0.954285740852356, "fear_random1000": 0.955714225769043, "fear_random1500": 0.9485713839530945, "fear_random2000": 0.9528571367263794, "fear_random2500": 0.9514285922050476, "fear_random3000": 0.9514285326004028, "fear_random4000": 0.8090476393699646, "fear_random5000": 0.5152381062507629, "fear_random6000": 0.948571503162384, "surprise_random500": 0.955714225769043, "surprise_random1000": 0.9571428298950195, "surprise_random1500": 0.9557142853736877, "surprise_random2000": 0.9557142853736877, "surprise_random2500": 0.9428571462631226, "surprise_random3000": 0.9528571367263794, "surprise_random4000": 0.8000000715255737, "surprise_random5000": 0.9371428489685059, "surprise_random6000": 0.9514285326004028, "disgust_random500": 0.949999988079071, "disgust_random1000": 0.9514285922050476, "disgust_random1500": 0.954285740852356, "disgust_random2000": 0.9571428298950195, "disgust_random2500": 0.9471427798271179, "disgust_random3000": 0.9314284920692444, "disgust_random4000": 0.6942856907844543, "disgust_random5000": 0.9471427798271179, "disgust_random6000": 0.47809523344039917, "control_random500": 0.9557142853736877, "control_random1000": 0.9571428298950195, "control_random1500": 0.955714225769043, "control_random2000": 0.9542856812477112, "control_random2500": 0.9385713934898376, "control_random3000": 0.9528570771217346, "control_random4000": 0.9542856812477112, "control_random5000": 0.47809523344039917, "control_random6000": 0.47809523344039917, "fairness_random500": 0.9585714340209961, "fairness_random1000": 0.955714225769043, "fairness_random1500": 0.9457142949104309, "fairness_random2000": 0.9557142853736877, "fairness_random2500": 0.955714225769043, "fairness_random3000": 0.949999988079071, "fairness_random4000": 0.9528571367263794, "fairness_random5000": 0.5995237231254578, "fairness_random6000": 0.9557142853736877, "self-related_random500": 0.9342857599258423, "self-related_random1000": 0.9528571367263794, "self-related_random1500": 0.9514285326004028, "self-related_random2000": 0.9257143139839172, "self-related_random2500": 0.9542856812477112, "self-related_random3000": 0.932857096195221, "self-related_random4000": 0.949999988079071, "self-related_random5000": 0.949999988079071, "self-related_random6000": 0.7352380752563477, "other-related_random500": 0.9571428298950195, "other-related_random1000": 0.9385714530944824, "other-related_random1500": 0.9314285516738892, "other-related_random2000": 0.9528571367263794, "other-related_random2500": 0.9428572058677673, "other-related_random3000": 0.9514285326004028, "other-related_random4000": 0.8842856287956238, "other-related_random5000": 0.6385713815689087, "other-related_random6000": 0.47809523344039917, "expectedness_random500": 0.9571428894996643, "expectedness_random1000": 0.9528570771217346, "expectedness_random1500": 0.9542856812477112, "expectedness_random2000": 0.955714225769043, "expectedness_random2500": 0.9542856812477112, "expectedness_random3000": 0.9085713624954224, "expectedness_random4000": 0.9585714340209961, "expectedness_random5000": 0.47809523344039917, "expectedness_random6000": 0.925714373588562, "non-novelty_random500": 0.9571428298950195, "non-novelty_random1000": 0.9542856812477112, "non-novelty_random1500": 0.9528571367263794, "non-novelty_random2000": 0.9542856812477112, "non-novelty_random2500": 0.47809523344039917, "non-novelty_random3000": 0.9428571462631226, "non-novelty_random4000": 0.912857174873352, "non-novelty_random5000": 0.9514285326004028, "non-novelty_random6000": 0.47809523344039917}