{"sentiment": "amusement", "seed": 9, "arousal_random500": 0.9261904954910278, "best": 0.9383587837219238, "arousal_random1000": 0.9233333468437195, "arousal_random1500": 0.9204762578010559, "arousal_random2000": 0.9133333563804626, "arousal_random2500": 0.9204762578010559, "arousal_random3000": 0.6723809242248535, "arousal_random4000": 0.8161905407905579, "arousal_random5000": 0.7814286351203918, "arousal_random6000": 0.9133334159851074, "valence_random500": 0.9247618913650513, "valence_random1000": 0.9261904954910278, "valence_random1500": 0.9261904954910278, "valence_random2000": 0.916190505027771, "valence_random2500": 0.9247618913650513, "valence_random3000": 0.9261904954910278, "valence_random4000": 0.8776191473007202, "valence_random5000": 0.907619059085846, "valence_random6000": 0.5628571510314941, "happy_random500": 0.9261904954910278, "happy_random1000": 0.9233333468437195, "happy_random1500": 0.9219048619270325, "happy_random2000": 0.9233333468437195, "happy_random2500": 0.9119047522544861, "happy_random3000": 0.9276190996170044, "happy_random4000": 0.9190476536750793, "happy_random5000": 0.5980952382087708, "happy_random6000": 0.5538095235824585, "anger_random500": 0.9261904954910278, "anger_random1000": 0.9247618913650513, "anger_random1500": 0.9190476536750793, "anger_random2000": 0.9247618913650513, "anger_random2500": 0.9190476536750793, "anger_random3000": 0.9233333468437195, "anger_random4000": 0.9061905145645142, "anger_random5000": 0.8461905121803284, "anger_random6000": 0.5804762244224548, "sad_random500": 0.9233333468437195, "sad_random1000": 0.9276190996170044, "sad_random1500": 0.9261904954910278, "sad_random2000": 0.9176191091537476, "sad_random2500": 0.9204762578010559, "sad_random3000": 0.5900000333786011, "sad_random4000": 0.47428569197654724, "sad_random5000": 0.893333375453949, "sad_random6000": 0.5747619271278381, "fear_random500": 0.9261904954910278, "fear_random1000": 0.9233333468437195, "fear_random1500": 0.9247618913650513, "fear_random2000": 0.9219048619270325, "fear_random2500": 0.9233333468437195, "fear_random3000": 0.9176191091537476, "fear_random4000": 0.9219048619270325, "fear_random5000": 0.9133333563804626, "fear_random6000": 0.7947619557380676, "surprise_random500": 0.9247618913650513, "surprise_random1000": 0.9261904954910278, "surprise_random1500": 0.9233333468437195, "surprise_random2000": 0.9204761385917664, "surprise_random2500": 0.9204762578010559, "surprise_random3000": 0.9233333468437195, "surprise_random4000": 0.9133334159851074, "surprise_random5000": 0.916190505027771, "surprise_random6000": 0.7547618746757507, "disgust_random500": 0.9190476536750793, "disgust_random1000": 0.9247618913650513, "disgust_random1500": 0.9247618913650513, "disgust_random2000": 0.9233332872390747, "disgust_random2500": 0.9190476536750793, "disgust_random3000": 0.9233333468437195, "disgust_random4000": 0.5380952954292297, "disgust_random5000": 0.8600000143051147, "disgust_random6000": 0.476666659116745, "control_random500": 0.9219047427177429, "control_random1000": 0.9219048619270325, "control_random1500": 0.9233333468437195, "control_random2000": 0.9261904954910278, "control_random2500": 0.9276190400123596, "control_random3000": 0.9233333468437195, "control_random4000": 0.7928571701049805, "control_random5000": 0.8223809599876404, "control_random6000": 0.674761950969696, "fairness_random500": 0.9247618913650513, "fairness_random1000": 0.9233333468437195, "fairness_random1500": 0.9247618913650513, "fairness_random2000": 0.9233332872390747, "fairness_random2500": 0.9233333468437195, "fairness_random3000": 0.9204761385917664, "fairness_random4000": 0.9204762578010559, "fairness_random5000": 0.5028571486473083, "fairness_random6000": 0.8019047975540161, "self-related_random500": 0.9233332872390747, "self-related_random1000": 0.9190476536750793, "self-related_random1500": 0.9247618913650513, "self-related_random2000": 0.9247618913650513, "self-related_random2500": 0.9233332872390747, "self-related_random3000": 0.831428587436676, "self-related_random4000": 0.8585714101791382, "self-related_random5000": 0.9219047427177429, "self-related_random6000": 0.569523811340332, "other-related_random500": 0.9261904954910278, "other-related_random1000": 0.741428554058075, "other-related_random1500": 0.9247618913650513, "other-related_random2000": 0.9204762578010559, "other-related_random2500": 0.9147619009017944, "other-related_random3000": 0.9219047427177429, "other-related_random4000": 0.9204761385917664, "other-related_random5000": 0.7933334112167358, "other-related_random6000": 0.9133333563804626, "expectedness_random500": 0.9247618913650513, "expectedness_random1000": 0.9261904954910278, "expectedness_random1500": 0.9261904954910278, "expectedness_random2000": 0.9247618913650513, "expectedness_random2500": 0.9233333468437195, "expectedness_random3000": 0.9204762578010559, "expectedness_random4000": 0.9219048619270325, "expectedness_random5000": 0.7876190543174744, "expectedness_random6000": 0.7752380967140198, "non-novelty_random500": 0.9247618913650513, "non-novelty_random1000": 0.9233332872390747, "non-novelty_random1500": 0.9233333468437195, "non-novelty_random2000": 0.9204762578010559, "non-novelty_random2500": 0.9204762578010559, "non-novelty_random3000": 0.9219048619270325, "non-novelty_random4000": 0.916190505027771, "non-novelty_random5000": 0.907619059085846, "non-novelty_random6000": 0.5214285850524902}