{"sentiment": "amusement", "seed": 15, "arousal_random500": 0.9219047427177429, "best": 0.9267786145210266, "arousal_random1000": 0.9204761385917664, "arousal_random1500": 0.916190505027771, "arousal_random2000": 0.9190476536750793, "arousal_random2500": 0.880476176738739, "arousal_random3000": 0.6647619605064392, "arousal_random4000": 0.5390475988388062, "arousal_random5000": 0.8947619199752808, "arousal_random6000": 0.9147619605064392, "valence_random500": 0.9219047427177429, "valence_random1000": 0.9190476536750793, "valence_random1500": 0.9204761385917664, "valence_random2000": 0.9219047427177429, "valence_random2500": 0.9190476536750793, "valence_random3000": 0.8395237922668457, "valence_random4000": 0.9104762077331543, "valence_random5000": 0.9233333468437195, "valence_random6000": 0.43142858147621155, "happy_random500": 0.9204762578010559, "happy_random1000": 0.9219047427177429, "happy_random1500": 0.9204762578010559, "happy_random2000": 0.9219048619270325, "happy_random2500": 0.9119047522544861, "happy_random3000": 0.9176191091537476, "happy_random4000": 0.9176190495491028, "happy_random5000": 0.8561905026435852, "happy_random6000": 0.452857106924057, "anger_random500": 0.9233332872390747, "anger_random1000": 0.8619047403335571, "anger_random1500": 0.7923809289932251, "anger_random2000": 0.9204762578010559, "anger_random2500": 0.8152381181716919, "anger_random3000": 0.9133333563804626, "anger_random4000": 0.9190476536750793, "anger_random5000": 0.916190505027771, "anger_random6000": 0.9176191091537476, "sad_random500": 0.9219047427177429, "sad_random1000": 0.9219047427177429, "sad_random1500": 0.9204761385917664, "sad_random2000": 0.8790475726127625, "sad_random2500": 0.9147619605064392, "sad_random3000": 0.8571428656578064, "sad_random4000": 0.8395237922668457, "sad_random5000": 0.8738095164299011, "sad_random6000": 0.916190505027771, "fear_random500": 0.9219048619270325, "fear_random1000": 0.9204762578010559, "fear_random1500": 0.9133333563804626, "fear_random2000": 0.9219047427177429, "fear_random2500": 0.9176191091537476, "fear_random3000": 0.9204762578010559, "fear_random4000": 0.9190477132797241, "fear_random5000": 0.8847618699073792, "fear_random6000": 0.8961905241012573, "surprise_random500": 0.9219047427177429, "surprise_random1000": 0.9204761385917664, "surprise_random1500": 0.9176191091537476, "surprise_random2000": 0.9147619605064392, "surprise_random2500": 0.9233332872390747, "surprise_random3000": 0.9204762578010559, "surprise_random4000": 0.9176191091537476, "surprise_random5000": 0.8123809099197388, "surprise_random6000": 0.9204761385917664, "disgust_random500": 0.9161905646324158, "disgust_random1000": 0.9019047617912292, "disgust_random1500": 0.9176190495491028, "disgust_random2000": 0.9176191091537476, "disgust_random2500": 0.8961905241012573, "disgust_random3000": 0.9190476536750793, "disgust_random4000": 0.9190476536750793, "disgust_random5000": 0.9090476632118225, "disgust_random6000": 0.452857106924057, "control_random500": 0.9204761385917664, "control_random1000": 0.9190476536750793, "control_random1500": 0.9219047427177429, "control_random2000": 0.9176190495491028, "control_random2500": 0.8961905241012573, "control_random3000": 0.9147619009017944, "control_random4000": 0.9233332872390747, "control_random5000": 0.46714282035827637, "control_random6000": 0.6857143044471741, "fairness_random500": 0.9219047427177429, "fairness_random1000": 0.9176191091537476, "fairness_random1500": 0.8861904740333557, "fairness_random2000": 0.9176191091537476, "fairness_random2500": 0.9176191091537476, "fairness_random3000": 0.9147619605064392, "fairness_random4000": 0.9219047427177429, "fairness_random5000": 0.46714282035827637, "fairness_random6000": 0.7742857336997986, "self-related_random500": 0.9204761385917664, "self-related_random1000": 0.9247618913650513, "self-related_random1500": 0.9190476536750793, "self-related_random2000": 0.9119047522544861, "self-related_random2500": 0.9176191091537476, "self-related_random3000": 0.7576190233230591, "self-related_random4000": 0.9147619605064392, "self-related_random5000": 0.907619059085846, "self-related_random6000": 0.9119048118591309, "other-related_random500": 0.9204761385917664, "other-related_random1000": 0.7442857027053833, "other-related_random1500": 0.8847619295120239, "other-related_random2000": 0.9233332872390747, "other-related_random2500": 0.9190476536750793, "other-related_random3000": 0.9204762578010559, "other-related_random4000": 0.9204761385917664, "other-related_random5000": 0.7838095426559448, "other-related_random6000": 0.452857106924057, "expectedness_random500": 0.9204761385917664, "expectedness_random1000": 0.9219047427177429, "expectedness_random1500": 0.9147619605064392, "expectedness_random2000": 0.9190476536750793, "expectedness_random2500": 0.9204761385917664, "expectedness_random3000": 0.8809523582458496, "expectedness_random4000": 0.9190476536750793, "expectedness_random5000": 0.5295238494873047, "expectedness_random6000": 0.9219047427177429, "non-novelty_random500": 0.9204761385917664, "non-novelty_random1000": 0.9233333468437195, "non-novelty_random1500": 0.9219047427177429, "non-novelty_random2000": 0.9233332872390747, "non-novelty_random2500": 0.7185713648796082, "non-novelty_random3000": 0.8752380609512329, "non-novelty_random4000": 0.9247618913650513, "non-novelty_random5000": 0.6176190376281738, "non-novelty_random6000": 0.452857106924057}