{"sentiment": "amusement", "seed": 17, "arousal_random500": 0.9557142853736877, "best": 0.9573914408683777, "arousal_random1000": 0.9557142853736877, "arousal_random1500": 0.9528571367263794, "arousal_random2000": 0.9261904954910278, "arousal_random2500": 0.9247618913650513, "arousal_random3000": 0.8376190066337585, "arousal_random4000": 0.5904761552810669, "arousal_random5000": 0.7114285826683044, "arousal_random6000": 0.8947619199752808, "valence_random500": 0.9528571367263794, "valence_random1000": 0.9233332872390747, "valence_random1500": 0.9514285326004028, "valence_random2000": 0.9261905550956726, "valence_random2500": 0.9147619605064392, "valence_random3000": 0.810952365398407, "valence_random4000": 0.6652380228042603, "valence_random5000": 0.8876190185546875, "valence_random6000": 0.46714282035827637, "happy_random500": 0.9571428298950195, "happy_random1000": 0.9499999284744263, "happy_random1500": 0.9204762578010559, "happy_random2000": 0.954285740852356, "happy_random2500": 0.9090476036071777, "happy_random3000": 0.9147619009017944, "happy_random4000": 0.8976191282272339, "happy_random5000": 0.9528571367263794, "happy_random6000": 0.9019048810005188, "anger_random500": 0.954285740852356, "anger_random1000": 0.9104762077331543, "anger_random1500": 0.8733333945274353, "anger_random2000": 0.9471428990364075, "anger_random2500": 0.811904788017273, "anger_random3000": 0.8352380990982056, "anger_random4000": 0.948571503162384, "anger_random5000": 0.8309524655342102, "anger_random6000": 0.9471428990364075, "sad_random500": 0.9233333468437195, "sad_random1000": 0.955714225769043, "sad_random1500": 0.9528571367263794, "sad_random2000": 0.9190476536750793, "sad_random2500": 0.8947619199752808, "sad_random3000": 0.693809449672699, "sad_random4000": 0.7214285135269165, "sad_random5000": 0.6152380704879761, "sad_random6000": 0.9233332872390747, "fear_random500": 0.9571428894996643, "fear_random1000": 0.9528571367263794, "fear_random1500": 0.9528571367263794, "fear_random2000": 0.954285740852356, "fear_random2500": 0.9233333468437195, "fear_random3000": 0.9276190400123596, "fear_random4000": 0.8090476989746094, "fear_random5000": 0.464285671710968, "fear_random6000": 0.9471428990364075, "surprise_random500": 0.9528571367263794, "surprise_random1000": 0.9557143449783325, "surprise_random1500": 0.9190477132797241, "surprise_random2000": 0.9571428298950195, "surprise_random2500": 0.903333306312561, "surprise_random3000": 0.9219047427177429, "surprise_random4000": 0.9499999284744263, "surprise_random5000": 0.464285671710968, "surprise_random6000": 0.8890476226806641, "disgust_random500": 0.9528571367263794, "disgust_random1000": 0.9276190400123596, "disgust_random1500": 0.9161905646324158, "disgust_random2000": 0.9528571367263794, "disgust_random2500": 0.9485713839530945, "disgust_random3000": 0.949999988079071, "disgust_random4000": 0.6928571462631226, "disgust_random5000": 0.5057142972946167, "disgust_random6000": 0.464285671710968, "control_random500": 0.954285740852356, "control_random1000": 0.9219047427177429, "control_random1500": 0.948571503162384, "control_random2000": 0.9219047427177429, "control_random2500": 0.8961905241012573, "control_random3000": 0.8961905241012573, "control_random4000": 0.9219047427177429, "control_random5000": 0.464285671710968, "control_random6000": 0.464285671710968, "fairness_random500": 0.9557142853736877, "fairness_random1000": 0.954285740852356, "fairness_random1500": 0.8861904740333557, "fairness_random2000": 0.9119047522544861, "fairness_random2500": 0.9004761576652527, "fairness_random3000": 0.9528571367263794, "fairness_random4000": 0.9204762578010559, "fairness_random5000": 0.9499999284744263, "fairness_random6000": 0.8561905026435852, "self-related_random500": 0.954285740852356, "self-related_random1000": 0.9261905550956726, "self-related_random1500": 0.9514285326004028, "self-related_random2000": 0.9176191091537476, "self-related_random2500": 0.9290476441383362, "self-related_random3000": 0.7228571176528931, "self-related_random4000": 0.9176191091537476, "self-related_random5000": 0.948571503162384, "self-related_random6000": 0.464285671710968, "other-related_random500": 0.954285740852356, "other-related_random1000": 0.7647619247436523, "other-related_random1500": 0.9104762077331543, "other-related_random2000": 0.9542856812477112, "other-related_random2500": 0.949999988079071, "other-related_random3000": 0.955714225769043, "other-related_random4000": 0.893333375453949, "other-related_random5000": 0.5933333039283752, "other-related_random6000": 0.464285671710968, "expectedness_random500": 0.9557142853736877, "expectedness_random1000": 0.9471427798271179, "expectedness_random1500": 0.9571428298950195, "expectedness_random2000": 0.949999988079071, "expectedness_random2500": 0.949999988079071, "expectedness_random3000": 0.8761904835700989, "expectedness_random4000": 0.9471428990364075, "expectedness_random5000": 0.6147618889808655, "expectedness_random6000": 0.5195238590240479, "non-novelty_random500": 0.9557142853736877, "non-novelty_random1000": 0.954285740852356, "non-novelty_random1500": 0.9557143449783325, "non-novelty_random2000": 0.9528571367263794, "non-novelty_random2500": 0.8233333230018616, "non-novelty_random3000": 0.9147619605064392, "non-novelty_random4000": 0.9133332967758179, "non-novelty_random5000": 0.8376191258430481, "non-novelty_random6000": 0.464285671710968}