{"sentiment": "amusement", "seed": 13, "arousal_random500": 0.941428542137146, "best": 0.9363364577293396, "arousal_random1000": 0.9414286017417908, "arousal_random1500": 0.9399999976158142, "arousal_random2000": 0.9414286017417908, "arousal_random2500": 0.9104762077331543, "arousal_random3000": 0.7857142686843872, "arousal_random4000": 0.6047618985176086, "arousal_random5000": 0.9314285516738892, "arousal_random6000": 0.8990476727485657, "valence_random500": 0.9414286017417908, "valence_random1000": 0.9385713934898376, "valence_random1500": 0.9385713934898376, "valence_random2000": 0.941428542137146, "valence_random2500": 0.9371428489685059, "valence_random3000": 0.9076191186904907, "valence_random4000": 0.8919047713279724, "valence_random5000": 0.9328571557998657, "valence_random6000": 0.6419047713279724, "happy_random500": 0.9399999976158142, "happy_random1000": 0.9371428489685059, "happy_random1500": 0.907619059085846, "happy_random2000": 0.9399999976158142, "happy_random2500": 0.9399999976158142, "happy_random3000": 0.9342857003211975, "happy_random4000": 0.941428542137146, "happy_random5000": 0.5257142782211304, "happy_random6000": 0.46285709738731384, "anger_random500": 0.9399999976158142, "anger_random1000": 0.8600000143051147, "anger_random1500": 0.8471428751945496, "anger_random2000": 0.9457142949104309, "anger_random2500": 0.5357142686843872, "anger_random3000": 0.9019047617912292, "anger_random4000": 0.9399999976158142, "anger_random5000": 0.9399999976158142, "anger_random6000": 0.9414286017417908, "sad_random500": 0.9428571462631226, "sad_random1000": 0.9399999976158142, "sad_random1500": 0.9385714530944824, "sad_random2000": 0.6409524083137512, "sad_random2500": 0.9399999976158142, "sad_random3000": 0.7519047856330872, "sad_random4000": 0.9133333563804626, "sad_random5000": 0.7661904692649841, "sad_random6000": 0.9385713934898376, "fear_random500": 0.9357143044471741, "fear_random1000": 0.9399999976158142, "fear_random1500": 0.8866666555404663, "fear_random2000": 0.9471428990364075, "fear_random2500": 0.9342857003211975, "fear_random3000": 0.8600000143051147, "fear_random4000": 0.5028571486473083, "fear_random5000": 0.46285709738731384, "fear_random6000": 0.9142856597900391, "surprise_random500": 0.9399999976158142, "surprise_random1000": 0.9385714530944824, "surprise_random1500": 0.9119047522544861, "surprise_random2000": 0.9385714530944824, "surprise_random2500": 0.9428571462631226, "surprise_random3000": 0.9399999976158142, "surprise_random4000": 0.9357142448425293, "surprise_random5000": 0.46285709738731384, "surprise_random6000": 0.9399999976158142, "disgust_random500": 0.9371427893638611, "disgust_random1000": 0.9147619009017944, "disgust_random1500": 0.9133333563804626, "disgust_random2000": 0.9471428990364075, "disgust_random2500": 0.9133333563804626, "disgust_random3000": 0.9133333563804626, "disgust_random4000": 0.8171428442001343, "disgust_random5000": 0.941428542137146, "disgust_random6000": 0.46285709738731384, "control_random500": 0.9385714530944824, "control_random1000": 0.9342857003211975, "control_random1500": 0.9371428489685059, "control_random2000": 0.9147619009017944, "control_random2500": 0.9147619009017944, "control_random3000": 0.9357143044471741, "control_random4000": 0.9385714530944824, "control_random5000": 0.464285671710968, "control_random6000": 0.46285709738731384, "fairness_random500": 0.9385713934898376, "fairness_random1000": 0.916190505027771, "fairness_random1500": 0.9104762077331543, "fairness_random2000": 0.9090476632118225, "fairness_random2500": 0.9399999976158142, "fairness_random3000": 0.9357143044471741, "fairness_random4000": 0.9119047522544861, "fairness_random5000": 0.7190476059913635, "fairness_random6000": 0.9385713934898376, "self-related_random500": 0.9457142949104309, "self-related_random1000": 0.9399999976158142, "self-related_random1500": 0.9385714530944824, "self-related_random2000": 0.8909524083137512, "self-related_random2500": 0.9371428489685059, "self-related_random3000": 0.698571503162384, "self-related_random4000": 0.9399999976158142, "self-related_random5000": 0.9257143139839172, "self-related_random6000": 0.9357143044471741, "other-related_random500": 0.9385713934898376, "other-related_random1000": 0.5371428728103638, "other-related_random1500": 0.8880952000617981, "other-related_random2000": 0.9371428489685059, "other-related_random2500": 0.9385713934898376, "other-related_random3000": 0.9342857003211975, "other-related_random4000": 0.8852380514144897, "other-related_random5000": 0.7023808360099792, "other-related_random6000": 0.46285709738731384, "expectedness_random500": 0.9385713934898376, "expectedness_random1000": 0.9385713934898376, "expectedness_random1500": 0.9371427893638611, "expectedness_random2000": 0.9385713934898376, "expectedness_random2500": 0.9428571462631226, "expectedness_random3000": 0.903333306312561, "expectedness_random4000": 0.9342857003211975, "expectedness_random5000": 0.6757143139839172, "expectedness_random6000": 0.46285709738731384, "non-novelty_random500": 0.9385713934898376, "non-novelty_random1000": 0.9399999976158142, "non-novelty_random1500": 0.9385713934898376, "non-novelty_random2000": 0.9414286017417908, "non-novelty_random2500": 0.8257142901420593, "non-novelty_random3000": 0.8823809027671814, "non-novelty_random4000": 0.9428570866584778, "non-novelty_random5000": 0.9047619104385376, "non-novelty_random6000": 0.46285709738731384}