{"sentiment": "amusement", "seed": 3, "arousal_random500": 0.954285740852356, "best": 0.9573914408683777, "arousal_random1000": 0.9528571367263794, "arousal_random1500": 0.954285740852356, "arousal_random2000": 0.9528571367263794, "arousal_random2500": 0.9457142949104309, "arousal_random3000": 0.8404762148857117, "arousal_random4000": 0.8190475702285767, "arousal_random5000": 0.9471428990364075, "arousal_random6000": 0.9528571367263794, "valence_random500": 0.955714225769043, "valence_random1000": 0.9514285326004028, "valence_random1500": 0.9514285326004028, "valence_random2000": 0.9514285326004028, "valence_random2500": 0.9485713839530945, "valence_random3000": 0.941428542137146, "valence_random4000": 0.9528571367263794, "valence_random5000": 0.9499999284744263, "valence_random6000": 0.8619047403335571, "happy_random500": 0.9514285326004028, "happy_random1000": 0.9514285326004028, "happy_random1500": 0.9514285326004028, "happy_random2000": 0.954285740852356, "happy_random2500": 0.9571428298950195, "happy_random3000": 0.954285740852356, "happy_random4000": 0.9571428298950195, "happy_random5000": 0.9357142448425293, "happy_random6000": 0.464285671710968, "anger_random500": 0.9528571367263794, "anger_random1000": 0.9200000166893005, "anger_random1500": 0.912857174873352, "anger_random2000": 0.954285740852356, "anger_random2500": 0.7695237994194031, "anger_random3000": 0.9514285326004028, "anger_random4000": 0.9499999284744263, "anger_random5000": 0.9571428298950195, "anger_random6000": 0.948571503162384, "sad_random500": 0.9514285326004028, "sad_random1000": 0.9514285326004028, "sad_random1500": 0.954285740852356, "sad_random2000": 0.8090476393699646, "sad_random2500": 0.9514285326004028, "sad_random3000": 0.7371428608894348, "sad_random4000": 0.9285714030265808, "sad_random5000": 0.8533334136009216, "sad_random6000": 0.9457142949104309, "fear_random500": 0.9514285326004028, "fear_random1000": 0.9528571367263794, "fear_random1500": 0.949999988079071, "fear_random2000": 0.9528571367263794, "fear_random2500": 0.954285740852356, "fear_random3000": 0.9499999284744263, "fear_random4000": 0.9557142853736877, "fear_random5000": 0.9499999284744263, "fear_random6000": 0.8185715079307556, "surprise_random500": 0.954285740852356, "surprise_random1000": 0.9528571367263794, "surprise_random1500": 0.9557143449783325, "surprise_random2000": 0.9542856812477112, "surprise_random2500": 0.9528571367263794, "surprise_random3000": 0.954285740852356, "surprise_random4000": 0.9314285516738892, "surprise_random5000": 0.8647619485855103, "surprise_random6000": 0.9514285326004028, "disgust_random500": 0.9528571367263794, "disgust_random1000": 0.9557142853736877, "disgust_random1500": 0.9528571367263794, "disgust_random2000": 0.954285740852356, "disgust_random2500": 0.9442856907844543, "disgust_random3000": 0.954285740852356, "disgust_random4000": 0.941428542137146, "disgust_random5000": 0.954285740852356, "disgust_random6000": 0.8899999856948853, "control_random500": 0.9528571367263794, "control_random1000": 0.9514285326004028, "control_random1500": 0.9514285326004028, "control_random2000": 0.9514285326004028, "control_random2500": 0.9571428298950195, "control_random3000": 0.954285740852356, "control_random4000": 0.9528571367263794, "control_random5000": 0.5180952548980713, "control_random6000": 0.9342857003211975, "fairness_random500": 0.9528571367263794, "fairness_random1000": 0.948571503162384, "fairness_random1500": 0.949999988079071, "fairness_random2000": 0.954285740852356, "fairness_random2500": 0.9499999284744263, "fairness_random3000": 0.9514285326004028, "fairness_random4000": 0.9528571367263794, "fairness_random5000": 0.9328571557998657, "fairness_random6000": 0.9457142949104309, "self-related_random500": 0.9499999284744263, "self-related_random1000": 0.9528571367263794, "self-related_random1500": 0.9528571367263794, "self-related_random2000": 0.9499999284744263, "self-related_random2500": 0.954285740852356, "self-related_random3000": 0.800000011920929, "self-related_random4000": 0.954285740852356, "self-related_random5000": 0.9528571367263794, "self-related_random6000": 0.8904762268066406, "other-related_random500": 0.9528571367263794, "other-related_random1000": 0.5514286160469055, "other-related_random1500": 0.940000057220459, "other-related_random2000": 0.954285740852356, "other-related_random2500": 0.954285740852356, "other-related_random3000": 0.9528571367263794, "other-related_random4000": 0.949999988079071, "other-related_random5000": 0.8971428871154785, "other-related_random6000": 0.8857143521308899, "expectedness_random500": 0.9528571367263794, "expectedness_random1000": 0.9514285326004028, "expectedness_random1500": 0.9528571367263794, "expectedness_random2000": 0.9528571367263794, "expectedness_random2500": 0.955714225769043, "expectedness_random3000": 0.948571503162384, "expectedness_random4000": 0.954285740852356, "expectedness_random5000": 0.6128571629524231, "expectedness_random6000": 0.9514285922050476, "non-novelty_random500": 0.9499999284744263, "non-novelty_random1000": 0.9528571367263794, "non-novelty_random1500": 0.9528571367263794, "non-novelty_random2000": 0.9528571367263794, "non-novelty_random2500": 0.9285715222358704, "non-novelty_random3000": 0.9485713839530945, "non-novelty_random4000": 0.9557142853736877, "non-novelty_random5000": 0.9499999284744263, "non-novelty_random6000": 0.5400000214576721}