{"sentiment": "amusement", "seed": 19, "arousal_random500": 0.9399999976158142, "best": 0.9258366227149963, "arousal_random1000": 0.9414286017417908, "arousal_random1500": 0.9442857503890991, "arousal_random2000": 0.9414286017417908, "arousal_random2500": 0.9428571462631226, "arousal_random3000": 0.8576191067695618, "arousal_random4000": 0.9057143330574036, "arousal_random5000": 0.941428542137146, "arousal_random6000": 0.9428571462631226, "valence_random500": 0.9457143545150757, "valence_random1000": 0.9399999976158142, "valence_random1500": 0.9399999976158142, "valence_random2000": 0.9442857503890991, "valence_random2500": 0.9385714530944824, "valence_random3000": 0.9271429181098938, "valence_random4000": 0.941428542137146, "valence_random5000": 0.9399999976158142, "valence_random6000": 0.4757142961025238, "happy_random500": 0.9414286017417908, "happy_random1000": 0.9457142949104309, "happy_random1500": 0.9428571462631226, "happy_random2000": 0.9457143545150757, "happy_random2500": 0.9414286017417908, "happy_random3000": 0.9457142949104309, "happy_random4000": 0.9399999976158142, "happy_random5000": 0.592380940914154, "happy_random6000": 0.9428571462631226, "anger_random500": 0.9414286017417908, "anger_random1000": 0.9357143044471741, "anger_random1500": 0.9257143139839172, "anger_random2000": 0.9428571462631226, "anger_random2500": 0.9300000071525574, "anger_random3000": 0.9342857003211975, "anger_random4000": 0.9442857503890991, "anger_random5000": 0.9399999976158142, "anger_random6000": 0.9385714530944824, "sad_random500": 0.9442857503890991, "sad_random1000": 0.9399999976158142, "sad_random1500": 0.9471428990364075, "sad_random2000": 0.9200000166893005, "sad_random2500": 0.9457143545150757, "sad_random3000": 0.5528571605682373, "sad_random4000": 0.9428572058677673, "sad_random5000": 0.49142858386039734, "sad_random6000": 0.9414286017417908, "fear_random500": 0.9457143545150757, "fear_random1000": 0.9428571462631226, "fear_random1500": 0.9442857503890991, "fear_random2000": 0.9414286017417908, "fear_random2500": 0.941428542137146, "fear_random3000": 0.9471428990364075, "fear_random4000": 0.9257143139839172, "fear_random5000": 0.912857174873352, "fear_random6000": 0.904285728931427, "surprise_random500": 0.9428571462631226, "surprise_random1000": 0.9471428990364075, "surprise_random1500": 0.9457143545150757, "surprise_random2000": 0.9442857503890991, "surprise_random2500": 0.9457142949104309, "surprise_random3000": 0.9414286017417908, "surprise_random4000": 0.9414286017417908, "surprise_random5000": 0.9214285612106323, "surprise_random6000": 0.941428542137146, "disgust_random500": 0.9471428990364075, "disgust_random1000": 0.9442857503890991, "disgust_random1500": 0.9442857503890991, "disgust_random2000": 0.9442856907844543, "disgust_random2500": 0.9414286017417908, "disgust_random3000": 0.9414286017417908, "disgust_random4000": 0.9399999976158142, "disgust_random5000": 0.9428572058677673, "disgust_random6000": 0.8333333730697632, "control_random500": 0.9428571462631226, "control_random1000": 0.9457143545150757, "control_random1500": 0.9414286017417908, "control_random2000": 0.9428571462631226, "control_random2500": 0.9457143545150757, "control_random3000": 0.9471428990364075, "control_random4000": 0.9371428489685059, "control_random5000": 0.9357142448425293, "control_random6000": 0.941428542137146, "fairness_random500": 0.9457143545150757, "fairness_random1000": 0.9428571462631226, "fairness_random1500": 0.9414286017417908, "fairness_random2000": 0.9428571462631226, "fairness_random2500": 0.941428542137146, "fairness_random3000": 0.9414286017417908, "fairness_random4000": 0.9442857503890991, "fairness_random5000": 0.9414286017417908, "fairness_random6000": 0.9457142949104309, "self-related_random500": 0.9471428990364075, "self-related_random1000": 0.9428571462631226, "self-related_random1500": 0.9399999976158142, "self-related_random2000": 0.9442857503890991, "self-related_random2500": 0.9428571462631226, "self-related_random3000": 0.772857129573822, "self-related_random4000": 0.9414286017417908, "self-related_random5000": 0.9399999976158142, "self-related_random6000": 0.941428542137146, "other-related_random500": 0.9442857503890991, "other-related_random1000": 0.758571445941925, "other-related_random1500": 0.9414286017417908, "other-related_random2000": 0.9442857503890991, "other-related_random2500": 0.9428571462631226, "other-related_random3000": 0.9457143545150757, "other-related_random4000": 0.9442857503890991, "other-related_random5000": 0.9471428990364075, "other-related_random6000": 0.9371428489685059, "expectedness_random500": 0.9457143545150757, "expectedness_random1000": 0.9457142949104309, "expectedness_random1500": 0.9414286017417908, "expectedness_random2000": 0.9471428990364075, "expectedness_random2500": 0.9471428990364075, "expectedness_random3000": 0.9442857503890991, "expectedness_random4000": 0.9385714530944824, "expectedness_random5000": 0.9328571557998657, "expectedness_random6000": 0.9385714530944824, "non-novelty_random500": 0.9457143545150757, "non-novelty_random1000": 0.9442857503890991, "non-novelty_random1500": 0.9457142949104309, "non-novelty_random2000": 0.9414286017417908, "non-novelty_random2500": 0.9414286017417908, "non-novelty_random3000": 0.9442857503890991, "non-novelty_random4000": 0.9457143545150757, "non-novelty_random5000": 0.9471427798271179, "non-novelty_random6000": 0.8576191067695618}