{"sentiment": "amusement", "seed": 5, "arousal_random500": 0.9500001072883606, "best": 0.9502992033958435, "arousal_random1000": 0.9442856907844543, "arousal_random1500": 0.9471428990364075, "arousal_random2000": 0.9233333468437195, "arousal_random2500": 0.9204763174057007, "arousal_random3000": 0.7538095116615295, "arousal_random4000": 0.7847619652748108, "arousal_random5000": 0.8995237946510315, "arousal_random6000": 0.761904776096344, "valence_random500": 0.9457142949104309, "valence_random1000": 0.9499999284744263, "valence_random1500": 0.9514285326004028, "valence_random2000": 0.948571503162384, "valence_random2500": 0.9219047427177429, "valence_random3000": 0.9276190400123596, "valence_random4000": 0.9276190996170044, "valence_random5000": 0.9233333468437195, "valence_random6000": 0.5161904692649841, "happy_random500": 0.9499999284744263, "happy_random1000": 0.9528571367263794, "happy_random1500": 0.9052380919456482, "happy_random2000": 0.9204761385917664, "happy_random2500": 0.9514285326004028, "happy_random3000": 0.9261905550956726, "happy_random4000": 0.9190477132797241, "happy_random5000": 0.9285714030265808, "happy_random6000": 0.8571428656578064, "anger_random500": 0.948571503162384, "anger_random1000": 0.9428570866584778, "anger_random1500": 0.8990476727485657, "anger_random2000": 0.9219047427177429, "anger_random2500": 0.776190459728241, "anger_random3000": 0.9147619605064392, "anger_random4000": 0.9219047427177429, "anger_random5000": 0.916190505027771, "anger_random6000": 0.924761950969696, "sad_random500": 0.949999988079071, "sad_random1000": 0.9471428990364075, "sad_random1500": 0.9204761385917664, "sad_random2000": 0.7695237994194031, "sad_random2500": 0.9219047427177429, "sad_random3000": 0.487619012594223, "sad_random4000": 0.9176191091537476, "sad_random5000": 0.4399999976158142, "sad_random6000": 0.7890476584434509, "fear_random500": 0.9528571367263794, "fear_random1000": 0.948571503162384, "fear_random1500": 0.948571503162384, "fear_random2000": 0.9190477132797241, "fear_random2500": 0.949999988079071, "fear_random3000": 0.9276190400123596, "fear_random4000": 0.8652380704879761, "fear_random5000": 0.9176191091537476, "fear_random6000": 0.9047619104385376, "surprise_random500": 0.9457142949104309, "surprise_random1000": 0.9514285326004028, "surprise_random1500": 0.9500001072883606, "surprise_random2000": 0.924761950969696, "surprise_random2500": 0.9471428990364075, "surprise_random3000": 0.924761950969696, "surprise_random4000": 0.9019047021865845, "surprise_random5000": 0.8761905431747437, "surprise_random6000": 0.9190477132797241, "disgust_random500": 0.9485713839530945, "disgust_random1000": 0.948571503162384, "disgust_random1500": 0.9499999284744263, "disgust_random2000": 0.9514285326004028, "disgust_random2500": 0.916190505027771, "disgust_random3000": 0.9399999976158142, "disgust_random4000": 0.8876190781593323, "disgust_random5000": 0.8995237946510315, "disgust_random6000": 0.6885713934898376, "control_random500": 0.9442856907844543, "control_random1000": 0.9233333468437195, "control_random1500": 0.9219047427177429, "control_random2000": 0.9442856907844543, "control_random2500": 0.948571503162384, "control_random3000": 0.9219047427177429, "control_random4000": 0.9233333468437195, "control_random5000": 0.6299999952316284, "control_random6000": 0.8923810124397278, "fairness_random500": 0.9514285326004028, "fairness_random1000": 0.948571503162384, "fairness_random1500": 0.9514285326004028, "fairness_random2000": 0.9219047427177429, "fairness_random2500": 0.949999988079071, "fairness_random3000": 0.9290476441383362, "fairness_random4000": 0.9176191091537476, "fairness_random5000": 0.9147619009017944, "fairness_random6000": 0.9104762077331543, "self-related_random500": 0.9528571367263794, "self-related_random1000": 0.9261904358863831, "self-related_random1500": 0.949999988079071, "self-related_random2000": 0.9219047427177429, "self-related_random2500": 0.9499999284744263, "self-related_random3000": 0.6490476727485657, "self-related_random4000": 0.924761950969696, "self-related_random5000": 0.9176190495491028, "self-related_random6000": 0.8866665959358215, "other-related_random500": 0.9471428990364075, "other-related_random1000": 0.5147618651390076, "other-related_random1500": 0.949999988079071, "other-related_random2000": 0.9204761385917664, "other-related_random2500": 0.9261905550956726, "other-related_random3000": 0.916190505027771, "other-related_random4000": 0.9428572058677673, "other-related_random5000": 0.5404762029647827, "other-related_random6000": 0.7290476560592651, "expectedness_random500": 0.9514285326004028, "expectedness_random1000": 0.9471428990364075, "expectedness_random1500": 0.9485713839530945, "expectedness_random2000": 0.9233333468437195, "expectedness_random2500": 0.9261905550956726, "expectedness_random3000": 0.949999988079071, "expectedness_random4000": 0.9190477132797241, "expectedness_random5000": 0.8833333849906921, "expectedness_random6000": 0.891428530216217, "non-novelty_random500": 0.9528571367263794, "non-novelty_random1000": 0.948571503162384, "non-novelty_random1500": 0.9442857503890991, "non-novelty_random2000": 0.9233333468437195, "non-novelty_random2500": 0.7766666412353516, "non-novelty_random3000": 0.9499999284744263, "non-novelty_random4000": 0.9233333468437195, "non-novelty_random5000": 0.916190505027771, "non-novelty_random6000": 0.8857143521308899}