{"sentiment": "anger", "seed": 15, "arousal_random500": 0.8669444918632507, "best": 0.8587919473648071, "arousal_random1000": 0.8533332943916321, "arousal_random1500": 0.8491666316986084, "arousal_random2000": 0.8588888645172119, "arousal_random2500": 0.8505555391311646, "arousal_random3000": 0.8497222065925598, "arousal_random4000": 0.7236111164093018, "arousal_random5000": 0.8524999618530273, "arousal_random6000": 0.65583336353302, "valence_random500": 0.8505555391311646, "valence_random1000": 0.87416672706604, "valence_random1500": 0.8572221994400024, "valence_random2000": 0.8355555534362793, "valence_random2500": 0.8474999666213989, "valence_random3000": 0.8502777814865112, "valence_random4000": 0.7258333563804626, "valence_random5000": 0.8419444561004639, "valence_random6000": 0.49361109733581543, "happy_random500": 0.8694444298744202, "happy_random1000": 0.8558332920074463, "happy_random1500": 0.8638888597488403, "happy_random2000": 0.8613889217376709, "happy_random2500": 0.8516666889190674, "happy_random3000": 0.8655555248260498, "happy_random4000": 0.8388888835906982, "happy_random5000": 0.8438888788223267, "happy_random6000": 0.652222216129303, "anger_random500": 0.8644444346427917, "anger_random1000": 0.8449999690055847, "anger_random1500": 0.8086111545562744, "anger_random2000": 0.8252778053283691, "anger_random2500": 0.8316666483879089, "anger_random3000": 0.8586111664772034, "anger_random4000": 0.8538888692855835, "anger_random5000": 0.8452777862548828, "anger_random6000": 0.8269444704055786, "sad_random500": 0.8508332967758179, "sad_random1000": 0.8619444966316223, "sad_random1500": 0.8622221946716309, "sad_random2000": 0.8394443988800049, "sad_random2500": 0.8424999713897705, "sad_random3000": 0.633888840675354, "sad_random4000": 0.8241666555404663, "sad_random5000": 0.7233333587646484, "sad_random6000": 0.7830555438995361, "fear_random500": 0.8533332943916321, "fear_random1000": 0.8669444918632507, "fear_random1500": 0.8644444346427917, "fear_random2000": 0.8274999856948853, "fear_random2500": 0.8497222065925598, "fear_random3000": 0.8619444966316223, "fear_random4000": 0.8152777552604675, "fear_random5000": 0.8513889312744141, "fear_random6000": 0.6888889074325562, "surprise_random500": 0.8769444823265076, "surprise_random1000": 0.8613888621330261, "surprise_random1500": 0.8594444394111633, "surprise_random2000": 0.8452777862548828, "surprise_random2500": 0.8588888645172119, "surprise_random3000": 0.8277778029441833, "surprise_random4000": 0.8388888835906982, "surprise_random5000": 0.7041666507720947, "surprise_random6000": 0.738611102104187, "disgust_random500": 0.8536111116409302, "disgust_random1000": 0.8591666221618652, "disgust_random1500": 0.8591667413711548, "disgust_random2000": 0.8622221946716309, "disgust_random2500": 0.8452777862548828, "disgust_random3000": 0.8400000333786011, "disgust_random4000": 0.8372222185134888, "disgust_random5000": 0.8544444441795349, "disgust_random6000": 0.7925000190734863, "control_random500": 0.8505555391311646, "control_random1000": 0.8477777242660522, "control_random1500": 0.8374999761581421, "control_random2000": 0.8533332943916321, "control_random2500": 0.8563889265060425, "control_random3000": 0.8472222089767456, "control_random4000": 0.835277795791626, "control_random5000": 0.7955555319786072, "control_random6000": 0.8669444918632507, "fairness_random500": 0.8583332896232605, "fairness_random1000": 0.8666666746139526, "fairness_random1500": 0.8372222185134888, "fairness_random2000": 0.8422222137451172, "fairness_random2500": 0.8561111092567444, "fairness_random3000": 0.8644444942474365, "fairness_random4000": 0.8766666650772095, "fairness_random5000": 0.8336111307144165, "fairness_random6000": 0.8530555963516235, "self-related_random500": 0.8666666746139526, "self-related_random1000": 0.8594444394111633, "self-related_random1500": 0.8669444918632507, "self-related_random2000": 0.8666666746139526, "self-related_random2500": 0.8611111044883728, "self-related_random3000": 0.7802777886390686, "self-related_random4000": 0.8472222089767456, "self-related_random5000": 0.8019444346427917, "self-related_random6000": 0.8188889026641846, "other-related_random500": 0.8644444346427917, "other-related_random1000": 0.6758333444595337, "other-related_random1500": 0.8377777338027954, "other-related_random2000": 0.8552777767181396, "other-related_random2500": 0.8250000476837158, "other-related_random3000": 0.8572221994400024, "other-related_random4000": 0.8347221612930298, "other-related_random5000": 0.8519444465637207, "other-related_random6000": 0.8347221612930298, "expectedness_random500": 0.8719444870948792, "expectedness_random1000": 0.8563888669013977, "expectedness_random1500": 0.852222204208374, "expectedness_random2000": 0.8616666793823242, "expectedness_random2500": 0.8747222423553467, "expectedness_random3000": 0.8591666221618652, "expectedness_random4000": 0.8569445013999939, "expectedness_random5000": 0.7927777767181396, "expectedness_random6000": 0.8050000667572021, "non-novelty_random500": 0.8616666793823242, "non-novelty_random1000": 0.8611111044883728, "non-novelty_random1500": 0.8516666889190674, "non-novelty_random2000": 0.8666666746139526, "non-novelty_random2500": 0.8127777576446533, "non-novelty_random3000": 0.8474999666213989, "non-novelty_random4000": 0.8222222328186035, "non-novelty_random5000": 0.8438888788223267, "non-novelty_random6000": 0.8347221612930298}