{"sentiment": "anger", "seed": 100, "arousal_random500": 0.8308333158493042, "best": 0.8319729566574097, "arousal_random1000": 0.8261111378669739, "arousal_random1500": 0.8230555653572083, "arousal_random2000": 0.8280555605888367, "arousal_random2500": 0.8166667222976685, "arousal_random3000": 0.5211111307144165, "arousal_random4000": 0.5008333325386047, "arousal_random5000": 0.7011110782623291, "arousal_random6000": 0.5816666483879089, "valence_random500": 0.8280555605888367, "valence_random1000": 0.8408333659172058, "valence_random1500": 0.8080555200576782, "valence_random2000": 0.8105555772781372, "valence_random2500": 0.7133333683013916, "valence_random3000": 0.8102777004241943, "valence_random4000": 0.6955555081367493, "valence_random5000": 0.7777777910232544, "valence_random6000": 0.6163889169692993, "happy_random500": 0.8191666603088379, "happy_random1000": 0.8333333134651184, "happy_random1500": 0.8122222423553467, "happy_random2000": 0.8177778124809265, "happy_random2500": 0.8263888359069824, "happy_random3000": 0.7975000143051147, "happy_random4000": 0.7661111354827881, "happy_random5000": 0.7049999833106995, "happy_random6000": 0.5077778100967407, "anger_random500": 0.8219444155693054, "anger_random1000": 0.8083333373069763, "anger_random1500": 0.6161110997200012, "anger_random2000": 0.7383333444595337, "anger_random2500": 0.8113889098167419, "anger_random3000": 0.7916666865348816, "anger_random4000": 0.8158332705497742, "anger_random5000": 0.7752777934074402, "anger_random6000": 0.7605555653572083, "sad_random500": 0.8261111378669739, "sad_random1000": 0.8255555629730225, "sad_random1500": 0.7991666793823242, "sad_random2000": 0.8102777004241943, "sad_random2500": 0.8077777624130249, "sad_random3000": 0.5016666650772095, "sad_random4000": 0.5247222185134888, "sad_random5000": 0.4394444227218628, "sad_random6000": 0.6883333325386047, "fear_random500": 0.8261110782623291, "fear_random1000": 0.8266666531562805, "fear_random1500": 0.8111111521720886, "fear_random2000": 0.7827777862548828, "fear_random2500": 0.7927777767181396, "fear_random3000": 0.8075000047683716, "fear_random4000": 0.7775000333786011, "fear_random5000": 0.7358332872390747, "fear_random6000": 0.785277783870697, "surprise_random500": 0.8144444823265076, "surprise_random1000": 0.8286111354827881, "surprise_random1500": 0.8119444251060486, "surprise_random2000": 0.8216666579246521, "surprise_random2500": 0.7969444394111633, "surprise_random3000": 0.8066667318344116, "surprise_random4000": 0.7450000047683716, "surprise_random5000": 0.5447222590446472, "surprise_random6000": 0.7480555176734924, "disgust_random500": 0.8172222375869751, "disgust_random1000": 0.8330555558204651, "disgust_random1500": 0.8119444251060486, "disgust_random2000": 0.8236111402511597, "disgust_random2500": 0.7625000476837158, "disgust_random3000": 0.7233333587646484, "disgust_random4000": 0.714722216129303, "disgust_random5000": 0.6769444346427917, "disgust_random6000": 0.5297222137451172, "control_random500": 0.8269444704055786, "control_random1000": 0.8366666436195374, "control_random1500": 0.7899999618530273, "control_random2000": 0.8050000071525574, "control_random2500": 0.8119444847106934, "control_random3000": 0.8316667079925537, "control_random4000": 0.768333375453949, "control_random5000": 0.7030555605888367, "control_random6000": 0.6691666841506958, "fairness_random500": 0.8252778053283691, "fairness_random1000": 0.8311111330986023, "fairness_random1500": 0.8144444227218628, "fairness_random2000": 0.8224999904632568, "fairness_random2500": 0.823888897895813, "fairness_random3000": 0.7875000238418579, "fairness_random4000": 0.7944445013999939, "fairness_random5000": 0.6791666746139526, "fairness_random6000": 0.752500057220459, "self-related_random500": 0.8202778100967407, "self-related_random1000": 0.8069444298744202, "self-related_random1500": 0.8199999928474426, "self-related_random2000": 0.7902777791023254, "self-related_random2500": 0.8025000095367432, "self-related_random3000": 0.4911111295223236, "self-related_random4000": 0.8027777671813965, "self-related_random5000": 0.5644444227218628, "self-related_random6000": 0.5091666579246521, "other-related_random500": 0.8047221899032593, "other-related_random1000": 0.4933333396911621, "other-related_random1500": 0.8197222352027893, "other-related_random2000": 0.8108332753181458, "other-related_random2500": 0.7827777862548828, "other-related_random3000": 0.8308333158493042, "other-related_random4000": 0.7702777981758118, "other-related_random5000": 0.5111111402511597, "other-related_random6000": 0.7533332705497742, "expectedness_random500": 0.8216667175292969, "expectedness_random1000": 0.829444408416748, "expectedness_random1500": 0.8025000095367432, "expectedness_random2000": 0.8002777695655823, "expectedness_random2500": 0.8216667175292969, "expectedness_random3000": 0.7799999713897705, "expectedness_random4000": 0.7994444966316223, "expectedness_random5000": 0.5191666483879089, "expectedness_random6000": 0.7994444966316223, "non-novelty_random500": 0.8191666603088379, "non-novelty_random1000": 0.8083333373069763, "non-novelty_random1500": 0.8047221899032593, "non-novelty_random2000": 0.7977777719497681, "non-novelty_random2500": 0.7855555415153503, "non-novelty_random3000": 0.823888897895813, "non-novelty_random4000": 0.7825000286102295, "non-novelty_random5000": 0.7511110901832581, "non-novelty_random6000": 0.5008333325386047}