{"sentiment": "anger", "seed": 13, "arousal_random500": 0.8574999570846558, "best": 0.8426131010055542, "arousal_random1000": 0.85999995470047, "arousal_random1500": 0.8549999594688416, "arousal_random2000": 0.851111114025116, "arousal_random2500": 0.8563888669013977, "arousal_random3000": 0.8600000143051147, "arousal_random4000": 0.6272222399711609, "arousal_random5000": 0.855555534362793, "arousal_random6000": 0.7369444370269775, "valence_random500": 0.8622221946716309, "valence_random1000": 0.8597221970558167, "valence_random1500": 0.8580555319786072, "valence_random2000": 0.8336111307144165, "valence_random2500": 0.8286111354827881, "valence_random3000": 0.8502777814865112, "valence_random4000": 0.7591667175292969, "valence_random5000": 0.7941666841506958, "valence_random6000": 0.5066666603088379, "happy_random500": 0.8405555486679077, "happy_random1000": 0.8516666293144226, "happy_random1500": 0.8463889360427856, "happy_random2000": 0.8208332657814026, "happy_random2500": 0.8330555558204651, "happy_random3000": 0.8561111092567444, "happy_random4000": 0.8505555391311646, "happy_random5000": 0.824999988079071, "happy_random6000": 0.7916666865348816, "anger_random500": 0.8527777194976807, "anger_random1000": 0.8602777719497681, "anger_random1500": 0.824999988079071, "anger_random2000": 0.8191666603088379, "anger_random2500": 0.8499999642372131, "anger_random3000": 0.8436111211776733, "anger_random4000": 0.8527777194976807, "anger_random5000": 0.8302778005599976, "anger_random6000": 0.8083333373069763, "sad_random500": 0.8399999737739563, "sad_random1000": 0.8580555319786072, "sad_random1500": 0.8519444465637207, "sad_random2000": 0.8149999976158142, "sad_random2500": 0.8572221994400024, "sad_random3000": 0.710277795791626, "sad_random4000": 0.8069444298744202, "sad_random5000": 0.4230555295944214, "sad_random6000": 0.8144444823265076, "fear_random500": 0.8516666293144226, "fear_random1000": 0.8483332991600037, "fear_random1500": 0.8574999570846558, "fear_random2000": 0.8266667127609253, "fear_random2500": 0.816111147403717, "fear_random3000": 0.8547222018241882, "fear_random4000": 0.8380556106567383, "fear_random5000": 0.8480555415153503, "fear_random6000": 0.7497222423553467, "surprise_random500": 0.855555534362793, "surprise_random1000": 0.8580555319786072, "surprise_random1500": 0.8455555438995361, "surprise_random2000": 0.836388885974884, "surprise_random2500": 0.8274999856948853, "surprise_random3000": 0.8416666984558105, "surprise_random4000": 0.7913888692855835, "surprise_random5000": 0.597777783870697, "surprise_random6000": 0.8113888502120972, "disgust_random500": 0.8572221994400024, "disgust_random1000": 0.8605555295944214, "disgust_random1500": 0.8547222018241882, "disgust_random2000": 0.8455555438995361, "disgust_random2500": 0.8438888788223267, "disgust_random3000": 0.7688888907432556, "disgust_random4000": 0.8558332920074463, "disgust_random5000": 0.823888897895813, "disgust_random6000": 0.5769444704055786, "control_random500": 0.8572221994400024, "control_random1000": 0.8605555295944214, "control_random1500": 0.8266667127609253, "control_random2000": 0.8394443988800049, "control_random2500": 0.8530555367469788, "control_random3000": 0.8577777147293091, "control_random4000": 0.8436111807823181, "control_random5000": 0.795555591583252, "control_random6000": 0.8263888359069824, "fairness_random500": 0.8569444417953491, "fairness_random1000": 0.8474999666213989, "fairness_random1500": 0.8436111807823181, "fairness_random2000": 0.8413888812065125, "fairness_random2500": 0.8580555319786072, "fairness_random3000": 0.8458333611488342, "fairness_random4000": 0.8561111092567444, "fairness_random5000": 0.6563888788223267, "fairness_random6000": 0.8455555438995361, "self-related_random500": 0.8466666340827942, "self-related_random1000": 0.8480555415153503, "self-related_random1500": 0.8530555367469788, "self-related_random2000": 0.8288888931274414, "self-related_random2500": 0.8313888907432556, "self-related_random3000": 0.6113889217376709, "self-related_random4000": 0.8374999761581421, "self-related_random5000": 0.7894444465637207, "self-related_random6000": 0.8127777576446533, "other-related_random500": 0.8383333086967468, "other-related_random1000": 0.5213888883590698, "other-related_random1500": 0.8572221994400024, "other-related_random2000": 0.8477777242660522, "other-related_random2500": 0.7894444465637207, "other-related_random3000": 0.8066666126251221, "other-related_random4000": 0.7769444584846497, "other-related_random5000": 0.5199999809265137, "other-related_random6000": 0.8072222471237183, "expectedness_random500": 0.8552777767181396, "expectedness_random1000": 0.8513888716697693, "expectedness_random1500": 0.8458333015441895, "expectedness_random2000": 0.8286111354827881, "expectedness_random2500": 0.8544443845748901, "expectedness_random3000": 0.8383333086967468, "expectedness_random4000": 0.851111114025116, "expectedness_random5000": 0.7908332943916321, "expectedness_random6000": 0.8097221851348877, "non-novelty_random500": 0.8549999594688416, "non-novelty_random1000": 0.852222204208374, "non-novelty_random1500": 0.8447222113609314, "non-novelty_random2000": 0.8602777719497681, "non-novelty_random2500": 0.8233333230018616, "non-novelty_random3000": 0.8524999618530273, "non-novelty_random4000": 0.7994444370269775, "non-novelty_random5000": 0.8088889122009277, "non-novelty_random6000": 0.8058332800865173}