{"sentiment": "anger", "seed": 11, "arousal_random500": 0.8369444608688354, "best": 0.8586170673370361, "arousal_random1000": 0.8388888835906982, "arousal_random1500": 0.8361111283302307, "arousal_random2000": 0.8463889360427856, "arousal_random2500": 0.8483332991600037, "arousal_random3000": 0.8444443941116333, "arousal_random4000": 0.6722221970558167, "arousal_random5000": 0.8436111211776733, "arousal_random6000": 0.8252777457237244, "valence_random500": 0.8486111164093018, "valence_random1000": 0.846666693687439, "valence_random1500": 0.84416663646698, "valence_random2000": 0.839722216129303, "valence_random2500": 0.8380554914474487, "valence_random3000": 0.82833331823349, "valence_random4000": 0.7636111378669739, "valence_random5000": 0.7905555367469788, "valence_random6000": 0.8125, "happy_random500": 0.8400000333786011, "happy_random1000": 0.8561111092567444, "happy_random1500": 0.8416666984558105, "happy_random2000": 0.8380555510520935, "happy_random2500": 0.8394444584846497, "happy_random3000": 0.8386111259460449, "happy_random4000": 0.8288888931274414, "happy_random5000": 0.8488888740539551, "happy_random6000": 0.8286111354827881, "anger_random500": 0.8491666316986084, "anger_random1000": 0.8488888740539551, "anger_random1500": 0.8230555057525635, "anger_random2000": 0.8350000381469727, "anger_random2500": 0.8358333706855774, "anger_random3000": 0.8255555629730225, "anger_random4000": 0.8438888788223267, "anger_random5000": 0.8274999856948853, "anger_random6000": 0.846666693687439, "sad_random500": 0.8516666889190674, "sad_random1000": 0.8394444584846497, "sad_random1500": 0.8316667079925537, "sad_random2000": 0.8227777481079102, "sad_random2500": 0.8433333039283752, "sad_random3000": 0.7752777934074402, "sad_random4000": 0.8483332991600037, "sad_random5000": 0.8102777600288391, "sad_random6000": 0.7983333468437195, "fear_random500": 0.8563888669013977, "fear_random1000": 0.8422222137451172, "fear_random1500": 0.8336111307144165, "fear_random2000": 0.8400000333786011, "fear_random2500": 0.8222222328186035, "fear_random3000": 0.847777783870697, "fear_random4000": 0.8391667604446411, "fear_random5000": 0.832777738571167, "fear_random6000": 0.8324999809265137, "surprise_random500": 0.8424999713897705, "surprise_random1000": 0.840833306312561, "surprise_random1500": 0.8374999761581421, "surprise_random2000": 0.8302778005599976, "surprise_random2500": 0.839722216129303, "surprise_random3000": 0.8224999904632568, "surprise_random4000": 0.8202778100967407, "surprise_random5000": 0.5338888764381409, "surprise_random6000": 0.8052777647972107, "disgust_random500": 0.8463888764381409, "disgust_random1000": 0.8416666984558105, "disgust_random1500": 0.8513889312744141, "disgust_random2000": 0.8347221612930298, "disgust_random2500": 0.8269444108009338, "disgust_random3000": 0.8430554866790771, "disgust_random4000": 0.8341666460037231, "disgust_random5000": 0.8308333158493042, "disgust_random6000": 0.8394444584846497, "control_random500": 0.8486111164093018, "control_random1000": 0.8436111211776733, "control_random1500": 0.8330554962158203, "control_random2000": 0.8488888740539551, "control_random2500": 0.8433333039283752, "control_random3000": 0.8463889360427856, "control_random4000": 0.8444444537162781, "control_random5000": 0.7100000381469727, "control_random6000": 0.8472222089767456, "fairness_random500": 0.8538888692855835, "fairness_random1000": 0.8469444513320923, "fairness_random1500": 0.8424999713897705, "fairness_random2000": 0.8463889360427856, "fairness_random2500": 0.8444444537162781, "fairness_random3000": 0.8400000333786011, "fairness_random4000": 0.840833306312561, "fairness_random5000": 0.8230555057525635, "fairness_random6000": 0.8188889026641846, "self-related_random500": 0.8513888716697693, "self-related_random1000": 0.8352777361869812, "self-related_random1500": 0.84416663646698, "self-related_random2000": 0.8224999904632568, "self-related_random2500": 0.8469444513320923, "self-related_random3000": 0.8155555725097656, "self-related_random4000": 0.8416666984558105, "self-related_random5000": 0.7136111259460449, "self-related_random6000": 0.8341666460037231, "other-related_random500": 0.8374999761581421, "other-related_random1000": 0.7724999785423279, "other-related_random1500": 0.8463889360427856, "other-related_random2000": 0.8374999761581421, "other-related_random2500": 0.8347221612930298, "other-related_random3000": 0.8469444513320923, "other-related_random4000": 0.8327777981758118, "other-related_random5000": 0.8166667222976685, "other-related_random6000": 0.8374999761581421, "expectedness_random500": 0.8461111187934875, "expectedness_random1000": 0.8469444513320923, "expectedness_random1500": 0.8394444584846497, "expectedness_random2000": 0.8447222709655762, "expectedness_random2500": 0.8541666269302368, "expectedness_random3000": 0.8374999761581421, "expectedness_random4000": 0.840833306312561, "expectedness_random5000": 0.8302778005599976, "expectedness_random6000": 0.8100000619888306, "non-novelty_random500": 0.8413888812065125, "non-novelty_random1000": 0.8461111187934875, "non-novelty_random1500": 0.8422222137451172, "non-novelty_random2000": 0.8369444012641907, "non-novelty_random2500": 0.8469444513320923, "non-novelty_random3000": 0.8322222232818604, "non-novelty_random4000": 0.8100000619888306, "non-novelty_random5000": 0.8424999713897705, "non-novelty_random6000": 0.8277778029441833}