{"sentiment": "anger", "seed": 7, "arousal_random500": 0.8705555200576782, "best": 0.8761951923370361, "arousal_random1000": 0.8697222471237183, "arousal_random1500": 0.8508333563804626, "arousal_random2000": 0.8624999523162842, "arousal_random2500": 0.8650000095367432, "arousal_random3000": 0.7749999761581421, "arousal_random4000": 0.5619444251060486, "arousal_random5000": 0.7933333516120911, "arousal_random6000": 0.6088888645172119, "valence_random500": 0.8772221803665161, "valence_random1000": 0.8683333396911621, "valence_random1500": 0.8633333444595337, "valence_random2000": 0.8463888168334961, "valence_random2500": 0.8033333420753479, "valence_random3000": 0.8577777743339539, "valence_random4000": 0.6036111116409302, "valence_random5000": 0.7286111116409302, "valence_random6000": 0.4833332896232605, "happy_random500": 0.8583333492279053, "happy_random1000": 0.8713889122009277, "happy_random1500": 0.852222204208374, "happy_random2000": 0.8408333659172058, "happy_random2500": 0.815833330154419, "happy_random3000": 0.820555567741394, "happy_random4000": 0.8033333420753479, "happy_random5000": 0.5561110973358154, "happy_random6000": 0.7741666436195374, "anger_random500": 0.8705555200576782, "anger_random1000": 0.8769444823265076, "anger_random1500": 0.829444408416748, "anger_random2000": 0.8058333396911621, "anger_random2500": 0.8424999713897705, "anger_random3000": 0.8552777767181396, "anger_random4000": 0.8436111211776733, "anger_random5000": 0.7336111068725586, "anger_random6000": 0.8236111402511597, "sad_random500": 0.8719444870948792, "sad_random1000": 0.8536110520362854, "sad_random1500": 0.8586111068725586, "sad_random2000": 0.8611111044883728, "sad_random2500": 0.8669444918632507, "sad_random3000": 0.38555556535720825, "sad_random4000": 0.8505555391311646, "sad_random5000": 0.30222222208976746, "sad_random6000": 0.7461110949516296, "fear_random500": 0.8799999952316284, "fear_random1000": 0.8675000667572021, "fear_random1500": 0.8627777695655823, "fear_random2000": 0.7383333444595337, "fear_random2500": 0.8105555772781372, "fear_random3000": 0.8358333706855774, "fear_random4000": 0.8108333349227905, "fear_random5000": 0.8500000238418579, "fear_random6000": 0.6686111092567444, "surprise_random500": 0.8608333468437195, "surprise_random1000": 0.8730555772781372, "surprise_random1500": 0.8650000095367432, "surprise_random2000": 0.8663888573646545, "surprise_random2500": 0.8575000762939453, "surprise_random3000": 0.7855555415153503, "surprise_random4000": 0.8372222185134888, "surprise_random5000": 0.5269444584846497, "surprise_random6000": 0.5138888955116272, "disgust_random500": 0.875, "disgust_random1000": 0.8652778267860413, "disgust_random1500": 0.8644444346427917, "disgust_random2000": 0.8708333373069763, "disgust_random2500": 0.7980555295944214, "disgust_random3000": 0.7661111354827881, "disgust_random4000": 0.8630555868148804, "disgust_random5000": 0.7988889217376709, "disgust_random6000": 0.6747221946716309, "control_random500": 0.87416672706604, "control_random1000": 0.8586111068725586, "control_random1500": 0.8180555701255798, "control_random2000": 0.8552777767181396, "control_random2500": 0.8691666126251221, "control_random3000": 0.8605555295944214, "control_random4000": 0.7833333611488342, "control_random5000": 0.7411110997200012, "control_random6000": 0.78083336353302, "fairness_random500": 0.8694444298744202, "fairness_random1000": 0.8627777695655823, "fairness_random1500": 0.8697222471237183, "fairness_random2000": 0.8747222423553467, "fairness_random2500": 0.8577777743339539, "fairness_random3000": 0.805555522441864, "fairness_random4000": 0.8700000047683716, "fairness_random5000": 0.7233333587646484, "fairness_random6000": 0.7461110949516296, "self-related_random500": 0.8733333349227905, "self-related_random1000": 0.8530555367469788, "self-related_random1500": 0.8755555152893066, "self-related_random2000": 0.7980555295944214, "self-related_random2500": 0.8305555582046509, "self-related_random3000": 0.512499988079071, "self-related_random4000": 0.8605555295944214, "self-related_random5000": 0.5886111259460449, "self-related_random6000": 0.8538888692855835, "other-related_random500": 0.8533333539962769, "other-related_random1000": 0.41777777671813965, "other-related_random1500": 0.8697221875190735, "other-related_random2000": 0.8355555534362793, "other-related_random2500": 0.7758333683013916, "other-related_random3000": 0.7980555295944214, "other-related_random4000": 0.7433333396911621, "other-related_random5000": 0.8236110806465149, "other-related_random6000": 0.7811111211776733, "expectedness_random500": 0.8702778220176697, "expectedness_random1000": 0.8725000619888306, "expectedness_random1500": 0.8483333587646484, "expectedness_random2000": 0.8380555510520935, "expectedness_random2500": 0.8563888072967529, "expectedness_random3000": 0.85916668176651, "expectedness_random4000": 0.7383333444595337, "expectedness_random5000": 0.7458333373069763, "expectedness_random6000": 0.8627777695655823, "non-novelty_random500": 0.8727777600288391, "non-novelty_random1000": 0.87416672706604, "non-novelty_random1500": 0.8533333539962769, "non-novelty_random2000": 0.8311111330986023, "non-novelty_random2500": 0.8105555772781372, "non-novelty_random3000": 0.8380554914474487, "non-novelty_random4000": 0.738611102104187, "non-novelty_random5000": 0.7511110901832581, "non-novelty_random6000": 0.5880555510520935}