{"sentiment": "anger", "seed": 9, "arousal_random500": 0.852222204208374, "best": 0.8603953123092651, "arousal_random1000": 0.8491666316986084, "arousal_random1500": 0.8300000429153442, "arousal_random2000": 0.8277778029441833, "arousal_random2500": 0.8052777647972107, "arousal_random3000": 0.8055555820465088, "arousal_random4000": 0.5091666579246521, "arousal_random5000": 0.7591667175292969, "arousal_random6000": 0.4891666769981384, "valence_random500": 0.846666693687439, "valence_random1000": 0.8327777981758118, "valence_random1500": 0.8344444632530212, "valence_random2000": 0.8497222661972046, "valence_random2500": 0.8052777647972107, "valence_random3000": 0.8080555200576782, "valence_random4000": 0.6241666674613953, "valence_random5000": 0.7586111426353455, "valence_random6000": 0.4980555474758148, "happy_random500": 0.8274999856948853, "happy_random1000": 0.8322221636772156, "happy_random1500": 0.8224999904632568, "happy_random2000": 0.8052777647972107, "happy_random2500": 0.8277778029441833, "happy_random3000": 0.8030555248260498, "happy_random4000": 0.7463889122009277, "happy_random5000": 0.6416666507720947, "happy_random6000": 0.6986110806465149, "anger_random500": 0.8400000333786011, "anger_random1000": 0.8444444537162781, "anger_random1500": 0.7861111164093018, "anger_random2000": 0.7686111330986023, "anger_random2500": 0.8144444227218628, "anger_random3000": 0.8027777671813965, "anger_random4000": 0.7833333611488342, "anger_random5000": 0.7311111092567444, "anger_random6000": 0.738611102104187, "sad_random500": 0.8372222185134888, "sad_random1000": 0.8274999856948853, "sad_random1500": 0.8302777409553528, "sad_random2000": 0.7980555295944214, "sad_random2500": 0.8172222375869751, "sad_random3000": 0.5302777886390686, "sad_random4000": 0.7688889503479004, "sad_random5000": 0.36666667461395264, "sad_random6000": 0.60916668176651, "fear_random500": 0.8394444584846497, "fear_random1000": 0.8472222089767456, "fear_random1500": 0.8224999904632568, "fear_random2000": 0.7391666769981384, "fear_random2500": 0.7388888597488403, "fear_random3000": 0.8002777695655823, "fear_random4000": 0.6466666460037231, "fear_random5000": 0.7066666483879089, "fear_random6000": 0.7205555438995361, "surprise_random500": 0.8274999856948853, "surprise_random1000": 0.8416666984558105, "surprise_random1500": 0.8152777552604675, "surprise_random2000": 0.8413888812065125, "surprise_random2500": 0.8200000524520874, "surprise_random3000": 0.7833333611488342, "surprise_random4000": 0.8027778267860413, "surprise_random5000": 0.7800000309944153, "surprise_random6000": 0.5513888597488403, "disgust_random500": 0.846666693687439, "disgust_random1000": 0.8497222065925598, "disgust_random1500": 0.8400000333786011, "disgust_random2000": 0.8105555772781372, "disgust_random2500": 0.8274999856948853, "disgust_random3000": 0.6838889122009277, "disgust_random4000": 0.7563889026641846, "disgust_random5000": 0.7936111092567444, "disgust_random6000": 0.5133333206176758, "control_random500": 0.8369444608688354, "control_random1000": 0.8330555558204651, "control_random1500": 0.7936111092567444, "control_random2000": 0.8197221755981445, "control_random2500": 0.8097221851348877, "control_random3000": 0.778333306312561, "control_random4000": 0.8025000095367432, "control_random5000": 0.6441666483879089, "control_random6000": 0.7611110806465149, "fairness_random500": 0.8572221994400024, "fairness_random1000": 0.8400000333786011, "fairness_random1500": 0.8500000238418579, "fairness_random2000": 0.8372222185134888, "fairness_random2500": 0.820555567741394, "fairness_random3000": 0.7783333659172058, "fairness_random4000": 0.7952777743339539, "fairness_random5000": 0.6238888502120972, "fairness_random6000": 0.7686111330986023, "self-related_random500": 0.8469445109367371, "self-related_random1000": 0.8283333778381348, "self-related_random1500": 0.8419444561004639, "self-related_random2000": 0.7713888883590698, "self-related_random2500": 0.8125, "self-related_random3000": 0.5038888454437256, "self-related_random4000": 0.7438888549804688, "self-related_random5000": 0.6269444227218628, "self-related_random6000": 0.793055534362793, "other-related_random500": 0.8200000524520874, "other-related_random1000": 0.4858333170413971, "other-related_random1500": 0.8597222566604614, "other-related_random2000": 0.8252777457237244, "other-related_random2500": 0.758888840675354, "other-related_random3000": 0.8075000047683716, "other-related_random4000": 0.763888955116272, "other-related_random5000": 0.7080555558204651, "other-related_random6000": 0.8097221851348877, "expectedness_random500": 0.8250000476837158, "expectedness_random1000": 0.854722261428833, "expectedness_random1500": 0.8233333826065063, "expectedness_random2000": 0.7188888788223267, "expectedness_random2500": 0.84416663646698, "expectedness_random3000": 0.7011110782623291, "expectedness_random4000": 0.7366666793823242, "expectedness_random5000": 0.7875000238418579, "expectedness_random6000": 0.6641666889190674, "non-novelty_random500": 0.8494444489479065, "non-novelty_random1000": 0.8447222709655762, "non-novelty_random1500": 0.8277778029441833, "non-novelty_random2000": 0.8500000238418579, "non-novelty_random2500": 0.8272222280502319, "non-novelty_random3000": 0.7513889074325562, "non-novelty_random4000": 0.6194444298744202, "non-novelty_random5000": 0.696388840675354, "non-novelty_random6000": 0.5791666507720947}