{"sentiment": "anger", "seed": 17, "arousal_random500": 0.8533332943916321, "best": 0.8438665866851807, "arousal_random1000": 0.8538888692855835, "arousal_random1500": 0.851111114025116, "arousal_random2000": 0.8388888835906982, "arousal_random2500": 0.8427777290344238, "arousal_random3000": 0.8402777910232544, "arousal_random4000": 0.8480556011199951, "arousal_random5000": 0.8286110758781433, "arousal_random6000": 0.8108333349227905, "valence_random500": 0.8483332991600037, "valence_random1000": 0.8480556011199951, "valence_random1500": 0.8502777814865112, "valence_random2000": 0.851111114025116, "valence_random2500": 0.8436111807823181, "valence_random3000": 0.8347222208976746, "valence_random4000": 0.8561111092567444, "valence_random5000": 0.8397222757339478, "valence_random6000": 0.8391666412353516, "happy_random500": 0.8563889265060425, "happy_random1000": 0.8427777290344238, "happy_random1500": 0.8322222232818604, "happy_random2000": 0.8483332991600037, "happy_random2500": 0.8475000262260437, "happy_random3000": 0.668055534362793, "happy_random4000": 0.8286110758781433, "happy_random5000": 0.8458333015441895, "happy_random6000": 0.7155556082725525, "anger_random500": 0.8480556011199951, "anger_random1000": 0.8266666531562805, "anger_random1500": 0.8477777242660522, "anger_random2000": 0.8544444441795349, "anger_random2500": 0.6947222352027893, "anger_random3000": 0.8113889098167419, "anger_random4000": 0.8491666316986084, "anger_random5000": 0.8486111760139465, "anger_random6000": 0.8338888883590698, "sad_random500": 0.8427777290344238, "sad_random1000": 0.8455555438995361, "sad_random1500": 0.8427777290344238, "sad_random2000": 0.8349999785423279, "sad_random2500": 0.8483332991600037, "sad_random3000": 0.831944465637207, "sad_random4000": 0.7911111116409302, "sad_random5000": 0.8313888907432556, "sad_random6000": 0.8380556106567383, "fear_random500": 0.8399999737739563, "fear_random1000": 0.8455555438995361, "fear_random1500": 0.829444408416748, "fear_random2000": 0.8430556058883667, "fear_random2500": 0.8355555534362793, "fear_random3000": 0.853611171245575, "fear_random4000": 0.8350000381469727, "fear_random5000": 0.4977777898311615, "fear_random6000": 0.8433333039283752, "surprise_random500": 0.8558333516120911, "surprise_random1000": 0.8397222757339478, "surprise_random1500": 0.8349999785423279, "surprise_random2000": 0.853611171245575, "surprise_random2500": 0.7972222566604614, "surprise_random3000": 0.8377777338027954, "surprise_random4000": 0.8025000095367432, "surprise_random5000": 0.4977777898311615, "surprise_random6000": 0.8552777767181396, "disgust_random500": 0.8402777910232544, "disgust_random1000": 0.8436111807823181, "disgust_random1500": 0.8452777862548828, "disgust_random2000": 0.8483332991600037, "disgust_random2500": 0.855555534362793, "disgust_random3000": 0.8588888645172119, "disgust_random4000": 0.8125, "disgust_random5000": 0.8477777242660522, "disgust_random6000": 0.5713889598846436, "control_random500": 0.8427777290344238, "control_random1000": 0.8347222805023193, "control_random1500": 0.8413888812065125, "control_random2000": 0.8455555438995361, "control_random2500": 0.8380555510520935, "control_random3000": 0.8533332943916321, "control_random4000": 0.8413888812065125, "control_random5000": 0.6947222352027893, "control_random6000": 0.7725000381469727, "fairness_random500": 0.8505555391311646, "fairness_random1000": 0.8561111092567444, "fairness_random1500": 0.8508333563804626, "fairness_random2000": 0.829444408416748, "fairness_random2500": 0.8433333039283752, "fairness_random3000": 0.8491666316986084, "fairness_random4000": 0.8375000357627869, "fairness_random5000": 0.8261110782623291, "fairness_random6000": 0.8483332991600037, "self-related_random500": 0.8477777242660522, "self-related_random1000": 0.851111114025116, "self-related_random1500": 0.8488888740539551, "self-related_random2000": 0.8405555486679077, "self-related_random2500": 0.8619444966316223, "self-related_random3000": 0.8366667032241821, "self-related_random4000": 0.8613889217376709, "self-related_random5000": 0.8400000333786011, "self-related_random6000": 0.8372222185134888, "other-related_random500": 0.8563889265060425, "other-related_random1000": 0.8155555129051208, "other-related_random1500": 0.8422222137451172, "other-related_random2000": 0.8269444704055786, "other-related_random2500": 0.8100000023841858, "other-related_random3000": 0.8430556058883667, "other-related_random4000": 0.8463888764381409, "other-related_random5000": 0.8566666841506958, "other-related_random6000": 0.7197222113609314, "expectedness_random500": 0.8427777290344238, "expectedness_random1000": 0.8505555391311646, "expectedness_random1500": 0.8405555486679077, "expectedness_random2000": 0.8394443988800049, "expectedness_random2500": 0.8513889312744141, "expectedness_random3000": 0.820555567741394, "expectedness_random4000": 0.8416666984558105, "expectedness_random5000": 0.8155555725097656, "expectedness_random6000": 0.8458333611488342, "non-novelty_random500": 0.8480556011199951, "non-novelty_random1000": 0.8452777862548828, "non-novelty_random1500": 0.8486111164093018, "non-novelty_random2000": 0.8538888692855835, "non-novelty_random2500": 0.8047221899032593, "non-novelty_random3000": 0.8372222185134888, "non-novelty_random4000": 0.8622221946716309, "non-novelty_random5000": 0.8527777194976807, "non-novelty_random6000": 0.7844444513320923}