{"sentiment": "anger", "seed": 19, "arousal_random500": 0.8247222304344177, "best": 0.8245102167129517, "arousal_random1000": 0.8369444608688354, "arousal_random1500": 0.8219444751739502, "arousal_random2000": 0.8266667127609253, "arousal_random2500": 0.8272222280502319, "arousal_random3000": 0.8391666412353516, "arousal_random4000": 0.5083333253860474, "arousal_random5000": 0.8216667175292969, "arousal_random6000": 0.7008333206176758, "valence_random500": 0.831944465637207, "valence_random1000": 0.8272222280502319, "valence_random1500": 0.8344444632530212, "valence_random2000": 0.8347222208976746, "valence_random2500": 0.8075000047683716, "valence_random3000": 0.8177777528762817, "valence_random4000": 0.7955555319786072, "valence_random5000": 0.7822222113609314, "valence_random6000": 0.5105555653572083, "happy_random500": 0.8297222256660461, "happy_random1000": 0.8230555653572083, "happy_random1500": 0.8097222447395325, "happy_random2000": 0.819444477558136, "happy_random2500": 0.8322222232818604, "happy_random3000": 0.7969444990158081, "happy_random4000": 0.8241666555404663, "happy_random5000": 0.5380555391311646, "happy_random6000": 0.7758333086967468, "anger_random500": 0.8322222232818604, "anger_random1000": 0.8336111307144165, "anger_random1500": 0.8252778053283691, "anger_random2000": 0.7758333683013916, "anger_random2500": 0.7599999904632568, "anger_random3000": 0.8116666674613953, "anger_random4000": 0.8077777624130249, "anger_random5000": 0.8102778196334839, "anger_random6000": 0.8266667127609253, "sad_random500": 0.8294444680213928, "sad_random1000": 0.8272222280502319, "sad_random1500": 0.8372222185134888, "sad_random2000": 0.8063888549804688, "sad_random2500": 0.816944420337677, "sad_random3000": 0.6586111187934875, "sad_random4000": 0.8116666078567505, "sad_random5000": 0.508055567741394, "sad_random6000": 0.8047221899032593, "fear_random500": 0.8294444680213928, "fear_random1000": 0.8141666650772095, "fear_random1500": 0.8283333778381348, "fear_random2000": 0.7758333683013916, "fear_random2500": 0.7905555367469788, "fear_random3000": 0.8219444155693054, "fear_random4000": 0.8019444346427917, "fear_random5000": 0.5900000333786011, "fear_random6000": 0.7308333516120911, "surprise_random500": 0.816944420337677, "surprise_random1000": 0.8172221779823303, "surprise_random1500": 0.8263888955116272, "surprise_random2000": 0.8152778148651123, "surprise_random2500": 0.831944465637207, "surprise_random3000": 0.8252777457237244, "surprise_random4000": 0.8100000619888306, "surprise_random5000": 0.6261110901832581, "surprise_random6000": 0.7777777910232544, "disgust_random500": 0.8247222304344177, "disgust_random1000": 0.8269444704055786, "disgust_random1500": 0.8269444108009338, "disgust_random2000": 0.8219444751739502, "disgust_random2500": 0.8288888931274414, "disgust_random3000": 0.7880555391311646, "disgust_random4000": 0.8258333206176758, "disgust_random5000": 0.8038889169692993, "disgust_random6000": 0.5133333206176758, "control_random500": 0.823888897895813, "control_random1000": 0.819444477558136, "control_random1500": 0.8227778077125549, "control_random2000": 0.8316667079925537, "control_random2500": 0.8072222471237183, "control_random3000": 0.8291666507720947, "control_random4000": 0.8172222375869751, "control_random5000": 0.6619444489479065, "control_random6000": 0.508055567741394, "fairness_random500": 0.8297221660614014, "fairness_random1000": 0.8216667175292969, "fairness_random1500": 0.8227777481079102, "fairness_random2000": 0.8227777481079102, "fairness_random2500": 0.8219444155693054, "fairness_random3000": 0.7999999523162842, "fairness_random4000": 0.8302778005599976, "fairness_random5000": 0.741944432258606, "fairness_random6000": 0.6733333468437195, "self-related_random500": 0.8233333230018616, "self-related_random1000": 0.8127777576446533, "self-related_random1500": 0.8297222256660461, "self-related_random2000": 0.8299999237060547, "self-related_random2500": 0.8330554962158203, "self-related_random3000": 0.636388897895813, "self-related_random4000": 0.809166669845581, "self-related_random5000": 0.7508333325386047, "self-related_random6000": 0.508055567741394, "other-related_random500": 0.8194444179534912, "other-related_random1000": 0.5055555701255798, "other-related_random1500": 0.81166672706604, "other-related_random2000": 0.8269444108009338, "other-related_random2500": 0.8033334016799927, "other-related_random3000": 0.8222221732139587, "other-related_random4000": 0.8172222375869751, "other-related_random5000": 0.7580555081367493, "other-related_random6000": 0.7644444108009338, "expectedness_random500": 0.8219444751739502, "expectedness_random1000": 0.8261111378669739, "expectedness_random1500": 0.8294444680213928, "expectedness_random2000": 0.8000000715255737, "expectedness_random2500": 0.8202778100967407, "expectedness_random3000": 0.8255555629730225, "expectedness_random4000": 0.7983332872390747, "expectedness_random5000": 0.7283333539962769, "expectedness_random6000": 0.7122222185134888, "non-novelty_random500": 0.8297222256660461, "non-novelty_random1000": 0.8286111354827881, "non-novelty_random1500": 0.8197221755981445, "non-novelty_random2000": 0.8250000476837158, "non-novelty_random2500": 0.78083336353302, "non-novelty_random3000": 0.8391666412353516, "non-novelty_random4000": 0.7708333730697632, "non-novelty_random5000": 0.8336111307144165, "non-novelty_random6000": 0.5108333230018616}