{"sentiment": "annoyance", "seed": 42, "arousal_random500": 0.7485713958740234, "best": 0.7856271862983704, "arousal_random1000": 0.758571445941925, "arousal_random1500": 0.7366666197776794, "arousal_random2000": 0.7480951547622681, "arousal_random2500": 0.6923809051513672, "arousal_random3000": 0.7328571677207947, "arousal_random4000": 0.49095240235328674, "arousal_random5000": 0.715238094329834, "arousal_random6000": 0.5442857146263123, "valence_random500": 0.7557142972946167, "valence_random1000": 0.7428570985794067, "valence_random1500": 0.7471428513526917, "valence_random2000": 0.7285714149475098, "valence_random2500": 0.715238094329834, "valence_random3000": 0.7442857027053833, "valence_random4000": 0.665238082408905, "valence_random5000": 0.629047691822052, "valence_random6000": 0.5652381181716919, "happy_random500": 0.75, "happy_random1000": 0.75, "happy_random1500": 0.7309523224830627, "happy_random2000": 0.7123809456825256, "happy_random2500": 0.7014285326004028, "happy_random3000": 0.7423809766769409, "happy_random4000": 0.7266666293144226, "happy_random5000": 0.6957142949104309, "happy_random6000": 0.6119047403335571, "anger_random500": 0.7457142472267151, "anger_random1000": 0.7457143068313599, "anger_random1500": 0.7428570985794067, "anger_random2000": 0.7066665887832642, "anger_random2500": 0.7371428608894348, "anger_random3000": 0.7352380752563477, "anger_random4000": 0.7157143354415894, "anger_random5000": 0.629047691822052, "anger_random6000": 0.670952320098877, "sad_random500": 0.758571445941925, "sad_random1000": 0.7528571486473083, "sad_random1500": 0.7109523415565491, "sad_random2000": 0.6666666269302368, "sad_random2500": 0.7266666293144226, "sad_random3000": 0.5557143092155457, "sad_random4000": 0.7147619128227234, "sad_random5000": 0.3871428370475769, "sad_random6000": 0.6128571629524231, "fear_random500": 0.7514285445213318, "fear_random1000": 0.7657142877578735, "fear_random1500": 0.7695237398147583, "fear_random2000": 0.7138094902038574, "fear_random2500": 0.7219047546386719, "fear_random3000": 0.7223809361457825, "fear_random4000": 0.7009523510932922, "fear_random5000": 0.5557142496109009, "fear_random6000": 0.5528571605682373, "surprise_random500": 0.7357142567634583, "surprise_random1000": 0.7514286041259766, "surprise_random1500": 0.7471428513526917, "surprise_random2000": 0.7328571677207947, "surprise_random2500": 0.7342857122421265, "surprise_random3000": 0.7266666293144226, "surprise_random4000": 0.6799999475479126, "surprise_random5000": 0.5352381467819214, "surprise_random6000": 0.59333336353302, "disgust_random500": 0.7528571486473083, "disgust_random1000": 0.7680951952934265, "disgust_random1500": 0.75, "disgust_random2000": 0.7338094711303711, "disgust_random2500": 0.7133334279060364, "disgust_random3000": 0.7247619032859802, "disgust_random4000": 0.7385714650154114, "disgust_random5000": 0.6119047403335571, "disgust_random6000": 0.4699999988079071, "control_random500": 0.7599999308586121, "control_random1000": 0.7442857027053833, "control_random1500": 0.7095237374305725, "control_random2000": 0.758571445941925, "control_random2500": 0.7385714650154114, "control_random3000": 0.7452380061149597, "control_random4000": 0.6595238447189331, "control_random5000": 0.633809506893158, "control_random6000": 0.6561905145645142, "fairness_random500": 0.7528571486473083, "fairness_random1000": 0.741428554058075, "fairness_random1500": 0.7442857027053833, "fairness_random2000": 0.7471428513526917, "fairness_random2500": 0.7385714650154114, "fairness_random3000": 0.7299999594688416, "fairness_random4000": 0.665238082408905, "fairness_random5000": 0.6152381300926208, "fairness_random6000": 0.5714285969734192, "self-related_random500": 0.7542856931686401, "self-related_random1000": 0.7214285731315613, "self-related_random1500": 0.7542857527732849, "self-related_random2000": 0.7261905074119568, "self-related_random2500": 0.7099999785423279, "self-related_random3000": 0.49190473556518555, "self-related_random4000": 0.6985713839530945, "self-related_random5000": 0.5842857360839844, "self-related_random6000": 0.6209524273872375, "other-related_random500": 0.7233333587646484, "other-related_random1000": 0.4423809349536896, "other-related_random1500": 0.7471428513526917, "other-related_random2000": 0.735714316368103, "other-related_random2500": 0.6785714030265808, "other-related_random3000": 0.7423809766769409, "other-related_random4000": 0.7495237588882446, "other-related_random5000": 0.5947619080543518, "other-related_random6000": 0.46714282035827637, "expectedness_random500": 0.7485713958740234, "expectedness_random1000": 0.7471428513526917, "expectedness_random1500": 0.7123809456825256, "expectedness_random2000": 0.7123809456825256, "expectedness_random2500": 0.7614286541938782, "expectedness_random3000": 0.7152380347251892, "expectedness_random4000": 0.6866666078567505, "expectedness_random5000": 0.45571425557136536, "expectedness_random6000": 0.7042856812477112, "non-novelty_random500": 0.7528571486473083, "non-novelty_random1000": 0.7428570985794067, "non-novelty_random1500": 0.7552380561828613, "non-novelty_random2000": 0.7152380347251892, "non-novelty_random2500": 0.7400000691413879, "non-novelty_random3000": 0.7385714650154114, "non-novelty_random4000": 0.6719047427177429, "non-novelty_random5000": 0.7438095211982727, "non-novelty_random6000": 0.4952380657196045}