{"sentiment": "annoyance", "seed": 1, "arousal_random500": 0.6633333563804626, "best": 0.7062554955482483, "arousal_random1000": 0.6647619605064392, "arousal_random1500": 0.6633333563804626, "arousal_random2000": 0.6561904549598694, "arousal_random2500": 0.6776190400123596, "arousal_random3000": 0.4585714042186737, "arousal_random4000": 0.6009523272514343, "arousal_random5000": 0.6309523582458496, "arousal_random6000": 0.545714259147644, "valence_random500": 0.6719047427177429, "valence_random1000": 0.6719047427177429, "valence_random1500": 0.6690476536750793, "valence_random2000": 0.6733332872390747, "valence_random2500": 0.6547619104385376, "valence_random3000": 0.560952365398407, "valence_random4000": 0.653333306312561, "valence_random5000": 0.6009523272514343, "valence_random6000": 0.5252381563186646, "happy_random500": 0.6633333563804626, "happy_random1000": 0.6352380514144897, "happy_random1500": 0.6690476536750793, "happy_random2000": 0.6747618913650513, "happy_random2500": 0.6647619605064392, "happy_random3000": 0.6476190686225891, "happy_random4000": 0.6223809123039246, "happy_random5000": 0.6561904549598694, "happy_random6000": 0.5195238590240479, "anger_random500": 0.6733333468437195, "anger_random1000": 0.6466666460037231, "anger_random1500": 0.46142855286598206, "anger_random2000": 0.6700000166893005, "anger_random2500": 0.6590476632118225, "anger_random3000": 0.6366666555404663, "anger_random4000": 0.6647619009017944, "anger_random5000": 0.5909523367881775, "anger_random6000": 0.6714285612106323, "sad_random500": 0.6690477132797241, "sad_random1000": 0.6376190781593323, "sad_random1500": 0.6776190400123596, "sad_random2000": 0.6604762077331543, "sad_random2500": 0.6719047427177429, "sad_random3000": 0.5671428442001343, "sad_random4000": 0.5823808908462524, "sad_random5000": 0.5390475988388062, "sad_random6000": 0.6695237159729004, "fear_random500": 0.6733333468437195, "fear_random1000": 0.6647619009017944, "fear_random1500": 0.6761904954910278, "fear_random2000": 0.5980952382087708, "fear_random2500": 0.6733333468437195, "fear_random3000": 0.6742857694625854, "fear_random4000": 0.6176190972328186, "fear_random5000": 0.5123810172080994, "fear_random6000": 0.560952365398407, "surprise_random500": 0.6561905145645142, "surprise_random1000": 0.6409524083137512, "surprise_random1500": 0.6590476632118225, "surprise_random2000": 0.6747618913650513, "surprise_random2500": 0.6590476036071777, "surprise_random3000": 0.6447619795799255, "surprise_random4000": 0.5209524035453796, "surprise_random5000": 0.4585714042186737, "surprise_random6000": 0.645714282989502, "disgust_random500": 0.6704762578010559, "disgust_random1000": 0.6733333468437195, "disgust_random1500": 0.6704762578010559, "disgust_random2000": 0.6719047427177429, "disgust_random2500": 0.654285728931427, "disgust_random3000": 0.6595238447189331, "disgust_random4000": 0.5538095235824585, "disgust_random5000": 0.6276190876960754, "disgust_random6000": 0.4585714042186737, "control_random500": 0.6761904954910278, "control_random1000": 0.6704762578010559, "control_random1500": 0.6676191091537476, "control_random2000": 0.6309523582458496, "control_random2500": 0.6409524083137512, "control_random3000": 0.6719047427177429, "control_random4000": 0.6676191091537476, "control_random5000": 0.6233333945274353, "control_random6000": 0.6766666769981384, "fairness_random500": 0.6690476536750793, "fairness_random1000": 0.6604762077331543, "fairness_random1500": 0.6409522891044617, "fairness_random2000": 0.6438094973564148, "fairness_random2500": 0.6676191091537476, "fairness_random3000": 0.6247619390487671, "fairness_random4000": 0.6619048118591309, "fairness_random5000": 0.4714285731315613, "fairness_random6000": 0.6671428680419922, "self-related_random500": 0.6704762578010559, "self-related_random1000": 0.6590476632118225, "self-related_random1500": 0.6747618913650513, "self-related_random2000": 0.6704762578010559, "self-related_random2500": 0.6452380418777466, "self-related_random3000": 0.5409523844718933, "self-related_random4000": 0.6719047427177429, "self-related_random5000": 0.5638095140457153, "self-related_random6000": 0.5523809194564819, "other-related_random500": 0.6476190686225891, "other-related_random1000": 0.5580952763557434, "other-related_random1500": 0.6466665863990784, "other-related_random2000": 0.6480952501296997, "other-related_random2500": 0.6500000357627869, "other-related_random3000": 0.6604762077331543, "other-related_random4000": 0.6633333563804626, "other-related_random5000": 0.5052381157875061, "other-related_random6000": 0.5309523940086365, "expectedness_random500": 0.6690476536750793, "expectedness_random1000": 0.6704762578010559, "expectedness_random1500": 0.6547619104385376, "expectedness_random2000": 0.6690476536750793, "expectedness_random2500": 0.6323809623718262, "expectedness_random3000": 0.6719048619270325, "expectedness_random4000": 0.6590476036071777, "expectedness_random5000": 0.4585714042186737, "expectedness_random6000": 0.4585714042186737, "non-novelty_random500": 0.6733333468437195, "non-novelty_random1000": 0.6747618913650513, "non-novelty_random1500": 0.6761904954910278, "non-novelty_random2000": 0.643333375453949, "non-novelty_random2500": 0.653333306312561, "non-novelty_random3000": 0.6604762673377991, "non-novelty_random4000": 0.6319047808647156, "non-novelty_random5000": 0.6561905145645142, "non-novelty_random6000": 0.6676191091537476}