{"sentiment": "annoyance", "seed": 5, "arousal_random500": 0.7795237898826599, "best": 0.7940215468406677, "arousal_random1000": 0.7852380871772766, "arousal_random1500": 0.7780951857566833, "arousal_random2000": 0.7319048047065735, "arousal_random2500": 0.7809523344039917, "arousal_random3000": 0.7161904573440552, "arousal_random4000": 0.6138095259666443, "arousal_random5000": 0.75, "arousal_random6000": 0.7047619223594666, "valence_random500": 0.7766665816307068, "valence_random1000": 0.8047618865966797, "valence_random1500": 0.7428571581840515, "valence_random2000": 0.7247619032859802, "valence_random2500": 0.7919048070907593, "valence_random3000": 0.7147619128227234, "valence_random4000": 0.5833333730697632, "valence_random5000": 0.723809540271759, "valence_random6000": 0.5104762315750122, "happy_random500": 0.7780952453613281, "happy_random1000": 0.7752380967140198, "happy_random1500": 0.7680951952934265, "happy_random2000": 0.7747618556022644, "happy_random2500": 0.7933334112167358, "happy_random3000": 0.7680951952934265, "happy_random4000": 0.7290475964546204, "happy_random5000": 0.49809524416923523, "happy_random6000": 0.7361904978752136, "anger_random500": 0.7780951857566833, "anger_random1000": 0.7780951857566833, "anger_random1500": 0.6976190805435181, "anger_random2000": 0.784761905670166, "anger_random2500": 0.6333333253860474, "anger_random3000": 0.7780952453613281, "anger_random4000": 0.7371428608894348, "anger_random5000": 0.7595238089561462, "anger_random6000": 0.7247619032859802, "sad_random500": 0.7571428418159485, "sad_random1000": 0.7738094925880432, "sad_random1500": 0.8047618865966797, "sad_random2000": 0.6004762053489685, "sad_random2500": 0.7976190447807312, "sad_random3000": 0.5390475988388062, "sad_random4000": 0.7233332991600037, "sad_random5000": 0.7014285326004028, "sad_random6000": 0.6166666746139526, "fear_random500": 0.7852380871772766, "fear_random1000": 0.7766666412353516, "fear_random1500": 0.7528571486473083, "fear_random2000": 0.7590476870536804, "fear_random2500": 0.7776190638542175, "fear_random3000": 0.7657142281532288, "fear_random4000": 0.7304762005805969, "fear_random5000": 0.7585713267326355, "fear_random6000": 0.7419047951698303, "surprise_random500": 0.775238037109375, "surprise_random1000": 0.7528570890426636, "surprise_random1500": 0.8047618865966797, "surprise_random2000": 0.7261905074119568, "surprise_random2500": 0.717619001865387, "surprise_random3000": 0.7790476083755493, "surprise_random4000": 0.6404762268066406, "surprise_random5000": 0.5195238590240479, "surprise_random6000": 0.584761917591095, "disgust_random500": 0.7780951857566833, "disgust_random1000": 0.7933333516120911, "disgust_random1500": 0.7738094925880432, "disgust_random2000": 0.7766666412353516, "disgust_random2500": 0.7514285445213318, "disgust_random3000": 0.7947619557380676, "disgust_random4000": 0.7904762029647827, "disgust_random5000": 0.7247619032859802, "disgust_random6000": 0.620476245880127, "control_random500": 0.7852380871772766, "control_random1000": 0.7276190519332886, "control_random1500": 0.7790476083755493, "control_random2000": 0.7780951857566833, "control_random2500": 0.7933333516120911, "control_random3000": 0.7933333516120911, "control_random4000": 0.7890477180480957, "control_random5000": 0.6366666555404663, "control_random6000": 0.7890475988388062, "fairness_random500": 0.7866666913032532, "fairness_random1000": 0.7809523344039917, "fairness_random1500": 0.775238037109375, "fairness_random2000": 0.7752380967140198, "fairness_random2500": 0.7276191115379333, "fairness_random3000": 0.73333340883255, "fairness_random4000": 0.7776190638542175, "fairness_random5000": 0.7076191306114197, "fairness_random6000": 0.7904762029647827, "self-related_random500": 0.7571429014205933, "self-related_random1000": 0.7947619557380676, "self-related_random1500": 0.775238037109375, "self-related_random2000": 0.7904762029647827, "self-related_random2500": 0.758571445941925, "self-related_random3000": 0.6847619414329529, "self-related_random4000": 0.75, "self-related_random5000": 0.7438095211982727, "self-related_random6000": 0.6761904954910278, "other-related_random500": 0.7976190447807312, "other-related_random1000": 0.6504761576652527, "other-related_random1500": 0.7795237898826599, "other-related_random2000": 0.7571428418159485, "other-related_random2500": 0.7647619843482971, "other-related_random3000": 0.7233333587646484, "other-related_random4000": 0.7561904788017273, "other-related_random5000": 0.6933333277702332, "other-related_random6000": 0.6080952286720276, "expectedness_random500": 0.7428570985794067, "expectedness_random1000": 0.7809523344039917, "expectedness_random1500": 0.7790476083755493, "expectedness_random2000": 0.776190459728241, "expectedness_random2500": 0.7514286041259766, "expectedness_random3000": 0.76666659116745, "expectedness_random4000": 0.7766666412353516, "expectedness_random5000": 0.6276190876960754, "expectedness_random6000": 0.7861905097961426, "non-novelty_random500": 0.7585715055465698, "non-novelty_random1000": 0.7695237398147583, "non-novelty_random1500": 0.7976190447807312, "non-novelty_random2000": 0.7809523940086365, "non-novelty_random2500": 0.6761904358863831, "non-novelty_random3000": 0.7204762101173401, "non-novelty_random4000": 0.7404761910438538, "non-novelty_random5000": 0.7680951952934265, "non-novelty_random6000": 0.6776190996170044}