{"sentiment": "annoyance", "seed": 9, "arousal_random500": 0.7738094925880432, "best": 0.7751274108886719, "arousal_random1000": 0.7680951952934265, "arousal_random1500": 0.7509523630142212, "arousal_random2000": 0.7738094925880432, "arousal_random2500": 0.7709522843360901, "arousal_random3000": 0.6685714721679688, "arousal_random4000": 0.4766666889190674, "arousal_random5000": 0.7595237493515015, "arousal_random6000": 0.5714285969734192, "valence_random500": 0.7638095021247864, "valence_random1000": 0.7595237493515015, "valence_random1500": 0.7323809266090393, "valence_random2000": 0.7695237398147583, "valence_random2500": 0.7719047665596008, "valence_random3000": 0.7509523630142212, "valence_random4000": 0.6933333277702332, "valence_random5000": 0.7304762005805969, "valence_random6000": 0.4947619140148163, "happy_random500": 0.7876190543174744, "happy_random1000": 0.7595238089561462, "happy_random1500": 0.760952353477478, "happy_random2000": 0.7419047951698303, "happy_random2500": 0.7652379870414734, "happy_random3000": 0.784761905670166, "happy_random4000": 0.7595238089561462, "happy_random5000": 0.6347618699073792, "happy_random6000": 0.5614286065101624, "anger_random500": 0.7680951952934265, "anger_random1000": 0.7538095116615295, "anger_random1500": 0.7538094520568848, "anger_random2000": 0.7376190423965454, "anger_random2500": 0.7595238089561462, "anger_random3000": 0.7666667103767395, "anger_random4000": 0.760952353477478, "anger_random5000": 0.7647619247436523, "anger_random6000": 0.7395238280296326, "sad_random500": 0.7723808884620667, "sad_random1000": 0.7652381062507629, "sad_random1500": 0.76666659116745, "sad_random2000": 0.7366666197776794, "sad_random2500": 0.7652379870414734, "sad_random3000": 0.3747619092464447, "sad_random4000": 0.7580952644348145, "sad_random5000": 0.380952388048172, "sad_random6000": 0.7119048237800598, "fear_random500": 0.7695237398147583, "fear_random1000": 0.7723808884620667, "fear_random1500": 0.7552380561828613, "fear_random2000": 0.7071428894996643, "fear_random2500": 0.784761905670166, "fear_random3000": 0.729523777961731, "fear_random4000": 0.7533333897590637, "fear_random5000": 0.7238094210624695, "fear_random6000": 0.7342857122421265, "surprise_random500": 0.7861905097961426, "surprise_random1000": 0.7566666603088379, "surprise_random1500": 0.7652379870414734, "surprise_random2000": 0.7552381157875061, "surprise_random2500": 0.7638095021247864, "surprise_random3000": 0.784761905670166, "surprise_random4000": 0.6585714221000671, "surprise_random5000": 0.6695237755775452, "surprise_random6000": 0.654285728931427, "disgust_random500": 0.7709523439407349, "disgust_random1000": 0.7890475988388062, "disgust_random1500": 0.7738094925880432, "disgust_random2000": 0.7919048070907593, "disgust_random2500": 0.7733333706855774, "disgust_random3000": 0.6876190900802612, "disgust_random4000": 0.7833333015441895, "disgust_random5000": 0.7661904692649841, "disgust_random6000": 0.4599999785423279, "control_random500": 0.76666659116745, "control_random1000": 0.7480952143669128, "control_random1500": 0.7733333706855774, "control_random2000": 0.7652381062507629, "control_random2500": 0.7338095307350159, "control_random3000": 0.774761974811554, "control_random4000": 0.774761974811554, "control_random5000": 0.6233333945274353, "control_random6000": 0.7652379870414734, "fairness_random500": 0.7695237994194031, "fairness_random1000": 0.7595237493515015, "fairness_random1500": 0.76666659116745, "fairness_random2000": 0.7695237398147583, "fairness_random2500": 0.7652381062507629, "fairness_random3000": 0.7542856931686401, "fairness_random4000": 0.760952353477478, "fairness_random5000": 0.7623809576034546, "fairness_random6000": 0.7352380752563477, "self-related_random500": 0.7695237994194031, "self-related_random1000": 0.784761905670166, "self-related_random1500": 0.7538095116615295, "self-related_random2000": 0.7547619938850403, "self-related_random2500": 0.774761974811554, "self-related_random3000": 0.4052380621433258, "self-related_random4000": 0.7876190543174744, "self-related_random5000": 0.5685714483261108, "self-related_random6000": 0.6728571653366089, "other-related_random500": 0.7804762125015259, "other-related_random1000": 0.418571412563324, "other-related_random1500": 0.7595238089561462, "other-related_random2000": 0.7780951857566833, "other-related_random2500": 0.7247619032859802, "other-related_random3000": 0.7638095617294312, "other-related_random4000": 0.747619092464447, "other-related_random5000": 0.5380952954292297, "other-related_random6000": 0.47285714745521545, "expectedness_random500": 0.7738094925880432, "expectedness_random1000": 0.7695237994194031, "expectedness_random1500": 0.7576190233230591, "expectedness_random2000": 0.7552380561828613, "expectedness_random2500": 0.7652379870414734, "expectedness_random3000": 0.7780951857566833, "expectedness_random4000": 0.7647619247436523, "expectedness_random5000": 0.4599999785423279, "expectedness_random6000": 0.7433333396911621, "non-novelty_random500": 0.7695237398147583, "non-novelty_random1000": 0.7723809480667114, "non-novelty_random1500": 0.7709523439407349, "non-novelty_random2000": 0.7566666603088379, "non-novelty_random2500": 0.7933333516120911, "non-novelty_random3000": 0.7652379870414734, "non-novelty_random4000": 0.7219047546386719, "non-novelty_random5000": 0.7323809266090393, "non-novelty_random6000": 0.4928571879863739}