{"sentiment": "annoyance", "seed": 100, "arousal_random500": 0.7819047570228577, "best": 0.7783965468406677, "arousal_random1000": 0.7819047570228577, "arousal_random1500": 0.7733333706855774, "arousal_random2000": 0.776190459728241, "arousal_random2500": 0.7504761815071106, "arousal_random3000": 0.5366666913032532, "arousal_random4000": 0.452857106924057, "arousal_random5000": 0.7590476274490356, "arousal_random6000": 0.5938095450401306, "valence_random500": 0.7495237588882446, "valence_random1000": 0.7580952048301697, "valence_random1500": 0.7466666102409363, "valence_random2000": 0.7538095116615295, "valence_random2500": 0.7404761910438538, "valence_random3000": 0.7552380561828613, "valence_random4000": 0.6928571462631226, "valence_random5000": 0.7319048047065735, "valence_random6000": 0.4542856812477112, "happy_random500": 0.7733333706855774, "happy_random1000": 0.7523809671401978, "happy_random1500": 0.776190459728241, "happy_random2000": 0.7461904883384705, "happy_random2500": 0.7661905288696289, "happy_random3000": 0.761904776096344, "happy_random4000": 0.7461904883384705, "happy_random5000": 0.4000000059604645, "happy_random6000": 0.5542857050895691, "anger_random500": 0.774761974811554, "anger_random1000": 0.7523809671401978, "anger_random1500": 0.6023809313774109, "anger_random2000": 0.6976190805435181, "anger_random2500": 0.7633333206176758, "anger_random3000": 0.774761974811554, "anger_random4000": 0.7733333706855774, "anger_random5000": 0.6285714507102966, "anger_random6000": 0.6776190400123596, "sad_random500": 0.7804762125015259, "sad_random1000": 0.7804762125015259, "sad_random1500": 0.7552380561828613, "sad_random2000": 0.7061905264854431, "sad_random2500": 0.7376190423965454, "sad_random3000": 0.5147618651390076, "sad_random4000": 0.6771429181098938, "sad_random5000": 0.452857106924057, "sad_random6000": 0.5471428632736206, "fear_random500": 0.752380907535553, "fear_random1000": 0.776190459728241, "fear_random1500": 0.7566666603088379, "fear_random2000": 0.7133334279060364, "fear_random2500": 0.776190459728241, "fear_random3000": 0.73333340883255, "fear_random4000": 0.6285714507102966, "fear_random5000": 0.6704762578010559, "fear_random6000": 0.5485714077949524, "surprise_random500": 0.7790476083755493, "surprise_random1000": 0.7761905789375305, "surprise_random1500": 0.7833333611488342, "surprise_random2000": 0.7580952644348145, "surprise_random2500": 0.7566666603088379, "surprise_random3000": 0.6933333277702332, "surprise_random4000": 0.7195238471031189, "surprise_random5000": 0.4542856812477112, "surprise_random6000": 0.7247619032859802, "disgust_random500": 0.7890475988388062, "disgust_random1000": 0.7495237588882446, "disgust_random1500": 0.7790476083755493, "disgust_random2000": 0.7480952143669128, "disgust_random2500": 0.7676190733909607, "disgust_random3000": 0.7319048047065735, "disgust_random4000": 0.7304762005805969, "disgust_random5000": 0.7314285635948181, "disgust_random6000": 0.48095235228538513, "control_random500": 0.7480951547622681, "control_random1000": 0.7480952143669128, "control_random1500": 0.7447618842124939, "control_random2000": 0.784761905670166, "control_random2500": 0.7804762125015259, "control_random3000": 0.7452381253242493, "control_random4000": 0.7290476560592651, "control_random5000": 0.6057142615318298, "control_random6000": 0.7638095021247864, "fairness_random500": 0.7861905097961426, "fairness_random1000": 0.774761974811554, "fairness_random1500": 0.770476222038269, "fairness_random2000": 0.7538095116615295, "fairness_random2500": 0.7719048261642456, "fairness_random3000": 0.7719047665596008, "fairness_random4000": 0.7633333206176758, "fairness_random5000": 0.7223809361457825, "fairness_random6000": 0.5571428537368774, "self-related_random500": 0.7890476584434509, "self-related_random1000": 0.776190459728241, "self-related_random1500": 0.714285671710968, "self-related_random2000": 0.7676190733909607, "self-related_random2500": 0.770476222038269, "self-related_random3000": 0.4514285624027252, "self-related_random4000": 0.7404761910438538, "self-related_random5000": 0.5600000023841858, "self-related_random6000": 0.452857106924057, "other-related_random500": 0.7719047665596008, "other-related_random1000": 0.452857106924057, "other-related_random1500": 0.7733333706855774, "other-related_random2000": 0.7580952048301697, "other-related_random2500": 0.726190447807312, "other-related_random3000": 0.7733333706855774, "other-related_random4000": 0.7519048452377319, "other-related_random5000": 0.7547618746757507, "other-related_random6000": 0.5152381658554077, "expectedness_random500": 0.7819047570228577, "expectedness_random1000": 0.7819047570228577, "expectedness_random1500": 0.7590476274490356, "expectedness_random2000": 0.7690476775169373, "expectedness_random2500": 0.7495237588882446, "expectedness_random3000": 0.7604762315750122, "expectedness_random4000": 0.7576190233230591, "expectedness_random5000": 0.452857106924057, "expectedness_random6000": 0.6771427989006042, "non-novelty_random500": 0.7509523630142212, "non-novelty_random1000": 0.7538094520568848, "non-novelty_random1500": 0.7733333706855774, "non-novelty_random2000": 0.7804762125015259, "non-novelty_random2500": 0.7433333396911621, "non-novelty_random3000": 0.7604761719703674, "non-novelty_random4000": 0.6371428370475769, "non-novelty_random5000": 0.6714286208152771, "non-novelty_random6000": 0.452857106924057}