{"sentiment": "annoyance", "seed": 3, "arousal_random500": 0.760952353477478, "best": 0.7432956695556641, "arousal_random1000": 0.7690476775169373, "arousal_random1500": 0.7480951547622681, "arousal_random2000": 0.752380907535553, "arousal_random2500": 0.7552380561828613, "arousal_random3000": 0.6719047427177429, "arousal_random4000": 0.5247618556022644, "arousal_random5000": 0.7509523630142212, "arousal_random6000": 0.5390475988388062, "valence_random500": 0.7452381253242493, "valence_random1000": 0.760952353477478, "valence_random1500": 0.7490476369857788, "valence_random2000": 0.7466667294502258, "valence_random2500": 0.7638095021247864, "valence_random3000": 0.7433333992958069, "valence_random4000": 0.674761950969696, "valence_random5000": 0.7552380561828613, "valence_random6000": 0.6147618889808655, "happy_random500": 0.7595237493515015, "happy_random1000": 0.7495237588882446, "happy_random1500": 0.776190459728241, "happy_random2000": 0.7438095211982727, "happy_random2500": 0.7580952048301697, "happy_random3000": 0.7509523034095764, "happy_random4000": 0.7114285826683044, "happy_random5000": 0.6033333539962769, "happy_random6000": 0.550000011920929, "anger_random500": 0.7566666007041931, "anger_random1000": 0.7366666197776794, "anger_random1500": 0.7323809266090393, "anger_random2000": 0.7352381348609924, "anger_random2500": 0.7547618746757507, "anger_random3000": 0.7704762816429138, "anger_random4000": 0.7604761719703674, "anger_random5000": 0.7409523725509644, "anger_random6000": 0.739047646522522, "sad_random500": 0.752380907535553, "sad_random1000": 0.7580952048301697, "sad_random1500": 0.752380907535553, "sad_random2000": 0.7533333897590637, "sad_random2500": 0.770476222038269, "sad_random3000": 0.5333333611488342, "sad_random4000": 0.7338094711303711, "sad_random5000": 0.33095237612724304, "sad_random6000": 0.6747618913650513, "fear_random500": 0.7566666007041931, "fear_random1000": 0.7623809576034546, "fear_random1500": 0.7466666102409363, "fear_random2000": 0.6919048428535461, "fear_random2500": 0.7476190328598022, "fear_random3000": 0.770476222038269, "fear_random4000": 0.7604761719703674, "fear_random5000": 0.7409523725509644, "fear_random6000": 0.6619048118591309, "surprise_random500": 0.7595238089561462, "surprise_random1000": 0.7690476775169373, "surprise_random1500": 0.7690476179122925, "surprise_random2000": 0.7504762411117554, "surprise_random2500": 0.7509523630142212, "surprise_random3000": 0.7433333396911621, "surprise_random4000": 0.6776190400123596, "surprise_random5000": 0.5919047594070435, "surprise_random6000": 0.7504761815071106, "disgust_random500": 0.7580952048301697, "disgust_random1000": 0.7595237493515015, "disgust_random1500": 0.776190459728241, "disgust_random2000": 0.7466666102409363, "disgust_random2500": 0.7323809266090393, "disgust_random3000": 0.7304762601852417, "disgust_random4000": 0.7480951547622681, "disgust_random5000": 0.7576190829277039, "disgust_random6000": 0.47809523344039917, "control_random500": 0.7566666603088379, "control_random1000": 0.7576190829277039, "control_random1500": 0.7533332705497742, "control_random2000": 0.7423809170722961, "control_random2500": 0.776190459728241, "control_random3000": 0.7747618556022644, "control_random4000": 0.7552380561828613, "control_random5000": 0.6795238256454468, "control_random6000": 0.774761974811554, "fairness_random500": 0.7552380561828613, "fairness_random1000": 0.7876190543174744, "fairness_random1500": 0.7538094520568848, "fairness_random2000": 0.738095223903656, "fairness_random2500": 0.7509523630142212, "fairness_random3000": 0.7333332896232605, "fairness_random4000": 0.7604761719703674, "fairness_random5000": 0.7519048452377319, "fairness_random6000": 0.7361904382705688, "self-related_random500": 0.7819047570228577, "self-related_random1000": 0.7566666603088379, "self-related_random1500": 0.7704762816429138, "self-related_random2000": 0.7323809266090393, "self-related_random2500": 0.7480951547622681, "self-related_random3000": 0.6390476226806641, "self-related_random4000": 0.715238094329834, "self-related_random5000": 0.5604761838912964, "self-related_random6000": 0.5323809385299683, "other-related_random500": 0.7566666603088379, "other-related_random1000": 0.3995237648487091, "other-related_random1500": 0.7566666007041931, "other-related_random2000": 0.7580952048301697, "other-related_random2500": 0.7033333778381348, "other-related_random3000": 0.7452380061149597, "other-related_random4000": 0.7452380061149597, "other-related_random5000": 0.6823809742927551, "other-related_random6000": 0.7109524011611938, "expectedness_random500": 0.7566666007041931, "expectedness_random1000": 0.760952353477478, "expectedness_random1500": 0.7590475678443909, "expectedness_random2000": 0.7590475678443909, "expectedness_random2500": 0.7761905789375305, "expectedness_random3000": 0.7566666007041931, "expectedness_random4000": 0.7504762411117554, "expectedness_random5000": 0.629047691822052, "expectedness_random6000": 0.6671428084373474, "non-novelty_random500": 0.7509523034095764, "non-novelty_random1000": 0.7509523034095764, "non-novelty_random1500": 0.760952353477478, "non-novelty_random2000": 0.7538094520568848, "non-novelty_random2500": 0.7633333206176758, "non-novelty_random3000": 0.7495237588882446, "non-novelty_random4000": 0.747619092464447, "non-novelty_random5000": 0.7423809170722961, "non-novelty_random6000": 0.5190475583076477}