{"sentiment": "annoyance", "seed": 13, "arousal_random500": 0.7861905097961426, "best": 0.780418872833252, "arousal_random1000": 0.7709524035453796, "arousal_random1500": 0.7819047570228577, "arousal_random2000": 0.7495238184928894, "arousal_random2500": 0.7776190638542175, "arousal_random3000": 0.6423808932304382, "arousal_random4000": 0.5290475487709045, "arousal_random5000": 0.6238095164299011, "arousal_random6000": 0.723809540271759, "valence_random500": 0.7961905598640442, "valence_random1000": 0.7876190543174744, "valence_random1500": 0.784761905670166, "valence_random2000": 0.7495237588882446, "valence_random2500": 0.7776190042495728, "valence_random3000": 0.6990476250648499, "valence_random4000": 0.739047646522522, "valence_random5000": 0.7704762816429138, "valence_random6000": 0.4714285731315613, "happy_random500": 0.7761905789375305, "happy_random1000": 0.7538094520568848, "happy_random1500": 0.7833333611488342, "happy_random2000": 0.7776190042495728, "happy_random2500": 0.770476222038269, "happy_random3000": 0.7890476584434509, "happy_random4000": 0.6547619104385376, "happy_random5000": 0.4585714042186737, "happy_random6000": 0.653333306312561, "anger_random500": 0.7790476083755493, "anger_random1000": 0.7833333611488342, "anger_random1500": 0.7114285826683044, "anger_random2000": 0.747619092464447, "anger_random2500": 0.760952353477478, "anger_random3000": 0.6847619414329529, "anger_random4000": 0.7214285135269165, "anger_random5000": 0.6580952405929565, "anger_random6000": 0.7290476560592651, "sad_random500": 0.7919048070907593, "sad_random1000": 0.7819047570228577, "sad_random1500": 0.7776190042495728, "sad_random2000": 0.7280951738357544, "sad_random2500": 0.7833333015441895, "sad_random3000": 0.5052381157875061, "sad_random4000": 0.6466665863990784, "sad_random5000": 0.5147618651390076, "sad_random6000": 0.7119048237800598, "fear_random500": 0.7861905097961426, "fear_random1000": 0.7904762029647827, "fear_random1500": 0.774761974811554, "fear_random2000": 0.7404761910438538, "fear_random2500": 0.7376190423965454, "fear_random3000": 0.7804762125015259, "fear_random4000": 0.6152380704879761, "fear_random5000": 0.5542857050895691, "fear_random6000": 0.7600000500679016, "surprise_random500": 0.776190459728241, "surprise_random1000": 0.7861905097961426, "surprise_random1500": 0.76666659116745, "surprise_random2000": 0.7047619819641113, "surprise_random2500": 0.7833333611488342, "surprise_random3000": 0.7704762816429138, "surprise_random4000": 0.6800000071525574, "surprise_random5000": 0.45571425557136536, "surprise_random6000": 0.7338094711303711, "disgust_random500": 0.7890475988388062, "disgust_random1000": 0.7733333706855774, "disgust_random1500": 0.7680951952934265, "disgust_random2000": 0.784761905670166, "disgust_random2500": 0.7861905097961426, "disgust_random3000": 0.7533333897590637, "disgust_random4000": 0.7423809766769409, "disgust_random5000": 0.6747618913650513, "disgust_random6000": 0.5723809599876404, "control_random500": 0.7904762029647827, "control_random1000": 0.7804762125015259, "control_random1500": 0.7604761719703674, "control_random2000": 0.76666659116745, "control_random2500": 0.7904762029647827, "control_random3000": 0.7452381253242493, "control_random4000": 0.7676190733909607, "control_random5000": 0.7095237970352173, "control_random6000": 0.545714259147644, "fairness_random500": 0.7680951952934265, "fairness_random1000": 0.7790476083755493, "fairness_random1500": 0.7733333706855774, "fairness_random2000": 0.7466666102409363, "fairness_random2500": 0.7385713458061218, "fairness_random3000": 0.7633333802223206, "fairness_random4000": 0.7890476584434509, "fairness_random5000": 0.7366666793823242, "fairness_random6000": 0.7223809361457825, "self-related_random500": 0.760952353477478, "self-related_random1000": 0.776190459728241, "self-related_random1500": 0.7566666603088379, "self-related_random2000": 0.7647619247436523, "self-related_random2500": 0.7495237588882446, "self-related_random3000": 0.6814285516738892, "self-related_random4000": 0.6100000143051147, "self-related_random5000": 0.7309523224830627, "self-related_random6000": 0.49714285135269165, "other-related_random500": 0.7776190638542175, "other-related_random1000": 0.7361904978752136, "other-related_random1500": 0.7466666102409363, "other-related_random2000": 0.7638095617294312, "other-related_random2500": 0.7819048166275024, "other-related_random3000": 0.7495237588882446, "other-related_random4000": 0.7676190733909607, "other-related_random5000": 0.5885714292526245, "other-related_random6000": 0.7800000309944153, "expectedness_random500": 0.7933334112167358, "expectedness_random1000": 0.7919048070907593, "expectedness_random1500": 0.7704762816429138, "expectedness_random2000": 0.752380907535553, "expectedness_random2500": 0.752380907535553, "expectedness_random3000": 0.7509523034095764, "expectedness_random4000": 0.7804762125015259, "expectedness_random5000": 0.7547619938850403, "expectedness_random6000": 0.7509523630142212, "non-novelty_random500": 0.7919048070907593, "non-novelty_random1000": 0.7652381062507629, "non-novelty_random1500": 0.7890476584434509, "non-novelty_random2000": 0.7733333706855774, "non-novelty_random2500": 0.7495237588882446, "non-novelty_random3000": 0.6638094782829285, "non-novelty_random4000": 0.7657142281532288, "non-novelty_random5000": 0.6280952095985413, "non-novelty_random6000": 0.45571425557136536}