{"sentiment": "annoyance", "seed": 15, "arousal_random500": 0.774761974811554, "best": 0.7722461819648743, "arousal_random1000": 0.7804762125015259, "arousal_random1500": 0.7561904788017273, "arousal_random2000": 0.7290476560592651, "arousal_random2500": 0.7690476775169373, "arousal_random3000": 0.49095240235328674, "arousal_random4000": 0.6061905026435852, "arousal_random5000": 0.5752381086349487, "arousal_random6000": 0.6761904954910278, "valence_random500": 0.7833333015441895, "valence_random1000": 0.784761905670166, "valence_random1500": 0.7380952835083008, "valence_random2000": 0.776190459728241, "valence_random2500": 0.7452381253242493, "valence_random3000": 0.6576191186904907, "valence_random4000": 0.6957142949104309, "valence_random5000": 0.7509523630142212, "valence_random6000": 0.5152381062507629, "happy_random500": 0.7776190042495728, "happy_random1000": 0.776190459728241, "happy_random1500": 0.7480952143669128, "happy_random2000": 0.7819047570228577, "happy_random2500": 0.7438095211982727, "happy_random3000": 0.5438095331192017, "happy_random4000": 0.5623809695243835, "happy_random5000": 0.48380953073501587, "happy_random6000": 0.5423809885978699, "anger_random500": 0.774761974811554, "anger_random1000": 0.776190459728241, "anger_random1500": 0.7066666483879089, "anger_random2000": 0.7733333706855774, "anger_random2500": 0.5823808908462524, "anger_random3000": 0.7438095211982727, "anger_random4000": 0.7395237684249878, "anger_random5000": 0.770476222038269, "anger_random6000": 0.7633333802223206, "sad_random500": 0.7776190042495728, "sad_random1000": 0.7776190638542175, "sad_random1500": 0.7876191139221191, "sad_random2000": 0.583809494972229, "sad_random2500": 0.7804762125015259, "sad_random3000": 0.48476189374923706, "sad_random4000": 0.6152380704879761, "sad_random5000": 0.48380953073501587, "sad_random6000": 0.6961904764175415, "fear_random500": 0.774761974811554, "fear_random1000": 0.774761974811554, "fear_random1500": 0.7776190042495728, "fear_random2000": 0.776190459728241, "fear_random2500": 0.752380907535553, "fear_random3000": 0.774761974811554, "fear_random4000": 0.48380953073501587, "fear_random5000": 0.48380953073501587, "fear_random6000": 0.7538094520568848, "surprise_random500": 0.7661905288696289, "surprise_random1000": 0.784761905670166, "surprise_random1500": 0.770476222038269, "surprise_random2000": 0.7676190733909607, "surprise_random2500": 0.7452380061149597, "surprise_random3000": 0.7338094711303711, "surprise_random4000": 0.6857143044471741, "surprise_random5000": 0.48380953073501587, "surprise_random6000": 0.6309523582458496, "disgust_random500": 0.7890476584434509, "disgust_random1000": 0.7576190829277039, "disgust_random1500": 0.752380907535553, "disgust_random2000": 0.7790476083755493, "disgust_random2500": 0.6942857503890991, "disgust_random3000": 0.7647619247436523, "disgust_random4000": 0.5938095450401306, "disgust_random5000": 0.5538095235824585, "disgust_random6000": 0.48380953073501587, "control_random500": 0.7776190042495728, "control_random1000": 0.7776190638542175, "control_random1500": 0.7480952143669128, "control_random2000": 0.7790476083755493, "control_random2500": 0.583809494972229, "control_random3000": 0.7157142758369446, "control_random4000": 0.7633333802223206, "control_random5000": 0.5752381086349487, "control_random6000": 0.48380953073501587, "fairness_random500": 0.7776190042495728, "fairness_random1000": 0.7804762125015259, "fairness_random1500": 0.7538095116615295, "fairness_random2000": 0.7309523224830627, "fairness_random2500": 0.699999988079071, "fairness_random3000": 0.6390476226806641, "fairness_random4000": 0.729523777961731, "fairness_random5000": 0.5195238590240479, "fairness_random6000": 0.774761974811554, "self-related_random500": 0.776190459728241, "self-related_random1000": 0.7819047570228577, "self-related_random1500": 0.7790476083755493, "self-related_random2000": 0.7733333706855774, "self-related_random2500": 0.7676190733909607, "self-related_random3000": 0.6857143044471741, "self-related_random4000": 0.5823808908462524, "self-related_random5000": 0.725238025188446, "self-related_random6000": 0.5780952572822571, "other-related_random500": 0.7690476775169373, "other-related_random1000": 0.5752381086349487, "other-related_random1500": 0.7776190042495728, "other-related_random2000": 0.7028570771217346, "other-related_random2500": 0.5523809790611267, "other-related_random3000": 0.7604761719703674, "other-related_random4000": 0.6109523773193359, "other-related_random5000": 0.5052381157875061, "other-related_random6000": 0.48380953073501587, "expectedness_random500": 0.7833333611488342, "expectedness_random1000": 0.770476222038269, "expectedness_random1500": 0.7804762125015259, "expectedness_random2000": 0.7819048166275024, "expectedness_random2500": 0.6109523773193359, "expectedness_random3000": 0.7009523510932922, "expectedness_random4000": 0.752380907535553, "expectedness_random5000": 0.6914286017417908, "expectedness_random6000": 0.48380953073501587, "non-novelty_random500": 0.784761905670166, "non-novelty_random1000": 0.7804762125015259, "non-novelty_random1500": 0.7804761528968811, "non-novelty_random2000": 0.7819048166275024, "non-novelty_random2500": 0.6899999976158142, "non-novelty_random3000": 0.7523809671401978, "non-novelty_random4000": 0.770476222038269, "non-novelty_random5000": 0.6971428990364075, "non-novelty_random6000": 0.616190493106842}