{"sentiment": "annoyance", "seed": 11, "arousal_random500": 0.7961904406547546, "best": 0.7775930762290955, "arousal_random1000": 0.7976190447807312, "arousal_random1500": 0.7533333897590637, "arousal_random2000": 0.7490476369857788, "arousal_random2500": 0.7533333897590637, "arousal_random3000": 0.5023809671401978, "arousal_random4000": 0.5557142496109009, "arousal_random5000": 0.7633333802223206, "arousal_random6000": 0.5400000214576721, "valence_random500": 0.8019047975540161, "valence_random1000": 0.7719047665596008, "valence_random1500": 0.7876190543174744, "valence_random2000": 0.7861905097961426, "valence_random2500": 0.761904776096344, "valence_random3000": 0.7876190543174744, "valence_random4000": 0.6819047927856445, "valence_random5000": 0.6690476536750793, "valence_random6000": 0.6119047403335571, "happy_random500": 0.7676190733909607, "happy_random1000": 0.8061904907226562, "happy_random1500": 0.7633333206176758, "happy_random2000": 0.7276190519332886, "happy_random2500": 0.7719048261642456, "happy_random3000": 0.7733333706855774, "happy_random4000": 0.7661904692649841, "happy_random5000": 0.7161905169487, "happy_random6000": 0.7304762005805969, "anger_random500": 0.7976190447807312, "anger_random1000": 0.7861905097961426, "anger_random1500": 0.7461905479431152, "anger_random2000": 0.6590476036071777, "anger_random2500": 0.6399999856948853, "anger_random3000": 0.7976190447807312, "anger_random4000": 0.7561904788017273, "anger_random5000": 0.6461905241012573, "anger_random6000": 0.7661905288696289, "sad_random500": 0.7947619557380676, "sad_random1000": 0.7947619557380676, "sad_random1500": 0.776190459728241, "sad_random2000": 0.7161904573440552, "sad_random2500": 0.7819047570228577, "sad_random3000": 0.5414285659790039, "sad_random4000": 0.7209523916244507, "sad_random5000": 0.45714282989501953, "sad_random6000": 0.6500000357627869, "fear_random500": 0.7990476489067078, "fear_random1000": 0.7919048070907593, "fear_random1500": 0.7904762029647827, "fear_random2000": 0.6557143330574036, "fear_random2500": 0.7361904978752136, "fear_random3000": 0.7361904382705688, "fear_random4000": 0.738095223903656, "fear_random5000": 0.6814285516738892, "fear_random6000": 0.545714259147644, "surprise_random500": 0.7804762125015259, "surprise_random1000": 0.7933334112167358, "surprise_random1500": 0.7347618937492371, "surprise_random2000": 0.7933334112167358, "surprise_random2500": 0.7947618365287781, "surprise_random3000": 0.7019047737121582, "surprise_random4000": 0.7576190829277039, "surprise_random5000": 0.6052380800247192, "surprise_random6000": 0.6647619605064392, "disgust_random500": 0.8047618865966797, "disgust_random1000": 0.7733333706855774, "disgust_random1500": 0.784761905670166, "disgust_random2000": 0.7604762315750122, "disgust_random2500": 0.6676190495491028, "disgust_random3000": 0.7661904692649841, "disgust_random4000": 0.7790476083755493, "disgust_random5000": 0.7076190710067749, "disgust_random6000": 0.4599999785423279, "control_random500": 0.7990476489067078, "control_random1000": 0.7833333611488342, "control_random1500": 0.7490476369857788, "control_random2000": 0.7790476083755493, "control_random2500": 0.7890476584434509, "control_random3000": 0.7490476369857788, "control_random4000": 0.6785714030265808, "control_random5000": 0.6361904740333557, "control_random6000": 0.7719047665596008, "fairness_random500": 0.7961904406547546, "fairness_random1000": 0.774761974811554, "fairness_random1500": 0.7790476083755493, "fairness_random2000": 0.7861905097961426, "fairness_random2500": 0.7676190733909607, "fairness_random3000": 0.7833333015441895, "fairness_random4000": 0.7433333396911621, "fairness_random5000": 0.5942856669425964, "fairness_random6000": 0.5571428537368774, "self-related_random500": 0.7919048070907593, "self-related_random1000": 0.7719047665596008, "self-related_random1500": 0.7919048070907593, "self-related_random2000": 0.7219047546386719, "self-related_random2500": 0.7876190543174744, "self-related_random3000": 0.5404762029647827, "self-related_random4000": 0.7638095617294312, "self-related_random5000": 0.6285714507102966, "self-related_random6000": 0.5457143187522888, "other-related_random500": 0.7519048452377319, "other-related_random1000": 0.4699999988079071, "other-related_random1500": 0.774761974811554, "other-related_random2000": 0.7833333611488342, "other-related_random2500": 0.7304762005805969, "other-related_random3000": 0.7433333396911621, "other-related_random4000": 0.7576190829277039, "other-related_random5000": 0.698571503162384, "other-related_random6000": 0.7314285635948181, "expectedness_random500": 0.7919048070907593, "expectedness_random1000": 0.7904762029647827, "expectedness_random1500": 0.7419047951698303, "expectedness_random2000": 0.6947618722915649, "expectedness_random2500": 0.776190459728241, "expectedness_random3000": 0.7890475988388062, "expectedness_random4000": 0.7833333015441895, "expectedness_random5000": 0.6247619390487671, "expectedness_random6000": 0.7533333897590637, "non-novelty_random500": 0.8004761934280396, "non-novelty_random1000": 0.7947619557380676, "non-novelty_random1500": 0.7876191139221191, "non-novelty_random2000": 0.7447619438171387, "non-novelty_random2500": 0.7690476179122925, "non-novelty_random3000": 0.7790476083755493, "non-novelty_random4000": 0.5842857360839844, "non-novelty_random5000": 0.6700000166893005, "non-novelty_random6000": 0.4599999785423279}