{"sentiment": "annoyance", "seed": 17, "arousal_random500": 0.7447619438171387, "best": 0.7651540637016296, "arousal_random1000": 0.7819047570228577, "arousal_random1500": 0.8019047975540161, "arousal_random2000": 0.7519048452377319, "arousal_random2500": 0.7576190829277039, "arousal_random3000": 0.452857106924057, "arousal_random4000": 0.452857106924057, "arousal_random5000": 0.4771428406238556, "arousal_random6000": 0.5719047784805298, "valence_random500": 0.8033333420753479, "valence_random1000": 0.7533334493637085, "valence_random1500": 0.710476279258728, "valence_random2000": 0.7890476584434509, "valence_random2500": 0.6928571462631226, "valence_random3000": 0.6776190400123596, "valence_random4000": 0.550000011920929, "valence_random5000": 0.6761904954910278, "valence_random6000": 0.557619035243988, "happy_random500": 0.69047611951828, "happy_random1000": 0.7947619557380676, "happy_random1500": 0.7690476775169373, "happy_random2000": 0.6776190400123596, "happy_random2500": 0.776190459728241, "happy_random3000": 0.7819047570228577, "happy_random4000": 0.6523809432983398, "happy_random5000": 0.452857106924057, "happy_random6000": 0.45714282989501953, "anger_random500": 0.7604762315750122, "anger_random1000": 0.7733333706855774, "anger_random1500": 0.7690476179122925, "anger_random2000": 0.6642857193946838, "anger_random2500": 0.7733333706855774, "anger_random3000": 0.7647619247436523, "anger_random4000": 0.6747618913650513, "anger_random5000": 0.6299999952316284, "anger_random6000": 0.7090476751327515, "sad_random500": 0.7733333706855774, "sad_random1000": 0.7304762005805969, "sad_random1500": 0.7447619438171387, "sad_random2000": 0.7447619438171387, "sad_random2500": 0.7176190614700317, "sad_random3000": 0.453809529542923, "sad_random4000": 0.770476222038269, "sad_random5000": 0.452857106924057, "sad_random6000": 0.5628571510314941, "fear_random500": 0.8019047379493713, "fear_random1000": 0.7604762315750122, "fear_random1500": 0.784761905670166, "fear_random2000": 0.6357142329216003, "fear_random2500": 0.7633333802223206, "fear_random3000": 0.7304762005805969, "fear_random4000": 0.6695238351821899, "fear_random5000": 0.452857106924057, "fear_random6000": 0.7590476274490356, "surprise_random500": 0.7419047951698303, "surprise_random1000": 0.7961904406547546, "surprise_random1500": 0.7090476751327515, "surprise_random2000": 0.7876190543174744, "surprise_random2500": 0.7904762029647827, "surprise_random3000": 0.7219048142433167, "surprise_random4000": 0.46857139468193054, "surprise_random5000": 0.452857106924057, "surprise_random6000": 0.6328571438789368, "disgust_random500": 0.7833333015441895, "disgust_random1000": 0.7547618746757507, "disgust_random1500": 0.7604762315750122, "disgust_random2000": 0.7547619938850403, "disgust_random2500": 0.770476222038269, "disgust_random3000": 0.6728571653366089, "disgust_random4000": 0.5852380990982056, "disgust_random5000": 0.7561904788017273, "disgust_random6000": 0.452857106924057, "control_random500": 0.7933334112167358, "control_random1000": 0.7733334302902222, "control_random1500": 0.7690476775169373, "control_random2000": 0.7590476274490356, "control_random2500": 0.7633333802223206, "control_random3000": 0.7076190710067749, "control_random4000": 0.6714285612106323, "control_random5000": 0.7199999690055847, "control_random6000": 0.618571400642395, "fairness_random500": 0.7804762125015259, "fairness_random1000": 0.739047646522522, "fairness_random1500": 0.8004761934280396, "fairness_random2000": 0.807619035243988, "fairness_random2500": 0.7961904406547546, "fairness_random3000": 0.7890476584434509, "fairness_random4000": 0.73333340883255, "fairness_random5000": 0.452857106924057, "fairness_random6000": 0.7490476965904236, "self-related_random500": 0.7519048452377319, "self-related_random1000": 0.7490476965904236, "self-related_random1500": 0.7933333516120911, "self-related_random2000": 0.6657142639160156, "self-related_random2500": 0.7933334112167358, "self-related_random3000": 0.452857106924057, "self-related_random4000": 0.7690476179122925, "self-related_random5000": 0.698571503162384, "self-related_random6000": 0.452857106924057, "other-related_random500": 0.6990476846694946, "other-related_random1000": 0.452857106924057, "other-related_random1500": 0.7561904788017273, "other-related_random2000": 0.799047589302063, "other-related_random2500": 0.7804761528968811, "other-related_random3000": 0.8033333420753479, "other-related_random4000": 0.6647619009017944, "other-related_random5000": 0.4542856812477112, "other-related_random6000": 0.452857106924057, "expectedness_random500": 0.7219048142433167, "expectedness_random1000": 0.7676190733909607, "expectedness_random1500": 0.6914286017417908, "expectedness_random2000": 0.6471428871154785, "expectedness_random2500": 0.5447619557380676, "expectedness_random3000": 0.7876189947128296, "expectedness_random4000": 0.7147619128227234, "expectedness_random5000": 0.452857106924057, "expectedness_random6000": 0.452857106924057, "non-novelty_random500": 0.7976190447807312, "non-novelty_random1000": 0.7576190829277039, "non-novelty_random1500": 0.7547619938850403, "non-novelty_random2000": 0.7090476751327515, "non-novelty_random2500": 0.7604761719703674, "non-novelty_random3000": 0.7733334302902222, "non-novelty_random4000": 0.6157143712043762, "non-novelty_random5000": 0.776190459728241, "non-novelty_random6000": 0.452857106924057}