{"sentiment": "approval", "seed": 9, "arousal_random500": 0.7559043169021606, "best": 0.7663761973381042, "arousal_random1000": 0.7224733829498291, "arousal_random1500": 0.7380053400993347, "arousal_random2000": 0.6975531578063965, "arousal_random2500": 0.7100531458854675, "arousal_random3000": 0.6572340726852417, "arousal_random4000": 0.4528723359107971, "arousal_random5000": 0.7209573984146118, "arousal_random6000": 0.48279252648353577, "valence_random500": 0.730984091758728, "valence_random1000": 0.7198936343193054, "valence_random1500": 0.7470744252204895, "valence_random2000": 0.7184042930603027, "valence_random2500": 0.7277659177780151, "valence_random3000": 0.7332180738449097, "valence_random4000": 0.7104255557060242, "valence_random5000": 0.668643593788147, "valence_random6000": 0.4577127993106842, "happy_random500": 0.6814627051353455, "happy_random1000": 0.7498936653137207, "happy_random1500": 0.727393627166748, "happy_random2000": 0.7231649160385132, "happy_random2500": 0.7283244132995605, "happy_random3000": 0.7281648516654968, "happy_random4000": 0.6013830304145813, "happy_random5000": 0.672340452671051, "happy_random6000": 0.4579521417617798, "anger_random500": 0.7221542596817017, "anger_random1000": 0.744813859462738, "anger_random1500": 0.5491223335266113, "anger_random2000": 0.7315957546234131, "anger_random2500": 0.5428723692893982, "anger_random3000": 0.5791223645210266, "anger_random4000": 0.6768351197242737, "anger_random5000": 0.7260638475418091, "anger_random6000": 0.6200531721115112, "sad_random500": 0.7384042739868164, "sad_random1000": 0.730984091758728, "sad_random1500": 0.7338563799858093, "sad_random2000": 0.5327925682067871, "sad_random2500": 0.7314361333847046, "sad_random3000": 0.45162233710289, "sad_random4000": 0.6872606873512268, "sad_random5000": 0.4801329970359802, "sad_random6000": 0.5003723502159119, "fear_random500": 0.7371542453765869, "fear_random1000": 0.7023138403892517, "fear_random1500": 0.7327659130096436, "fear_random2000": 0.6688031554222107, "fear_random2500": 0.7158244848251343, "fear_random3000": 0.6702924966812134, "fear_random4000": 0.5938830375671387, "fear_random5000": 0.6063829660415649, "fear_random6000": 0.4990425705909729, "surprise_random500": 0.7570744752883911, "surprise_random1000": 0.7594148516654968, "surprise_random1500": 0.732925534248352, "surprise_random2000": 0.6777127385139465, "surprise_random2500": 0.7108244895935059, "surprise_random3000": 0.7384840250015259, "surprise_random4000": 0.620212733745575, "surprise_random5000": 0.6999468803405762, "surprise_random6000": 0.528723418712616, "disgust_random500": 0.7395744919776917, "disgust_random1000": 0.7261436581611633, "disgust_random1500": 0.7406648397445679, "disgust_random2000": 0.7366223931312561, "disgust_random2500": 0.6240425109863281, "disgust_random3000": 0.657313883304596, "disgust_random4000": 0.7255851626396179, "disgust_random5000": 0.6834043264389038, "disgust_random6000": 0.638563871383667, "control_random500": 0.7581648826599121, "control_random1000": 0.733643651008606, "control_random1500": 0.7415957450866699, "control_random2000": 0.7355851531028748, "control_random2500": 0.7027127146720886, "control_random3000": 0.7458245158195496, "control_random4000": 0.5014627575874329, "control_random5000": 0.4491223394870758, "control_random6000": 0.5900532007217407, "fairness_random500": 0.7372340559959412, "fairness_random1000": 0.7433244585990906, "fairness_random1500": 0.7509840726852417, "fairness_random2000": 0.7359840273857117, "fairness_random2500": 0.7476063370704651, "fairness_random3000": 0.6676329374313354, "fairness_random4000": 0.7121542692184448, "fairness_random5000": 0.7105053067207336, "fairness_random6000": 0.49412235617637634, "self-related_random500": 0.7398138642311096, "self-related_random1000": 0.7402659058570862, "self-related_random1500": 0.733404278755188, "self-related_random2000": 0.748324453830719, "self-related_random2500": 0.6949734091758728, "self-related_random3000": 0.49896278977394104, "self-related_random4000": 0.7060638070106506, "self-related_random5000": 0.7227659225463867, "self-related_random6000": 0.686648964881897, "other-related_random500": 0.7222340703010559, "other-related_random1000": 0.45162233710289, "other-related_random1500": 0.7392553091049194, "other-related_random2000": 0.7236436009407043, "other-related_random2500": 0.6737233996391296, "other-related_random3000": 0.7097340822219849, "other-related_random4000": 0.7034574747085571, "other-related_random5000": 0.5663829445838928, "other-related_random6000": 0.6703190803527832, "expectedness_random500": 0.7495744824409485, "expectedness_random1000": 0.7298936247825623, "expectedness_random1500": 0.7428457736968994, "expectedness_random2000": 0.7149733901023865, "expectedness_random2500": 0.7431648969650269, "expectedness_random3000": 0.7142553925514221, "expectedness_random4000": 0.6113032102584839, "expectedness_random5000": 0.540132999420166, "expectedness_random6000": 0.6513031721115112, "non-novelty_random500": 0.7531648874282837, "non-novelty_random1000": 0.7407446503639221, "non-novelty_random1500": 0.7061436176300049, "non-novelty_random2000": 0.719813883304596, "non-novelty_random2500": 0.5615425109863281, "non-novelty_random3000": 0.7038829326629639, "non-novelty_random4000": 0.6265425682067871, "non-novelty_random5000": 0.6001330018043518, "non-novelty_random6000": 0.6144415140151978}