{"sentiment": "approval", "seed": 42, "arousal_random500": 0.7015159130096436, "best": 0.6908053159713745, "arousal_random1000": 0.6930053234100342, "arousal_random1500": 0.6889361143112183, "arousal_random2000": 0.6883776187896729, "arousal_random2500": 0.6680851578712463, "arousal_random3000": 0.6049733757972717, "arousal_random4000": 0.46936169266700745, "arousal_random5000": 0.6263031959533691, "arousal_random6000": 0.5114627480506897, "valence_random500": 0.7022872567176819, "valence_random1000": 0.6999468207359314, "valence_random1500": 0.6923670172691345, "valence_random2000": 0.6920478940010071, "valence_random2500": 0.6622606515884399, "valence_random3000": 0.6342021226882935, "valence_random4000": 0.6494681239128113, "valence_random5000": 0.542792558670044, "valence_random6000": 0.47061169147491455, "happy_random500": 0.668484091758728, "happy_random1000": 0.7032978534698486, "happy_random1500": 0.6942287683486938, "happy_random2000": 0.6766489148139954, "happy_random2500": 0.6925265789031982, "happy_random3000": 0.681968092918396, "happy_random4000": 0.655398964881897, "happy_random5000": 0.5522074699401855, "happy_random6000": 0.5787765383720398, "anger_random500": 0.6783244609832764, "anger_random1000": 0.6950265765190125, "anger_random1500": 0.6455585360527039, "anger_random2000": 0.6857447028160095, "anger_random2500": 0.6698670387268066, "anger_random3000": 0.675345778465271, "anger_random4000": 0.6624202132225037, "anger_random5000": 0.6581382751464844, "anger_random6000": 0.6125531792640686, "sad_random500": 0.6977659463882446, "sad_random1000": 0.6990159153938293, "sad_random1500": 0.6951861381530762, "sad_random2000": 0.5572872161865234, "sad_random2500": 0.6857180595397949, "sad_random3000": 0.4618617296218872, "sad_random4000": 0.5636968016624451, "sad_random5000": 0.48529252409935, "sad_random6000": 0.5028723478317261, "fear_random500": 0.6994946599006653, "fear_random1000": 0.7090159058570862, "fear_random1500": 0.6911170482635498, "fear_random2000": 0.6016223430633545, "fear_random2500": 0.6914361119270325, "fear_random3000": 0.6493616700172424, "fear_random4000": 0.6246808767318726, "fear_random5000": 0.6712499856948853, "fear_random6000": 0.5709840059280396, "surprise_random500": 0.6968351602554321, "surprise_random1000": 0.6910372972488403, "surprise_random1500": 0.706515908241272, "surprise_random2000": 0.6793350577354431, "surprise_random2500": 0.6878457069396973, "surprise_random3000": 0.6769680976867676, "surprise_random4000": 0.6166223287582397, "surprise_random5000": 0.5622872114181519, "surprise_random6000": 0.6105319261550903, "disgust_random500": 0.705425500869751, "disgust_random1000": 0.6720744371414185, "disgust_random1500": 0.6875797510147095, "disgust_random2000": 0.6742553114891052, "disgust_random2500": 0.5930318832397461, "disgust_random3000": 0.6863564252853394, "disgust_random4000": 0.6506915092468262, "disgust_random5000": 0.6377924680709839, "disgust_random6000": 0.5432180762290955, "control_random500": 0.6999467611312866, "control_random1000": 0.7105053067207336, "control_random1500": 0.7067553400993347, "control_random2000": 0.6708775758743286, "control_random2500": 0.6818085312843323, "control_random3000": 0.6623404026031494, "control_random4000": 0.6721543073654175, "control_random5000": 0.5672340393066406, "control_random6000": 0.6030851006507874, "fairness_random500": 0.6930850744247437, "fairness_random1000": 0.6980851292610168, "fairness_random1500": 0.6731383204460144, "fairness_random2000": 0.6952658891677856, "fairness_random2500": 0.6640691757202148, "fairness_random3000": 0.6990159153938293, "fairness_random4000": 0.6840957403182983, "fairness_random5000": 0.5611968040466309, "fairness_random6000": 0.6381914615631104, "self-related_random500": 0.7030585408210754, "self-related_random1000": 0.7161170244216919, "self-related_random1500": 0.6961967945098877, "self-related_random2000": 0.7090957164764404, "self-related_random2500": 0.6705052852630615, "self-related_random3000": 0.4958244860172272, "self-related_random4000": 0.6688563823699951, "self-related_random5000": 0.6096543073654175, "self-related_random6000": 0.5457180738449097, "other-related_random500": 0.689414918422699, "other-related_random1000": 0.42210108041763306, "other-related_random1500": 0.7007978558540344, "other-related_random2000": 0.6878989934921265, "other-related_random2500": 0.6102925539016724, "other-related_random3000": 0.6987766027450562, "other-related_random4000": 0.5763563513755798, "other-related_random5000": 0.5675265789031982, "other-related_random6000": 0.5821542143821716, "expectedness_random500": 0.6975265741348267, "expectedness_random1000": 0.6901861429214478, "expectedness_random1500": 0.6922073364257812, "expectedness_random2000": 0.68332439661026, "expectedness_random2500": 0.6746276617050171, "expectedness_random3000": 0.6790957450866699, "expectedness_random4000": 0.6823670268058777, "expectedness_random5000": 0.544468104839325, "expectedness_random6000": 0.6600266098976135, "non-novelty_random500": 0.7026063799858093, "non-novelty_random1000": 0.7064360976219177, "non-novelty_random1500": 0.6865956783294678, "non-novelty_random2000": 0.6582446694374084, "non-novelty_random2500": 0.6290425658226013, "non-novelty_random3000": 0.6694680452346802, "non-novelty_random4000": 0.5779521465301514, "non-novelty_random5000": 0.6319414973258972, "non-novelty_random6000": 0.5432180762290955}