{"sentiment": "approval", "seed": 1, "arousal_random500": 0.7151063680648804, "best": 0.732346773147583, "arousal_random1000": 0.7197340726852417, "arousal_random1500": 0.7044680714607239, "arousal_random2000": 0.72175532579422, "arousal_random2500": 0.7157978415489197, "arousal_random3000": 0.5825266242027283, "arousal_random4000": 0.6074733734130859, "arousal_random5000": 0.5967819094657898, "arousal_random6000": 0.6497340798377991, "valence_random500": 0.7250266075134277, "valence_random1000": 0.7253457307815552, "valence_random1500": 0.7289361357688904, "valence_random2000": 0.6903457641601562, "valence_random2500": 0.7134840488433838, "valence_random3000": 0.6207447052001953, "valence_random4000": 0.6860638856887817, "valence_random5000": 0.671143651008606, "valence_random6000": 0.4577925503253937, "happy_random500": 0.7223936319351196, "happy_random1000": 0.7143883109092712, "happy_random1500": 0.6027659177780151, "happy_random2000": 0.6438032388687134, "happy_random2500": 0.6838563680648804, "happy_random3000": 0.6219149231910706, "happy_random4000": 0.6168617010116577, "happy_random5000": 0.544468104839325, "happy_random6000": 0.5419681072235107, "anger_random500": 0.7332446575164795, "anger_random1000": 0.7130851149559021, "anger_random1500": 0.6724467873573303, "anger_random2000": 0.717313826084137, "anger_random2500": 0.6882180571556091, "anger_random3000": 0.6564627885818481, "anger_random4000": 0.6761702299118042, "anger_random5000": 0.6637234091758728, "anger_random6000": 0.6396010518074036, "sad_random500": 0.7188563942909241, "sad_random1000": 0.733643651008606, "sad_random1500": 0.7063031792640686, "sad_random2000": 0.6312233805656433, "sad_random2500": 0.6259841322898865, "sad_random3000": 0.45803192257881165, "sad_random4000": 0.5547074675559998, "sad_random5000": 0.44449466466903687, "sad_random6000": 0.603962779045105, "fear_random500": 0.723936140537262, "fear_random1000": 0.724867045879364, "fear_random1500": 0.7307446599006653, "fear_random2000": 0.7061436176300049, "fear_random2500": 0.6923138499259949, "fear_random3000": 0.7134840488433838, "fear_random4000": 0.646861732006073, "fear_random5000": 0.6402127742767334, "fear_random6000": 0.4805319309234619, "surprise_random500": 0.7269947528839111, "surprise_random1000": 0.7251861095428467, "surprise_random1500": 0.7079254984855652, "surprise_random2000": 0.7095744609832764, "surprise_random2500": 0.7061170339584351, "surprise_random3000": 0.6772606372833252, "surprise_random4000": 0.6405851244926453, "surprise_random5000": 0.607925534248352, "surprise_random6000": 0.6683509945869446, "disgust_random500": 0.72175532579422, "disgust_random1000": 0.7147872447967529, "disgust_random1500": 0.7131382822990417, "disgust_random2000": 0.698803186416626, "disgust_random2500": 0.7059841156005859, "disgust_random3000": 0.6726329326629639, "disgust_random4000": 0.6173936128616333, "disgust_random5000": 0.579946756362915, "disgust_random6000": 0.5469680428504944, "control_random500": 0.7275266051292419, "control_random1000": 0.7239362001419067, "control_random1500": 0.7250531911849976, "control_random2000": 0.646542489528656, "control_random2500": 0.61175537109375, "control_random3000": 0.6913297772407532, "control_random4000": 0.7039361000061035, "control_random5000": 0.5761170387268066, "control_random6000": 0.6220212578773499, "fairness_random500": 0.7229255437850952, "fairness_random1000": 0.712393581867218, "fairness_random1500": 0.6914095878601074, "fairness_random2000": 0.6849202513694763, "fairness_random2500": 0.6964095234870911, "fairness_random3000": 0.6948670148849487, "fairness_random4000": 0.7090957164764404, "fairness_random5000": 0.5647074580192566, "fairness_random6000": 0.6620744466781616, "self-related_random500": 0.714388370513916, "self-related_random1000": 0.7211968302726746, "self-related_random1500": 0.7176063656806946, "self-related_random2000": 0.7098138332366943, "self-related_random2500": 0.7151063680648804, "self-related_random3000": 0.5556116700172424, "self-related_random4000": 0.6716489195823669, "self-related_random5000": 0.5992552638053894, "self-related_random6000": 0.5432180762290955, "other-related_random500": 0.7211436629295349, "other-related_random1000": 0.5043882727622986, "other-related_random1500": 0.7003191709518433, "other-related_random2000": 0.6996276378631592, "other-related_random2500": 0.7013563513755798, "other-related_random3000": 0.7112234234809875, "other-related_random4000": 0.5748670697212219, "other-related_random5000": 0.5419681072235107, "other-related_random6000": 0.5432181358337402, "expectedness_random500": 0.7177659273147583, "expectedness_random1000": 0.7226861715316772, "expectedness_random1500": 0.7319149374961853, "expectedness_random2000": 0.7230851054191589, "expectedness_random2500": 0.7041489481925964, "expectedness_random3000": 0.7098935842514038, "expectedness_random4000": 0.6936169862747192, "expectedness_random5000": 0.5419681072235107, "expectedness_random6000": 0.6456117033958435, "non-novelty_random500": 0.7233776450157166, "non-novelty_random1000": 0.7324467897415161, "non-novelty_random1500": 0.7256649136543274, "non-novelty_random2000": 0.6678723692893982, "non-novelty_random2500": 0.6042553186416626, "non-novelty_random3000": 0.6373138427734375, "non-novelty_random4000": 0.680053174495697, "non-novelty_random5000": 0.6763297319412231, "non-novelty_random6000": 0.5419681072235107}