{"sentiment": "approval", "seed": 13, "arousal_random500": 0.7351861596107483, "best": 0.7914663553237915, "arousal_random1000": 0.748085081577301, "arousal_random1500": 0.7629255652427673, "arousal_random2000": 0.7258244156837463, "arousal_random2500": 0.7209841012954712, "arousal_random3000": 0.607313871383667, "arousal_random4000": 0.47601062059402466, "arousal_random5000": 0.6253724098205566, "arousal_random6000": 0.47726061940193176, "valence_random500": 0.7565159201622009, "valence_random1000": 0.7465957403182983, "valence_random1500": 0.7304255366325378, "valence_random2000": 0.7209042310714722, "valence_random2500": 0.66648930311203, "valence_random3000": 0.6977393627166748, "valence_random4000": 0.6322606205940247, "valence_random5000": 0.6813031435012817, "valence_random6000": 0.49069148302078247, "happy_random500": 0.7357446551322937, "happy_random1000": 0.710797905921936, "happy_random1500": 0.7204788327217102, "happy_random2000": 0.7014893293380737, "happy_random2500": 0.7118085026741028, "happy_random3000": 0.6607712507247925, "happy_random4000": 0.6596808433532715, "happy_random5000": 0.5849733948707581, "happy_random6000": 0.487260639667511, "anger_random500": 0.7354255318641663, "anger_random1000": 0.7504255175590515, "anger_random1500": 0.6415425539016724, "anger_random2000": 0.7347872257232666, "anger_random2500": 0.688936173915863, "anger_random3000": 0.7096542119979858, "anger_random4000": 0.6876596212387085, "anger_random5000": 0.6872074604034424, "anger_random6000": 0.6744680404663086, "sad_random500": 0.7580851316452026, "sad_random1000": 0.7274467945098877, "sad_random1500": 0.7426860928535461, "sad_random2000": 0.5974467992782593, "sad_random2500": 0.6416223645210266, "sad_random3000": 0.47601062059402466, "sad_random4000": 0.532899022102356, "sad_random5000": 0.5041755437850952, "sad_random6000": 0.5199202299118042, "fear_random500": 0.7455053329467773, "fear_random1000": 0.7427659630775452, "fear_random1500": 0.7490956783294678, "fear_random2000": 0.6923138499259949, "fear_random2500": 0.7350265383720398, "fear_random3000": 0.6467819213867188, "fear_random4000": 0.6029521822929382, "fear_random5000": 0.6573670506477356, "fear_random6000": 0.5085106492042542, "surprise_random500": 0.7466755509376526, "surprise_random1000": 0.7436967492103577, "surprise_random1500": 0.7246276140213013, "surprise_random2000": 0.7465158700942993, "surprise_random2500": 0.7390958070755005, "surprise_random3000": 0.7211170196533203, "surprise_random4000": 0.6542287468910217, "surprise_random5000": 0.5662766098976135, "surprise_random6000": 0.6485106348991394, "disgust_random500": 0.7526063323020935, "disgust_random1000": 0.7335638403892517, "disgust_random1500": 0.7288563847541809, "disgust_random2000": 0.7265159487724304, "disgust_random2500": 0.6885638236999512, "disgust_random3000": 0.7121542692184448, "disgust_random4000": 0.6221542954444885, "disgust_random5000": 0.6320212483406067, "disgust_random6000": 0.5239893198013306, "control_random500": 0.7340158820152283, "control_random1000": 0.7351861000061035, "control_random1500": 0.7526861429214478, "control_random2000": 0.6949999332427979, "control_random2500": 0.6681116819381714, "control_random3000": 0.6977393627166748, "control_random4000": 0.6950531601905823, "control_random5000": 0.5898669958114624, "control_random6000": 0.566702127456665, "fairness_random500": 0.7480053305625916, "fairness_random1000": 0.7477658987045288, "fairness_random1500": 0.6917287111282349, "fairness_random2000": 0.7201064229011536, "fairness_random2500": 0.6579521894454956, "fairness_random3000": 0.6892021298408508, "fairness_random4000": 0.6973935961723328, "fairness_random5000": 0.6073936223983765, "fairness_random6000": 0.6603190898895264, "self-related_random500": 0.7306383848190308, "self-related_random1000": 0.713218092918396, "self-related_random1500": 0.738856315612793, "self-related_random2000": 0.6913297176361084, "self-related_random2500": 0.6903723478317261, "self-related_random3000": 0.47601062059402466, "self-related_random4000": 0.679202139377594, "self-related_random5000": 0.6624467968940735, "self-related_random6000": 0.5342287421226501, "other-related_random500": 0.7345744371414185, "other-related_random1000": 0.47601062059402466, "other-related_random1500": 0.7052392959594727, "other-related_random2000": 0.7339361310005188, "other-related_random2500": 0.7222341299057007, "other-related_random3000": 0.7222340703010559, "other-related_random4000": 0.5340691804885864, "other-related_random5000": 0.5626861453056335, "other-related_random6000": 0.5292287468910217, "expectedness_random500": 0.7515159249305725, "expectedness_random1000": 0.7313563823699951, "expectedness_random1500": 0.7055584788322449, "expectedness_random2000": 0.7450266480445862, "expectedness_random2500": 0.7141489386558533, "expectedness_random3000": 0.7084043025970459, "expectedness_random4000": 0.6724734306335449, "expectedness_random5000": 0.5239893198013306, "expectedness_random6000": 0.685558557510376, "non-novelty_random500": 0.7590957880020142, "non-novelty_random1000": 0.7527658939361572, "non-novelty_random1500": 0.7415957450866699, "non-novelty_random2000": 0.7226861119270325, "non-novelty_random2500": 0.6558510661125183, "non-novelty_random3000": 0.6672605872154236, "non-novelty_random4000": 0.6544946432113647, "non-novelty_random5000": 0.5803457498550415, "non-novelty_random6000": 0.5330585241317749}