{"sentiment": "approval", "seed": 19, "arousal_random500": 0.7579255700111389, "best": 0.766526460647583, "arousal_random1000": 0.7569946646690369, "arousal_random1500": 0.7381649017333984, "arousal_random2000": 0.730984091758728, "arousal_random2500": 0.7308244705200195, "arousal_random3000": 0.7280851006507874, "arousal_random4000": 0.49718084931373596, "arousal_random5000": 0.7098404765129089, "arousal_random6000": 0.6444946527481079, "valence_random500": 0.769095778465271, "valence_random1000": 0.7630053162574768, "valence_random1500": 0.752526581287384, "valence_random2000": 0.7476063370704651, "valence_random2500": 0.7393085360527039, "valence_random3000": 0.7221808433532715, "valence_random4000": 0.7264893054962158, "valence_random5000": 0.7236436605453491, "valence_random6000": 0.505292534828186, "happy_random500": 0.749255359172821, "happy_random1000": 0.7341489195823669, "happy_random1500": 0.7540956735610962, "happy_random2000": 0.75417560338974, "happy_random2500": 0.7515159249305725, "happy_random3000": 0.7276595830917358, "happy_random4000": 0.6873404383659363, "happy_random5000": 0.6434308290481567, "happy_random6000": 0.6053191423416138, "anger_random500": 0.7383244633674622, "anger_random1000": 0.7470744848251343, "anger_random1500": 0.7193350791931152, "anger_random2000": 0.7432180643081665, "anger_random2500": 0.5735903978347778, "anger_random3000": 0.7025531530380249, "anger_random4000": 0.7396543025970459, "anger_random5000": 0.5948669910430908, "anger_random6000": 0.6953989863395691, "sad_random500": 0.7642552852630615, "sad_random1000": 0.751675546169281, "sad_random1500": 0.7491755485534668, "sad_random2000": 0.6429521441459656, "sad_random2500": 0.7159308195114136, "sad_random3000": 0.4849202334880829, "sad_random4000": 0.6713031530380249, "sad_random5000": 0.5620212554931641, "sad_random6000": 0.6655319333076477, "fear_random500": 0.7518350481987, "fear_random1000": 0.7454255223274231, "fear_random1500": 0.756276547908783, "fear_random2000": 0.7100532054901123, "fear_random2500": 0.7511169910430908, "fear_random3000": 0.7365159392356873, "fear_random4000": 0.7103457450866699, "fear_random5000": 0.6688032150268555, "fear_random6000": 0.6132712960243225, "surprise_random500": 0.75058513879776, "surprise_random1000": 0.7547074556350708, "surprise_random1500": 0.7496276497840881, "surprise_random2000": 0.7532978653907776, "surprise_random2500": 0.7289096117019653, "surprise_random3000": 0.7565957307815552, "surprise_random4000": 0.5749202370643616, "surprise_random5000": 0.6996009945869446, "surprise_random6000": 0.7017553448677063, "disgust_random500": 0.7517552971839905, "disgust_random1000": 0.7345744967460632, "disgust_random1500": 0.7611967921257019, "disgust_random2000": 0.7466755509376526, "disgust_random2500": 0.7063829898834229, "disgust_random3000": 0.6529521346092224, "disgust_random4000": 0.65324467420578, "disgust_random5000": 0.7311968207359314, "disgust_random6000": 0.5797074437141418, "control_random500": 0.7565159201622009, "control_random1000": 0.7567552924156189, "control_random1500": 0.7536170482635498, "control_random2000": 0.7520478963851929, "control_random2500": 0.7577659487724304, "control_random3000": 0.7436968088150024, "control_random4000": 0.666702151298523, "control_random5000": 0.4897606372833252, "control_random6000": 0.561170220375061, "fairness_random500": 0.7629255056381226, "fairness_random1000": 0.7677658796310425, "fairness_random1500": 0.7406648993492126, "fairness_random2000": 0.7662766575813293, "fairness_random2500": 0.7335904240608215, "fairness_random3000": 0.7148138284683228, "fairness_random4000": 0.7536170482635498, "fairness_random5000": 0.6741223931312561, "fairness_random6000": 0.6904255151748657, "self-related_random500": 0.7518351078033447, "self-related_random1000": 0.7575265765190125, "self-related_random1500": 0.7451861500740051, "self-related_random2000": 0.7531382441520691, "self-related_random2500": 0.6979520916938782, "self-related_random3000": 0.4849202334880829, "self-related_random4000": 0.7324999570846558, "self-related_random5000": 0.6972606778144836, "self-related_random6000": 0.5657978653907776, "other-related_random500": 0.7457447052001953, "other-related_random1000": 0.47617021203041077, "other-related_random1500": 0.7666755318641663, "other-related_random2000": 0.7384840250015259, "other-related_random2500": 0.7378191947937012, "other-related_random3000": 0.7359840869903564, "other-related_random4000": 0.66707444190979, "other-related_random5000": 0.7050265669822693, "other-related_random6000": 0.5951063632965088, "expectedness_random500": 0.7603456974029541, "expectedness_random1000": 0.7591755986213684, "expectedness_random1500": 0.7665159702301025, "expectedness_random2000": 0.7601861357688904, "expectedness_random2500": 0.7490957975387573, "expectedness_random3000": 0.7235638499259949, "expectedness_random4000": 0.6827925443649292, "expectedness_random5000": 0.6558510065078735, "expectedness_random6000": 0.7161436080932617, "non-novelty_random500": 0.770186185836792, "non-novelty_random1000": 0.7493351101875305, "non-novelty_random1500": 0.7517552971839905, "non-novelty_random2000": 0.736914873123169, "non-novelty_random2500": 0.665372371673584, "non-novelty_random3000": 0.7233510613441467, "non-novelty_random4000": 0.7268882989883423, "non-novelty_random5000": 0.7036436200141907, "non-novelty_random6000": 0.5968350768089294}