{"sentiment": "approval", "seed": 7, "arousal_random500": 0.7674734592437744, "best": 0.7991285920143127, "arousal_random1000": 0.7589627504348755, "arousal_random1500": 0.7788031697273254, "arousal_random2000": 0.7267819046974182, "arousal_random2500": 0.7216223478317261, "arousal_random3000": 0.6404520869255066, "arousal_random4000": 0.4733510911464691, "arousal_random5000": 0.6717021465301514, "arousal_random6000": 0.4721010625362396, "valence_random500": 0.7698138356208801, "valence_random1000": 0.7598935961723328, "valence_random1500": 0.7610638737678528, "valence_random2000": 0.7715957164764404, "valence_random2500": 0.7320744395256042, "valence_random3000": 0.7105585336685181, "valence_random4000": 0.6234308481216431, "valence_random5000": 0.6992818713188171, "valence_random6000": 0.4535638093948364, "happy_random500": 0.7093616724014282, "happy_random1000": 0.7671542167663574, "happy_random1500": 0.7568350434303284, "happy_random2000": 0.7354521751403809, "happy_random2500": 0.7508244514465332, "happy_random3000": 0.735106348991394, "happy_random4000": 0.7199734449386597, "happy_random5000": 0.4946010708808899, "happy_random6000": 0.5096808671951294, "anger_random500": 0.7381914854049683, "anger_random1000": 0.7242020964622498, "anger_random1500": 0.6170212626457214, "anger_random2000": 0.7467819452285767, "anger_random2500": 0.6006914973258972, "anger_random3000": 0.7504255175590515, "anger_random4000": 0.6542021036148071, "anger_random5000": 0.6743616461753845, "anger_random6000": 0.7052925825119019, "sad_random500": 0.7663829922676086, "sad_random1000": 0.758643627166748, "sad_random1500": 0.7733244299888611, "sad_random2000": 0.6603723764419556, "sad_random2500": 0.7335372567176819, "sad_random3000": 0.4708510637283325, "sad_random4000": 0.6980584859848022, "sad_random5000": 0.4708510637283325, "sad_random6000": 0.4908510744571686, "fear_random500": 0.7588829398155212, "fear_random1000": 0.7340425252914429, "fear_random1500": 0.7652925252914429, "fear_random2000": 0.7401329874992371, "fear_random2500": 0.7486435770988464, "fear_random3000": 0.7051595449447632, "fear_random4000": 0.5744414925575256, "fear_random5000": 0.6294414401054382, "fear_random6000": 0.5796010494232178, "surprise_random500": 0.773803174495697, "surprise_random1000": 0.747473418712616, "surprise_random1500": 0.7587233781814575, "surprise_random2000": 0.7130318880081177, "surprise_random2500": 0.7411170601844788, "surprise_random3000": 0.7481649518013, "surprise_random4000": 0.6577393412590027, "surprise_random5000": 0.66343092918396, "surprise_random6000": 0.5596808195114136, "disgust_random500": 0.7253723740577698, "disgust_random1000": 0.7536436319351196, "disgust_random1500": 0.764654278755188, "disgust_random2000": 0.748085081577301, "disgust_random2500": 0.6779521107673645, "disgust_random3000": 0.7493351101875305, "disgust_random4000": 0.617313802242279, "disgust_random5000": 0.6998670101165771, "disgust_random6000": 0.5866755843162537, "control_random500": 0.7573935985565186, "control_random1000": 0.7569946646690369, "control_random1500": 0.757712721824646, "control_random2000": 0.7659041881561279, "control_random2500": 0.7387766242027283, "control_random3000": 0.7550265789031982, "control_random4000": 0.5345212817192078, "control_random5000": 0.4896010756492615, "control_random6000": 0.5833510756492615, "fairness_random500": 0.7598936557769775, "fairness_random1000": 0.7488031983375549, "fairness_random1500": 0.7413829565048218, "fairness_random2000": 0.7556648850440979, "fairness_random2500": 0.7476861476898193, "fairness_random3000": 0.7042819261550903, "fairness_random4000": 0.7601860761642456, "fairness_random5000": 0.6655319929122925, "fairness_random6000": 0.5471010804176331, "self-related_random500": 0.7521543502807617, "self-related_random1000": 0.729202151298523, "self-related_random1500": 0.7489627599716187, "self-related_random2000": 0.7657446265220642, "self-related_random2500": 0.7142819166183472, "self-related_random3000": 0.6091223359107971, "self-related_random4000": 0.7238829135894775, "self-related_random5000": 0.7307446599006653, "self-related_random6000": 0.6992819309234619, "other-related_random500": 0.7537234425544739, "other-related_random1000": 0.4252393841743469, "other-related_random1500": 0.7618350982666016, "other-related_random2000": 0.7329521775245667, "other-related_random2500": 0.6931914687156677, "other-related_random3000": 0.7277127504348755, "other-related_random4000": 0.603723406791687, "other-related_random5000": 0.530398964881897, "other-related_random6000": 0.5742553472518921, "expectedness_random500": 0.764893651008606, "expectedness_random1000": 0.7416223883628845, "expectedness_random1500": 0.7650531530380249, "expectedness_random2000": 0.7268617153167725, "expectedness_random2500": 0.7372872829437256, "expectedness_random3000": 0.7203723788261414, "expectedness_random4000": 0.7224733829498291, "expectedness_random5000": 0.5393085479736328, "expectedness_random6000": 0.641941487789154, "non-novelty_random500": 0.7723936438560486, "non-novelty_random1000": 0.711781919002533, "non-novelty_random1500": 0.7562233805656433, "non-novelty_random2000": 0.7318617105484009, "non-novelty_random2500": 0.7025531530380249, "non-novelty_random3000": 0.7527658939361572, "non-novelty_random4000": 0.6703723669052124, "non-novelty_random5000": 0.7250531911849976, "non-novelty_random6000": 0.6886169910430908}