{"sentiment": "approval", "seed": 15, "arousal_random500": 0.7458245158195496, "best": 0.7730618715286255, "arousal_random1000": 0.7348138093948364, "arousal_random1500": 0.7522340416908264, "arousal_random2000": 0.7198936343193054, "arousal_random2500": 0.713563859462738, "arousal_random3000": 0.698563814163208, "arousal_random4000": 0.5398138761520386, "arousal_random5000": 0.7171276211738586, "arousal_random6000": 0.6714361906051636, "valence_random500": 0.7473138570785522, "valence_random1000": 0.73917555809021, "valence_random1500": 0.7463032007217407, "valence_random2000": 0.7426063418388367, "valence_random2500": 0.728723406791687, "valence_random3000": 0.7035373449325562, "valence_random4000": 0.7246541976928711, "valence_random5000": 0.7455851435661316, "valence_random6000": 0.528484046459198, "happy_random500": 0.7298138737678528, "happy_random1000": 0.749255359172821, "happy_random1500": 0.7479255199432373, "happy_random2000": 0.7582446336746216, "happy_random2500": 0.7444946765899658, "happy_random3000": 0.714547872543335, "happy_random4000": 0.698803186416626, "happy_random5000": 0.6999468207359314, "happy_random6000": 0.5698138475418091, "anger_random500": 0.7248138785362244, "anger_random1000": 0.7319946885108948, "anger_random1500": 0.696143627166748, "anger_random2000": 0.7293351292610168, "anger_random2500": 0.5389627814292908, "anger_random3000": 0.7164361476898193, "anger_random4000": 0.7519148588180542, "anger_random5000": 0.6240425109863281, "anger_random6000": 0.6986170411109924, "sad_random500": 0.733404278755188, "sad_random1000": 0.7511436343193054, "sad_random1500": 0.7420744299888611, "sad_random2000": 0.5764628052711487, "sad_random2500": 0.723936140537262, "sad_random3000": 0.4652925431728363, "sad_random4000": 0.6778191328048706, "sad_random5000": 0.5477127432823181, "sad_random6000": 0.5774734020233154, "fear_random500": 0.7472341060638428, "fear_random1000": 0.7396543025970459, "fear_random1500": 0.7455850839614868, "fear_random2000": 0.7210638523101807, "fear_random2500": 0.7501860857009888, "fear_random3000": 0.7444148659706116, "fear_random4000": 0.7183244824409485, "fear_random5000": 0.7303457260131836, "fear_random6000": 0.5241223573684692, "surprise_random500": 0.7458245158195496, "surprise_random1000": 0.7508244514465332, "surprise_random1500": 0.7467553615570068, "surprise_random2000": 0.7385638356208801, "surprise_random2500": 0.7415956258773804, "surprise_random3000": 0.7289361357688904, "surprise_random4000": 0.6300532221794128, "surprise_random5000": 0.7049468159675598, "surprise_random6000": 0.6659840941429138, "disgust_random500": 0.735824465751648, "disgust_random1000": 0.7397341132164001, "disgust_random1500": 0.7519148588180542, "disgust_random2000": 0.7403457164764404, "disgust_random2500": 0.7176329493522644, "disgust_random3000": 0.7294946908950806, "disgust_random4000": 0.7042287588119507, "disgust_random5000": 0.7111170291900635, "disgust_random6000": 0.6461701989173889, "control_random500": 0.7455851435661316, "control_random1000": 0.7521542310714722, "control_random1500": 0.7431648373603821, "control_random2000": 0.7201861143112183, "control_random2500": 0.7441754937171936, "control_random3000": 0.7210372686386108, "control_random4000": 0.6852127313613892, "control_random5000": 0.5326330065727234, "control_random6000": 0.6061436533927917, "fairness_random500": 0.7422340512275696, "fairness_random1000": 0.7408245205879211, "fairness_random1500": 0.7145744562149048, "fairness_random2000": 0.7367553114891052, "fairness_random2500": 0.7401063442230225, "fairness_random3000": 0.7117021679878235, "fairness_random4000": 0.732845664024353, "fairness_random5000": 0.6982446908950806, "fairness_random6000": 0.6724733710289001, "self-related_random500": 0.7381649017333984, "self-related_random1000": 0.7418350577354431, "self-related_random1500": 0.7533244490623474, "self-related_random2000": 0.735345721244812, "self-related_random2500": 0.7198936343193054, "self-related_random3000": 0.5027127861976624, "self-related_random4000": 0.6869680285453796, "self-related_random5000": 0.6662499308586121, "self-related_random6000": 0.7200266122817993, "other-related_random500": 0.7346541881561279, "other-related_random1000": 0.4627925455570221, "other-related_random1500": 0.7442553639411926, "other-related_random2000": 0.7381649017333984, "other-related_random2500": 0.7259840965270996, "other-related_random3000": 0.7419947385787964, "other-related_random4000": 0.6367021799087524, "other-related_random5000": 0.6789892911911011, "other-related_random6000": 0.665638267993927, "expectedness_random500": 0.7495744824409485, "expectedness_random1000": 0.7494946718215942, "expectedness_random1500": 0.7330850958824158, "expectedness_random2000": 0.7248138785362244, "expectedness_random2500": 0.7391754984855652, "expectedness_random3000": 0.7294946312904358, "expectedness_random4000": 0.7317553758621216, "expectedness_random5000": 0.7088564038276672, "expectedness_random6000": 0.696143627166748, "non-novelty_random500": 0.7594148516654968, "non-novelty_random1000": 0.7370744943618774, "non-novelty_random1500": 0.7460638880729675, "non-novelty_random2000": 0.7416755557060242, "non-novelty_random2500": 0.7259043455123901, "non-novelty_random3000": 0.7187765836715698, "non-novelty_random4000": 0.7355053424835205, "non-novelty_random5000": 0.7257446646690369, "non-novelty_random6000": 0.578244686126709}