{"sentiment": "approval", "seed": 3, "arousal_random500": 0.7680053114891052, "best": 0.754957914352417, "arousal_random1000": 0.7544946670532227, "arousal_random1500": 0.7417553067207336, "arousal_random2000": 0.7245744466781616, "arousal_random2500": 0.6984840631484985, "arousal_random3000": 0.7066755890846252, "arousal_random4000": 0.4915425777435303, "arousal_random5000": 0.740877628326416, "arousal_random6000": 0.4828723669052124, "valence_random500": 0.7566755414009094, "valence_random1000": 0.7580053210258484, "valence_random1500": 0.7490159273147583, "valence_random2000": 0.7463563680648804, "valence_random2500": 0.7474467754364014, "valence_random3000": 0.7404786944389343, "valence_random4000": 0.7170478701591492, "valence_random5000": 0.737845778465271, "valence_random6000": 0.5315957069396973, "happy_random500": 0.7465957403182983, "happy_random1000": 0.7539361119270325, "happy_random1500": 0.7252393364906311, "happy_random2000": 0.744494616985321, "happy_random2500": 0.7242287397384644, "happy_random3000": 0.7239095568656921, "happy_random4000": 0.7202393412590027, "happy_random5000": 0.6345744729042053, "happy_random6000": 0.5973936319351196, "anger_random500": 0.7520744204521179, "anger_random1000": 0.7544946074485779, "anger_random1500": 0.7080053687095642, "anger_random2000": 0.737845778465271, "anger_random2500": 0.663962721824646, "anger_random3000": 0.7231649160385132, "anger_random4000": 0.7463563680648804, "anger_random5000": 0.6538032293319702, "anger_random6000": 0.7124202251434326, "sad_random500": 0.7518350481987, "sad_random1000": 0.7539361715316772, "sad_random1500": 0.7691755294799805, "sad_random2000": 0.6934041976928711, "sad_random2500": 0.7400265336036682, "sad_random3000": 0.4617021679878235, "sad_random4000": 0.6776329874992371, "sad_random5000": 0.6315957307815552, "sad_random6000": 0.6278723478317261, "fear_random500": 0.7567552924156189, "fear_random1000": 0.7355053424835205, "fear_random1500": 0.7594946622848511, "fear_random2000": 0.717313826084137, "fear_random2500": 0.7179787158966064, "fear_random3000": 0.7275000214576721, "fear_random4000": 0.6919946670532227, "fear_random5000": 0.7027393579483032, "fear_random6000": 0.5742021799087524, "surprise_random500": 0.7512766122817993, "surprise_random1000": 0.7433776259422302, "surprise_random1500": 0.736196756362915, "surprise_random2000": 0.7212234139442444, "surprise_random2500": 0.7463563680648804, "surprise_random3000": 0.7282446622848511, "surprise_random4000": 0.7129255533218384, "surprise_random5000": 0.7124468088150024, "surprise_random6000": 0.6006914973258972, "disgust_random500": 0.7517552971839905, "disgust_random1000": 0.7459042072296143, "disgust_random1500": 0.7605053186416626, "disgust_random2000": 0.7451861500740051, "disgust_random2500": 0.667792558670044, "disgust_random3000": 0.7293351292610168, "disgust_random4000": 0.6780319213867188, "disgust_random5000": 0.6326329708099365, "disgust_random6000": 0.6889095902442932, "control_random500": 0.7544149160385132, "control_random1000": 0.7519946694374084, "control_random1500": 0.7435372471809387, "control_random2000": 0.7644148468971252, "control_random2500": 0.7370477914810181, "control_random3000": 0.7448670268058777, "control_random4000": 0.6366223692893982, "control_random5000": 0.46811169385910034, "control_random6000": 0.6549733877182007, "fairness_random500": 0.767154335975647, "fairness_random1000": 0.7557446360588074, "fairness_random1500": 0.734494686126709, "fairness_random2000": 0.7442553043365479, "fairness_random2500": 0.7258776426315308, "fairness_random3000": 0.7548137903213501, "fairness_random4000": 0.7386170029640198, "fairness_random5000": 0.6415424942970276, "fairness_random6000": 0.6427925825119019, "self-related_random500": 0.7626063823699951, "self-related_random1000": 0.7181382775306702, "self-related_random1500": 0.7363563179969788, "self-related_random2000": 0.7522872090339661, "self-related_random2500": 0.7286436557769775, "self-related_random3000": 0.5441223382949829, "self-related_random4000": 0.6983510255813599, "self-related_random5000": 0.7069680690765381, "self-related_random6000": 0.6282446980476379, "other-related_random500": 0.7545744776725769, "other-related_random1000": 0.4567021131515503, "other-related_random1500": 0.7550265192985535, "other-related_random2000": 0.7198936343193054, "other-related_random2500": 0.74941486120224, "other-related_random3000": 0.7221276164054871, "other-related_random4000": 0.6333244442939758, "other-related_random5000": 0.6806648969650269, "other-related_random6000": 0.6264627575874329, "expectedness_random500": 0.7564361095428467, "expectedness_random1000": 0.7486968040466309, "expectedness_random1500": 0.7397074699401855, "expectedness_random2000": 0.75300532579422, "expectedness_random2500": 0.7464361190795898, "expectedness_random3000": 0.7480053305625916, "expectedness_random4000": 0.7122340202331543, "expectedness_random5000": 0.681728720664978, "expectedness_random6000": 0.7054255604743958, "non-novelty_random500": 0.7653456926345825, "non-novelty_random1000": 0.7540956735610962, "non-novelty_random1500": 0.7369946837425232, "non-novelty_random2000": 0.7428456544876099, "non-novelty_random2500": 0.7265159487724304, "non-novelty_random3000": 0.7412765622138977, "non-novelty_random4000": 0.7133244872093201, "non-novelty_random5000": 0.6918084621429443, "non-novelty_random6000": 0.6376329660415649}