{"sentiment": "approval", "seed": 17, "arousal_random500": 0.7387234568595886, "best": 0.748948335647583, "arousal_random1000": 0.7164627909660339, "arousal_random1500": 0.7390956878662109, "arousal_random2000": 0.7230052947998047, "arousal_random2500": 0.696622371673584, "arousal_random3000": 0.7123669981956482, "arousal_random4000": 0.6039627194404602, "arousal_random5000": 0.6959042549133301, "arousal_random6000": 0.6715691089630127, "valence_random500": 0.728723406791687, "valence_random1000": 0.7362234592437744, "valence_random1500": 0.7249734401702881, "valence_random2000": 0.7211436033248901, "valence_random2500": 0.7115159034729004, "valence_random3000": 0.7206382751464844, "valence_random4000": 0.6442021131515503, "valence_random5000": 0.696143627166748, "valence_random6000": 0.5383776426315308, "happy_random500": 0.7275532484054565, "happy_random1000": 0.7345744967460632, "happy_random1500": 0.7186170220375061, "happy_random2000": 0.7398139238357544, "happy_random2500": 0.7148936986923218, "happy_random3000": 0.7059574127197266, "happy_random4000": 0.7084840536117554, "happy_random5000": 0.6432446837425232, "happy_random6000": 0.635558545589447, "anger_random500": 0.7176330089569092, "anger_random1000": 0.7200531959533691, "anger_random1500": 0.6739627122879028, "anger_random2000": 0.7062234282493591, "anger_random2500": 0.7001063823699951, "anger_random3000": 0.7008244395256042, "anger_random4000": 0.7211967706680298, "anger_random5000": 0.6155319213867188, "anger_random6000": 0.7103191614151001, "sad_random500": 0.7296543121337891, "sad_random1000": 0.7202127575874329, "sad_random1500": 0.7200531959533691, "sad_random2000": 0.695053219795227, "sad_random2500": 0.7311170697212219, "sad_random3000": 0.6246542930603027, "sad_random4000": 0.6694414615631104, "sad_random5000": 0.628856360912323, "sad_random6000": 0.4854521155357361, "fear_random500": 0.7350531816482544, "fear_random1000": 0.7394148707389832, "fear_random1500": 0.7288829684257507, "fear_random2000": 0.6741223335266113, "fear_random2500": 0.7253457307815552, "fear_random3000": 0.7059839963912964, "fear_random4000": 0.6266223788261414, "fear_random5000": 0.6913031935691833, "fear_random6000": 0.5292021632194519, "surprise_random500": 0.7149733901023865, "surprise_random1000": 0.7388031482696533, "surprise_random1500": 0.7137234210968018, "surprise_random2000": 0.693882942199707, "surprise_random2500": 0.7301063537597656, "surprise_random3000": 0.6605319380760193, "surprise_random4000": 0.6815159320831299, "surprise_random5000": 0.6475532054901123, "surprise_random6000": 0.5776329636573792, "disgust_random500": 0.7350532412528992, "disgust_random1000": 0.7238829731941223, "disgust_random1500": 0.697712779045105, "disgust_random2000": 0.7039627432823181, "disgust_random2500": 0.616941511631012, "disgust_random3000": 0.7169148921966553, "disgust_random4000": 0.7027393579483032, "disgust_random5000": 0.6227924823760986, "disgust_random6000": 0.6444947123527527, "control_random500": 0.7355052828788757, "control_random1000": 0.7238829731941223, "control_random1500": 0.7238829731941223, "control_random2000": 0.7074733972549438, "control_random2500": 0.7249468564987183, "control_random3000": 0.7067552804946899, "control_random4000": 0.6840425729751587, "control_random5000": 0.6953457593917847, "control_random6000": 0.6868085265159607, "fairness_random500": 0.7386436462402344, "fairness_random1000": 0.7312234044075012, "fairness_random1500": 0.7207446694374084, "fairness_random2000": 0.7369148135185242, "fairness_random2500": 0.7296276092529297, "fairness_random3000": 0.6917819380760193, "fairness_random4000": 0.7076329588890076, "fairness_random5000": 0.6195744872093201, "fairness_random6000": 0.5380319356918335, "self-related_random500": 0.7360638380050659, "self-related_random1000": 0.7268350720405579, "self-related_random1500": 0.7272340655326843, "self-related_random2000": 0.7209841012954712, "self-related_random2500": 0.707712709903717, "self-related_random3000": 0.5090425610542297, "self-related_random4000": 0.7109839916229248, "self-related_random5000": 0.6863829493522644, "self-related_random6000": 0.6400531530380249, "other-related_random500": 0.729813814163208, "other-related_random1000": 0.4728723466396332, "other-related_random1500": 0.7255052924156189, "other-related_random2000": 0.7217021584510803, "other-related_random2500": 0.7015426158905029, "other-related_random3000": 0.6664627194404602, "other-related_random4000": 0.6350531578063965, "other-related_random5000": 0.6567021012306213, "other-related_random6000": 0.6348139047622681, "expectedness_random500": 0.7373138666152954, "expectedness_random1000": 0.7301329374313354, "expectedness_random1500": 0.7201329469680786, "expectedness_random2000": 0.7373936772346497, "expectedness_random2500": 0.7150532007217407, "expectedness_random3000": 0.6830319166183472, "expectedness_random4000": 0.6690425872802734, "expectedness_random5000": 0.5984840393066406, "expectedness_random6000": 0.5665425658226013, "non-novelty_random500": 0.7447340488433838, "non-novelty_random1000": 0.733404278755188, "non-novelty_random1500": 0.7152925729751587, "non-novelty_random2000": 0.6992021203041077, "non-novelty_random2500": 0.7044946551322937, "non-novelty_random3000": 0.6958776116371155, "non-novelty_random4000": 0.6692021489143372, "non-novelty_random5000": 0.646622359752655, "non-novelty_random6000": 0.6480851173400879}