{"sentiment": "caring", "seed": 17, "arousal_random500": 0.8658332824707031, "best": 0.8492187261581421, "arousal_random1000": 0.8758333325386047, "arousal_random1500": 0.7599999904632568, "arousal_random2000": 0.8433333039283752, "arousal_random2500": 0.8433333039283752, "arousal_random3000": 0.7791666984558105, "arousal_random4000": 0.7799999713897705, "arousal_random5000": 0.762499988079071, "arousal_random6000": 0.7524999976158142, "valence_random500": 0.8733332753181458, "valence_random1000": 0.8733332753181458, "valence_random1500": 0.8558333516120911, "valence_random2000": 0.8583332896232605, "valence_random2500": 0.8483332991600037, "valence_random3000": 0.8016666769981384, "valence_random4000": 0.8458333015441895, "valence_random5000": 0.8650000095367432, "valence_random6000": 0.590833306312561, "happy_random500": 0.8658332824707031, "happy_random1000": 0.8433333039283752, "happy_random1500": 0.8708332777023315, "happy_random2000": 0.8433333039283752, "happy_random2500": 0.8949999809265137, "happy_random3000": 0.8433333039283752, "happy_random4000": 0.7549999952316284, "happy_random5000": 0.38999998569488525, "happy_random6000": 0.6549999713897705, "anger_random500": 0.8808333277702332, "anger_random1000": 0.8191666603088379, "anger_random1500": 0.8233333230018616, "anger_random2000": 0.8425000309944153, "anger_random2500": 0.7616667151451111, "anger_random3000": 0.7816666960716248, "anger_random4000": 0.721666693687439, "anger_random5000": 0.7224999666213989, "anger_random6000": 0.7724999785423279, "sad_random500": 0.8733333349227905, "sad_random1000": 0.8708333373069763, "sad_random1500": 0.8608332872390747, "sad_random2000": 0.6550000309944153, "sad_random2500": 0.8208333253860474, "sad_random3000": 0.6225000023841858, "sad_random4000": 0.5716667175292969, "sad_random5000": 0.6825000047683716, "sad_random6000": 0.6499999761581421, "fear_random500": 0.8683332800865173, "fear_random1000": 0.8658332824707031, "fear_random1500": 0.875, "fear_random2000": 0.8508333563804626, "fear_random2500": 0.8608332872390747, "fear_random3000": 0.8383333086967468, "fear_random4000": 0.7708333134651184, "fear_random5000": 0.7566667199134827, "fear_random6000": 0.6924999952316284, "surprise_random500": 0.8708332777023315, "surprise_random1000": 0.8483332991600037, "surprise_random1500": 0.8508332967758179, "surprise_random2000": 0.8558332920074463, "surprise_random2500": 0.8533332943916321, "surprise_random3000": 0.8358333110809326, "surprise_random4000": 0.8083333373069763, "surprise_random5000": 0.7691667079925537, "surprise_random6000": 0.8299999833106995, "disgust_random500": 0.8633332848548889, "disgust_random1000": 0.7941666841506958, "disgust_random1500": 0.8633332848548889, "disgust_random2000": 0.8583332896232605, "disgust_random2500": 0.8233333230018616, "disgust_random3000": 0.8216666579246521, "disgust_random4000": 0.862500011920929, "disgust_random5000": 0.7833333015441895, "disgust_random6000": 0.5183333158493042, "control_random500": 0.8533332943916321, "control_random1000": 0.8758333325386047, "control_random1500": 0.8533332943916321, "control_random2000": 0.8633332848548889, "control_random2500": 0.8533332943916321, "control_random3000": 0.8474999666213989, "control_random4000": 0.8199999928474426, "control_random5000": 0.7950000166893005, "control_random6000": 0.8100000023841858, "fairness_random500": 0.8733333349227905, "fairness_random1000": 0.8583332896232605, "fairness_random1500": 0.7541666626930237, "fairness_random2000": 0.8608333468437195, "fairness_random2500": 0.7741667032241821, "fairness_random3000": 0.8899999856948853, "fairness_random4000": 0.8333333134651184, "fairness_random5000": 0.5708333253860474, "fairness_random6000": 0.7099999785423279, "self-related_random500": 0.8633332848548889, "self-related_random1000": 0.8633332848548889, "self-related_random1500": 0.8558333516120911, "self-related_random2000": 0.8558332920074463, "self-related_random2500": 0.8508332967758179, "self-related_random3000": 0.6725000143051147, "self-related_random4000": 0.8824999928474426, "self-related_random5000": 0.7758333086967468, "self-related_random6000": 0.6324999928474426, "other-related_random500": 0.8708332777023315, "other-related_random1000": 0.6499999761581421, "other-related_random1500": 0.8558333516120911, "other-related_random2000": 0.7916666865348816, "other-related_random2500": 0.8508332967758179, "other-related_random3000": 0.8125, "other-related_random4000": 0.7074999809265137, "other-related_random5000": 0.8700000047683716, "other-related_random6000": 0.7949999570846558, "expectedness_random500": 0.8683332800865173, "expectedness_random1000": 0.87583327293396, "expectedness_random1500": 0.8683332800865173, "expectedness_random2000": 0.8825000524520874, "expectedness_random2500": 0.8658332824707031, "expectedness_random3000": 0.840833306312561, "expectedness_random4000": 0.8158332705497742, "expectedness_random5000": 0.7099999785423279, "expectedness_random6000": 0.75, "non-novelty_random500": 0.8683332800865173, "non-novelty_random1000": 0.8608332872390747, "non-novelty_random1500": 0.8583332896232605, "non-novelty_random2000": 0.8533332943916321, "non-novelty_random2500": 0.7866666913032532, "non-novelty_random3000": 0.79666668176651, "non-novelty_random4000": 0.7725000381469727, "non-novelty_random5000": 0.784166693687439, "non-novelty_random6000": 0.5833333134651184}