{"sentiment": "caring", "seed": 42, "arousal_random500": 0.9075000286102295, "best": 0.9014062881469727, "arousal_random1000": 0.9049999713897705, "arousal_random1500": 0.9099999666213989, "arousal_random2000": 0.9074999690055847, "arousal_random2500": 0.8925000429153442, "arousal_random3000": 0.8233333230018616, "arousal_random4000": 0.8424999713897705, "arousal_random5000": 0.7599999904632568, "arousal_random6000": 0.7200000286102295, "valence_random500": 0.9099999666213989, "valence_random1000": 0.8999999761581421, "valence_random1500": 0.9024999737739563, "valence_random2000": 0.9099999666213989, "valence_random2500": 0.8774999976158142, "valence_random3000": 0.887499988079071, "valence_random4000": 0.8550000190734863, "valence_random5000": 0.8950000405311584, "valence_random6000": 0.6833333373069763, "happy_random500": 0.9075000286102295, "happy_random1000": 0.9099999666213989, "happy_random1500": 0.8999999761581421, "happy_random2000": 0.8975000381469727, "happy_random2500": 0.8999999761581421, "happy_random3000": 0.840833306312561, "happy_random4000": 0.7875000238418579, "happy_random5000": 0.4124999940395355, "happy_random6000": 0.6524999737739563, "anger_random500": 0.9075000286102295, "anger_random1000": 0.9049999713897705, "anger_random1500": 0.9050000309944153, "anger_random2000": 0.8675000071525574, "anger_random2500": 0.8949999809265137, "anger_random3000": 0.887499988079071, "anger_random4000": 0.8725000023841858, "anger_random5000": 0.8149999976158142, "anger_random6000": 0.8299999833106995, "sad_random500": 0.9149999618530273, "sad_random1000": 0.9125000238418579, "sad_random1500": 0.8999999761581421, "sad_random2000": 0.8433333039283752, "sad_random2500": 0.9049999713897705, "sad_random3000": 0.7149999737739563, "sad_random4000": 0.7274999618530273, "sad_random5000": 0.737500011920929, "sad_random6000": 0.7524999976158142, "fear_random500": 0.9025000333786011, "fear_random1000": 0.9075000286102295, "fear_random1500": 0.8949999809265137, "fear_random2000": 0.9199999570846558, "fear_random2500": 0.8899999856948853, "fear_random3000": 0.8949999809265137, "fear_random4000": 0.8450000286102295, "fear_random5000": 0.8424999713897705, "fear_random6000": 0.7074999809265137, "surprise_random500": 0.9099999666213989, "surprise_random1000": 0.887499988079071, "surprise_random1500": 0.8975000381469727, "surprise_random2000": 0.8950000405311584, "surprise_random2500": 0.8899999856948853, "surprise_random3000": 0.8675000071525574, "surprise_random4000": 0.8208333253860474, "surprise_random5000": 0.8774999976158142, "surprise_random6000": 0.8149999976158142, "disgust_random500": 0.9074999690055847, "disgust_random1000": 0.8583332896232605, "disgust_random1500": 0.875, "disgust_random2000": 0.8899999856948853, "disgust_random2500": 0.8799999952316284, "disgust_random3000": 0.8949999809265137, "disgust_random4000": 0.8700000047683716, "disgust_random5000": 0.7825000286102295, "disgust_random6000": 0.7758333086967468, "control_random500": 0.9049999713897705, "control_random1000": 0.9074999690055847, "control_random1500": 0.8799999952316284, "control_random2000": 0.8975000381469727, "control_random2500": 0.7916666865348816, "control_random3000": 0.862500011920929, "control_random4000": 0.8725000023841858, "control_random5000": 0.7475000023841858, "control_random6000": 0.8725000023841858, "fairness_random500": 0.9125000238418579, "fairness_random1000": 0.8975000381469727, "fairness_random1500": 0.8233333230018616, "fairness_random2000": 0.8508332967758179, "fairness_random2500": 0.9024999737739563, "fairness_random3000": 0.8949999809265137, "fairness_random4000": 0.9099999666213989, "fairness_random5000": 0.5816667079925537, "fairness_random6000": 0.8324999809265137, "self-related_random500": 0.9099999666213989, "self-related_random1000": 0.8999999761581421, "self-related_random1500": 0.8458333015441895, "self-related_random2000": 0.8999999761581421, "self-related_random2500": 0.8974999785423279, "self-related_random3000": 0.7599999904632568, "self-related_random4000": 0.862500011920929, "self-related_random5000": 0.8400000333786011, "self-related_random6000": 0.8100000023841858, "other-related_random500": 0.9049999713897705, "other-related_random1000": 0.7400000095367432, "other-related_random1500": 0.9025000333786011, "other-related_random2000": 0.9000000357627869, "other-related_random2500": 0.9125000238418579, "other-related_random3000": 0.8700000047683716, "other-related_random4000": 0.8700000047683716, "other-related_random5000": 0.8925000429153442, "other-related_random6000": 0.7591666579246521, "expectedness_random500": 0.9125000238418579, "expectedness_random1000": 0.9075000286102295, "expectedness_random1500": 0.8975000381469727, "expectedness_random2000": 0.8999999761581421, "expectedness_random2500": 0.8999999761581421, "expectedness_random3000": 0.8824999928474426, "expectedness_random4000": 0.8700000047683716, "expectedness_random5000": 0.8550000190734863, "expectedness_random6000": 0.8125, "non-novelty_random500": 0.9175000190734863, "non-novelty_random1000": 0.8899999856948853, "non-novelty_random1500": 0.9099999666213989, "non-novelty_random2000": 0.9075000286102295, "non-novelty_random2500": 0.875, "non-novelty_random3000": 0.8824999928474426, "non-novelty_random4000": 0.7975000143051147, "non-novelty_random5000": 0.8558332920074463, "non-novelty_random6000": 0.8324999809265137}