{"sentiment": "caring", "seed": 9, "arousal_random500": 0.862500011920929, "best": 0.8501562476158142, "arousal_random1000": 0.862500011920929, "arousal_random1500": 0.7416666746139526, "arousal_random2000": 0.8300000429153442, "arousal_random2500": 0.8075000047683716, "arousal_random3000": 0.6675000190734863, "arousal_random4000": 0.6558333039283752, "arousal_random5000": 0.6349999904632568, "arousal_random6000": 0.6399999856948853, "valence_random500": 0.8183333277702332, "valence_random1000": 0.8133333325386047, "valence_random1500": 0.8600000143051147, "valence_random2000": 0.8325000405311584, "valence_random2500": 0.8450000286102295, "valence_random3000": 0.8600000143051147, "valence_random4000": 0.8299999833106995, "valence_random5000": 0.7950000166893005, "valence_random6000": 0.41749998927116394, "happy_random500": 0.8650000095367432, "happy_random1000": 0.8208333253860474, "happy_random1500": 0.6725000143051147, "happy_random2000": 0.6924999952316284, "happy_random2500": 0.8033332824707031, "happy_random3000": 0.38999998569488525, "happy_random4000": 0.8174999952316284, "happy_random5000": 0.6258333325386047, "happy_random6000": 0.6225000023841858, "anger_random500": 0.8600000143051147, "anger_random1000": 0.7591666579246521, "anger_random1500": 0.8083332777023315, "anger_random2000": 0.7483333349227905, "anger_random2500": 0.45249998569488525, "anger_random3000": 0.7316666841506958, "anger_random4000": 0.8574999570846558, "anger_random5000": 0.7049999833106995, "anger_random6000": 0.7300000190734863, "sad_random500": 0.862500011920929, "sad_random1000": 0.815833330154419, "sad_random1500": 0.8133333325386047, "sad_random2000": 0.8475000262260437, "sad_random2500": 0.7316666841506958, "sad_random3000": 0.7508333325386047, "sad_random4000": 0.6441667079925537, "sad_random5000": 0.6675000190734863, "sad_random6000": 0.6899999976158142, "fear_random500": 0.8308333158493042, "fear_random1000": 0.8333333134651184, "fear_random1500": 0.8575000166893005, "fear_random2000": 0.8350000381469727, "fear_random2500": 0.8700000047683716, "fear_random3000": 0.7925000190734863, "fear_random4000": 0.6474999785423279, "fear_random5000": 0.4350000023841858, "fear_random6000": 0.7024999856948853, "surprise_random500": 0.8650000095367432, "surprise_random1000": 0.8425000309944153, "surprise_random1500": 0.8299999833106995, "surprise_random2000": 0.8624999523162842, "surprise_random2500": 0.5416666865348816, "surprise_random3000": 0.8224999904632568, "surprise_random4000": 0.7933332920074463, "surprise_random5000": 0.4441666305065155, "surprise_random6000": 0.6200000047683716, "disgust_random500": 0.8183333277702332, "disgust_random1000": 0.8058332800865173, "disgust_random1500": 0.8400000333786011, "disgust_random2000": 0.8350000381469727, "disgust_random2500": 0.7933332920074463, "disgust_random3000": 0.8083332777023315, "disgust_random4000": 0.44749999046325684, "disgust_random5000": 0.8174999952316284, "disgust_random6000": 0.4024999737739563, "control_random500": 0.82833331823349, "control_random1000": 0.8450000286102295, "control_random1500": 0.8524999618530273, "control_random2000": 0.7975000143051147, "control_random2500": 0.4049999713897705, "control_random3000": 0.7666667103767395, "control_random4000": 0.7300000190734863, "control_random5000": 0.6775000095367432, "control_random6000": 0.7224999666213989, "fairness_random500": 0.8575000166893005, "fairness_random1000": 0.8208333253860474, "fairness_random1500": 0.7541666626930237, "fairness_random2000": 0.8233333230018616, "fairness_random2500": 0.8208333253860474, "fairness_random3000": 0.7524999976158142, "fairness_random4000": 0.8083333373069763, "fairness_random5000": 0.5758333206176758, "fairness_random6000": 0.6449999809265137, "self-related_random500": 0.8308333158493042, "self-related_random1000": 0.8524999618530273, "self-related_random1500": 0.7024999856948853, "self-related_random2000": 0.8274999856948853, "self-related_random2500": 0.5325000286102295, "self-related_random3000": 0.7058333158493042, "self-related_random4000": 0.7691667079925537, "self-related_random5000": 0.5458333492279053, "self-related_random6000": 0.6725000143051147, "other-related_random500": 0.8500000238418579, "other-related_random1000": 0.4716666340827942, "other-related_random1500": 0.8258333206176758, "other-related_random2000": 0.8425000309944153, "other-related_random2500": 0.3974999785423279, "other-related_random3000": 0.8324999809265137, "other-related_random4000": 0.8033333420753479, "other-related_random5000": 0.5216666460037231, "other-related_random6000": 0.4191666841506958, "expectedness_random500": 0.8574999570846558, "expectedness_random1000": 0.8550000190734863, "expectedness_random1500": 0.8133333325386047, "expectedness_random2000": 0.8058332800865173, "expectedness_random2500": 0.8475000262260437, "expectedness_random3000": 0.7649999856948853, "expectedness_random4000": 0.73416668176651, "expectedness_random5000": 0.8025000095367432, "expectedness_random6000": 0.6449999809265137, "non-novelty_random500": 0.8258333206176758, "non-novelty_random1000": 0.8375000357627869, "non-novelty_random1500": 0.8424999713897705, "non-novelty_random2000": 0.8550000190734863, "non-novelty_random2500": 0.8108333349227905, "non-novelty_random3000": 0.7316666841506958, "non-novelty_random4000": 0.7549999952316284, "non-novelty_random5000": 0.6725000143051147, "non-novelty_random6000": 0.4074999988079071}