{"sentiment": "caring", "seed": 11, "arousal_random500": 0.8683332800865173, "best": 0.8694531321525574, "arousal_random1000": 0.8708333373069763, "arousal_random1500": 0.8558332920074463, "arousal_random2000": 0.8383333086967468, "arousal_random2500": 0.8433333039283752, "arousal_random3000": 0.75, "arousal_random4000": 0.6200000047683716, "arousal_random5000": 0.6924999952316284, "arousal_random6000": 0.6075000166893005, "valence_random500": 0.8633332848548889, "valence_random1000": 0.8633332848548889, "valence_random1500": 0.8583332896232605, "valence_random2000": 0.8733333349227905, "valence_random2500": 0.8658333420753479, "valence_random3000": 0.8308333158493042, "valence_random4000": 0.840833306312561, "valence_random5000": 0.778333306312561, "valence_random6000": 0.38499999046325684, "happy_random500": 0.8708333373069763, "happy_random1000": 0.8683332800865173, "happy_random1500": 0.8083333373069763, "happy_random2000": 0.8558333516120911, "happy_random2500": 0.8533332943916321, "happy_random3000": 0.8483332991600037, "happy_random4000": 0.762499988079071, "happy_random5000": 0.8058333396911621, "happy_random6000": 0.3166666626930237, "anger_random500": 0.8683332800865173, "anger_random1000": 0.8608332872390747, "anger_random1500": 0.7699999809265137, "anger_random2000": 0.8308333158493042, "anger_random2500": 0.8100000023841858, "anger_random3000": 0.8433333039283752, "anger_random4000": 0.824999988079071, "anger_random5000": 0.8108333349227905, "anger_random6000": 0.6800000071525574, "sad_random500": 0.8633332848548889, "sad_random1000": 0.8583332896232605, "sad_random1500": 0.8733333349227905, "sad_random2000": 0.8308333158493042, "sad_random2500": 0.8658333420753479, "sad_random3000": 0.528333306312561, "sad_random4000": 0.8058332800865173, "sad_random5000": 0.5208333134651184, "sad_random6000": 0.6075000166893005, "fear_random500": 0.8608332872390747, "fear_random1000": 0.8733332753181458, "fear_random1500": 0.8633332848548889, "fear_random2000": 0.8708333373069763, "fear_random2500": 0.8533332943916321, "fear_random3000": 0.8658333420753479, "fear_random4000": 0.6775000095367432, "fear_random5000": 0.7224999666213989, "fear_random6000": 0.6100000143051147, "surprise_random500": 0.8833332657814026, "surprise_random1000": 0.8583332896232605, "surprise_random1500": 0.8433333039283752, "surprise_random2000": 0.8508333563804626, "surprise_random2500": 0.8558333516120911, "surprise_random3000": 0.8683333396911621, "surprise_random4000": 0.7108333110809326, "surprise_random5000": 0.82833331823349, "surprise_random6000": 0.7350000143051147, "disgust_random500": 0.8683332800865173, "disgust_random1000": 0.8508332967758179, "disgust_random1500": 0.8458333611488342, "disgust_random2000": 0.8458333015441895, "disgust_random2500": 0.8199999928474426, "disgust_random3000": 0.8558333516120911, "disgust_random4000": 0.8183332681655884, "disgust_random5000": 0.70333331823349, "disgust_random6000": 0.7224999666213989, "control_random500": 0.8658332824707031, "control_random1000": 0.8683332800865173, "control_random1500": 0.8583332896232605, "control_random2000": 0.8608332872390747, "control_random2500": 0.8533332943916321, "control_random3000": 0.8458333015441895, "control_random4000": 0.815833330154419, "control_random5000": 0.6299999952316284, "control_random6000": 0.6775000095367432, "fairness_random500": 0.8583332896232605, "fairness_random1000": 0.8658332824707031, "fairness_random1500": 0.8533332943916321, "fairness_random2000": 0.8683333396911621, "fairness_random2500": 0.8608333468437195, "fairness_random3000": 0.7908332943916321, "fairness_random4000": 0.8033333420753479, "fairness_random5000": 0.753333330154419, "fairness_random6000": 0.612500011920929, "self-related_random500": 0.8658333420753479, "self-related_random1000": 0.8658333420753479, "self-related_random1500": 0.8633332848548889, "self-related_random2000": 0.8558332920074463, "self-related_random2500": 0.8608333468437195, "self-related_random3000": 0.6600000262260437, "self-related_random4000": 0.7383333444595337, "self-related_random5000": 0.6075000166893005, "self-related_random6000": 0.7008333206176758, "other-related_random500": 0.8583332896232605, "other-related_random1000": 0.2849999964237213, "other-related_random1500": 0.8533332943916321, "other-related_random2000": 0.8608333468437195, "other-related_random2500": 0.8708333373069763, "other-related_random3000": 0.8258333206176758, "other-related_random4000": 0.7124999761581421, "other-related_random5000": 0.6649999618530273, "other-related_random6000": 0.715833306312561, "expectedness_random500": 0.8608332872390747, "expectedness_random1000": 0.8608332872390747, "expectedness_random1500": 0.8758333325386047, "expectedness_random2000": 0.8733332753181458, "expectedness_random2500": 0.8483332991600037, "expectedness_random3000": 0.75, "expectedness_random4000": 0.8208333253860474, "expectedness_random5000": 0.6700000166893005, "expectedness_random6000": 0.6100000143051147, "non-novelty_random500": 0.8608332872390747, "non-novelty_random1000": 0.8808333277702332, "non-novelty_random1500": 0.8558333516120911, "non-novelty_random2000": 0.8483332991600037, "non-novelty_random2500": 0.76583331823349, "non-novelty_random3000": 0.8508333563804626, "non-novelty_random4000": 0.6875, "non-novelty_random5000": 0.653333306312561, "non-novelty_random6000": 0.7774999737739563}