{"sentiment": "caring", "seed": 15, "arousal_random500": 0.8366667032241821, "best": 0.9153125286102295, "arousal_random1000": 0.8291667103767395, "arousal_random1500": 0.809166669845581, "arousal_random2000": 0.8266667127609253, "arousal_random2500": 0.8091667294502258, "arousal_random3000": 0.79666668176651, "arousal_random4000": 0.659166693687439, "arousal_random5000": 0.6858333349227905, "arousal_random6000": 0.6100000143051147, "valence_random500": 0.8441666960716248, "valence_random1000": 0.8441666960716248, "valence_random1500": 0.8316667079925537, "valence_random2000": 0.8358333110809326, "valence_random2500": 0.7441666722297668, "valence_random3000": 0.8166666626930237, "valence_random4000": 0.79666668176651, "valence_random5000": 0.6833333373069763, "valence_random6000": 0.3766666650772095, "happy_random500": 0.8241667151451111, "happy_random1000": 0.8416666984558105, "happy_random1500": 0.8391667008399963, "happy_random2000": 0.7691667079925537, "happy_random2500": 0.7991666793823242, "happy_random3000": 0.8041666746139526, "happy_random4000": 0.7133333086967468, "happy_random5000": 0.41499999165534973, "happy_random6000": 0.6308333277702332, "anger_random500": 0.8191667199134827, "anger_random1000": 0.8391667008399963, "anger_random1500": 0.7741667032241821, "anger_random2000": 0.7616666555404663, "anger_random2500": 0.7799999713897705, "anger_random3000": 0.8191667199134827, "anger_random4000": 0.7416666746139526, "anger_random5000": 0.7333332896232605, "anger_random6000": 0.6983333230018616, "sad_random500": 0.8416666984558105, "sad_random1000": 0.846666693687439, "sad_random1500": 0.8116666674613953, "sad_random2000": 0.7275000214576721, "sad_random2500": 0.8391667008399963, "sad_random3000": 0.6733332872390747, "sad_random4000": 0.7766667008399963, "sad_random5000": 0.6200000047683716, "sad_random6000": 0.6875, "fear_random500": 0.8391667008399963, "fear_random1000": 0.8341667056083679, "fear_random1500": 0.8216666579246521, "fear_random2000": 0.8141666650772095, "fear_random2500": 0.7791666984558105, "fear_random3000": 0.8116666674613953, "fear_random4000": 0.6583333015441895, "fear_random5000": 0.7083333134651184, "fear_random6000": 0.6433333158493042, "surprise_random500": 0.8391667008399963, "surprise_random1000": 0.8141667246818542, "surprise_random1500": 0.8016666769981384, "surprise_random2000": 0.8291667103767395, "surprise_random2500": 0.7766667008399963, "surprise_random3000": 0.784166693687439, "surprise_random4000": 0.81166672706604, "surprise_random5000": 0.7558333277702332, "surprise_random6000": 0.6966666579246521, "disgust_random500": 0.8491666913032532, "disgust_random1000": 0.8241666555404663, "disgust_random1500": 0.8041666746139526, "disgust_random2000": 0.8141666650772095, "disgust_random2500": 0.7916666865348816, "disgust_random3000": 0.7741667032241821, "disgust_random4000": 0.7741667032241821, "disgust_random5000": 0.6525000333786011, "disgust_random6000": 0.753333330154419, "control_random500": 0.8391667008399963, "control_random1000": 0.8391667008399963, "control_random1500": 0.8191667199134827, "control_random2000": 0.8191666603088379, "control_random2500": 0.8041666746139526, "control_random3000": 0.7733333110809326, "control_random4000": 0.7833333015441895, "control_random5000": 0.6341666579246521, "control_random6000": 0.6808333396911621, "fairness_random500": 0.846666693687439, "fairness_random1000": 0.8416666984558105, "fairness_random1500": 0.8366667032241821, "fairness_random2000": 0.8266667127609253, "fairness_random2500": 0.8391667008399963, "fairness_random3000": 0.8016666769981384, "fairness_random4000": 0.8441666960716248, "fairness_random5000": 0.6575000286102295, "fairness_random6000": 0.7241666913032532, "self-related_random500": 0.8366667032241821, "self-related_random1000": 0.8291667103767395, "self-related_random1500": 0.8141666650772095, "self-related_random2000": 0.8316667079925537, "self-related_random2500": 0.7916666865348816, "self-related_random3000": 0.6050000190734863, "self-related_random4000": 0.7441666722297668, "self-related_random5000": 0.7383333444595337, "self-related_random6000": 0.7283332943916321, "other-related_random500": 0.8316667079925537, "other-related_random1000": 0.42916667461395264, "other-related_random1500": 0.8391667008399963, "other-related_random2000": 0.8141666650772095, "other-related_random2500": 0.7291666865348816, "other-related_random3000": 0.73416668176651, "other-related_random4000": 0.7983333468437195, "other-related_random5000": 0.8066666722297668, "other-related_random6000": 0.5016666650772095, "expectedness_random500": 0.8366666436195374, "expectedness_random1000": 0.8466666340827942, "expectedness_random1500": 0.8441666960716248, "expectedness_random2000": 0.8141666650772095, "expectedness_random2500": 0.7866666913032532, "expectedness_random3000": 0.7666667103767395, "expectedness_random4000": 0.7591667175292969, "expectedness_random5000": 0.6558333039283752, "expectedness_random6000": 0.7091667056083679, "non-novelty_random500": 0.8516666889190674, "non-novelty_random1000": 0.8291667103767395, "non-novelty_random1500": 0.8266667127609253, "non-novelty_random2000": 0.8341667056083679, "non-novelty_random2500": 0.7791666984558105, "non-novelty_random3000": 0.7991666793823242, "non-novelty_random4000": 0.6383333206176758, "non-novelty_random5000": 0.79666668176651, "non-novelty_random6000": 0.3999999761581421}