{"sentiment": "caring", "seed": 100, "arousal_random500": 0.9424999952316284, "best": 0.910937488079071, "arousal_random1000": 0.934999942779541, "arousal_random1500": 0.9099999666213989, "arousal_random2000": 0.8975000381469727, "arousal_random2500": 0.8999999761581421, "arousal_random3000": 0.7883333563804626, "arousal_random4000": 0.6150000095367432, "arousal_random5000": 0.7350000143051147, "arousal_random6000": 0.7100000381469727, "valence_random500": 0.9375, "valence_random1000": 0.9225000143051147, "valence_random1500": 0.8783332705497742, "valence_random2000": 0.9074999690055847, "valence_random2500": 0.8575000166893005, "valence_random3000": 0.8258333206176758, "valence_random4000": 0.8058332800865173, "valence_random5000": 0.7675000429153442, "valence_random6000": 0.6299999952316284, "happy_random500": 0.9025000333786011, "happy_random1000": 0.9149999618530273, "happy_random1500": 0.9150000214576721, "happy_random2000": 0.9025000333786011, "happy_random2500": 0.8683332800865173, "happy_random3000": 0.8650000095367432, "happy_random4000": 0.6899999976158142, "happy_random5000": 0.528333306312561, "happy_random6000": 0.6549999713897705, "anger_random500": 0.9150000214576721, "anger_random1000": 0.9325000047683716, "anger_random1500": 0.8924999833106995, "anger_random2000": 0.8949999809265137, "anger_random2500": 0.8799999952316284, "anger_random3000": 0.8508332967758179, "anger_random4000": 0.8650000095367432, "anger_random5000": 0.7799999713897705, "anger_random6000": 0.8025000095367432, "sad_random500": 0.9325000047683716, "sad_random1000": 0.9225000143051147, "sad_random1500": 0.9075000286102295, "sad_random2000": 0.6891667246818542, "sad_random2500": 0.9049999713897705, "sad_random3000": 0.6100000143051147, "sad_random4000": 0.7666667103767395, "sad_random5000": 0.64083331823349, "sad_random6000": 0.8125, "fear_random500": 0.9175000190734863, "fear_random1000": 0.9150000214576721, "fear_random1500": 0.9225000143051147, "fear_random2000": 0.9124999642372131, "fear_random2500": 0.9075000286102295, "fear_random3000": 0.9049999713897705, "fear_random4000": 0.8374999761581421, "fear_random5000": 0.840833306312561, "fear_random6000": 0.7274999618530273, "surprise_random500": 0.9275000095367432, "surprise_random1000": 0.9175000190734863, "surprise_random1500": 0.9074999690055847, "surprise_random2000": 0.9099999666213989, "surprise_random2500": 0.9049999713897705, "surprise_random3000": 0.8949999809265137, "surprise_random4000": 0.5916666984558105, "surprise_random5000": 0.7666667103767395, "surprise_random6000": 0.7350000143051147, "disgust_random500": 0.9375, "disgust_random1000": 0.8158332705497742, "disgust_random1500": 0.9099999666213989, "disgust_random2000": 0.8550000190734863, "disgust_random2500": 0.8725000023841858, "disgust_random3000": 0.8774999976158142, "disgust_random4000": 0.8824999928474426, "disgust_random5000": 0.8324999809265137, "disgust_random6000": 0.7116667032241821, "control_random500": 0.9075000286102295, "control_random1000": 0.9375, "control_random1500": 0.9199999570846558, "control_random2000": 0.8999999761581421, "control_random2500": 0.9075000286102295, "control_random3000": 0.887499988079071, "control_random4000": 0.8575000166893005, "control_random5000": 0.6549999713897705, "control_random6000": 0.8324999809265137, "fairness_random500": 0.9249999523162842, "fairness_random1000": 0.9049999713897705, "fairness_random1500": 0.8583332896232605, "fairness_random2000": 0.9075000286102295, "fairness_random2500": 0.9075000286102295, "fairness_random3000": 0.9025000333786011, "fairness_random4000": 0.8949999809265137, "fairness_random5000": 0.875, "fairness_random6000": 0.8174999952316284, "self-related_random500": 0.9299999475479126, "self-related_random1000": 0.9099999666213989, "self-related_random1500": 0.7691666483879089, "self-related_random2000": 0.8924999833106995, "self-related_random2500": 0.9049999713897705, "self-related_random3000": 0.6708333492279053, "self-related_random4000": 0.8475000262260437, "self-related_random5000": 0.8474999666213989, "self-related_random6000": 0.7533332705497742, "other-related_random500": 0.9050000309944153, "other-related_random1000": 0.6100000143051147, "other-related_random1500": 0.9099999666213989, "other-related_random2000": 0.9025000333786011, "other-related_random2500": 0.9025000333786011, "other-related_random3000": 0.7975000143051147, "other-related_random4000": 0.8700000047683716, "other-related_random5000": 0.7191666960716248, "other-related_random6000": 0.7166666984558105, "expectedness_random500": 0.9300000071525574, "expectedness_random1000": 0.9275000095367432, "expectedness_random1500": 0.9225000143051147, "expectedness_random2000": 0.8949999809265137, "expectedness_random2500": 0.8999999761581421, "expectedness_random3000": 0.8799999952316284, "expectedness_random4000": 0.875, "expectedness_random5000": 0.7858332991600037, "expectedness_random6000": 0.8650000095367432, "non-novelty_random500": 0.9325000047683716, "non-novelty_random1000": 0.8999999761581421, "non-novelty_random1500": 0.9025000333786011, "non-novelty_random2000": 0.8725000023841858, "non-novelty_random2500": 0.8600000143051147, "non-novelty_random3000": 0.8725000023841858, "non-novelty_random4000": 0.6700000166893005, "non-novelty_random5000": 0.8299999833106995, "non-novelty_random6000": 0.5708333253860474}