{"sentiment": "caring", "seed": 19, "arousal_random500": 0.8208333253860474, "best": 0.850390613079071, "arousal_random1000": 0.82833331823349, "arousal_random1500": 0.8033332824707031, "arousal_random2000": 0.8650000095367432, "arousal_random2500": 0.8233333230018616, "arousal_random3000": 0.699999988079071, "arousal_random4000": 0.54666668176651, "arousal_random5000": 0.8308333158493042, "arousal_random6000": 0.6775000095367432, "valence_random500": 0.8208333253860474, "valence_random1000": 0.8208333253860474, "valence_random1500": 0.8208333253860474, "valence_random2000": 0.8058333396911621, "valence_random2500": 0.7691666483879089, "valence_random3000": 0.82833331823349, "valence_random4000": 0.8108332753181458, "valence_random5000": 0.8299999833106995, "valence_random6000": 0.7124999761581421, "happy_random500": 0.8258333206176758, "happy_random1000": 0.8108332753181458, "happy_random1500": 0.8083333373069763, "happy_random2000": 0.8258333206176758, "happy_random2500": 0.8158332705497742, "happy_random3000": 0.7491666674613953, "happy_random4000": 0.8183333277702332, "happy_random5000": 0.6033332943916321, "happy_random6000": 0.6424999833106995, "anger_random500": 0.8183333277702332, "anger_random1000": 0.8183333277702332, "anger_random1500": 0.7075000405311584, "anger_random2000": 0.8183333277702332, "anger_random2500": 0.67249995470047, "anger_random3000": 0.8133333325386047, "anger_random4000": 0.8108332753181458, "anger_random5000": 0.7325000166893005, "anger_random6000": 0.7766667008399963, "sad_random500": 0.8233333230018616, "sad_random1000": 0.8183333277702332, "sad_random1500": 0.7308332920074463, "sad_random2000": 0.8133333325386047, "sad_random2500": 0.8233333230018616, "sad_random3000": 0.6850000023841858, "sad_random4000": 0.73416668176651, "sad_random5000": 0.721666693687439, "sad_random6000": 0.8274999856948853, "fear_random500": 0.8233333230018616, "fear_random1000": 0.815833330154419, "fear_random1500": 0.8183333277702332, "fear_random2000": 0.8233333230018616, "fear_random2500": 0.8208332657814026, "fear_random3000": 0.81333327293396, "fear_random4000": 0.8133333325386047, "fear_random5000": 0.8083332777023315, "fear_random6000": 0.7774999737739563, "surprise_random500": 0.7741667032241821, "surprise_random1000": 0.82833331823349, "surprise_random1500": 0.7908332943916321, "surprise_random2000": 0.815833330154419, "surprise_random2500": 0.7566667199134827, "surprise_random3000": 0.721666693687439, "surprise_random4000": 0.8083332777023315, "surprise_random5000": 0.6725000143051147, "surprise_random6000": 0.8208333253860474, "disgust_random500": 0.8033333420753479, "disgust_random1000": 0.7666667103767395, "disgust_random1500": 0.8133333325386047, "disgust_random2000": 0.8033332824707031, "disgust_random2500": 0.8108333349227905, "disgust_random3000": 0.8033333420753479, "disgust_random4000": 0.6525000333786011, "disgust_random5000": 0.8308333158493042, "disgust_random6000": 0.6308333277702332, "control_random500": 0.8133333325386047, "control_random1000": 0.8208333253860474, "control_random1500": 0.8333333134651184, "control_random2000": 0.8183333277702332, "control_random2500": 0.8208332657814026, "control_random3000": 0.7858332991600037, "control_random4000": 0.8033333420753479, "control_random5000": 0.8258333206176758, "control_random6000": 0.6525000333786011, "fairness_random500": 0.8183333277702332, "fairness_random1000": 0.8183333277702332, "fairness_random1500": 0.8058332800865173, "fairness_random2000": 0.8033333420753479, "fairness_random2500": 0.7933332920074463, "fairness_random3000": 0.8183333277702332, "fairness_random4000": 0.8008332848548889, "fairness_random5000": 0.8233333230018616, "fairness_random6000": 0.6399999856948853, "self-related_random500": 0.815833330154419, "self-related_random1000": 0.82833331823349, "self-related_random1500": 0.8033333420753479, "self-related_random2000": 0.8133333325386047, "self-related_random2500": 0.8349999785423279, "self-related_random3000": 0.6175000071525574, "self-related_random4000": 0.7958333492279053, "self-related_random5000": 0.6949999928474426, "self-related_random6000": 0.8450000286102295, "other-related_random500": 0.8183333277702332, "other-related_random1000": 0.5950000286102295, "other-related_random1500": 0.8133333325386047, "other-related_random2000": 0.815833330154419, "other-related_random2500": 0.8308333158493042, "other-related_random3000": 0.8675000071525574, "other-related_random4000": 0.8449999690055847, "other-related_random5000": 0.7100000381469727, "other-related_random6000": 0.5391666293144226, "expectedness_random500": 0.7641667127609253, "expectedness_random1000": 0.8133333325386047, "expectedness_random1500": 0.7691667079925537, "expectedness_random2000": 0.8258333206176758, "expectedness_random2500": 0.8624999523162842, "expectedness_random3000": 0.8008333444595337, "expectedness_random4000": 0.7791666984558105, "expectedness_random5000": 0.3974999785423279, "expectedness_random6000": 0.8799999952316284, "non-novelty_random500": 0.8183333277702332, "non-novelty_random1000": 0.8133333325386047, "non-novelty_random1500": 0.7741667032241821, "non-novelty_random2000": 0.8208333253860474, "non-novelty_random2500": 0.8183333277702332, "non-novelty_random3000": 0.82833331823349, "non-novelty_random4000": 0.8183333277702332, "non-novelty_random5000": 0.7908332943916321, "non-novelty_random6000": 0.4074999988079071}