{"sentiment": "confusion", "seed": 9, "arousal_random500": 0.8324999809265137, "best": 0.8391927480697632, "arousal_random1000": 0.8300000429153442, "arousal_random1500": 0.8400000333786011, "arousal_random2000": 0.8224999904632568, "arousal_random2500": 0.8274999856948853, "arousal_random3000": 0.8374999761581421, "arousal_random4000": 0.6949999928474426, "arousal_random5000": 0.7225000262260437, "arousal_random6000": 0.800000011920929, "valence_random500": 0.8349999785423279, "valence_random1000": 0.8949999809265137, "valence_random1500": 0.8324999809265137, "valence_random2000": 0.8374999761581421, "valence_random2500": 0.8199999928474426, "valence_random3000": 0.8349999785423279, "valence_random4000": 0.8374999761581421, "valence_random5000": 0.8224999904632568, "valence_random6000": 0.8075000047683716, "happy_random500": 0.8374999761581421, "happy_random1000": 0.8324999809265137, "happy_random1500": 0.8174999952316284, "happy_random2000": 0.8199999928474426, "happy_random2500": 0.8349999785423279, "happy_random3000": 0.8174999952316284, "happy_random4000": 0.8100000023841858, "happy_random5000": 0.8125, "happy_random6000": 0.6949999928474426, "anger_random500": 0.8349999785423279, "anger_random1000": 0.8125, "anger_random1500": 0.8349999785423279, "anger_random2000": 0.8299999833106995, "anger_random2500": 0.8174999952316284, "anger_random3000": 0.8349999785423279, "anger_random4000": 0.8274999856948853, "anger_random5000": 0.8224999904632568, "anger_random6000": 0.8349999785423279, "sad_random500": 0.8450000286102295, "sad_random1000": 0.8374999761581421, "sad_random1500": 0.8374999761581421, "sad_random2000": 0.8274999856948853, "sad_random2500": 0.8399999737739563, "sad_random3000": 0.8324999809265137, "sad_random4000": 0.8149999976158142, "sad_random5000": 0.8125, "sad_random6000": 0.75, "fear_random500": 0.8324999809265137, "fear_random1000": 0.8349999785423279, "fear_random1500": 0.8350000381469727, "fear_random2000": 0.8324999809265137, "fear_random2500": 0.8299999833106995, "fear_random3000": 0.8400000333786011, "fear_random4000": 0.8199999928474426, "fear_random5000": 0.8174999952316284, "fear_random6000": 0.8050000071525574, "surprise_random500": 0.8400000333786011, "surprise_random1000": 0.8400000333786011, "surprise_random1500": 0.8324999809265137, "surprise_random2000": 0.8324999809265137, "surprise_random2500": 0.8374999761581421, "surprise_random3000": 0.8274999856948853, "surprise_random4000": 0.7224999666213989, "surprise_random5000": 0.7950000166893005, "surprise_random6000": 0.824999988079071, "disgust_random500": 0.8349999785423279, "disgust_random1000": 0.8149999380111694, "disgust_random1500": 0.8350000381469727, "disgust_random2000": 0.8924999833106995, "disgust_random2500": 0.8125, "disgust_random3000": 0.8349999785423279, "disgust_random4000": 0.8349999785423279, "disgust_random5000": 0.8174999952316284, "disgust_random6000": 0.8149999976158142, "control_random500": 0.8400000333786011, "control_random1000": 0.8350000381469727, "control_random1500": 0.8424999713897705, "control_random2000": 0.8174999952316284, "control_random2500": 0.8324999809265137, "control_random3000": 0.8324999809265137, "control_random4000": 0.8300000429153442, "control_random5000": 0.7975000143051147, "control_random6000": 0.8399999737739563, "fairness_random500": 0.8374999761581421, "fairness_random1000": 0.8300000429153442, "fairness_random1500": 0.8400000333786011, "fairness_random2000": 0.8199999928474426, "fairness_random2500": 0.8174999952316284, "fairness_random3000": 0.8350000381469727, "fairness_random4000": 0.8349999785423279, "fairness_random5000": 0.8125, "fairness_random6000": 0.8025000095367432, "self-related_random500": 0.8374999761581421, "self-related_random1000": 0.8349999785423279, "self-related_random1500": 0.8100000023841858, "self-related_random2000": 0.7949999570846558, "self-related_random2500": 0.8324999809265137, "self-related_random3000": 0.612500011920929, "self-related_random4000": 0.8949999809265137, "self-related_random5000": 0.8299999833106995, "self-related_random6000": 0.4424999952316284, "other-related_random500": 0.8224999904632568, "other-related_random1000": 0.6950000524520874, "other-related_random1500": 0.8075000047683716, "other-related_random2000": 0.8274999856948853, "other-related_random2500": 0.8349999785423279, "other-related_random3000": 0.8424999713897705, "other-related_random4000": 0.8349999785423279, "other-related_random5000": 0.8299999833106995, "other-related_random6000": 0.762499988079071, "expectedness_random500": 0.8349999785423279, "expectedness_random1000": 0.8349999785423279, "expectedness_random1500": 0.8250000476837158, "expectedness_random2000": 0.8399999737739563, "expectedness_random2500": 0.8374999761581421, "expectedness_random3000": 0.8174999952316284, "expectedness_random4000": 0.8975000381469727, "expectedness_random5000": 0.5375000238418579, "expectedness_random6000": 0.9024999737739563, "non-novelty_random500": 0.8424999713897705, "non-novelty_random1000": 0.8400000333786011, "non-novelty_random1500": 0.8374999761581421, "non-novelty_random2000": 0.8174999952316284, "non-novelty_random2500": 0.824999988079071, "non-novelty_random3000": 0.8999999761581421, "non-novelty_random4000": 0.8324999809265137, "non-novelty_random5000": 0.8224999904632568, "non-novelty_random6000": 0.6425000429153442}