{"sentiment": "confusion", "seed": 11, "arousal_random500": 0.8925000429153442, "best": 0.8684896230697632, "arousal_random1000": 0.8424999713897705, "arousal_random1500": 0.8424999713897705, "arousal_random2000": 0.8949999809265137, "arousal_random2500": 0.7250000238418579, "arousal_random3000": 0.5649999976158142, "arousal_random4000": 0.4650000035762787, "arousal_random5000": 0.5249999761581421, "arousal_random6000": 0.38499999046325684, "valence_random500": 0.8999999761581421, "valence_random1000": 0.8999999761581421, "valence_random1500": 0.9075000286102295, "valence_random2000": 0.8349999785423279, "valence_random2500": 0.8349999785423279, "valence_random3000": 0.8424999713897705, "valence_random4000": 0.7475000023841858, "valence_random5000": 0.5425000190734863, "valence_random6000": 0.6399999856948853, "happy_random500": 0.8349999785423279, "happy_random1000": 0.8474999666213989, "happy_random1500": 0.8949999809265137, "happy_random2000": 0.8349999785423279, "happy_random2500": 0.7475000023841858, "happy_random3000": 0.6825000047683716, "happy_random4000": 0.41749998927116394, "happy_random5000": 0.3999999761581421, "happy_random6000": 0.38499999046325684, "anger_random500": 0.8999999761581421, "anger_random1000": 0.8974999785423279, "anger_random1500": 0.4024999737739563, "anger_random2000": 0.8849999904632568, "anger_random2500": 0.6324999928474426, "anger_random3000": 0.6424999833106995, "anger_random4000": 0.8974999785423279, "anger_random5000": 0.8474999666213989, "anger_random6000": 0.8199999928474426, "sad_random500": 0.9024999737739563, "sad_random1000": 0.8925000429153442, "sad_random1500": 0.9024999737739563, "sad_random2000": 0.6200000047683716, "sad_random2500": 0.8924999833106995, "sad_random3000": 0.4399999976158142, "sad_random4000": 0.75, "sad_random5000": 0.3824999928474426, "sad_random6000": 0.8149999976158142, "fear_random500": 0.8849999904632568, "fear_random1000": 0.8424999713897705, "fear_random1500": 0.7699999809265137, "fear_random2000": 0.8875000476837158, "fear_random2500": 0.8399999737739563, "fear_random3000": 0.7350000143051147, "fear_random4000": 0.38499999046325684, "fear_random5000": 0.6274999976158142, "fear_random6000": 0.7475000023841858, "surprise_random500": 0.8899999856948853, "surprise_random1000": 0.8899999856948853, "surprise_random1500": 0.8949999809265137, "surprise_random2000": 0.8849999904632568, "surprise_random2500": 0.9099999666213989, "surprise_random3000": 0.8849999904632568, "surprise_random4000": 0.7200000286102295, "surprise_random5000": 0.38499999046325684, "surprise_random6000": 0.38499999046325684, "disgust_random500": 0.8999999761581421, "disgust_random1000": 0.9049999713897705, "disgust_random1500": 0.8825000524520874, "disgust_random2000": 0.9125000238418579, "disgust_random2500": 0.8299999833106995, "disgust_random3000": 0.7574999928474426, "disgust_random4000": 0.8349999785423279, "disgust_random5000": 0.4274999797344208, "disgust_random6000": 0.38499999046325684, "control_random500": 0.9024999737739563, "control_random1000": 0.8374999761581421, "control_random1500": 0.8949999809265137, "control_random2000": 0.8949999809265137, "control_random2500": 0.7724999785423279, "control_random3000": 0.8299999833106995, "control_random4000": 0.38999998569488525, "control_random5000": 0.38499999046325684, "control_random6000": 0.8424999713897705, "fairness_random500": 0.9025000333786011, "fairness_random1000": 0.9024999737739563, "fairness_random1500": 0.7699999809265137, "fairness_random2000": 0.8524999618530273, "fairness_random2500": 0.8849999904632568, "fairness_random3000": 0.8350000381469727, "fairness_random4000": 0.8174999952316284, "fairness_random5000": 0.4074999988079071, "fairness_random6000": 0.38749998807907104, "self-related_random500": 0.8975000381469727, "self-related_random1000": 0.8999999761581421, "self-related_random1500": 0.9024999737739563, "self-related_random2000": 0.8875000476837158, "self-related_random2500": 0.8299999833106995, "self-related_random3000": 0.5425000190734863, "self-related_random4000": 0.7649999856948853, "self-related_random5000": 0.5950000286102295, "self-related_random6000": 0.8650000095367432, "other-related_random500": 0.8974999785423279, "other-related_random1000": 0.4449999928474426, "other-related_random1500": 0.9049999713897705, "other-related_random2000": 0.7774999737739563, "other-related_random2500": 0.6949999928474426, "other-related_random3000": 0.8399999737739563, "other-related_random4000": 0.6650000214576721, "other-related_random5000": 0.38499999046325684, "other-related_random6000": 0.38499999046325684, "expectedness_random500": 0.9075000286102295, "expectedness_random1000": 0.8999999761581421, "expectedness_random1500": 0.8999999761581421, "expectedness_random2000": 0.8349999785423279, "expectedness_random2500": 0.8899999856948853, "expectedness_random3000": 0.7674999833106995, "expectedness_random4000": 0.8725000023841858, "expectedness_random5000": 0.4050000011920929, "expectedness_random6000": 0.7124999761581421, "non-novelty_random500": 0.8999999761581421, "non-novelty_random1000": 0.9099999666213989, "non-novelty_random1500": 0.8399999737739563, "non-novelty_random2000": 0.7325000166893005, "non-novelty_random2500": 0.75, "non-novelty_random3000": 0.8799999952316284, "non-novelty_random4000": 0.8450000286102295, "non-novelty_random5000": 0.5275000333786011, "non-novelty_random6000": 0.38499999046325684}