{"sentiment": "confusion", "seed": 5, "arousal_random500": 0.8324999809265137, "best": 0.8268228769302368, "arousal_random1000": 0.8324999809265137, "arousal_random1500": 0.8250000476837158, "arousal_random2000": 0.8350000381469727, "arousal_random2500": 0.7749999761581421, "arousal_random3000": 0.8100000023841858, "arousal_random4000": 0.550000011920929, "arousal_random5000": 0.7900000214576721, "arousal_random6000": 0.6100000143051147, "valence_random500": 0.8349999785423279, "valence_random1000": 0.7724999785423279, "valence_random1500": 0.824999988079071, "valence_random2000": 0.8324999809265137, "valence_random2500": 0.8274999856948853, "valence_random3000": 0.8274999856948853, "valence_random4000": 0.8149999976158142, "valence_random5000": 0.762499988079071, "valence_random6000": 0.5399999618530273, "happy_random500": 0.8324999809265137, "happy_random1000": 0.7699999809265137, "happy_random1500": 0.7674999833106995, "happy_random2000": 0.8050000071525574, "happy_random2500": 0.8274999856948853, "happy_random3000": 0.8100000023841858, "happy_random4000": 0.7975000143051147, "happy_random5000": 0.27250000834465027, "happy_random6000": 0.6499999761581421, "anger_random500": 0.8299999833106995, "anger_random1000": 0.824999988079071, "anger_random1500": 0.8374999761581421, "anger_random2000": 0.8349999785423279, "anger_random2500": 0.737500011920929, "anger_random3000": 0.824999988079071, "anger_random4000": 0.7450000047683716, "anger_random5000": 0.7424999475479126, "anger_random6000": 0.7200000286102295, "sad_random500": 0.7099999785423279, "sad_random1000": 0.8299999833106995, "sad_random1500": 0.8349999785423279, "sad_random2000": 0.7275000214576721, "sad_random2500": 0.8125, "sad_random3000": 0.6150000095367432, "sad_random4000": 0.7975000143051147, "sad_random5000": 0.5649999976158142, "sad_random6000": 0.7575000524520874, "fear_random500": 0.8349999785423279, "fear_random1000": 0.824999988079071, "fear_random1500": 0.8224999904632568, "fear_random2000": 0.8224999904632568, "fear_random2500": 0.7724999785423279, "fear_random3000": 0.8450000286102295, "fear_random4000": 0.7425000071525574, "fear_random5000": 0.8050000071525574, "fear_random6000": 0.7875000238418579, "surprise_random500": 0.8324999809265137, "surprise_random1000": 0.8374999761581421, "surprise_random1500": 0.8224999904632568, "surprise_random2000": 0.8299999833106995, "surprise_random2500": 0.8274999856948853, "surprise_random3000": 0.8299999833106995, "surprise_random4000": 0.8075000047683716, "surprise_random5000": 0.8050000071525574, "surprise_random6000": 0.7675000429153442, "disgust_random500": 0.8324999809265137, "disgust_random1000": 0.824999988079071, "disgust_random1500": 0.8224999904632568, "disgust_random2000": 0.7699999809265137, "disgust_random2500": 0.7899999618530273, "disgust_random3000": 0.8324999809265137, "disgust_random4000": 0.7524999976158142, "disgust_random5000": 0.7725000381469727, "disgust_random6000": 0.6775000095367432, "control_random500": 0.8299999833106995, "control_random1000": 0.7149999737739563, "control_random1500": 0.8324999809265137, "control_random2000": 0.8349999785423279, "control_random2500": 0.8349999785423279, "control_random3000": 0.8100000023841858, "control_random4000": 0.7675000429153442, "control_random5000": 0.6650000214576721, "control_random6000": 0.7450000047683716, "fairness_random500": 0.824999988079071, "fairness_random1000": 0.8274999856948853, "fairness_random1500": 0.8274999856948853, "fairness_random2000": 0.7674999833106995, "fairness_random2500": 0.8299999833106995, "fairness_random3000": 0.7700000405311584, "fairness_random4000": 0.8224999904632568, "fairness_random5000": 0.8050000071525574, "fairness_random6000": 0.762499988079071, "self-related_random500": 0.8349999785423279, "self-related_random1000": 0.8149999976158142, "self-related_random1500": 0.8349999785423279, "self-related_random2000": 0.8025000095367432, "self-related_random2500": 0.8199999928474426, "self-related_random3000": 0.375, "self-related_random4000": 0.7775000333786011, "self-related_random5000": 0.7725000381469727, "self-related_random6000": 0.6025000214576721, "other-related_random500": 0.824999988079071, "other-related_random1000": 0.39249998331069946, "other-related_random1500": 0.8224999904632568, "other-related_random2000": 0.7400000095367432, "other-related_random2500": 0.8399999737739563, "other-related_random3000": 0.7524999976158142, "other-related_random4000": 0.8199999928474426, "other-related_random5000": 0.7549999952316284, "other-related_random6000": 0.6474999785423279, "expectedness_random500": 0.7099999785423279, "expectedness_random1000": 0.8174999952316284, "expectedness_random1500": 0.7574999928474426, "expectedness_random2000": 0.7649999856948853, "expectedness_random2500": 0.824999988079071, "expectedness_random3000": 0.8125, "expectedness_random4000": 0.7925000190734863, "expectedness_random5000": 0.7024999856948853, "expectedness_random6000": 0.7350000143051147, "non-novelty_random500": 0.8349999785423279, "non-novelty_random1000": 0.8299999833106995, "non-novelty_random1500": 0.8299999833106995, "non-novelty_random2000": 0.8149999976158142, "non-novelty_random2500": 0.8050000071525574, "non-novelty_random3000": 0.762499988079071, "non-novelty_random4000": 0.75, "non-novelty_random5000": 0.7749999761581421, "non-novelty_random6000": 0.75}