{"sentiment": "confusion", "seed": 19, "arousal_random500": 0.8025000095367432, "best": 0.8229166269302368, "arousal_random1000": 0.8025000095367432, "arousal_random1500": 0.7975000143051147, "arousal_random2000": 0.8025000095367432, "arousal_random2500": 0.7675000429153442, "arousal_random3000": 0.7949999570846558, "arousal_random4000": 0.6899999976158142, "arousal_random5000": 0.7325000166893005, "arousal_random6000": 0.7250000238418579, "valence_random500": 0.7999999523162842, "valence_random1000": 0.7849999666213989, "valence_random1500": 0.8025000095367432, "valence_random2000": 0.7999999523162842, "valence_random2500": 0.7325000166893005, "valence_random3000": 0.7350000143051147, "valence_random4000": 0.8025000095367432, "valence_random5000": 0.7924999594688416, "valence_random6000": 0.7824999690055847, "happy_random500": 0.7950000166893005, "happy_random1000": 0.7350000143051147, "happy_random1500": 0.7275000214576721, "happy_random2000": 0.800000011920929, "happy_random2500": 0.7900000214576721, "happy_random3000": 0.7300000190734863, "happy_random4000": 0.7350000143051147, "happy_random5000": 0.7699999809265137, "happy_random6000": 0.7174999713897705, "anger_random500": 0.800000011920929, "anger_random1000": 0.7799999713897705, "anger_random1500": 0.7350000143051147, "anger_random2000": 0.7925000190734863, "anger_random2500": 0.7925000190734863, "anger_random3000": 0.7300000190734863, "anger_random4000": 0.8050000071525574, "anger_random5000": 0.7350000143051147, "anger_random6000": 0.7200000286102295, "sad_random500": 0.800000011920929, "sad_random1000": 0.8025000095367432, "sad_random1500": 0.7999999523162842, "sad_random2000": 0.737500011920929, "sad_random2500": 0.7275000214576721, "sad_random3000": 0.7099999785423279, "sad_random4000": 0.7350000143051147, "sad_random5000": 0.7300000190734863, "sad_random6000": 0.7224999666213989, "fear_random500": 0.800000011920929, "fear_random1000": 0.7950000166893005, "fear_random1500": 0.8025000095367432, "fear_random2000": 0.7824999690055847, "fear_random2500": 0.7450000047683716, "fear_random3000": 0.7950000166893005, "fear_random4000": 0.7224999666213989, "fear_random5000": 0.737500011920929, "fear_random6000": 0.7250000238418579, "surprise_random500": 0.8050000071525574, "surprise_random1000": 0.8025000095367432, "surprise_random1500": 0.7975000143051147, "surprise_random2000": 0.7325000166893005, "surprise_random2500": 0.7975000143051147, "surprise_random3000": 0.7949999570846558, "surprise_random4000": 0.7300000190734863, "surprise_random5000": 0.637499988079071, "surprise_random6000": 0.7825000286102295, "disgust_random500": 0.8025000095367432, "disgust_random1000": 0.7799999713897705, "disgust_random1500": 0.8050000071525574, "disgust_random2000": 0.7225000262260437, "disgust_random2500": 0.7824999690055847, "disgust_random3000": 0.7350000143051147, "disgust_random4000": 0.7875000238418579, "disgust_random5000": 0.7949999570846558, "disgust_random6000": 0.7150000333786011, "control_random500": 0.8025000095367432, "control_random1000": 0.8050000071525574, "control_random1500": 0.7849999666213989, "control_random2000": 0.7924999594688416, "control_random2500": 0.7350000143051147, "control_random3000": 0.8050000071525574, "control_random4000": 0.7999999523162842, "control_random5000": 0.7224999666213989, "control_random6000": 0.7325000166893005, "fairness_random500": 0.7975000143051147, "fairness_random1000": 0.7925000190734863, "fairness_random1500": 0.7975000143051147, "fairness_random2000": 0.737500011920929, "fairness_random2500": 0.737500011920929, "fairness_random3000": 0.7949999570846558, "fairness_random4000": 0.7350000143051147, "fairness_random5000": 0.7250000238418579, "fairness_random6000": 0.7225000262260437, "self-related_random500": 0.7975000143051147, "self-related_random1000": 0.7924999594688416, "self-related_random1500": 0.7300000190734863, "self-related_random2000": 0.7799999713897705, "self-related_random2500": 0.8075000047683716, "self-related_random3000": 0.75, "self-related_random4000": 0.7225000262260437, "self-related_random5000": 0.6274999976158142, "self-related_random6000": 0.6700000166893005, "other-related_random500": 0.7724999785423279, "other-related_random1000": 0.7775000333786011, "other-related_random1500": 0.7899999618530273, "other-related_random2000": 0.8025000095367432, "other-related_random2500": 0.7925000190734863, "other-related_random3000": 0.800000011920929, "other-related_random4000": 0.7899999618530273, "other-related_random5000": 0.7975000143051147, "other-related_random6000": 0.6549999713897705, "expectedness_random500": 0.800000011920929, "expectedness_random1000": 0.737500011920929, "expectedness_random1500": 0.800000011920929, "expectedness_random2000": 0.7300000190734863, "expectedness_random2500": 0.7325000166893005, "expectedness_random3000": 0.7274999618530273, "expectedness_random4000": 0.7849999666213989, "expectedness_random5000": 0.574999988079071, "expectedness_random6000": 0.7200000286102295, "non-novelty_random500": 0.8025000095367432, "non-novelty_random1000": 0.800000011920929, "non-novelty_random1500": 0.7400000095367432, "non-novelty_random2000": 0.7950000166893005, "non-novelty_random2500": 0.800000011920929, "non-novelty_random3000": 0.7300000190734863, "non-novelty_random4000": 0.7250000238418579, "non-novelty_random5000": 0.6625000238418579, "non-novelty_random6000": 0.4375}