{"sentiment": "confusion", "seed": 1, "arousal_random500": 0.6225000023841858, "best": 0.703125, "arousal_random1000": 0.6150000095367432, "arousal_random1500": 0.38499999046325684, "arousal_random2000": 0.6225000023841858, "arousal_random2500": 0.5575000047683716, "arousal_random3000": 0.38499999046325684, "arousal_random4000": 0.6150000095367432, "arousal_random5000": 0.38749998807907104, "arousal_random6000": 0.4000000059604645, "valence_random500": 0.5349999666213989, "valence_random1000": 0.5724999904632568, "valence_random1500": 0.4050000011920929, "valence_random2000": 0.625, "valence_random2500": 0.3800000250339508, "valence_random3000": 0.3824999928474426, "valence_random4000": 0.38750001788139343, "valence_random5000": 0.6100000143051147, "valence_random6000": 0.3824999928474426, "happy_random500": 0.5375000238418579, "happy_random1000": 0.38499999046325684, "happy_random1500": 0.38499999046325684, "happy_random2000": 0.38499999046325684, "happy_random2500": 0.5550000071525574, "happy_random3000": 0.38499999046325684, "happy_random4000": 0.38499999046325684, "happy_random5000": 0.38499999046325684, "happy_random6000": 0.3824999928474426, "anger_random500": 0.6424999833106995, "anger_random1000": 0.39750000834465027, "anger_random1500": 0.38499999046325684, "anger_random2000": 0.5800000429153442, "anger_random2500": 0.38749998807907104, "anger_random3000": 0.3675000071525574, "anger_random4000": 0.5325000286102295, "anger_random5000": 0.6299999952316284, "anger_random6000": 0.38499999046325684, "sad_random500": 0.6225000023841858, "sad_random1000": 0.6175000071525574, "sad_random1500": 0.5149999856948853, "sad_random2000": 0.6924999952316284, "sad_random2500": 0.6299999952316284, "sad_random3000": 0.4624999761581421, "sad_random4000": 0.38499999046325684, "sad_random5000": 0.4099999964237213, "sad_random6000": 0.6274999976158142, "fear_random500": 0.6324999928474426, "fear_random1000": 0.4449999928474426, "fear_random1500": 0.4074999988079071, "fear_random2000": 0.6150000095367432, "fear_random2500": 0.36250001192092896, "fear_random3000": 0.4075000286102295, "fear_random4000": 0.38499999046325684, "fear_random5000": 0.38499999046325684, "fear_random6000": 0.6150000095367432, "surprise_random500": 0.6175000071525574, "surprise_random1000": 0.4274999797344208, "surprise_random1500": 0.574999988079071, "surprise_random2000": 0.5625, "surprise_random2500": 0.4350000023841858, "surprise_random3000": 0.38499999046325684, "surprise_random4000": 0.38499999046325684, "surprise_random5000": 0.38499999046325684, "surprise_random6000": 0.38499999046325684, "disgust_random500": 0.5774999856948853, "disgust_random1000": 0.5024999976158142, "disgust_random1500": 0.5924999713897705, "disgust_random2000": 0.39249998331069946, "disgust_random2500": 0.38749998807907104, "disgust_random3000": 0.5299999713897705, "disgust_random4000": 0.38499999046325684, "disgust_random5000": 0.3799999952316284, "disgust_random6000": 0.38499999046325684, "control_random500": 0.5849999785423279, "control_random1000": 0.637499988079071, "control_random1500": 0.6274999976158142, "control_random2000": 0.38750001788139343, "control_random2500": 0.38499999046325684, "control_random3000": 0.429999977350235, "control_random4000": 0.4000000059604645, "control_random5000": 0.382500022649765, "control_random6000": 0.38499999046325684, "fairness_random500": 0.5924999713897705, "fairness_random1000": 0.6225000023841858, "fairness_random1500": 0.5674999952316284, "fairness_random2000": 0.38499999046325684, "fairness_random2500": 0.4400000274181366, "fairness_random3000": 0.4625000059604645, "fairness_random4000": 0.3824999928474426, "fairness_random5000": 0.38499999046325684, "fairness_random6000": 0.6150000095367432, "self-related_random500": 0.5199999809265137, "self-related_random1000": 0.637499988079071, "self-related_random1500": 0.41499999165534973, "self-related_random2000": 0.4150000214576721, "self-related_random2500": 0.6500000357627869, "self-related_random3000": 0.6650000214576721, "self-related_random4000": 0.38999998569488525, "self-related_random5000": 0.5600000023841858, "self-related_random6000": 0.38499999046325684, "other-related_random500": 0.6200000047683716, "other-related_random1000": 0.3824999928474426, "other-related_random1500": 0.38499999046325684, "other-related_random2000": 0.5600000023841858, "other-related_random2500": 0.4124999940395355, "other-related_random3000": 0.38499999046325684, "other-related_random4000": 0.38499999046325684, "other-related_random5000": 0.38499999046325684, "other-related_random6000": 0.3799999952316284, "expectedness_random500": 0.6274999976158142, "expectedness_random1000": 0.5674999952316284, "expectedness_random1500": 0.5449999570846558, "expectedness_random2000": 0.637499988079071, "expectedness_random2500": 0.3974999785423279, "expectedness_random3000": 0.38499999046325684, "expectedness_random4000": 0.38499999046325684, "expectedness_random5000": 0.38499999046325684, "expectedness_random6000": 0.38499999046325684, "non-novelty_random500": 0.5800000429153442, "non-novelty_random1000": 0.6349999904632568, "non-novelty_random1500": 0.6324999928474426, "non-novelty_random2000": 0.6050000190734863, "non-novelty_random2500": 0.48249998688697815, "non-novelty_random3000": 0.3824999928474426, "non-novelty_random4000": 0.6200000047683716, "non-novelty_random5000": 0.38499999046325684, "non-novelty_random6000": 0.38499999046325684}