{"sentiment": "confusion", "seed": 15, "arousal_random500": 0.8999999761581421, "best": 0.869140625, "arousal_random1000": 0.8999999761581421, "arousal_random1500": 0.875, "arousal_random2000": 0.8475000262260437, "arousal_random2500": 0.8550000190734863, "arousal_random3000": 0.7800000309944153, "arousal_random4000": 0.6200000047683716, "arousal_random5000": 0.7450000047683716, "arousal_random6000": 0.6200000047683716, "valence_random500": 0.8949999809265137, "valence_random1000": 0.8875000476837158, "valence_random1500": 0.8849999904632568, "valence_random2000": 0.8975000381469727, "valence_random2500": 0.8899999856948853, "valence_random3000": 0.8999999761581421, "valence_random4000": 0.8925000429153442, "valence_random5000": 0.8650000095367432, "valence_random6000": 0.4650000035762787, "happy_random500": 0.8924999833106995, "happy_random1000": 0.9024999737739563, "happy_random1500": 0.8824999928474426, "happy_random2000": 0.8624999523162842, "happy_random2500": 0.887499988079071, "happy_random3000": 0.8725000023841858, "happy_random4000": 0.8500000238418579, "happy_random5000": 0.5950000286102295, "happy_random6000": 0.4975000023841858, "anger_random500": 0.887499988079071, "anger_random1000": 0.8949999809265137, "anger_random1500": 0.8725000023841858, "anger_random2000": 0.8824999928474426, "anger_random2500": 0.737500011920929, "anger_random3000": 0.8774999976158142, "anger_random4000": 0.8349999785423279, "anger_random5000": 0.7100000381469727, "anger_random6000": 0.8650000095367432, "sad_random500": 0.8999999761581421, "sad_random1000": 0.8849999904632568, "sad_random1500": 0.8824999928474426, "sad_random2000": 0.7900000214576721, "sad_random2500": 0.8624999523162842, "sad_random3000": 0.6200000047683716, "sad_random4000": 0.8250000476837158, "sad_random5000": 0.4050000011920929, "sad_random6000": 0.625, "fear_random500": 0.8849999904632568, "fear_random1000": 0.8774999976158142, "fear_random1500": 0.8824999928474426, "fear_random2000": 0.8400000333786011, "fear_random2500": 0.8725000023841858, "fear_random3000": 0.8675000071525574, "fear_random4000": 0.7900000214576721, "fear_random5000": 0.7975000143051147, "fear_random6000": 0.6200000047683716, "surprise_random500": 0.8899999856948853, "surprise_random1000": 0.8949999809265137, "surprise_random1500": 0.875, "surprise_random2000": 0.8574999570846558, "surprise_random2500": 0.8774999976158142, "surprise_random3000": 0.8600000143051147, "surprise_random4000": 0.8274999856948853, "surprise_random5000": 0.8075000047683716, "surprise_random6000": 0.7149999737739563, "disgust_random500": 0.8949999809265137, "disgust_random1000": 0.8824999928474426, "disgust_random1500": 0.8600000143051147, "disgust_random2000": 0.8824999928474426, "disgust_random2500": 0.824999988079071, "disgust_random3000": 0.8100000023841858, "disgust_random4000": 0.887499988079071, "disgust_random5000": 0.7450000047683716, "disgust_random6000": 0.3799999952316284, "control_random500": 0.8999999761581421, "control_random1000": 0.8949999809265137, "control_random1500": 0.9049999713897705, "control_random2000": 0.8824999928474426, "control_random2500": 0.8650000095367432, "control_random3000": 0.8975000381469727, "control_random4000": 0.7350000143051147, "control_random5000": 0.625, "control_random6000": 0.6625000238418579, "fairness_random500": 0.8899999856948853, "fairness_random1000": 0.8774999976158142, "fairness_random1500": 0.8925000429153442, "fairness_random2000": 0.9074999690055847, "fairness_random2500": 0.8324999809265137, "fairness_random3000": 0.7875000238418579, "fairness_random4000": 0.8674999475479126, "fairness_random5000": 0.7925000190734863, "fairness_random6000": 0.6599999666213989, "self-related_random500": 0.9049999713897705, "self-related_random1000": 0.8875000476837158, "self-related_random1500": 0.8899999856948853, "self-related_random2000": 0.872499942779541, "self-related_random2500": 0.8500000238418579, "self-related_random3000": 0.4625000059604645, "self-related_random4000": 0.8100000023841858, "self-related_random5000": 0.8324999809265137, "self-related_random6000": 0.5099999904632568, "other-related_random500": 0.8899999856948853, "other-related_random1000": 0.375, "other-related_random1500": 0.875, "other-related_random2000": 0.8774999976158142, "other-related_random2500": 0.8824999928474426, "other-related_random3000": 0.8299999833106995, "other-related_random4000": 0.8799999952316284, "other-related_random5000": 0.7699999809265137, "other-related_random6000": 0.7574999928474426, "expectedness_random500": 0.8949999809265137, "expectedness_random1000": 0.8799999952316284, "expectedness_random1500": 0.8725000023841858, "expectedness_random2000": 0.8324999809265137, "expectedness_random2500": 0.8975000381469727, "expectedness_random3000": 0.8174999952316284, "expectedness_random4000": 0.8674999475479126, "expectedness_random5000": 0.8075000047683716, "expectedness_random6000": 0.75, "non-novelty_random500": 0.9049999713897705, "non-novelty_random1000": 0.8925000429153442, "non-novelty_random1500": 0.8799999952316284, "non-novelty_random2000": 0.8899999856948853, "non-novelty_random2500": 0.7850000262260437, "non-novelty_random3000": 0.8624999523162842, "non-novelty_random4000": 0.7074999809265137, "non-novelty_random5000": 0.8475000262260437, "non-novelty_random6000": 0.3799999952316284}