{"sentiment": "curiosity", "seed": 13, "arousal_random500": 0.9173333048820496, "best": 0.9203125238418579, "arousal_random1000": 0.909333348274231, "arousal_random1500": 0.9133332967758179, "arousal_random2000": 0.8973333239555359, "arousal_random2500": 0.9113333821296692, "arousal_random3000": 0.8714166879653931, "arousal_random4000": 0.49166664481163025, "arousal_random5000": 0.859416663646698, "arousal_random6000": 0.5296666622161865, "valence_random500": 0.9133332967758179, "valence_random1000": 0.9013333320617676, "valence_random1500": 0.8933333158493042, "valence_random2000": 0.8973333239555359, "valence_random2500": 0.903333306312561, "valence_random3000": 0.8988333940505981, "valence_random4000": 0.8793333172798157, "valence_random5000": 0.890666663646698, "valence_random6000": 0.4816666543483734, "happy_random500": 0.9132499694824219, "happy_random1000": 0.9072500467300415, "happy_random1500": 0.9071666598320007, "happy_random2000": 0.9052499532699585, "happy_random2500": 0.9113333821296692, "happy_random3000": 0.9053333401679993, "happy_random4000": 0.8793333172798157, "happy_random5000": 0.8629166483879089, "happy_random6000": 0.7954999804496765, "anger_random500": 0.9132499694824219, "anger_random1000": 0.8992500305175781, "anger_random1500": 0.8851666450500488, "anger_random2000": 0.8973333239555359, "anger_random2500": 0.859333336353302, "anger_random3000": 0.8953332901000977, "anger_random4000": 0.9013333320617676, "anger_random5000": 0.8813333511352539, "anger_random6000": 0.7616666555404663, "sad_random500": 0.9133332967758179, "sad_random1000": 0.903333306312561, "sad_random1500": 0.8953332901000977, "sad_random2000": 0.8952499628067017, "sad_random2500": 0.909166693687439, "sad_random3000": 0.5016666650772095, "sad_random4000": 0.9072500467300415, "sad_random5000": 0.4816666543483734, "sad_random6000": 0.8494166135787964, "fear_random500": 0.9133332967758179, "fear_random1000": 0.9192500114440918, "fear_random1500": 0.8953332901000977, "fear_random2000": 0.891333281993866, "fear_random2500": 0.907333254814148, "fear_random3000": 0.7958333492279053, "fear_random4000": 0.8787500262260437, "fear_random5000": 0.8675000071525574, "fear_random6000": 0.8952499628067017, "surprise_random500": 0.9193333387374878, "surprise_random1000": 0.9072500467300415, "surprise_random1500": 0.9113332629203796, "surprise_random2000": 0.8893333673477173, "surprise_random2500": 0.891333281993866, "surprise_random3000": 0.891333281993866, "surprise_random4000": 0.8852499723434448, "surprise_random5000": 0.8853333592414856, "surprise_random6000": 0.859333336353302, "disgust_random500": 0.9172500371932983, "disgust_random1000": 0.9072500467300415, "disgust_random1500": 0.9113333821296692, "disgust_random2000": 0.9013333320617676, "disgust_random2500": 0.9113333821296692, "disgust_random3000": 0.8854166865348816, "disgust_random4000": 0.9053333401679993, "disgust_random5000": 0.8634166717529297, "disgust_random6000": 0.8792499303817749, "control_random500": 0.909333348274231, "control_random1000": 0.9092500805854797, "control_random1500": 0.9052499532699585, "control_random2000": 0.9091666340827942, "control_random2500": 0.9012500047683716, "control_random3000": 0.9072500467300415, "control_random4000": 0.8673332929611206, "control_random5000": 0.781416654586792, "control_random6000": 0.8213332891464233, "fairness_random500": 0.9113332629203796, "fairness_random1000": 0.9153333902359009, "fairness_random1500": 0.8948333859443665, "fairness_random2000": 0.8990833163261414, "fairness_random2500": 0.909333348274231, "fairness_random3000": 0.8813333511352539, "fairness_random4000": 0.891333281993866, "fairness_random5000": 0.8693333864212036, "fairness_random6000": 0.7436667084693909, "self-related_random500": 0.9113332629203796, "self-related_random1000": 0.9192500114440918, "self-related_random1500": 0.909333348274231, "self-related_random2000": 0.8993332982063293, "self-related_random2500": 0.8833333253860474, "self-related_random3000": 0.6736665964126587, "self-related_random4000": 0.903083324432373, "self-related_random5000": 0.8653333783149719, "self-related_random6000": 0.8726666569709778, "other-related_random500": 0.9173333048820496, "other-related_random1000": 0.4816666543483734, "other-related_random1500": 0.9113332629203796, "other-related_random2000": 0.9132499694824219, "other-related_random2500": 0.8953332901000977, "other-related_random3000": 0.8873332738876343, "other-related_random4000": 0.905166745185852, "other-related_random5000": 0.8892499804496765, "other-related_random6000": 0.8435832858085632, "expectedness_random500": 0.9153333902359009, "expectedness_random1000": 0.907333254814148, "expectedness_random1500": 0.9053333401679993, "expectedness_random2000": 0.9029167294502258, "expectedness_random2500": 0.9131667017936707, "expectedness_random3000": 0.8793333172798157, "expectedness_random4000": 0.8815000653266907, "expectedness_random5000": 0.8014166951179504, "expectedness_random6000": 0.8874167203903198, "non-novelty_random500": 0.9133332967758179, "non-novelty_random1000": 0.9172500371932983, "non-novelty_random1500": 0.9013333320617676, "non-novelty_random2000": 0.8833333253860474, "non-novelty_random2500": 0.8993332982063293, "non-novelty_random3000": 0.8914999961853027, "non-novelty_random4000": 0.8873332738876343, "non-novelty_random5000": 0.8852499723434448, "non-novelty_random6000": 0.8933333158493042}