{"sentiment": "curiosity", "seed": 9, "arousal_random500": 0.9312499761581421, "best": 0.930859386920929, "arousal_random1000": 0.9272500276565552, "arousal_random1500": 0.927166759967804, "arousal_random2000": 0.9252500534057617, "arousal_random2500": 0.9333332777023315, "arousal_random3000": 0.8497499227523804, "arousal_random4000": 0.7475833296775818, "arousal_random5000": 0.9133332967758179, "arousal_random6000": 0.8912500143051147, "valence_random500": 0.9232500195503235, "valence_random1000": 0.9191666841506958, "valence_random1500": 0.9232500195503235, "valence_random2000": 0.9272500276565552, "valence_random2500": 0.9291666746139526, "valence_random3000": 0.921166718006134, "valence_random4000": 0.9272500276565552, "valence_random5000": 0.8915833234786987, "valence_random6000": 0.7017500400543213, "happy_random500": 0.919083297252655, "happy_random1000": 0.927166759967804, "happy_random1500": 0.9209166765213013, "happy_random2000": 0.9273333549499512, "happy_random2500": 0.9210833311080933, "happy_random3000": 0.9169999957084656, "happy_random4000": 0.921500027179718, "happy_random5000": 0.8702499270439148, "happy_random6000": 0.813249945640564, "anger_random500": 0.9272500276565552, "anger_random1000": 0.9292500615119934, "anger_random1500": 0.919083297252655, "anger_random2000": 0.9192500114440918, "anger_random2500": 0.9050832986831665, "anger_random3000": 0.921166718006134, "anger_random4000": 0.9173333048820496, "anger_random5000": 0.8853333592414856, "anger_random6000": 0.9134166836738586, "sad_random500": 0.927166759967804, "sad_random1000": 0.9291666746139526, "sad_random1500": 0.9253333210945129, "sad_random2000": 0.8783332705497742, "sad_random2500": 0.9134166836738586, "sad_random3000": 0.6074166297912598, "sad_random4000": 0.921166718006134, "sad_random5000": 0.909166693687439, "sad_random6000": 0.8295833468437195, "fear_random500": 0.927166759967804, "fear_random1000": 0.9291666746139526, "fear_random1500": 0.9192500114440918, "fear_random2000": 0.921166718006134, "fear_random2500": 0.9313333630561829, "fear_random3000": 0.9134166836738586, "fear_random4000": 0.8682500123977661, "fear_random5000": 0.8887499570846558, "fear_random6000": 0.8592499494552612, "surprise_random500": 0.9272500276565552, "surprise_random1000": 0.9231667518615723, "surprise_random1500": 0.9291666746139526, "surprise_random2000": 0.9191667437553406, "surprise_random2500": 0.907333254814148, "surprise_random3000": 0.909416675567627, "surprise_random4000": 0.8665000200271606, "surprise_random5000": 0.9014166593551636, "surprise_random6000": 0.875333309173584, "disgust_random500": 0.9292500615119934, "disgust_random1000": 0.9292500615119934, "disgust_random1500": 0.9292500615119934, "disgust_random2000": 0.9150832891464233, "disgust_random2500": 0.9114167094230652, "disgust_random3000": 0.9130833745002747, "disgust_random4000": 0.9294167757034302, "disgust_random5000": 0.7017499804496765, "disgust_random6000": 0.8599166870117188, "control_random500": 0.9272500276565552, "control_random1000": 0.921166718006134, "control_random1500": 0.9231666326522827, "control_random2000": 0.9293333292007446, "control_random2500": 0.9174166917800903, "control_random3000": 0.9234167337417603, "control_random4000": 0.903333306312561, "control_random5000": 0.8726666569709778, "control_random6000": 0.8953334093093872, "fairness_random500": 0.9252500534057617, "fairness_random1000": 0.9272500276565552, "fairness_random1500": 0.9292500615119934, "fairness_random2000": 0.9251667261123657, "fairness_random2500": 0.925083339214325, "fairness_random3000": 0.909416675567627, "fairness_random4000": 0.909416675567627, "fairness_random5000": 0.8320833444595337, "fairness_random6000": 0.8555000424385071, "self-related_random500": 0.9251667261123657, "self-related_random1000": 0.9251667261123657, "self-related_random1500": 0.9292500615119934, "self-related_random2000": 0.9234999418258667, "self-related_random2500": 0.9252500534057617, "self-related_random3000": 0.7757500410079956, "self-related_random4000": 0.9110833406448364, "self-related_random5000": 0.8654167056083679, "self-related_random6000": 0.8847500085830688, "other-related_random500": 0.9292500615119934, "other-related_random1000": 0.7994999885559082, "other-related_random1500": 0.9253333210945129, "other-related_random2000": 0.927166759967804, "other-related_random2500": 0.9170832633972168, "other-related_random3000": 0.909500002861023, "other-related_random4000": 0.9112499952316284, "other-related_random5000": 0.8598333597183228, "other-related_random6000": 0.8670832514762878, "expectedness_random500": 0.9270833134651184, "expectedness_random1000": 0.9252500534057617, "expectedness_random1500": 0.921166718006134, "expectedness_random2000": 0.9131667017936707, "expectedness_random2500": 0.9210000038146973, "expectedness_random3000": 0.9270000457763672, "expectedness_random4000": 0.9072500467300415, "expectedness_random5000": 0.8993332982063293, "expectedness_random6000": 0.7776666879653931, "non-novelty_random500": 0.9251667261123657, "non-novelty_random1000": 0.9292500615119934, "non-novelty_random1500": 0.9251667261123657, "non-novelty_random2000": 0.9231667518615723, "non-novelty_random2500": 0.8993332982063293, "non-novelty_random3000": 0.9015000462532043, "non-novelty_random4000": 0.909416675567627, "non-novelty_random5000": 0.9133332967758179, "non-novelty_random6000": 0.7705833911895752}