{"sentiment": "curiosity", "seed": 42, "arousal_random500": 0.8866666555404663, "best": 0.8962239623069763, "arousal_random1000": 0.8887500762939453, "arousal_random1500": 0.8825832605361938, "arousal_random2000": 0.8905000686645508, "arousal_random2500": 0.890666663646698, "arousal_random3000": 0.8748334050178528, "arousal_random4000": 0.4914166331291199, "arousal_random5000": 0.8607500195503235, "arousal_random6000": 0.7913333177566528, "valence_random500": 0.8826667070388794, "valence_random1000": 0.8705833554267883, "valence_random1500": 0.8705833554267883, "valence_random2000": 0.890666663646698, "valence_random2500": 0.8807500600814819, "valence_random3000": 0.8925833702087402, "valence_random4000": 0.8550000190734863, "valence_random5000": 0.8686666488647461, "valence_random6000": 0.48141664266586304, "happy_random500": 0.8885833621025085, "happy_random1000": 0.8925833702087402, "happy_random1500": 0.890666663646698, "happy_random2000": 0.8806667327880859, "happy_random2500": 0.8865833282470703, "happy_random3000": 0.890583336353302, "happy_random4000": 0.8824999928474426, "happy_random5000": 0.8188333511352539, "happy_random6000": 0.4892500042915344, "anger_random500": 0.8925833702087402, "anger_random1000": 0.8824999928474426, "anger_random1500": 0.8866666555404663, "anger_random2000": 0.8707500696182251, "anger_random2500": 0.8845833539962769, "anger_random3000": 0.8667500615119934, "anger_random4000": 0.9006667137145996, "anger_random5000": 0.8409167528152466, "anger_random6000": 0.8569167256355286, "sad_random500": 0.8925833702087402, "sad_random1000": 0.890583336353302, "sad_random1500": 0.8887499570846558, "sad_random2000": 0.8542499542236328, "sad_random2500": 0.874666690826416, "sad_random3000": 0.4834166467189789, "sad_random4000": 0.8601667284965515, "sad_random5000": 0.48141664266586304, "sad_random6000": 0.7536666393280029, "fear_random500": 0.8886666297912598, "fear_random1000": 0.8926666975021362, "fear_random1500": 0.8747499585151672, "fear_random2000": 0.8865000009536743, "fear_random2500": 0.87458336353302, "fear_random3000": 0.8788332939147949, "fear_random4000": 0.8806666135787964, "fear_random5000": 0.8605833053588867, "fear_random6000": 0.8450833559036255, "surprise_random500": 0.8866666555404663, "surprise_random1000": 0.8945833444595337, "surprise_random1500": 0.8646666407585144, "surprise_random2000": 0.8807500004768372, "surprise_random2500": 0.890666663646698, "surprise_random3000": 0.874666690826416, "surprise_random4000": 0.7094166874885559, "surprise_random5000": 0.8465832471847534, "surprise_random6000": 0.7601667046546936, "disgust_random500": 0.8925832509994507, "disgust_random1000": 0.8786666989326477, "disgust_random1500": 0.8825833201408386, "disgust_random2000": 0.8765833973884583, "disgust_random2500": 0.8706666827201843, "disgust_random3000": 0.8885000348091125, "disgust_random4000": 0.8723333477973938, "disgust_random5000": 0.8449167013168335, "disgust_random6000": 0.5205833315849304, "control_random500": 0.8905000686645508, "control_random1000": 0.8945833444595337, "control_random1500": 0.8826667070388794, "control_random2000": 0.8825833201408386, "control_random2500": 0.8785833120346069, "control_random3000": 0.8705833554267883, "control_random4000": 0.8667500615119934, "control_random5000": 0.8627500534057617, "control_random6000": 0.8486666679382324, "fairness_random500": 0.8925833702087402, "fairness_random1000": 0.8726666569709778, "fairness_random1500": 0.8845000267028809, "fairness_random2000": 0.8765000104904175, "fairness_random2500": 0.8845832943916321, "fairness_random3000": 0.8667499423027039, "fairness_random4000": 0.8888333439826965, "fairness_random5000": 0.6771665811538696, "fairness_random6000": 0.8588333129882812, "self-related_random500": 0.8965833783149719, "self-related_random1000": 0.890666663646698, "self-related_random1500": 0.8945833444595337, "self-related_random2000": 0.874666690826416, "self-related_random2500": 0.8826667070388794, "self-related_random3000": 0.7670833468437195, "self-related_random4000": 0.8865833282470703, "self-related_random5000": 0.8488333821296692, "self-related_random6000": 0.6263333559036255, "other-related_random500": 0.8886666297912598, "other-related_random1000": 0.48141664266586304, "other-related_random1500": 0.8706666827201843, "other-related_random2000": 0.8864167332649231, "other-related_random2500": 0.8845832943916321, "other-related_random3000": 0.8707500696182251, "other-related_random4000": 0.8723333477973938, "other-related_random5000": 0.7910000085830688, "other-related_random6000": 0.7098333835601807, "expectedness_random500": 0.890583336353302, "expectedness_random1000": 0.8846666216850281, "expectedness_random1500": 0.8866666555404663, "expectedness_random2000": 0.8946666717529297, "expectedness_random2500": 0.8925832509994507, "expectedness_random3000": 0.8845832943916321, "expectedness_random4000": 0.8707500696182251, "expectedness_random5000": 0.6993333697319031, "expectedness_random6000": 0.8825832605361938, "non-novelty_random500": 0.8925833702087402, "non-novelty_random1000": 0.8886666297912598, "non-novelty_random1500": 0.8846666216850281, "non-novelty_random2000": 0.8627500534057617, "non-novelty_random2500": 0.8744999766349792, "non-novelty_random3000": 0.8507499694824219, "non-novelty_random4000": 0.8765832781791687, "non-novelty_random5000": 0.8846666216850281, "non-novelty_random6000": 0.8503333330154419}