{"sentiment": "curiosity", "seed": 100, "arousal_random500": 0.8869999647140503, "best": 0.8927083015441895, "arousal_random1000": 0.8891666531562805, "arousal_random1500": 0.8890000581741333, "arousal_random2000": 0.8849999308586121, "arousal_random2500": 0.8933332562446594, "arousal_random3000": 0.5590833425521851, "arousal_random4000": 0.49175000190734863, "arousal_random5000": 0.8812500238418579, "arousal_random6000": 0.8714167475700378, "valence_random500": 0.8870833516120911, "valence_random1000": 0.8891667127609253, "valence_random1500": 0.8871666789054871, "valence_random2000": 0.8772500157356262, "valence_random2500": 0.8767499923706055, "valence_random3000": 0.8850833177566528, "valence_random4000": 0.6662500500679016, "valence_random5000": 0.6934166550636292, "valence_random6000": 0.26524999737739563, "happy_random500": 0.893166720867157, "happy_random1000": 0.8624166250228882, "happy_random1500": 0.8911666870117188, "happy_random2000": 0.8422499895095825, "happy_random2500": 0.8869999647140503, "happy_random3000": 0.8645833134651184, "happy_random4000": 0.8869167566299438, "happy_random5000": 0.6117500066757202, "happy_random6000": 0.4897499978542328, "anger_random500": 0.8871666789054871, "anger_random1000": 0.8767499923706055, "anger_random1500": 0.5448333024978638, "anger_random2000": 0.8832500576972961, "anger_random2500": 0.8809999227523804, "anger_random3000": 0.8812500238418579, "anger_random4000": 0.8854166865348816, "anger_random5000": 0.7848333716392517, "anger_random6000": 0.8503333330154419, "sad_random500": 0.8871666789054871, "sad_random1000": 0.8871666789054871, "sad_random1500": 0.8891667127609253, "sad_random2000": 0.8726666569709778, "sad_random2500": 0.8715000152587891, "sad_random3000": 0.7564166784286499, "sad_random4000": 0.5548332929611206, "sad_random5000": 0.6615833640098572, "sad_random6000": 0.8733333349227905, "fear_random500": 0.8890000581741333, "fear_random1000": 0.8769167065620422, "fear_random1500": 0.893166720867157, "fear_random2000": 0.875333309173584, "fear_random2500": 0.8872500658035278, "fear_random3000": 0.8694167137145996, "fear_random4000": 0.8705833554267883, "fear_random5000": 0.8710832595825195, "fear_random6000": 0.4997499883174896, "surprise_random500": 0.8870833516120911, "surprise_random1000": 0.8768333196640015, "surprise_random1500": 0.8910833597183228, "surprise_random2000": 0.8868333101272583, "surprise_random2500": 0.8870833516120911, "surprise_random3000": 0.8830833435058594, "surprise_random4000": 0.7562499642372131, "surprise_random5000": 0.5102499723434448, "surprise_random6000": 0.8830000162124634, "disgust_random500": 0.8910833597183228, "disgust_random1000": 0.8808333277702332, "disgust_random1500": 0.8871666789054871, "disgust_random2000": 0.8952500224113464, "disgust_random2500": 0.8850000500679016, "disgust_random3000": 0.8832499384880066, "disgust_random4000": 0.5265833139419556, "disgust_random5000": 0.5831666588783264, "disgust_random6000": 0.5062500238418579, "control_random500": 0.8871666789054871, "control_random1000": 0.8890832662582397, "control_random1500": 0.89124995470047, "control_random2000": 0.8828333020210266, "control_random2500": 0.8891666531562805, "control_random3000": 0.8830832242965698, "control_random4000": 0.8832500576972961, "control_random5000": 0.8695833086967468, "control_random6000": 0.8235833048820496, "fairness_random500": 0.8890832662582397, "fairness_random1000": 0.8891666531562805, "fairness_random1500": 0.8890000581741333, "fairness_random2000": 0.8542499542236328, "fairness_random2500": 0.8932499885559082, "fairness_random3000": 0.7179166078567505, "fairness_random4000": 0.8014166951179504, "fairness_random5000": 0.8192499876022339, "fairness_random6000": 0.4897499978542328, "self-related_random500": 0.8911666870117188, "self-related_random1000": 0.8735000491142273, "self-related_random1500": 0.8890832662582397, "self-related_random2000": 0.8790000081062317, "self-related_random2500": 0.8852499723434448, "self-related_random3000": 0.8613332509994507, "self-related_random4000": 0.8771666288375854, "self-related_random5000": 0.8793333172798157, "self-related_random6000": 0.5102499723434448, "other-related_random500": 0.8910833597183228, "other-related_random1000": 0.5385000109672546, "other-related_random1500": 0.8665833473205566, "other-related_random2000": 0.8870833516120911, "other-related_random2500": 0.8852499723434448, "other-related_random3000": 0.8872499465942383, "other-related_random4000": 0.5773333311080933, "other-related_random5000": 0.5102499723434448, "other-related_random6000": 0.5449166297912598, "expectedness_random500": 0.8890832662582397, "expectedness_random1000": 0.8931666612625122, "expectedness_random1500": 0.8911666870117188, "expectedness_random2000": 0.877166748046875, "expectedness_random2500": 0.8851666450500488, "expectedness_random3000": 0.8789166212081909, "expectedness_random4000": 0.8850000500679016, "expectedness_random5000": 0.5102499723434448, "expectedness_random6000": 0.8548333048820496, "non-novelty_random500": 0.8911666870117188, "non-novelty_random1000": 0.89124995470047, "non-novelty_random1500": 0.8952499628067017, "non-novelty_random2000": 0.8891666531562805, "non-novelty_random2500": 0.8891666531562805, "non-novelty_random3000": 0.8502500653266907, "non-novelty_random4000": 0.49175000190734863, "non-novelty_random5000": 0.7031666040420532, "non-novelty_random6000": 0.5142499804496765}