{"sentiment": "curiosity", "seed": 1, "arousal_random500": 0.8949999809265137, "best": 0.8967447876930237, "arousal_random1000": 0.8930832743644714, "arousal_random1500": 0.8909167051315308, "arousal_random2000": 0.8683333396911621, "arousal_random2500": 0.8763333559036255, "arousal_random3000": 0.8422499895095825, "arousal_random4000": 0.47349995374679565, "arousal_random5000": 0.797416627407074, "arousal_random6000": 0.8230000734329224, "valence_random500": 0.8910833597183228, "valence_random1000": 0.8930832743644714, "valence_random1500": 0.8910833597183228, "valence_random2000": 0.8990833163261414, "valence_random2500": 0.8908332586288452, "valence_random3000": 0.8889166712760925, "valence_random4000": 0.8770833015441895, "valence_random5000": 0.8848333358764648, "valence_random6000": 0.47349995374679565, "happy_random500": 0.8890832662582397, "happy_random1000": 0.8869167566299438, "happy_random1500": 0.8784167170524597, "happy_random2000": 0.8827499151229858, "happy_random2500": 0.8889166712760925, "happy_random3000": 0.8807500004768372, "happy_random4000": 0.8299166560173035, "happy_random5000": 0.8650000691413879, "happy_random6000": 0.7404999732971191, "anger_random500": 0.8930832743644714, "anger_random1000": 0.8868333101272583, "anger_random1500": 0.8868333101272583, "anger_random2000": 0.8930000066757202, "anger_random2500": 0.8850000500679016, "anger_random3000": 0.8929999470710754, "anger_random4000": 0.8827499151229858, "anger_random5000": 0.8790833353996277, "anger_random6000": 0.7200833559036255, "sad_random500": 0.8888333439826965, "sad_random1000": 0.8908332586288452, "sad_random1500": 0.8908332586288452, "sad_random2000": 0.860333263874054, "sad_random2500": 0.8830000162124634, "sad_random3000": 0.5712500214576721, "sad_random4000": 0.7482500076293945, "sad_random5000": 0.4755000174045563, "sad_random6000": 0.8510000109672546, "fear_random500": 0.8950833082199097, "fear_random1000": 0.8886667490005493, "fear_random1500": 0.8870832324028015, "fear_random2000": 0.8949999809265137, "fear_random2500": 0.890999972820282, "fear_random3000": 0.8910833597183228, "fear_random4000": 0.7952499985694885, "fear_random5000": 0.8566666841506958, "fear_random6000": 0.8191666603088379, "surprise_random500": 0.8950833082199097, "surprise_random1000": 0.8846667408943176, "surprise_random1500": 0.8869999647140503, "surprise_random2000": 0.8890832662582397, "surprise_random2500": 0.8767499923706055, "surprise_random3000": 0.8826667070388794, "surprise_random4000": 0.5589166283607483, "surprise_random5000": 0.7546666860580444, "surprise_random6000": 0.874666690826416, "disgust_random500": 0.8867500424385071, "disgust_random1000": 0.8989999890327454, "disgust_random1500": 0.8949999809265137, "disgust_random2000": 0.8848333358764648, "disgust_random2500": 0.8870832324028015, "disgust_random3000": 0.8889166712760925, "disgust_random4000": 0.7951666116714478, "disgust_random5000": 0.8546665906906128, "disgust_random6000": 0.5874999761581421, "control_random500": 0.8929166793823242, "control_random1000": 0.8885833024978638, "control_random1500": 0.8804166913032532, "control_random2000": 0.8805832862854004, "control_random2500": 0.8867500424385071, "control_random3000": 0.8809167146682739, "control_random4000": 0.8768332600593567, "control_random5000": 0.872583270072937, "control_random6000": 0.8320833444595337, "fairness_random500": 0.8907500505447388, "fairness_random1000": 0.8870833516120911, "fairness_random1500": 0.8907500505447388, "fairness_random2000": 0.8457500338554382, "fairness_random2500": 0.8866666555404663, "fairness_random3000": 0.8910833597183228, "fairness_random4000": 0.8928333520889282, "fairness_random5000": 0.7198333144187927, "fairness_random6000": 0.8570833206176758, "self-related_random500": 0.8909167051315308, "self-related_random1000": 0.8847500085830688, "self-related_random1500": 0.8869167566299438, "self-related_random2000": 0.8810833096504211, "self-related_random2500": 0.8827499151229858, "self-related_random3000": 0.840666651725769, "self-related_random4000": 0.8810833096504211, "self-related_random5000": 0.872833251953125, "self-related_random6000": 0.5955000519752502, "other-related_random500": 0.8970832824707031, "other-related_random1000": 0.47349995374679565, "other-related_random1500": 0.8910833597183228, "other-related_random2000": 0.8887499570846558, "other-related_random2500": 0.8865833282470703, "other-related_random3000": 0.8810833692550659, "other-related_random4000": 0.8845832943916321, "other-related_random5000": 0.8628333210945129, "other-related_random6000": 0.8051667213439941, "expectedness_random500": 0.8989999890327454, "expectedness_random1000": 0.8909167051315308, "expectedness_random1500": 0.8930832743644714, "expectedness_random2000": 0.8930000066757202, "expectedness_random2500": 0.8661667108535767, "expectedness_random3000": 0.8890832662582397, "expectedness_random4000": 0.8787500262260437, "expectedness_random5000": 0.856249988079071, "expectedness_random6000": 0.6565833687782288, "non-novelty_random500": 0.8929166793823242, "non-novelty_random1000": 0.8949999809265137, "non-novelty_random1500": 0.8927499651908875, "non-novelty_random2000": 0.8850833177566528, "non-novelty_random2500": 0.8806666135787964, "non-novelty_random3000": 0.8849999308586121, "non-novelty_random4000": 0.8690000772476196, "non-novelty_random5000": 0.8849166035652161, "non-novelty_random6000": 0.8096667528152466}