{"sentiment": "curiosity", "seed": 19, "arousal_random500": 0.9149999618530273, "best": 0.9223958253860474, "arousal_random1000": 0.9150832891464233, "arousal_random1500": 0.906999945640564, "arousal_random2000": 0.890583336353302, "arousal_random2500": 0.9029167294502258, "arousal_random3000": 0.8679167032241821, "arousal_random4000": 0.8542499542236328, "arousal_random5000": 0.8948332667350769, "arousal_random6000": 0.8606667518615723, "valence_random500": 0.9129999876022339, "valence_random1000": 0.9131667017936707, "valence_random1500": 0.8990833163261414, "valence_random2000": 0.9069167375564575, "valence_random2500": 0.9169999957084656, "valence_random3000": 0.9050000309944153, "valence_random4000": 0.8949167132377625, "valence_random5000": 0.8790833353996277, "valence_random6000": 0.7862499952316284, "happy_random500": 0.9169999957084656, "happy_random1000": 0.9129999876022339, "happy_random1500": 0.919083297252655, "happy_random2000": 0.906999945640564, "happy_random2500": 0.9048333168029785, "happy_random3000": 0.9028332829475403, "happy_random4000": 0.8990833163261414, "happy_random5000": 0.872249960899353, "happy_random6000": 0.8297499418258667, "anger_random500": 0.9169999957084656, "anger_random1000": 0.9068333506584167, "anger_random1500": 0.8619999885559082, "anger_random2000": 0.9050833582878113, "anger_random2500": 0.890666663646698, "anger_random3000": 0.8990833163261414, "anger_random4000": 0.8871666789054871, "anger_random5000": 0.8690832853317261, "anger_random6000": 0.6728333234786987, "sad_random500": 0.9130832552909851, "sad_random1000": 0.9109999537467957, "sad_random1500": 0.909000039100647, "sad_random2000": 0.7640833258628845, "sad_random2500": 0.9010832905769348, "sad_random3000": 0.8627499341964722, "sad_random4000": 0.8904167413711548, "sad_random5000": 0.8539166450500488, "sad_random6000": 0.8690000772476196, "fear_random500": 0.9129999876022339, "fear_random1000": 0.9148332476615906, "fear_random1500": 0.9150832891464233, "fear_random2000": 0.8966667056083679, "fear_random2500": 0.906999945640564, "fear_random3000": 0.9109166860580444, "fear_random4000": 0.71916663646698, "fear_random5000": 0.843666672706604, "fear_random6000": 0.8589166402816772, "surprise_random500": 0.9170832633972168, "surprise_random1000": 0.9150832891464233, "surprise_random1500": 0.9070833325386047, "surprise_random2000": 0.9130832552909851, "surprise_random2500": 0.9010833501815796, "surprise_random3000": 0.909083366394043, "surprise_random4000": 0.8865833282470703, "surprise_random5000": 0.8888333439826965, "surprise_random6000": 0.6664167046546936, "disgust_random500": 0.9169166684150696, "disgust_random1000": 0.9149999618530273, "disgust_random1500": 0.9050000309944153, "disgust_random2000": 0.9171667098999023, "disgust_random2500": 0.9069167375564575, "disgust_random3000": 0.909000039100647, "disgust_random4000": 0.890999972820282, "disgust_random5000": 0.8270832896232605, "disgust_random6000": 0.8886667490005493, "control_random500": 0.9189167022705078, "control_random1000": 0.9109999537467957, "control_random1500": 0.9131667017936707, "control_random2000": 0.9050000309944153, "control_random2500": 0.9088333249092102, "control_random3000": 0.9109166860580444, "control_random4000": 0.8600000143051147, "control_random5000": 0.8234167098999023, "control_random6000": 0.7742500305175781, "fairness_random500": 0.9149166941642761, "fairness_random1000": 0.9110833406448364, "fairness_random1500": 0.9129999876022339, "fairness_random2000": 0.909000039100647, "fairness_random2500": 0.9004999995231628, "fairness_random3000": 0.9070833325386047, "fairness_random4000": 0.906999945640564, "fairness_random5000": 0.7297500371932983, "fairness_random6000": 0.8663333058357239, "self-related_random500": 0.9129999876022339, "self-related_random1000": 0.9231666326522827, "self-related_random1500": 0.9108332395553589, "self-related_random2000": 0.9050000309944153, "self-related_random2500": 0.9110833406448364, "self-related_random3000": 0.9090832471847534, "self-related_random4000": 0.8830833435058594, "self-related_random5000": 0.8811667561531067, "self-related_random6000": 0.8727499842643738, "other-related_random500": 0.9170832633972168, "other-related_random1000": 0.8767499923706055, "other-related_random1500": 0.9050832986831665, "other-related_random2000": 0.9007499814033508, "other-related_random2500": 0.902999997138977, "other-related_random3000": 0.9050832986831665, "other-related_random4000": 0.9029167294502258, "other-related_random5000": 0.6582500338554382, "other-related_random6000": 0.5973333716392517, "expectedness_random500": 0.9129999876022339, "expectedness_random1000": 0.9149166941642761, "expectedness_random1500": 0.9150832891464233, "expectedness_random2000": 0.9110833406448364, "expectedness_random2500": 0.8824166059494019, "expectedness_random3000": 0.9010000228881836, "expectedness_random4000": 0.8930000066757202, "expectedness_random5000": 0.843416690826416, "expectedness_random6000": 0.8788334131240845, "non-novelty_random500": 0.9169999957084656, "non-novelty_random1000": 0.9069167375564575, "non-novelty_random1500": 0.9169167280197144, "non-novelty_random2000": 0.902999997138977, "non-novelty_random2500": 0.8928333520889282, "non-novelty_random3000": 0.9131667017936707, "non-novelty_random4000": 0.8991667032241821, "non-novelty_random5000": 0.8791667222976685, "non-novelty_random6000": 0.8661667108535767}