{"sentiment": "curiosity", "seed": 17, "arousal_random500": 0.9070833325386047, "best": 0.9102864265441895, "arousal_random1000": 0.9012500047683716, "arousal_random1500": 0.9071666598320007, "arousal_random2000": 0.8932499885559082, "arousal_random2500": 0.8992500305175781, "arousal_random3000": 0.8889166712760925, "arousal_random4000": 0.8373333215713501, "arousal_random5000": 0.8755000233650208, "arousal_random6000": 0.7055000066757202, "valence_random500": 0.9013333320617676, "valence_random1000": 0.8971667289733887, "valence_random1500": 0.8910833597183228, "valence_random2000": 0.9012500047683716, "valence_random2500": 0.9110000729560852, "valence_random3000": 0.906999945640564, "valence_random4000": 0.8634166717529297, "valence_random5000": 0.7733333706855774, "valence_random6000": 0.6232500076293945, "happy_random500": 0.9027500152587891, "happy_random1000": 0.8986666798591614, "happy_random1500": 0.9006667137145996, "happy_random2000": 0.8992500305175781, "happy_random2500": 0.906916618347168, "happy_random3000": 0.8923333287239075, "happy_random4000": 0.8873332738876343, "happy_random5000": 0.8673332929611206, "happy_random6000": 0.5217500329017639, "anger_random500": 0.909000039100647, "anger_random1000": 0.903083324432373, "anger_random1500": 0.8969166874885559, "anger_random2000": 0.9051666259765625, "anger_random2500": 0.8803333044052124, "anger_random3000": 0.9070833325386047, "anger_random4000": 0.9052499532699585, "anger_random5000": 0.8813333511352539, "anger_random6000": 0.8927499651908875, "sad_random500": 0.9048333168029785, "sad_random1000": 0.906916618347168, "sad_random1500": 0.9029166102409363, "sad_random2000": 0.8927499651908875, "sad_random2500": 0.9029166102409363, "sad_random3000": 0.875, "sad_random4000": 0.8885000348091125, "sad_random5000": 0.8634999990463257, "sad_random6000": 0.7635833621025085, "fear_random500": 0.8970832824707031, "fear_random1000": 0.9110833406448364, "fear_random1500": 0.903083324432373, "fear_random2000": 0.8873332738876343, "fear_random2500": 0.8933333158493042, "fear_random3000": 0.8834167718887329, "fear_random4000": 0.8354166746139526, "fear_random5000": 0.8682500123977661, "fear_random6000": 0.8991667032241821, "surprise_random500": 0.909000039100647, "surprise_random1000": 0.9049999117851257, "surprise_random1500": 0.8991667032241821, "surprise_random2000": 0.9029166102409363, "surprise_random2500": 0.9010000228881836, "surprise_random3000": 0.8952500224113464, "surprise_random4000": 0.8523333668708801, "surprise_random5000": 0.8724166750907898, "surprise_random6000": 0.8711667060852051, "disgust_random500": 0.906916618347168, "disgust_random1000": 0.8988332748413086, "disgust_random1500": 0.9007499814033508, "disgust_random2000": 0.8847500085830688, "disgust_random2500": 0.8953332901000977, "disgust_random3000": 0.8991667032241821, "disgust_random4000": 0.8912500143051147, "disgust_random5000": 0.7934166789054871, "disgust_random6000": 0.7804999947547913, "control_random500": 0.9008333086967468, "control_random1000": 0.9009166955947876, "control_random1500": 0.8947499990463257, "control_random2000": 0.8950833082199097, "control_random2500": 0.8953332901000977, "control_random3000": 0.8854166865348816, "control_random4000": 0.8989166021347046, "control_random5000": 0.8869166374206543, "control_random6000": 0.8670832514762878, "fairness_random500": 0.9051666259765625, "fairness_random1000": 0.893166720867157, "fairness_random1500": 0.8986666798591614, "fairness_random2000": 0.8988332748413086, "fairness_random2500": 0.9068333506584167, "fairness_random3000": 0.877166748046875, "fairness_random4000": 0.893416702747345, "fairness_random5000": 0.8210833668708801, "fairness_random6000": 0.593500018119812, "self-related_random500": 0.906916618347168, "self-related_random1000": 0.9049166440963745, "self-related_random1500": 0.9068333506584167, "self-related_random2000": 0.9013333320617676, "self-related_random2500": 0.9011666178703308, "self-related_random3000": 0.6894999742507935, "self-related_random4000": 0.8574167490005493, "self-related_random5000": 0.7873333692550659, "self-related_random6000": 0.8770833015441895, "other-related_random500": 0.9110833406448364, "other-related_random1000": 0.6675833463668823, "other-related_random1500": 0.8890832662582397, "other-related_random2000": 0.906999945640564, "other-related_random2500": 0.8891667127609253, "other-related_random3000": 0.8873332738876343, "other-related_random4000": 0.903166651725769, "other-related_random5000": 0.7965832948684692, "other-related_random6000": 0.8524999618530273, "expectedness_random500": 0.9130832552909851, "expectedness_random1000": 0.9089166522026062, "expectedness_random1500": 0.8985832929611206, "expectedness_random2000": 0.9010832905769348, "expectedness_random2500": 0.9007499814033508, "expectedness_random3000": 0.9008333086967468, "expectedness_random4000": 0.8610833287239075, "expectedness_random5000": 0.8690832853317261, "expectedness_random6000": 0.8234167098999023, "non-novelty_random500": 0.9089166522026062, "non-novelty_random1000": 0.9027500152587891, "non-novelty_random1500": 0.906999945640564, "non-novelty_random2000": 0.8969166874885559, "non-novelty_random2500": 0.8889999389648438, "non-novelty_random3000": 0.8830833435058594, "non-novelty_random4000": 0.8014166951179504, "non-novelty_random5000": 0.8969166874885559, "non-novelty_random6000": 0.9011667370796204}