{"sentiment": "curiosity", "seed": 5, "arousal_random500": 0.9027500152587891, "best": 0.903515636920929, "arousal_random1000": 0.9008333086967468, "arousal_random1500": 0.9048333168029785, "arousal_random2000": 0.8844166994094849, "arousal_random2500": 0.8947499990463257, "arousal_random3000": 0.8744999766349792, "arousal_random4000": 0.7735000252723694, "arousal_random5000": 0.8769167065620422, "arousal_random6000": 0.8541666865348816, "valence_random500": 0.8947499990463257, "valence_random1000": 0.8889166712760925, "valence_random1500": 0.8887499570846558, "valence_random2000": 0.8986666798591614, "valence_random2500": 0.9047499895095825, "valence_random3000": 0.8457500338554382, "valence_random4000": 0.8868333101272583, "valence_random5000": 0.8790000081062317, "valence_random6000": 0.6276666522026062, "happy_random500": 0.8988332748413086, "happy_random1000": 0.8926666378974915, "happy_random1500": 0.9048333168029785, "happy_random2000": 0.8846666216850281, "happy_random2500": 0.8845000267028809, "happy_random3000": 0.8845000267028809, "happy_random4000": 0.8808333277702332, "happy_random5000": 0.8333333134651184, "happy_random6000": 0.7589166760444641, "anger_random500": 0.8987500071525574, "anger_random1000": 0.8947499990463257, "anger_random1500": 0.8745000958442688, "anger_random2000": 0.8849166631698608, "anger_random2500": 0.8784999847412109, "anger_random3000": 0.8831666707992554, "anger_random4000": 0.8643333315849304, "anger_random5000": 0.8651667833328247, "anger_random6000": 0.8542499542236328, "sad_random500": 0.8865833282470703, "sad_random1000": 0.8968333005905151, "sad_random1500": 0.8987500071525574, "sad_random2000": 0.8095000386238098, "sad_random2500": 0.890583336353302, "sad_random3000": 0.7554166913032532, "sad_random4000": 0.876083254814148, "sad_random5000": 0.8612500429153442, "sad_random6000": 0.8294167518615723, "fear_random500": 0.8928333520889282, "fear_random1000": 0.9007499814033508, "fear_random1500": 0.8986666798591614, "fear_random2000": 0.8947499990463257, "fear_random2500": 0.8847500085830688, "fear_random3000": 0.8889166712760925, "fear_random4000": 0.8585833311080933, "fear_random5000": 0.8789166212081909, "fear_random6000": 0.7794166803359985, "surprise_random500": 0.9008333086967468, "surprise_random1000": 0.8764166831970215, "surprise_random1500": 0.8928333520889282, "surprise_random2000": 0.8904999494552612, "surprise_random2500": 0.8867500424385071, "surprise_random3000": 0.8865833282470703, "surprise_random4000": 0.874666690826416, "surprise_random5000": 0.862166702747345, "surprise_random6000": 0.7728333473205566, "disgust_random500": 0.8987499475479126, "disgust_random1000": 0.8864167332649231, "disgust_random1500": 0.8907500505447388, "disgust_random2000": 0.8889166712760925, "disgust_random2500": 0.8947499990463257, "disgust_random3000": 0.8765832781791687, "disgust_random4000": 0.8740833401679993, "disgust_random5000": 0.890999972820282, "disgust_random6000": 0.8770833015441895, "control_random500": 0.8987499475479126, "control_random1000": 0.8926666378974915, "control_random1500": 0.890583336353302, "control_random2000": 0.8866666555404663, "control_random2500": 0.8947499990463257, "control_random3000": 0.8581666946411133, "control_random4000": 0.8769167065620422, "control_random5000": 0.8423333168029785, "control_random6000": 0.874916672706604, "fairness_random500": 0.9007499814033508, "fairness_random1000": 0.8948332667350769, "fairness_random1500": 0.8924999237060547, "fairness_random2000": 0.8864167332649231, "fairness_random2500": 0.8904999494552612, "fairness_random3000": 0.8809167146682739, "fairness_random4000": 0.8887499570846558, "fairness_random5000": 0.8582500219345093, "fairness_random6000": 0.859333336353302, "self-related_random500": 0.8948332667350769, "self-related_random1000": 0.8805832862854004, "self-related_random1500": 0.8927499651908875, "self-related_random2000": 0.8908332586288452, "self-related_random2500": 0.8888333439826965, "self-related_random3000": 0.8472499847412109, "self-related_random4000": 0.8500000238418579, "self-related_random5000": 0.8706666827201843, "self-related_random6000": 0.7157500386238098, "other-related_random500": 0.8968333005905151, "other-related_random1000": 0.5198333263397217, "other-related_random1500": 0.8907499313354492, "other-related_random2000": 0.8925832509994507, "other-related_random2500": 0.8885833024978638, "other-related_random3000": 0.8868333101272583, "other-related_random4000": 0.7789999842643738, "other-related_random5000": 0.8669999837875366, "other-related_random6000": 0.6995834112167358, "expectedness_random500": 0.8987499475479126, "expectedness_random1000": 0.8967500925064087, "expectedness_random1500": 0.8965832591056824, "expectedness_random2000": 0.8947499990463257, "expectedness_random2500": 0.8884166479110718, "expectedness_random3000": 0.8805000185966492, "expectedness_random4000": 0.8710832595825195, "expectedness_random5000": 0.8784166574478149, "expectedness_random6000": 0.8580833673477173, "non-novelty_random500": 0.8968333005905151, "non-novelty_random1000": 0.8927499651908875, "non-novelty_random1500": 0.9007499814033508, "non-novelty_random2000": 0.8907499313354492, "non-novelty_random2500": 0.8805000185966492, "non-novelty_random3000": 0.8805832862854004, "non-novelty_random4000": 0.8829166293144226, "non-novelty_random5000": 0.8747499585151672, "non-novelty_random6000": 0.6915000081062317}