{"sentiment": "desire", "seed": 100, "arousal_random500": 0.9029629230499268, "best": 0.8766233921051025, "arousal_random1000": 0.8887037038803101, "arousal_random1500": 0.894444465637207, "arousal_random2000": 0.8879629373550415, "arousal_random2500": 0.9129629135131836, "arousal_random3000": 0.3942592442035675, "arousal_random4000": 0.5616666674613953, "arousal_random5000": 0.8224073648452759, "arousal_random6000": 0.7237037420272827, "valence_random500": 0.8929629325866699, "valence_random1000": 0.8779629468917847, "valence_random1500": 0.8822221755981445, "valence_random2000": 0.8822221755981445, "valence_random2500": 0.8887037038803101, "valence_random3000": 0.5974074006080627, "valence_random4000": 0.6379629969596863, "valence_random5000": 0.8616666793823242, "valence_random6000": 0.5175926089286804, "happy_random500": 0.9072222113609314, "happy_random1000": 0.8816666603088379, "happy_random1500": 0.8018518686294556, "happy_random2000": 0.8766666650772095, "happy_random2500": 0.8161110877990723, "happy_random3000": 0.784074068069458, "happy_random4000": 0.7733333110809326, "happy_random5000": 0.6549999713897705, "happy_random6000": 0.4690740704536438, "anger_random500": 0.8922221660614014, "anger_random1000": 0.890925943851471, "anger_random1500": 0.6572222113609314, "anger_random2000": 0.8929629325866699, "anger_random2500": 0.9079629182815552, "anger_random3000": 0.7455555200576782, "anger_random4000": 0.7683333158493042, "anger_random5000": 0.5596296191215515, "anger_random6000": 0.8531481623649597, "sad_random500": 0.9029629230499268, "sad_random1000": 0.8829629421234131, "sad_random1500": 0.8929629325866699, "sad_random2000": 0.8203703165054321, "sad_random2500": 0.8396296501159668, "sad_random3000": 0.6537036895751953, "sad_random4000": 0.41277778148651123, "sad_random5000": 0.5666666626930237, "sad_random6000": 0.8072222471237183, "fear_random500": 0.9029629230499268, "fear_random1000": 0.871666669845581, "fear_random1500": 0.8822221755981445, "fear_random2000": 0.9122222065925598, "fear_random2500": 0.8772221803665161, "fear_random3000": 0.8887037038803101, "fear_random4000": 0.4462963044643402, "fear_random5000": 0.4833333492279053, "fear_random6000": 0.7757407426834106, "surprise_random500": 0.902222216129303, "surprise_random1000": 0.8972222208976746, "surprise_random1500": 0.8837037086486816, "surprise_random2000": 0.8822221755981445, "surprise_random2500": 0.890925943851471, "surprise_random3000": 0.7933333516120911, "surprise_random4000": 0.7462962865829468, "surprise_random5000": 0.45907407999038696, "surprise_random6000": 0.8694444894790649, "disgust_random500": 0.8859259486198425, "disgust_random1000": 0.8937036991119385, "disgust_random1500": 0.8701851963996887, "disgust_random2000": 0.8837037086486816, "disgust_random2500": 0.9044444561004639, "disgust_random3000": 0.8894444704055786, "disgust_random4000": 0.4933333396911621, "disgust_random5000": 0.3992592394351959, "disgust_random6000": 0.3942592442035675, "control_random500": 0.902222216129303, "control_random1000": 0.8972222208976746, "control_random1500": 0.8951852321624756, "control_random2000": 0.8822221755981445, "control_random2500": 0.8338888883590698, "control_random3000": 0.8488888740539551, "control_random4000": 0.902222216129303, "control_random5000": 0.6762962937355042, "control_random6000": 0.5631481409072876, "fairness_random500": 0.8929629325866699, "fairness_random1000": 0.8887037038803101, "fairness_random1500": 0.8937036991119385, "fairness_random2000": 0.8844444751739502, "fairness_random2500": 0.8438888788223267, "fairness_random3000": 0.8587037324905396, "fairness_random4000": 0.9079629182815552, "fairness_random5000": 0.5859259366989136, "fairness_random6000": 0.8424074053764343, "self-related_random500": 0.887222170829773, "self-related_random1000": 0.8987036943435669, "self-related_random1500": 0.8859259486198425, "self-related_random2000": 0.8624074459075928, "self-related_random2500": 0.8722221851348877, "self-related_random3000": 0.6146296262741089, "self-related_random4000": 0.6337037086486816, "self-related_random5000": 0.8538888692855835, "self-related_random6000": 0.4270370304584503, "other-related_random500": 0.8972222208976746, "other-related_random1000": 0.6627777814865112, "other-related_random1500": 0.8987036943435669, "other-related_random2000": 0.8837037086486816, "other-related_random2500": 0.7562962770462036, "other-related_random3000": 0.9072222113609314, "other-related_random4000": 0.573888897895813, "other-related_random5000": 0.4412963092327118, "other-related_random6000": 0.5598148107528687, "expectedness_random500": 0.902222216129303, "expectedness_random1000": 0.8894444704055786, "expectedness_random1500": 0.8396296501159668, "expectedness_random2000": 0.8859259486198425, "expectedness_random2500": 0.8751851916313171, "expectedness_random3000": 0.8751851916313171, "expectedness_random4000": 0.7540740966796875, "expectedness_random5000": 0.4220370352268219, "expectedness_random6000": 0.5396296381950378, "non-novelty_random500": 0.885185182094574, "non-novelty_random1000": 0.902222216129303, "non-novelty_random1500": 0.887222170829773, "non-novelty_random2000": 0.9072222113609314, "non-novelty_random2500": 0.8566666841506958, "non-novelty_random3000": 0.7455555200576782, "non-novelty_random4000": 0.8829629421234131, "non-novelty_random5000": 0.6116666793823242, "non-novelty_random6000": 0.3942592442035675}