{"sentiment": "desire", "seed": 5, "arousal_random500": 0.8837037086486816, "best": 0.8831169009208679, "arousal_random1000": 0.8829629421234131, "arousal_random1500": 0.8694444894790649, "arousal_random2000": 0.8544444441795349, "arousal_random2500": 0.5809259414672852, "arousal_random3000": 0.5666666626930237, "arousal_random4000": 0.5466666221618652, "arousal_random5000": 0.7618518471717834, "arousal_random6000": 0.7929629683494568, "valence_random500": 0.8424074053764343, "valence_random1000": 0.8879629373550415, "valence_random1500": 0.8053703308105469, "valence_random2000": 0.8331481218338013, "valence_random2500": 0.7675926089286804, "valence_random3000": 0.4640740752220154, "valence_random4000": 0.5438889265060425, "valence_random5000": 0.8601852059364319, "valence_random6000": 0.6057407259941101, "happy_random500": 0.8794444799423218, "happy_random1000": 0.8594444394111633, "happy_random1500": 0.6942592859268188, "happy_random2000": 0.8451851606369019, "happy_random2500": 0.7875925898551941, "happy_random3000": 0.753333330154419, "happy_random4000": 0.7490741014480591, "happy_random5000": 0.4220370352268219, "happy_random6000": 0.4875926077365875, "anger_random500": 0.8887037038803101, "anger_random1000": 0.8281481266021729, "anger_random1500": 0.6850000023841858, "anger_random2000": 0.8524073958396912, "anger_random2500": 0.4918518364429474, "anger_random3000": 0.6329629421234131, "anger_random4000": 0.8416666984558105, "anger_random5000": 0.7575925588607788, "anger_random6000": 0.6742592453956604, "sad_random500": 0.8937036991119385, "sad_random1000": 0.8887037038803101, "sad_random1500": 0.8096296787261963, "sad_random2000": 0.4462963044643402, "sad_random2500": 0.8103703260421753, "sad_random3000": 0.6057407259941101, "sad_random4000": 0.5481481552124023, "sad_random5000": 0.6157407760620117, "sad_random6000": 0.8057407140731812, "fear_random500": 0.8701851963996887, "fear_random1000": 0.8651852011680603, "fear_random1500": 0.7818518877029419, "fear_random2000": 0.8937036991119385, "fear_random2500": 0.8687037229537964, "fear_random3000": 0.8053703308105469, "fear_random4000": 0.6492592096328735, "fear_random5000": 0.3942592442035675, "fear_random6000": 0.7707407474517822, "surprise_random500": 0.8374074101448059, "surprise_random1000": 0.8787037134170532, "surprise_random1500": 0.8794444799423218, "surprise_random2000": 0.8729629516601562, "surprise_random2500": 0.8509259223937988, "surprise_random3000": 0.6329629421234131, "surprise_random4000": 0.8501851558685303, "surprise_random5000": 0.4740740656852722, "surprise_random6000": 0.7996296286582947, "disgust_random500": 0.8794444799423218, "disgust_random1000": 0.8559259176254272, "disgust_random1500": 0.8701851963996887, "disgust_random2000": 0.8694444894790649, "disgust_random2500": 0.8359259366989136, "disgust_random3000": 0.8331481218338013, "disgust_random4000": 0.5609259009361267, "disgust_random5000": 0.6892592906951904, "disgust_random6000": 0.3942592442035675, "control_random500": 0.8609259128570557, "control_random1000": 0.8196296691894531, "control_random1500": 0.8451851606369019, "control_random2000": 0.8494444489479065, "control_random2500": 0.6792592406272888, "control_random3000": 0.7733333110809326, "control_random4000": 0.8096296787261963, "control_random5000": 0.7733333110809326, "control_random6000": 0.45981481671333313, "fairness_random500": 0.8879629373550415, "fairness_random1000": 0.8609259128570557, "fairness_random1500": 0.8501851558685303, "fairness_random2000": 0.7633333206176758, "fairness_random2500": 0.8509259223937988, "fairness_random3000": 0.8544444441795349, "fairness_random4000": 0.8609259128570557, "fairness_random5000": 0.4690740704536438, "fairness_random6000": 0.8031481504440308, "self-related_random500": 0.8737037181854248, "self-related_random1000": 0.7405555248260498, "self-related_random1500": 0.8196296691894531, "self-related_random2000": 0.7498148083686829, "self-related_random2500": 0.7405555248260498, "self-related_random3000": 0.6574074029922485, "self-related_random4000": 0.7035185098648071, "self-related_random5000": 0.7929629683494568, "self-related_random6000": 0.514629602432251, "other-related_random500": 0.8887037038803101, "other-related_random1000": 0.557962954044342, "other-related_random1500": 0.8003703355789185, "other-related_random2000": 0.8694444894790649, "other-related_random2500": 0.7498148083686829, "other-related_random3000": 0.8829629421234131, "other-related_random4000": 0.4640740752220154, "other-related_random5000": 0.3942592442035675, "other-related_random6000": 0.3942592442035675, "expectedness_random500": 0.846666693687439, "expectedness_random1000": 0.8744444847106934, "expectedness_random1500": 0.7825925946235657, "expectedness_random2000": 0.8424074053764343, "expectedness_random2500": 0.8053703308105469, "expectedness_random3000": 0.8844444751739502, "expectedness_random4000": 0.8366666436195374, "expectedness_random5000": 0.45407408475875854, "expectedness_random6000": 0.6237037181854248, "non-novelty_random500": 0.8701851963996887, "non-novelty_random1000": 0.8687037229537964, "non-novelty_random1500": 0.8787037134170532, "non-novelty_random2000": 0.8829629421234131, "non-novelty_random2500": 0.562407374382019, "non-novelty_random3000": 0.5096296072006226, "non-novelty_random4000": 0.7825925946235657, "non-novelty_random5000": 0.8053703308105469, "non-novelty_random6000": 0.3942592442035675}