{"sentiment": "desire", "seed": 17, "arousal_random500": 0.8096296787261963, "best": 0.8376623392105103, "arousal_random1000": 0.7968518733978271, "arousal_random1500": 0.8046296834945679, "arousal_random2000": 0.8146296739578247, "arousal_random2500": 0.818148136138916, "arousal_random3000": 0.7390740513801575, "arousal_random4000": 0.7011110782623291, "arousal_random5000": 0.8337036967277527, "arousal_random6000": 0.7679629325866699, "valence_random500": 0.8088889122009277, "valence_random1000": 0.812407374382019, "valence_random1500": 0.8003703355789185, "valence_random2000": 0.8081481456756592, "valence_random2500": 0.7903703451156616, "valence_random3000": 0.6850000023841858, "valence_random4000": 0.7561111450195312, "valence_random5000": 0.7753703594207764, "valence_random6000": 0.6237037181854248, "happy_random500": 0.8088889122009277, "happy_random1000": 0.7875925898551941, "happy_random1500": 0.8003703355789185, "happy_random2000": 0.8131481409072876, "happy_random2500": 0.8046296834945679, "happy_random3000": 0.778333306312561, "happy_random4000": 0.8537037372589111, "happy_random5000": 0.7298147678375244, "happy_random6000": 0.7866666316986084, "anger_random500": 0.8188889026641846, "anger_random1000": 0.8096296787261963, "anger_random1500": 0.7946296334266663, "anger_random2000": 0.7868518829345703, "anger_random2500": 0.8151851892471313, "anger_random3000": 0.7483333349227905, "anger_random4000": 0.770370364189148, "anger_random5000": 0.8096296787261963, "anger_random6000": 0.8144444227218628, "sad_random500": 0.7961111068725586, "sad_random1000": 0.8088889122009277, "sad_random1500": 0.8146296739578247, "sad_random2000": 0.7664815187454224, "sad_random2500": 0.7811111211776733, "sad_random3000": 0.7364814877510071, "sad_random4000": 0.6037037372589111, "sad_random5000": 0.7809259295463562, "sad_random6000": 0.8114814758300781, "fear_random500": 0.8188889026641846, "fear_random1000": 0.823888897895813, "fear_random1500": 0.7961111068725586, "fear_random2000": 0.8088889122009277, "fear_random2500": 0.8301851749420166, "fear_random3000": 0.840925931930542, "fear_random4000": 0.7155555486679077, "fear_random5000": 0.8116666674613953, "fear_random6000": 0.7664815187454224, "surprise_random500": 0.7961111068725586, "surprise_random1000": 0.8003703355789185, "surprise_random1500": 0.7868518829345703, "surprise_random2000": 0.8046296834945679, "surprise_random2500": 0.8188889026641846, "surprise_random3000": 0.8096296787261963, "surprise_random4000": 0.7675926089286804, "surprise_random5000": 0.7746296525001526, "surprise_random6000": 0.8087036609649658, "disgust_random500": 0.801111102104187, "disgust_random1000": 0.8274073600769043, "disgust_random1500": 0.8146296739578247, "disgust_random2000": 0.8138889074325562, "disgust_random2500": 0.8401851654052734, "disgust_random3000": 0.8081481456756592, "disgust_random4000": 0.7803703546524048, "disgust_random5000": 0.7966666221618652, "disgust_random6000": 0.7546296119689941, "control_random500": 0.8081481456756592, "control_random1000": 0.8288888931274414, "control_random1500": 0.7925925850868225, "control_random2000": 0.8003703355789185, "control_random2500": 0.8003703355789185, "control_random3000": 0.7875925898551941, "control_random4000": 0.8359259366989136, "control_random5000": 0.7564815282821655, "control_random6000": 0.6807407140731812, "fairness_random500": 0.8053703308105469, "fairness_random1000": 0.8196296691894531, "fairness_random1500": 0.7911111116409302, "fairness_random2000": 0.7718518376350403, "fairness_random2500": 0.7946296334266663, "fairness_random3000": 0.8224073648452759, "fairness_random4000": 0.835185170173645, "fairness_random5000": 0.8138889074325562, "fairness_random6000": 0.7629629373550415, "self-related_random500": 0.7996296286582947, "self-related_random1000": 0.8146296739578247, "self-related_random1500": 0.801111102104187, "self-related_random2000": 0.8231481313705444, "self-related_random2500": 0.8131481409072876, "self-related_random3000": 0.813703715801239, "self-related_random4000": 0.8231481313705444, "self-related_random5000": 0.7405555248260498, "self-related_random6000": 0.7490741014480591, "other-related_random500": 0.7996296286582947, "other-related_random1000": 0.6122221946716309, "other-related_random1500": 0.8138889074325562, "other-related_random2000": 0.8088889122009277, "other-related_random2500": 0.8188889026641846, "other-related_random3000": 0.8572221994400024, "other-related_random4000": 0.7633333206176758, "other-related_random5000": 0.7372221946716309, "other-related_random6000": 0.770370364189148, "expectedness_random500": 0.8046296834945679, "expectedness_random1000": 0.8274073600769043, "expectedness_random1500": 0.7868518829345703, "expectedness_random2000": 0.8166666626930237, "expectedness_random2500": 0.8594444394111633, "expectedness_random3000": 0.7653703689575195, "expectedness_random4000": 0.79537034034729, "expectedness_random5000": 0.7846296429634094, "expectedness_random6000": 0.730555534362793, "non-novelty_random500": 0.801111102104187, "non-novelty_random1000": 0.8053703308105469, "non-novelty_random1500": 0.8081481456756592, "non-novelty_random2000": 0.8081481456756592, "non-novelty_random2500": 0.8231481313705444, "non-novelty_random3000": 0.8046296834945679, "non-novelty_random4000": 0.798703670501709, "non-novelty_random5000": 0.8381481170654297, "non-novelty_random6000": 0.6735185384750366}