{"sentiment": "desire", "seed": 3, "arousal_random500": 0.8809259533882141, "best": 0.8961039185523987, "arousal_random1000": 0.8979629278182983, "arousal_random1500": 0.8346296548843384, "arousal_random2000": 0.8937036991119385, "arousal_random2500": 0.871666669845581, "arousal_random3000": 0.8153703212738037, "arousal_random4000": 0.7640740871429443, "arousal_random5000": 0.4270370304584503, "arousal_random6000": 0.722777783870697, "valence_random500": 0.8901852369308472, "valence_random1000": 0.8624074459075928, "valence_random1500": 0.8759258985519409, "valence_random2000": 0.8894444704055786, "valence_random2500": 0.8894444704055786, "valence_random3000": 0.7648147940635681, "valence_random4000": 0.8574073910713196, "valence_random5000": 0.7348147630691528, "valence_random6000": 0.6492592096328735, "happy_random500": 0.885185182094574, "happy_random1000": 0.871666669845581, "happy_random1500": 0.82962965965271, "happy_random2000": 0.8003703355789185, "happy_random2500": 0.8018518686294556, "happy_random3000": 0.41277778148651123, "happy_random4000": 0.8666666746139526, "happy_random5000": 0.5346296429634094, "happy_random6000": 0.4412963092327118, "anger_random500": 0.885185182094574, "anger_random1000": 0.8203703165054321, "anger_random1500": 0.8801851868629456, "anger_random2000": 0.8759258985519409, "anger_random2500": 0.6037037372589111, "anger_random3000": 0.8837037086486816, "anger_random4000": 0.8687037229537964, "anger_random5000": 0.8987036943435669, "anger_random6000": 0.8844444751739502, "sad_random500": 0.871666669845581, "sad_random1000": 0.8666666746139526, "sad_random1500": 0.8809259533882141, "sad_random2000": 0.82962965965271, "sad_random2500": 0.8987036943435669, "sad_random3000": 0.41203704476356506, "sad_random4000": 0.7412962913513184, "sad_random5000": 0.562407374382019, "sad_random6000": 0.8737037181854248, "fear_random500": 0.8759258985519409, "fear_random1000": 0.9079629182815552, "fear_random1500": 0.8887037038803101, "fear_random2000": 0.9079629182815552, "fear_random2500": 0.8894444704055786, "fear_random3000": 0.8481481075286865, "fear_random4000": 0.6699999570846558, "fear_random5000": 0.41277778148651123, "fear_random6000": 0.4825925827026367, "surprise_random500": 0.8809259533882141, "surprise_random1000": 0.9079629182815552, "surprise_random1500": 0.8801851868629456, "surprise_random2000": 0.9029629230499268, "surprise_random2500": 0.8488888740539551, "surprise_random3000": 0.7868518829345703, "surprise_random4000": 0.8837037086486816, "surprise_random5000": 0.41277778148651123, "surprise_random6000": 0.8979629278182983, "disgust_random500": 0.8624074459075928, "disgust_random1000": 0.8894444704055786, "disgust_random1500": 0.8901852369308472, "disgust_random2000": 0.9079629182815552, "disgust_random2500": 0.8388888835906982, "disgust_random3000": 0.8616666793823242, "disgust_random4000": 0.8003703355789185, "disgust_random5000": 0.8431481122970581, "disgust_random6000": 0.4968518614768982, "control_random500": 0.894444465637207, "control_random1000": 0.8994444608688354, "control_random1500": 0.8937036991119385, "control_random2000": 0.8901852369308472, "control_random2500": 0.8581481575965881, "control_random3000": 0.8894444704055786, "control_random4000": 0.778333306312561, "control_random5000": 0.846666693687439, "control_random6000": 0.6229629516601562, "fairness_random500": 0.9037036895751953, "fairness_random1000": 0.8809259533882141, "fairness_random1500": 0.8161110877990723, "fairness_random2000": 0.8338888883590698, "fairness_random2500": 0.82962965965271, "fairness_random3000": 0.8979629278182983, "fairness_random4000": 0.8837037086486816, "fairness_random5000": 0.8261110782623291, "fairness_random6000": 0.857962965965271, "self-related_random500": 0.8759258985519409, "self-related_random1000": 0.8987036943435669, "self-related_random1500": 0.8566666841506958, "self-related_random2000": 0.8759258985519409, "self-related_random2500": 0.846666693687439, "self-related_random3000": 0.857962965965271, "self-related_random4000": 0.8531481623649597, "self-related_random5000": 0.857962965965271, "self-related_random6000": 0.7383333444595337, "other-related_random500": 0.8894444704055786, "other-related_random1000": 0.8316666483879089, "other-related_random1500": 0.8388888835906982, "other-related_random2000": 0.8381481170654297, "other-related_random2500": 0.646481454372406, "other-related_random3000": 0.8624074459075928, "other-related_random4000": 0.7825925946235657, "other-related_random5000": 0.8594444394111633, "other-related_random6000": 0.5011110901832581, "expectedness_random500": 0.8994444608688354, "expectedness_random1000": 0.8624074459075928, "expectedness_random1500": 0.871666669845581, "expectedness_random2000": 0.8153703212738037, "expectedness_random2500": 0.8666666746139526, "expectedness_random3000": 0.8829629421234131, "expectedness_random4000": 0.7911111116409302, "expectedness_random5000": 0.8581481575965881, "expectedness_random6000": 0.8253703713417053, "non-novelty_random500": 0.8809259533882141, "non-novelty_random1000": 0.885185182094574, "non-novelty_random1500": 0.8887037038803101, "non-novelty_random2000": 0.8987036943435669, "non-novelty_random2500": 0.8794444799423218, "non-novelty_random3000": 0.8203703165054321, "non-novelty_random4000": 0.8801851868629456, "non-novelty_random5000": 0.7120370864868164, "non-novelty_random6000": 0.6051851511001587}