{"sentiment": "desire", "seed": 11, "arousal_random500": 0.8666666746139526, "best": 0.8961039185523987, "arousal_random1000": 0.8616666793823242, "arousal_random1500": 0.8616666793823242, "arousal_random2000": 0.8153703212738037, "arousal_random2500": 0.8459259271621704, "arousal_random3000": 0.6707407236099243, "arousal_random4000": 0.4148148000240326, "arousal_random5000": 0.6764814853668213, "arousal_random6000": 0.6687036752700806, "valence_random500": 0.8624074459075928, "valence_random1000": 0.8894444704055786, "valence_random1500": 0.8816666603088379, "valence_random2000": 0.8509259223937988, "valence_random2500": 0.8103703260421753, "valence_random3000": 0.8281481266021729, "valence_random4000": 0.7562962770462036, "valence_random5000": 0.8001852035522461, "valence_random6000": 0.4207407534122467, "happy_random500": 0.9044444561004639, "happy_random1000": 0.8516666889190674, "happy_random1500": 0.8674074411392212, "happy_random2000": 0.8651852011680603, "happy_random2500": 0.846666693687439, "happy_random3000": 0.8751851916313171, "happy_random4000": 0.8422222137451172, "happy_random5000": 0.4462963044643402, "happy_random6000": 0.5914815068244934, "anger_random500": 0.8844444751739502, "anger_random1000": 0.8574073910713196, "anger_random1500": 0.8338888883590698, "anger_random2000": 0.8594444394111633, "anger_random2500": 0.8644444346427917, "anger_random3000": 0.8701851963996887, "anger_random4000": 0.8509259223937988, "anger_random5000": 0.7729629278182983, "anger_random6000": 0.661481499671936, "sad_random500": 0.8801851868629456, "sad_random1000": 0.8901852369308472, "sad_random1500": 0.8659259080886841, "sad_random2000": 0.7996296286582947, "sad_random2500": 0.8331481218338013, "sad_random3000": 0.5124074220657349, "sad_random4000": 0.8316666483879089, "sad_random5000": 0.3383333384990692, "sad_random6000": 0.7379629611968994, "fear_random500": 0.8751851916313171, "fear_random1000": 0.8253703713417053, "fear_random1500": 0.8601852059364319, "fear_random2000": 0.8494444489479065, "fear_random2500": 0.8244444131851196, "fear_random3000": 0.8366666436195374, "fear_random4000": 0.7733333110809326, "fear_random5000": 0.7522221803665161, "fear_random6000": 0.6322221755981445, "surprise_random500": 0.8651852011680603, "surprise_random1000": 0.8701851963996887, "surprise_random1500": 0.885185182094574, "surprise_random2000": 0.8609259128570557, "surprise_random2500": 0.8331481218338013, "surprise_random3000": 0.8566666841506958, "surprise_random4000": 0.787407398223877, "surprise_random5000": 0.8601852059364319, "surprise_random6000": 0.8129629492759705, "disgust_random500": 0.8859259486198425, "disgust_random1000": 0.871666669845581, "disgust_random1500": 0.8701851963996887, "disgust_random2000": 0.8474074006080627, "disgust_random2500": 0.8344444036483765, "disgust_random3000": 0.8594444394111633, "disgust_random4000": 0.8487037420272827, "disgust_random5000": 0.7722222208976746, "disgust_random6000": 0.5111111402511597, "control_random500": 0.8538888692855835, "control_random1000": 0.8501851558685303, "control_random1500": 0.8301851749420166, "control_random2000": 0.823888897895813, "control_random2500": 0.8759258985519409, "control_random3000": 0.8659259080886841, "control_random4000": 0.8487037420272827, "control_random5000": 0.8101851940155029, "control_random6000": 0.8087036609649658, "fairness_random500": 0.8759258985519409, "fairness_random1000": 0.8601852059364319, "fairness_random1500": 0.8601852059364319, "fairness_random2000": 0.8481481075286865, "fairness_random2500": 0.8559259176254272, "fairness_random3000": 0.8559259176254272, "fairness_random4000": 0.8209259510040283, "fairness_random5000": 0.652222216129303, "fairness_random6000": 0.7774074077606201, "self-related_random500": 0.8531481623649597, "self-related_random1000": 0.8666666746139526, "self-related_random1500": 0.885185182094574, "self-related_random2000": 0.8509259223937988, "self-related_random2500": 0.8444444537162781, "self-related_random3000": 0.5353703498840332, "self-related_random4000": 0.7979629635810852, "self-related_random5000": 0.8494444489479065, "self-related_random6000": 0.8209259510040283, "other-related_random500": 0.885185182094574, "other-related_random1000": 0.35370370745658875, "other-related_random1500": 0.8581481575965881, "other-related_random2000": 0.823888897895813, "other-related_random2500": 0.8687037229537964, "other-related_random3000": 0.8566666841506958, "other-related_random4000": 0.8451851606369019, "other-related_random5000": 0.765925943851471, "other-related_random6000": 0.6322222352027893, "expectedness_random500": 0.8531481623649597, "expectedness_random1000": 0.871666669845581, "expectedness_random1500": 0.8751851916313171, "expectedness_random2000": 0.8751851916313171, "expectedness_random2500": 0.8566666841506958, "expectedness_random3000": 0.8559259176254272, "expectedness_random4000": 0.8274073600769043, "expectedness_random5000": 0.79537034034729, "expectedness_random6000": 0.8201851844787598, "non-novelty_random500": 0.8524073958396912, "non-novelty_random1000": 0.8616666793823242, "non-novelty_random1500": 0.8566666841506958, "non-novelty_random2000": 0.8444444537162781, "non-novelty_random2500": 0.829444408416748, "non-novelty_random3000": 0.8459259271621704, "non-novelty_random4000": 0.8122222423553467, "non-novelty_random5000": 0.8337036967277527, "non-novelty_random6000": 0.7616666555404663}