{"sentiment": "desire", "seed": 15, "arousal_random500": 0.8659259080886841, "best": 0.8766233921051025, "arousal_random1000": 0.8659259080886841, "arousal_random1500": 0.8751851916313171, "arousal_random2000": 0.8281481266021729, "arousal_random2500": 0.8644444346427917, "arousal_random3000": 0.6977777481079102, "arousal_random4000": 0.39851850271224976, "arousal_random5000": 0.6757407188415527, "arousal_random6000": 0.6264814734458923, "valence_random500": 0.8659259080886841, "valence_random1000": 0.8659259080886841, "valence_random1500": 0.8759258985519409, "valence_random2000": 0.8794444799423218, "valence_random2500": 0.8744444847106934, "valence_random3000": 0.8744444847106934, "valence_random4000": 0.8601852059364319, "valence_random5000": 0.8609259128570557, "valence_random6000": 0.37037038803100586, "happy_random500": 0.8651852011680603, "happy_random1000": 0.8566666841506958, "happy_random1500": 0.8196296691894531, "happy_random2000": 0.8794444799423218, "happy_random2500": 0.8794444799423218, "happy_random3000": 0.8609259128570557, "happy_random4000": 0.8237037062644958, "happy_random5000": 0.5246296525001526, "happy_random6000": 0.6764814853668213, "anger_random500": 0.8559259176254272, "anger_random1000": 0.8701851963996887, "anger_random1500": 0.79537034034729, "anger_random2000": 0.8794444799423218, "anger_random2500": 0.801111102104187, "anger_random3000": 0.7911111116409302, "anger_random4000": 0.8687037229537964, "anger_random5000": 0.8679629564285278, "anger_random6000": 0.7714815139770508, "sad_random500": 0.8416666984558105, "sad_random1000": 0.8844444751739502, "sad_random1500": 0.8501851558685303, "sad_random2000": 0.7177777886390686, "sad_random2500": 0.82962965965271, "sad_random3000": 0.5964815020561218, "sad_random4000": 0.8374074101448059, "sad_random5000": 0.4833333492279053, "sad_random6000": 0.7014814615249634, "fear_random500": 0.8559259176254272, "fear_random1000": 0.8424074053764343, "fear_random1500": 0.8609259128570557, "fear_random2000": 0.8594444394111633, "fear_random2500": 0.852222204208374, "fear_random3000": 0.8366666436195374, "fear_random4000": 0.7946296334266663, "fear_random5000": 0.8122222423553467, "fear_random6000": 0.7314814925193787, "surprise_random500": 0.8759258985519409, "surprise_random1000": 0.8694444894790649, "surprise_random1500": 0.8694444894790649, "surprise_random2000": 0.8224073648452759, "surprise_random2500": 0.8594444394111633, "surprise_random3000": 0.8694444894790649, "surprise_random4000": 0.8244444131851196, "surprise_random5000": 0.8064814805984497, "surprise_random6000": 0.8114814758300781, "disgust_random500": 0.8709259033203125, "disgust_random1000": 0.823888897895813, "disgust_random1500": 0.8516666889190674, "disgust_random2000": 0.8281481266021729, "disgust_random2500": 0.8551851511001587, "disgust_random3000": 0.8887037038803101, "disgust_random4000": 0.8451851606369019, "disgust_random5000": 0.7472221851348877, "disgust_random6000": 0.4170370399951935, "control_random500": 0.8481481075286865, "control_random1000": 0.8374074101448059, "control_random1500": 0.846666693687439, "control_random2000": 0.8694444894790649, "control_random2500": 0.8801851868629456, "control_random3000": 0.8744444847106934, "control_random4000": 0.8879629373550415, "control_random5000": 0.6520370244979858, "control_random6000": 0.8014814853668213, "fairness_random500": 0.8759258985519409, "fairness_random1000": 0.8566666841506958, "fairness_random1500": 0.8844444751739502, "fairness_random2000": 0.885185182094574, "fairness_random2500": 0.8138889074325562, "fairness_random3000": 0.8651852011680603, "fairness_random4000": 0.8551851511001587, "fairness_random5000": 0.6379629969596863, "fairness_random6000": 0.7514815330505371, "self-related_random500": 0.8524073958396912, "self-related_random1000": 0.8709259033203125, "self-related_random1500": 0.8751851916313171, "self-related_random2000": 0.8551851511001587, "self-related_random2500": 0.829444408416748, "self-related_random3000": 0.5964815020561218, "self-related_random4000": 0.8414815068244934, "self-related_random5000": 0.7857407331466675, "self-related_random6000": 0.8394444584846497, "other-related_random500": 0.846666693687439, "other-related_random1000": 0.4283333420753479, "other-related_random1500": 0.7448148131370544, "other-related_random2000": 0.8544444441795349, "other-related_random2500": 0.8459259271621704, "other-related_random3000": 0.8387036919593811, "other-related_random4000": 0.8564814925193787, "other-related_random5000": 0.8551851511001587, "other-related_random6000": 0.5774073600769043, "expectedness_random500": 0.8759258985519409, "expectedness_random1000": 0.8609259128570557, "expectedness_random1500": 0.8516666889190674, "expectedness_random2000": 0.8551851511001587, "expectedness_random2500": 0.8744444847106934, "expectedness_random3000": 0.8701851963996887, "expectedness_random4000": 0.8837037086486816, "expectedness_random5000": 0.8194444179534912, "expectedness_random6000": 0.8651852011680603, "non-novelty_random500": 0.8196296691894531, "non-novelty_random1000": 0.8801851868629456, "non-novelty_random1500": 0.8381481170654297, "non-novelty_random2000": 0.8794444799423218, "non-novelty_random2500": 0.8379629850387573, "non-novelty_random3000": 0.8694444894790649, "non-novelty_random4000": 0.8337036967277527, "non-novelty_random5000": 0.8379629850387573, "non-novelty_random6000": 0.7422221899032593}