{"sentiment": "desire", "seed": 42, "arousal_random500": 0.871666669845581, "best": 0.8961039185523987, "arousal_random1000": 0.8951852321624756, "arousal_random1500": 0.8766666650772095, "arousal_random2000": 0.8631481528282166, "arousal_random2500": 0.8666666746139526, "arousal_random3000": 0.4412963092327118, "arousal_random4000": 0.4027777910232544, "arousal_random5000": 0.6894444227218628, "arousal_random6000": 0.6064814925193787, "valence_random500": 0.8674074411392212, "valence_random1000": 0.8994444608688354, "valence_random1500": 0.8624074459075928, "valence_random2000": 0.8594444394111633, "valence_random2500": 0.8424074053764343, "valence_random3000": 0.8651852011680603, "valence_random4000": 0.8246296644210815, "valence_random5000": 0.835185170173645, "valence_random6000": 0.6057407259941101, "happy_random500": 0.885185182094574, "happy_random1000": 0.8724074363708496, "happy_random1500": 0.8674074411392212, "happy_random2000": 0.8659259080886841, "happy_random2500": 0.8694444894790649, "happy_random3000": 0.8801851868629456, "happy_random4000": 0.7579629421234131, "happy_random5000": 0.4270370304584503, "happy_random6000": 0.7937036752700806, "anger_random500": 0.9044444561004639, "anger_random1000": 0.8859259486198425, "anger_random1500": 0.885185182094574, "anger_random2000": 0.8659259080886841, "anger_random2500": 0.8751851916313171, "anger_random3000": 0.7883333563804626, "anger_random4000": 0.8694444894790649, "anger_random5000": 0.798703670501709, "anger_random6000": 0.6564815044403076, "sad_random500": 0.8901852369308472, "sad_random1000": 0.8644444346427917, "sad_random1500": 0.8501851558685303, "sad_random2000": 0.8359259366989136, "sad_random2500": 0.8574073910713196, "sad_random3000": 0.4449999928474426, "sad_random4000": 0.8224073648452759, "sad_random5000": 0.7187036871910095, "sad_random6000": 0.6407407522201538, "fear_random500": 0.8809259533882141, "fear_random1000": 0.8581481575965881, "fear_random1500": 0.8709259033203125, "fear_random2000": 0.8444444537162781, "fear_random2500": 0.8537037372589111, "fear_random3000": 0.8494444489479065, "fear_random4000": 0.7690740823745728, "fear_random5000": 0.8544444441795349, "fear_random6000": 0.7214815020561218, "surprise_random500": 0.900185227394104, "surprise_random1000": 0.8609259128570557, "surprise_random1500": 0.8859259486198425, "surprise_random2000": 0.8701851963996887, "surprise_random2500": 0.8551851511001587, "surprise_random3000": 0.8494444489479065, "surprise_random4000": 0.722777783870697, "surprise_random5000": 0.8359259366989136, "surprise_random6000": 0.7722222208976746, "disgust_random500": 0.8766666650772095, "disgust_random1000": 0.8816666603088379, "disgust_random1500": 0.8801851868629456, "disgust_random2000": 0.8709259033203125, "disgust_random2500": 0.8444444537162781, "disgust_random3000": 0.8601852059364319, "disgust_random4000": 0.8444444537162781, "disgust_random5000": 0.8094444274902344, "disgust_random6000": 0.436296284198761, "control_random500": 0.8674074411392212, "control_random1000": 0.8651852011680603, "control_random1500": 0.8844444751739502, "control_random2000": 0.8751851916313171, "control_random2500": 0.8874074220657349, "control_random3000": 0.846666693687439, "control_random4000": 0.8359259366989136, "control_random5000": 0.6272221803665161, "control_random6000": 0.7937036752700806, "fairness_random500": 0.8766666650772095, "fairness_random1000": 0.8559259176254272, "fairness_random1500": 0.8574073910713196, "fairness_random2000": 0.8631481528282166, "fairness_random2500": 0.8766666650772095, "fairness_random3000": 0.8701851963996887, "fairness_random4000": 0.8644444346427917, "fairness_random5000": 0.7042592763900757, "fairness_random6000": 0.7129629850387573, "self-related_random500": 0.8809259533882141, "self-related_random1000": 0.8766666650772095, "self-related_random1500": 0.8816666603088379, "self-related_random2000": 0.894444465637207, "self-related_random2500": 0.8437036871910095, "self-related_random3000": 0.6107407212257385, "self-related_random4000": 0.8179629445075989, "self-related_random5000": 0.7887036800384521, "self-related_random6000": 0.8288888931274414, "other-related_random500": 0.8659259080886841, "other-related_random1000": 0.5387036800384521, "other-related_random1500": 0.877407431602478, "other-related_random2000": 0.8388888835906982, "other-related_random2500": 0.8601852059364319, "other-related_random3000": 0.8587037324905396, "other-related_random4000": 0.8601852059364319, "other-related_random5000": 0.6937037110328674, "other-related_random6000": 0.6479629874229431, "expectedness_random500": 0.8816666603088379, "expectedness_random1000": 0.8674074411392212, "expectedness_random1500": 0.8809259533882141, "expectedness_random2000": 0.8744444847106934, "expectedness_random2500": 0.8859259486198425, "expectedness_random3000": 0.8801851868629456, "expectedness_random4000": 0.8659259080886841, "expectedness_random5000": 0.7781481742858887, "expectedness_random6000": 0.8237037062644958, "non-novelty_random500": 0.8674074411392212, "non-novelty_random1000": 0.8809259533882141, "non-novelty_random1500": 0.8674074411392212, "non-novelty_random2000": 0.835185170173645, "non-novelty_random2500": 0.8144444227218628, "non-novelty_random3000": 0.8694444894790649, "non-novelty_random4000": 0.8037036657333374, "non-novelty_random5000": 0.8287037014961243, "non-novelty_random6000": 0.42777779698371887}