{"sentiment": "disappointment", "seed": 15, "arousal_random500": 0.7178846597671509, "best": 0.7209821343421936, "arousal_random1000": 0.7123076915740967, "arousal_random1500": 0.7082691788673401, "arousal_random2000": 0.7174999713897705, "arousal_random2500": 0.7153846025466919, "arousal_random3000": 0.7024999856948853, "arousal_random4000": 0.44923076033592224, "arousal_random5000": 0.707884669303894, "arousal_random6000": 0.5924999713897705, "valence_random500": 0.7023077011108398, "valence_random1000": 0.6930769085884094, "valence_random1500": 0.6851922869682312, "valence_random2000": 0.7057692408561707, "valence_random2500": 0.6932691931724548, "valence_random3000": 0.6499999761581421, "valence_random4000": 0.699999988079071, "valence_random5000": 0.7044230699539185, "valence_random6000": 0.4142307937145233, "happy_random500": 0.6940385103225708, "happy_random1000": 0.6830769181251526, "happy_random1500": 0.6998077034950256, "happy_random2000": 0.7061538696289062, "happy_random2500": 0.6834615468978882, "happy_random3000": 0.7228846549987793, "happy_random4000": 0.6780769228935242, "happy_random5000": 0.41499999165534973, "happy_random6000": 0.49096155166625977, "anger_random500": 0.7001922726631165, "anger_random1000": 0.7300000190734863, "anger_random1500": 0.7124999761581421, "anger_random2000": 0.7274999618530273, "anger_random2500": 0.625, "anger_random3000": 0.6723077297210693, "anger_random4000": 0.7125000357627869, "anger_random5000": 0.699999988079071, "anger_random6000": 0.7100000381469727, "sad_random500": 0.6980769038200378, "sad_random1000": 0.6738461852073669, "sad_random1500": 0.674423098564148, "sad_random2000": 0.7274999618530273, "sad_random2500": 0.7178846001625061, "sad_random3000": 0.5874999761581421, "sad_random4000": 0.7049999833106995, "sad_random5000": 0.5778846144676208, "sad_random6000": 0.6100000143051147, "fear_random500": 0.692307710647583, "fear_random1000": 0.6969230771064758, "fear_random1500": 0.6742308139801025, "fear_random2000": 0.7174999713897705, "fear_random2500": 0.6784615516662598, "fear_random3000": 0.7178846001625061, "fear_random4000": 0.6875, "fear_random5000": 0.6571154594421387, "fear_random6000": 0.6549999713897705, "surprise_random500": 0.6926922798156738, "surprise_random1000": 0.6851922869682312, "surprise_random1500": 0.7124999761581421, "surprise_random2000": 0.7157692313194275, "surprise_random2500": 0.6955769062042236, "surprise_random3000": 0.6801922917366028, "surprise_random4000": 0.6953846216201782, "surprise_random5000": 0.6830769181251526, "surprise_random6000": 0.6800000071525574, "disgust_random500": 0.6571154594421387, "disgust_random1000": 0.7203845977783203, "disgust_random1500": 0.688076913356781, "disgust_random2000": 0.6788461208343506, "disgust_random2500": 0.699999988079071, "disgust_random3000": 0.6986538171768188, "disgust_random4000": 0.7049999833106995, "disgust_random5000": 0.7100000381469727, "disgust_random6000": 0.4124999940395355, "control_random500": 0.6898077130317688, "control_random1000": 0.6894230842590332, "control_random1500": 0.7203845977783203, "control_random2000": 0.7001922726631165, "control_random2500": 0.7132691740989685, "control_random3000": 0.7182692289352417, "control_random4000": 0.6499999761581421, "control_random5000": 0.6000000238418579, "control_random6000": 0.694038450717926, "fairness_random500": 0.679807722568512, "fairness_random1000": 0.6667307615280151, "fairness_random1500": 0.7178846597671509, "fairness_random2000": 0.6759614944458008, "fairness_random2500": 0.69942307472229, "fairness_random3000": 0.6875, "fairness_random4000": 0.7074999809265137, "fairness_random5000": 0.7161538600921631, "fairness_random6000": 0.6499999761581421, "self-related_random500": 0.7044230699539185, "self-related_random1000": 0.7124999761581421, "self-related_random1500": 0.6809614896774292, "self-related_random2000": 0.7178846001625061, "self-related_random2500": 0.7278845906257629, "self-related_random3000": 0.42211538553237915, "self-related_random4000": 0.7186538577079773, "self-related_random5000": 0.6834615468978882, "self-related_random6000": 0.6600000262260437, "other-related_random500": 0.6894230842590332, "other-related_random1000": 0.4024999737739563, "other-related_random1500": 0.6944230794906616, "other-related_random2000": 0.6836538314819336, "other-related_random2500": 0.7228845357894897, "other-related_random3000": 0.6898077130317688, "other-related_random4000": 0.6936538219451904, "other-related_random5000": 0.6825000047683716, "other-related_random6000": 0.7049999833106995, "expectedness_random500": 0.6823077201843262, "expectedness_random1000": 0.6773077249526978, "expectedness_random1500": 0.6898077130317688, "expectedness_random2000": 0.7224999666213989, "expectedness_random2500": 0.6698077321052551, "expectedness_random3000": 0.7074999809265137, "expectedness_random4000": 0.7024999856948853, "expectedness_random5000": 0.6617308259010315, "expectedness_random6000": 0.7115384340286255, "non-novelty_random500": 0.6986538767814636, "non-novelty_random1000": 0.6667308211326599, "non-novelty_random1500": 0.695192277431488, "non-novelty_random2000": 0.7074999809265137, "non-novelty_random2500": 0.733269214630127, "non-novelty_random3000": 0.6848077178001404, "non-novelty_random4000": 0.6875, "non-novelty_random5000": 0.6850000023841858, "non-novelty_random6000": 0.6876922845840454}