{"sentiment": "disapproval", "seed": 15, "arousal_random500": 0.7626984119415283, "best": 0.7504339814186096, "arousal_random1000": 0.7506349086761475, "arousal_random1500": 0.7634127140045166, "arousal_random2000": 0.7642857432365417, "arousal_random2500": 0.7459523677825928, "arousal_random3000": 0.7497618794441223, "arousal_random4000": 0.6275396347045898, "arousal_random5000": 0.7498412728309631, "arousal_random6000": 0.6798412203788757, "valence_random500": 0.7690476775169373, "valence_random1000": 0.7607142925262451, "valence_random1500": 0.7650793194770813, "valence_random2000": 0.758809506893158, "valence_random2500": 0.7597618699073792, "valence_random3000": 0.757460355758667, "valence_random4000": 0.7439682483673096, "valence_random5000": 0.7594444155693054, "valence_random6000": 0.5753968358039856, "happy_random500": 0.7636508345603943, "happy_random1000": 0.7584919929504395, "happy_random1500": 0.7614285945892334, "happy_random2000": 0.7611110806465149, "happy_random2500": 0.7611110806465149, "happy_random3000": 0.7057142853736877, "happy_random4000": 0.7626984119415283, "happy_random5000": 0.5212698578834534, "happy_random6000": 0.5978571772575378, "anger_random500": 0.7690476775169373, "anger_random1000": 0.7576190829277039, "anger_random1500": 0.6846031546592712, "anger_random2000": 0.7549999356269836, "anger_random2500": 0.7436508536338806, "anger_random3000": 0.7611110806465149, "anger_random4000": 0.7589682936668396, "anger_random5000": 0.7584126591682434, "anger_random6000": 0.5365872979164124, "sad_random500": 0.7657142281532288, "sad_random1000": 0.7623016238212585, "sad_random1500": 0.7630952000617981, "sad_random2000": 0.7640476226806641, "sad_random2500": 0.7611110806465149, "sad_random3000": 0.5390476584434509, "sad_random4000": 0.7624602913856506, "sad_random5000": 0.754127025604248, "sad_random6000": 0.6488094925880432, "fear_random500": 0.76500004529953, "fear_random1000": 0.7607142925262451, "fear_random1500": 0.7603175044059753, "fear_random2000": 0.7429364323616028, "fear_random2500": 0.7657143473625183, "fear_random3000": 0.7630952000617981, "fear_random4000": 0.7429365515708923, "fear_random5000": 0.5212698578834534, "fear_random6000": 0.6577778458595276, "surprise_random500": 0.7576190829277039, "surprise_random1000": 0.767380952835083, "surprise_random1500": 0.7586507797241211, "surprise_random2000": 0.7580158710479736, "surprise_random2500": 0.7465079426765442, "surprise_random3000": 0.7627778053283691, "surprise_random4000": 0.7591269612312317, "surprise_random5000": 0.5212698578834534, "surprise_random6000": 0.7573809623718262, "disgust_random500": 0.7687301635742188, "disgust_random1000": 0.7657142281532288, "disgust_random1500": 0.7643651366233826, "disgust_random2000": 0.7593650817871094, "disgust_random2500": 0.7633333206176758, "disgust_random3000": 0.7594444155693054, "disgust_random4000": 0.7023809552192688, "disgust_random5000": 0.5996032357215881, "disgust_random6000": 0.5325396656990051, "control_random500": 0.7657142281532288, "control_random1000": 0.7690476775169373, "control_random1500": 0.7616665959358215, "control_random2000": 0.7620635032653809, "control_random2500": 0.757460355758667, "control_random3000": 0.7453174591064453, "control_random4000": 0.7456348538398743, "control_random5000": 0.5448413491249084, "control_random6000": 0.6408730149269104, "fairness_random500": 0.7627778053283691, "fairness_random1000": 0.7640476226806641, "fairness_random1500": 0.7626984119415283, "fairness_random2000": 0.7621428966522217, "fairness_random2500": 0.7623810172080994, "fairness_random3000": 0.7519841194152832, "fairness_random4000": 0.7617461085319519, "fairness_random5000": 0.7463491559028625, "fairness_random6000": 0.5087301135063171, "self-related_random500": 0.767380952835083, "self-related_random1000": 0.7599999904632568, "self-related_random1500": 0.7630952000617981, "self-related_random2000": 0.7699999809265137, "self-related_random2500": 0.7388889193534851, "self-related_random3000": 0.5403968095779419, "self-related_random4000": 0.7546825408935547, "self-related_random5000": 0.766428530216217, "self-related_random6000": 0.5229365229606628, "other-related_random500": 0.7630159258842468, "other-related_random1000": 0.6469841003417969, "other-related_random1500": 0.7563491463661194, "other-related_random2000": 0.7657143473625183, "other-related_random2500": 0.7657142281532288, "other-related_random3000": 0.7690476775169373, "other-related_random4000": 0.7396032214164734, "other-related_random5000": 0.7503175139427185, "other-related_random6000": 0.5172222256660461, "expectedness_random500": 0.7623810172080994, "expectedness_random1000": 0.7657142281532288, "expectedness_random1500": 0.764365017414093, "expectedness_random2000": 0.7573015689849854, "expectedness_random2500": 0.7591269612312317, "expectedness_random3000": 0.7634126543998718, "expectedness_random4000": 0.7549206614494324, "expectedness_random5000": 0.7491269707679749, "expectedness_random6000": 0.5457935929298401, "non-novelty_random500": 0.7657142281532288, "non-novelty_random1000": 0.7576983571052551, "non-novelty_random1500": 0.7600793838500977, "non-novelty_random2000": 0.767380952835083, "non-novelty_random2500": 0.7660317420959473, "non-novelty_random3000": 0.7623810172080994, "non-novelty_random4000": 0.7556349635124207, "non-novelty_random5000": 0.7459523677825928, "non-novelty_random6000": 0.5212698578834534}