{"sentiment": "disappointment", "seed": 42, "arousal_random500": 0.617884635925293, "best": 0.707812488079071, "arousal_random1000": 0.5900000333786011, "arousal_random1500": 0.6507692337036133, "arousal_random2000": 0.5386538505554199, "arousal_random2500": 0.5790385007858276, "arousal_random3000": 0.41999998688697815, "arousal_random4000": 0.41999998688697815, "arousal_random5000": 0.45384615659713745, "arousal_random6000": 0.5800000429153442, "valence_random500": 0.5842307806015015, "valence_random1000": 0.6436538696289062, "valence_random1500": 0.5796153545379639, "valence_random2000": 0.5386538505554199, "valence_random2500": 0.5090384483337402, "valence_random3000": 0.49057695269584656, "valence_random4000": 0.5136538147926331, "valence_random5000": 0.5311538577079773, "valence_random6000": 0.47730767726898193, "happy_random500": 0.5974999666213989, "happy_random1000": 0.5265384912490845, "happy_random1500": 0.5015385150909424, "happy_random2000": 0.5453846454620361, "happy_random2500": 0.5286538600921631, "happy_random3000": 0.48557689785957336, "happy_random4000": 0.5307692289352417, "happy_random5000": 0.41999998688697815, "happy_random6000": 0.41999998688697815, "anger_random500": 0.6486538648605347, "anger_random1000": 0.5938461422920227, "anger_random1500": 0.41999998688697815, "anger_random2000": 0.6032692193984985, "anger_random2500": 0.509615421295166, "anger_random3000": 0.5763461589813232, "anger_random4000": 0.49269232153892517, "anger_random5000": 0.5800000429153442, "anger_random6000": 0.5021153688430786, "sad_random500": 0.5963461399078369, "sad_random1000": 0.6111538410186768, "sad_random1500": 0.521538496017456, "sad_random2000": 0.5534615516662598, "sad_random2500": 0.5361538529396057, "sad_random3000": 0.5800000429153442, "sad_random4000": 0.41999998688697815, "sad_random5000": 0.41999998688697815, "sad_random6000": 0.5800000429153442, "fear_random500": 0.6532692313194275, "fear_random1000": 0.550000011920929, "fear_random1500": 0.6278846263885498, "fear_random2000": 0.5800000429153442, "fear_random2500": 0.6075000166893005, "fear_random3000": 0.6101922988891602, "fear_random4000": 0.41999998688697815, "fear_random5000": 0.41999998688697815, "fear_random6000": 0.5628845691680908, "surprise_random500": 0.5800000429153442, "surprise_random1000": 0.5821154117584229, "surprise_random1500": 0.5563461184501648, "surprise_random2000": 0.5724999904632568, "surprise_random2500": 0.5582692623138428, "surprise_random3000": 0.6276922821998596, "surprise_random4000": 0.41999998688697815, "surprise_random5000": 0.41999998688697815, "surprise_random6000": 0.41999998688697815, "disgust_random500": 0.573846161365509, "disgust_random1000": 0.6048077344894409, "disgust_random1500": 0.5090384483337402, "disgust_random2000": 0.5386538505554199, "disgust_random2500": 0.5873076915740967, "disgust_random3000": 0.5800000429153442, "disgust_random4000": 0.4969230890274048, "disgust_random5000": 0.42499998211860657, "disgust_random6000": 0.41999998688697815, "control_random500": 0.5905769467353821, "control_random1000": 0.6436538696289062, "control_random1500": 0.5930769443511963, "control_random2000": 0.5453845858573914, "control_random2500": 0.495192289352417, "control_random3000": 0.5378846526145935, "control_random4000": 0.5982692241668701, "control_random5000": 0.5882692337036133, "control_random6000": 0.41999998688697815, "fairness_random500": 0.5853846073150635, "fairness_random1000": 0.6307691931724548, "fairness_random1500": 0.5115385055541992, "fairness_random2000": 0.5001922845840454, "fairness_random2500": 0.5265384912490845, "fairness_random3000": 0.5411538481712341, "fairness_random4000": 0.5874999761581421, "fairness_random5000": 0.4296153783798218, "fairness_random6000": 0.5774999856948853, "self-related_random500": 0.6419230699539185, "self-related_random1000": 0.6415385007858276, "self-related_random1500": 0.5240384340286255, "self-related_random2000": 0.6123076677322388, "self-related_random2500": 0.5874999761581421, "self-related_random3000": 0.41999998688697815, "self-related_random4000": 0.5115385055541992, "self-related_random5000": 0.5753846168518066, "self-related_random6000": 0.41999998688697815, "other-related_random500": 0.5924999713897705, "other-related_random1000": 0.41999998688697815, "other-related_random1500": 0.5411538481712341, "other-related_random2000": 0.51192307472229, "other-related_random2500": 0.5930769443511963, "other-related_random3000": 0.5703846216201782, "other-related_random4000": 0.48096153140068054, "other-related_random5000": 0.41999998688697815, "other-related_random6000": 0.41999998688697815, "expectedness_random500": 0.611923098564148, "expectedness_random1000": 0.6378846168518066, "expectedness_random1500": 0.6349999904632568, "expectedness_random2000": 0.5778845548629761, "expectedness_random2500": 0.521538496017456, "expectedness_random3000": 0.5332692265510559, "expectedness_random4000": 0.49096155166625977, "expectedness_random5000": 0.41999998688697815, "expectedness_random6000": 0.4688461124897003, "non-novelty_random500": 0.6365385055541992, "non-novelty_random1000": 0.5953845977783203, "non-novelty_random1500": 0.5728846192359924, "non-novelty_random2000": 0.5800000429153442, "non-novelty_random2500": 0.4680769145488739, "non-novelty_random3000": 0.5575000047683716, "non-novelty_random4000": 0.5800000429153442, "non-novelty_random5000": 0.41999998688697815, "non-novelty_random6000": 0.41999998688697815}