{"sentiment": "disappointment", "seed": 11, "arousal_random500": 0.7744230628013611, "best": 0.7731026411056519, "arousal_random1000": 0.7690384387969971, "arousal_random1500": 0.7344231009483337, "arousal_random2000": 0.7448077201843262, "arousal_random2500": 0.728461503982544, "arousal_random3000": 0.5751922726631165, "arousal_random4000": 0.47884613275527954, "arousal_random5000": 0.7444230914115906, "arousal_random6000": 0.5890384912490845, "valence_random500": 0.7501922845840454, "valence_random1000": 0.7459615468978882, "valence_random1500": 0.7626922726631165, "valence_random2000": 0.7555769681930542, "valence_random2500": 0.7651922702789307, "valence_random3000": 0.7580769658088684, "valence_random4000": 0.7355769276618958, "valence_random5000": 0.754807710647583, "valence_random6000": 0.579807698726654, "happy_random500": 0.771538496017456, "happy_random1000": 0.7598077058792114, "happy_random1500": 0.7319230437278748, "happy_random2000": 0.7419230341911316, "happy_random2500": 0.7801923155784607, "happy_random3000": 0.7726922631263733, "happy_random4000": 0.7276923060417175, "happy_random5000": 0.7336539030075073, "happy_random6000": 0.5961538553237915, "anger_random500": 0.767307698726654, "anger_random1000": 0.7580769658088684, "anger_random1500": 0.7050000429153442, "anger_random2000": 0.7311538457870483, "anger_random2500": 0.7430769205093384, "anger_random3000": 0.7744230628013611, "anger_random4000": 0.7530769109725952, "anger_random5000": 0.6736538410186768, "anger_random6000": 0.7315384149551392, "sad_random500": 0.767307698726654, "sad_random1000": 0.7823077440261841, "sad_random1500": 0.744038462638855, "sad_random2000": 0.7359615564346313, "sad_random2500": 0.76192307472229, "sad_random3000": 0.6251922845840454, "sad_random4000": 0.7359615564346313, "sad_random5000": 0.5986538529396057, "sad_random6000": 0.6511538624763489, "fear_random500": 0.7698076963424683, "fear_random1000": 0.7498077154159546, "fear_random1500": 0.7626922726631165, "fear_random2000": 0.7286538481712341, "fear_random2500": 0.7419230341911316, "fear_random3000": 0.750576913356781, "fear_random4000": 0.5990384817123413, "fear_random5000": 0.7113461494445801, "fear_random6000": 0.7126922607421875, "surprise_random500": 0.7944230437278748, "surprise_random1000": 0.7769230604171753, "surprise_random1500": 0.7405769228935242, "surprise_random2000": 0.7626922726631165, "surprise_random2500": 0.7644230723381042, "surprise_random3000": 0.7011538147926331, "surprise_random4000": 0.7551922798156738, "surprise_random5000": 0.5698077082633972, "surprise_random6000": 0.7373076677322388, "disgust_random500": 0.7648077011108398, "disgust_random1000": 0.7394230365753174, "disgust_random1500": 0.76192307472229, "disgust_random2000": 0.7623077034950256, "disgust_random2500": 0.7586538791656494, "disgust_random3000": 0.7557691931724548, "disgust_random4000": 0.7601922750473022, "disgust_random5000": 0.7165384292602539, "disgust_random6000": 0.45173078775405884, "control_random500": 0.7723076939582825, "control_random1000": 0.7698076963424683, "control_random1500": 0.7011538147926331, "control_random2000": 0.7665385007858276, "control_random2500": 0.7419230341911316, "control_random3000": 0.7398077249526978, "control_random4000": 0.7211538553237915, "control_random5000": 0.551153838634491, "control_random6000": 0.5782692432403564, "fairness_random500": 0.767307698726654, "fairness_random1000": 0.7748076915740967, "fairness_random1500": 0.734423041343689, "fairness_random2000": 0.7676922678947449, "fairness_random2500": 0.7623077034950256, "fairness_random3000": 0.7544230818748474, "fairness_random4000": 0.7115384340286255, "fairness_random5000": 0.6801922917366028, "fairness_random6000": 0.6661538481712341, "self-related_random500": 0.7773076891899109, "self-related_random1000": 0.7551922798156738, "self-related_random1500": 0.7648077011108398, "self-related_random2000": 0.7315384149551392, "self-related_random2500": 0.767307698726654, "self-related_random3000": 0.5611538290977478, "self-related_random4000": 0.7323076725006104, "self-related_random5000": 0.7219230532646179, "self-related_random6000": 0.7459615468978882, "other-related_random500": 0.7744230628013611, "other-related_random1000": 0.5957692265510559, "other-related_random1500": 0.7869230508804321, "other-related_random2000": 0.7601922750473022, "other-related_random2500": 0.7315384149551392, "other-related_random3000": 0.7744230628013611, "other-related_random4000": 0.7336538434028625, "other-related_random5000": 0.637499988079071, "other-related_random6000": 0.7369230389595032, "expectedness_random500": 0.7623077034950256, "expectedness_random1000": 0.7648077011108398, "expectedness_random1500": 0.7365384101867676, "expectedness_random2000": 0.7519230842590332, "expectedness_random2500": 0.7480769157409668, "expectedness_random3000": 0.7498077154159546, "expectedness_random4000": 0.7648077011108398, "expectedness_random5000": 0.6938461661338806, "expectedness_random6000": 0.7161538600921631, "non-novelty_random500": 0.7626922726631165, "non-novelty_random1000": 0.7573077082633972, "non-novelty_random1500": 0.7590384483337402, "non-novelty_random2000": 0.767307698726654, "non-novelty_random2500": 0.7405769228935242, "non-novelty_random3000": 0.7398077249526978, "non-novelty_random4000": 0.6578845977783203, "non-novelty_random5000": 0.7265384197235107, "non-novelty_random6000": 0.5676922798156738}