{"sentiment": "disapproval", "seed": 1, "arousal_random500": 0.6373016238212585, "best": 0.6623263955116272, "arousal_random1000": 0.5692856907844543, "arousal_random1500": 0.6389682292938232, "arousal_random2000": 0.6276190280914307, "arousal_random2500": 0.6326189637184143, "arousal_random3000": 0.5172222256660461, "arousal_random4000": 0.4957936704158783, "arousal_random5000": 0.567380964756012, "arousal_random6000": 0.5715079307556152, "valence_random500": 0.6326189637184143, "valence_random1000": 0.5832539796829224, "valence_random1500": 0.6449999809265137, "valence_random2000": 0.6353174448013306, "valence_random2500": 0.5208730101585388, "valence_random3000": 0.5172222256660461, "valence_random4000": 0.6002381443977356, "valence_random5000": 0.6298412680625916, "valence_random6000": 0.4861111342906952, "happy_random500": 0.6242856979370117, "happy_random1000": 0.5785714387893677, "happy_random1500": 0.6363492012023926, "happy_random2000": 0.5172222256660461, "happy_random2500": 0.6226189732551575, "happy_random3000": 0.6273015141487122, "happy_random4000": 0.5172222256660461, "happy_random5000": 0.5188888907432556, "happy_random6000": 0.48277780413627625, "anger_random500": 0.6276190280914307, "anger_random1000": 0.6126189827919006, "anger_random1500": 0.5172222256660461, "anger_random2000": 0.5992856621742249, "anger_random2500": 0.5742856860160828, "anger_random3000": 0.6323015689849854, "anger_random4000": 0.5367460250854492, "anger_random5000": 0.5611110925674438, "anger_random6000": 0.497460275888443, "sad_random500": 0.6242856979370117, "sad_random1000": 0.6192857623100281, "sad_random1500": 0.63698410987854, "sad_random2000": 0.5329365134239197, "sad_random2500": 0.6179364919662476, "sad_random3000": 0.5024603009223938, "sad_random4000": 0.5172222256660461, "sad_random5000": 0.48277780413627625, "sad_random6000": 0.48277780413627625, "fear_random500": 0.6259523034095764, "fear_random1000": 0.6617460250854492, "fear_random1500": 0.6505555510520935, "fear_random2000": 0.48277780413627625, "fear_random2500": 0.6316666603088379, "fear_random3000": 0.48277780413627625, "fear_random4000": 0.5242063403129578, "fear_random5000": 0.5208730101585388, "fear_random6000": 0.48277780413627625, "surprise_random500": 0.6242856979370117, "surprise_random1000": 0.6339682936668396, "surprise_random1500": 0.6192857623100281, "surprise_random2000": 0.607619047164917, "surprise_random2500": 0.6259523034095764, "surprise_random3000": 0.5121428370475769, "surprise_random4000": 0.5172222256660461, "surprise_random5000": 0.5172222256660461, "surprise_random6000": 0.5172222256660461, "disgust_random500": 0.6503967642784119, "disgust_random1000": 0.6279364824295044, "disgust_random1500": 0.657698392868042, "disgust_random2000": 0.6462698578834534, "disgust_random2500": 0.6404761672019958, "disgust_random3000": 0.622936487197876, "disgust_random4000": 0.5172222256660461, "disgust_random5000": 0.5172222256660461, "disgust_random6000": 0.5172222256660461, "control_random500": 0.63698410987854, "control_random1000": 0.6142857074737549, "control_random1500": 0.6296031475067139, "control_random2000": 0.6333333253860474, "control_random2500": 0.6376190185546875, "control_random3000": 0.5172222256660461, "control_random4000": 0.5489682555198669, "control_random5000": 0.5688095092773438, "control_random6000": 0.5732539892196655, "fairness_random500": 0.625952422618866, "fairness_random1000": 0.6209523677825928, "fairness_random1500": 0.5354762077331543, "fairness_random2000": 0.5318253636360168, "fairness_random2500": 0.5573015809059143, "fairness_random3000": 0.5842063426971436, "fairness_random4000": 0.6297618746757507, "fairness_random5000": 0.5284920334815979, "fairness_random6000": 0.550079345703125, "self-related_random500": 0.6142857074737549, "self-related_random1000": 0.6192856431007385, "self-related_random1500": 0.5567460060119629, "self-related_random2000": 0.48277780413627625, "self-related_random2500": 0.5803174376487732, "self-related_random3000": 0.48277780413627625, "self-related_random4000": 0.5723015666007996, "self-related_random5000": 0.4927777945995331, "self-related_random6000": 0.5172222256660461, "other-related_random500": 0.6073015332221985, "other-related_random1000": 0.5155555605888367, "other-related_random1500": 0.6146825551986694, "other-related_random2000": 0.5172222256660461, "other-related_random2500": 0.6438095569610596, "other-related_random3000": 0.6242856979370117, "other-related_random4000": 0.5172222256660461, "other-related_random5000": 0.5172222256660461, "other-related_random6000": 0.5172222256660461, "expectedness_random500": 0.6360316872596741, "expectedness_random1000": 0.6273015141487122, "expectedness_random1500": 0.6226189732551575, "expectedness_random2000": 0.5896031260490417, "expectedness_random2500": 0.628095269203186, "expectedness_random3000": 0.628333330154419, "expectedness_random4000": 0.6026983857154846, "expectedness_random5000": 0.5172222256660461, "expectedness_random6000": 0.5172222256660461, "non-novelty_random500": 0.6209523677825928, "non-novelty_random1000": 0.6092856526374817, "non-novelty_random1500": 0.6289682388305664, "non-novelty_random2000": 0.48277780413627625, "non-novelty_random2500": 0.5992856621742249, "non-novelty_random3000": 0.5775396823883057, "non-novelty_random4000": 0.48277780413627625, "non-novelty_random5000": 0.5172222256660461, "non-novelty_random6000": 0.5172222256660461}