{"sentiment": "disapproval", "seed": 3, "arousal_random500": 0.7950000166893005, "best": 0.7907986044883728, "arousal_random1000": 0.8009523749351501, "arousal_random1500": 0.8110317587852478, "arousal_random2000": 0.7950794100761414, "arousal_random2500": 0.7738094925880432, "arousal_random3000": 0.5222222208976746, "arousal_random4000": 0.5258730053901672, "arousal_random5000": 0.523888885974884, "arousal_random6000": 0.5068253874778748, "valence_random500": 0.8113492131233215, "valence_random1000": 0.7990476489067078, "valence_random1500": 0.778174638748169, "valence_random2000": 0.8060317635536194, "valence_random2500": 0.7658730149269104, "valence_random3000": 0.7239682674407959, "valence_random4000": 0.6874603629112244, "valence_random5000": 0.8019841313362122, "valence_random6000": 0.5222222208976746, "happy_random500": 0.8016666769981384, "happy_random1000": 0.8030158877372742, "happy_random1500": 0.7973015904426575, "happy_random2000": 0.7678572535514832, "happy_random2500": 0.8133333325386047, "happy_random3000": 0.6219841241836548, "happy_random4000": 0.7698412537574768, "happy_random5000": 0.5497618913650513, "happy_random6000": 0.7143650650978088, "anger_random500": 0.8063492178916931, "anger_random1000": 0.8020634651184082, "anger_random1500": 0.7147619128227234, "anger_random2000": 0.7905555367469788, "anger_random2500": 0.6133333444595337, "anger_random3000": 0.7900794148445129, "anger_random4000": 0.5415078997612, "anger_random5000": 0.7319841384887695, "anger_random6000": 0.5883333683013916, "sad_random500": 0.8046825528144836, "sad_random1000": 0.7745237946510315, "sad_random1500": 0.7911110520362854, "sad_random2000": 0.5504761934280396, "sad_random2500": 0.8012698292732239, "sad_random3000": 0.5395238399505615, "sad_random4000": 0.6976984143257141, "sad_random5000": 0.5222222208976746, "sad_random6000": 0.581428587436676, "fear_random500": 0.7963492274284363, "fear_random1000": 0.8016666769981384, "fear_random1500": 0.8063492178916931, "fear_random2000": 0.8005555272102356, "fear_random2500": 0.7952380776405334, "fear_random3000": 0.7216666340827942, "fear_random4000": 0.5222222208976746, "fear_random5000": 0.732619047164917, "fear_random6000": 0.4794444739818573, "surprise_random500": 0.8035714626312256, "surprise_random1000": 0.7990476489067078, "surprise_random1500": 0.8096825480461121, "surprise_random2000": 0.8133333325386047, "surprise_random2500": 0.7983333468437195, "surprise_random3000": 0.8019841313362122, "surprise_random4000": 0.5857142806053162, "surprise_random5000": 0.5222222208976746, "surprise_random6000": 0.523888885974884, "disgust_random500": 0.7963492274284363, "disgust_random1000": 0.8063492178916931, "disgust_random1500": 0.8073809742927551, "disgust_random2000": 0.798730194568634, "disgust_random2500": 0.7887302041053772, "disgust_random3000": 0.77484130859375, "disgust_random4000": 0.6116666793823242, "disgust_random5000": 0.7747618556022644, "disgust_random6000": 0.5222222208976746, "control_random500": 0.7851586937904358, "control_random1000": 0.8040476441383362, "control_random1500": 0.7632539868354797, "control_random2000": 0.8050000071525574, "control_random2500": 0.7868253588676453, "control_random3000": 0.722698450088501, "control_random4000": 0.7857936024665833, "control_random5000": 0.5222222208976746, "control_random6000": 0.5222222208976746, "fairness_random500": 0.8057143092155457, "fairness_random1000": 0.8103175163269043, "fairness_random1500": 0.798730194568634, "fairness_random2000": 0.8110317587852478, "fairness_random2500": 0.77484130859375, "fairness_random3000": 0.7595238089561462, "fairness_random4000": 0.7932539582252502, "fairness_random5000": 0.5737301707267761, "fairness_random6000": 0.5345237851142883, "self-related_random500": 0.7808730602264404, "self-related_random1000": 0.8030158877372742, "self-related_random1500": 0.7996825575828552, "self-related_random2000": 0.788095235824585, "self-related_random2500": 0.7864285111427307, "self-related_random3000": 0.5375397205352783, "self-related_random4000": 0.7834126353263855, "self-related_random5000": 0.7060317993164062, "self-related_random6000": 0.5242063403129578, "other-related_random500": 0.800000011920929, "other-related_random1000": 0.5222222208976746, "other-related_random1500": 0.8057143092155457, "other-related_random2000": 0.7400000095367432, "other-related_random2500": 0.800000011920929, "other-related_random3000": 0.7989682555198669, "other-related_random4000": 0.6937301754951477, "other-related_random5000": 0.5292063355445862, "other-related_random6000": 0.5222222208976746, "expectedness_random500": 0.8093650937080383, "expectedness_random1000": 0.8093650341033936, "expectedness_random1500": 0.7972221970558167, "expectedness_random2000": 0.8015872836112976, "expectedness_random2500": 0.759920597076416, "expectedness_random3000": 0.7634921073913574, "expectedness_random4000": 0.7865872383117676, "expectedness_random5000": 0.5222222208976746, "expectedness_random6000": 0.6169841289520264, "non-novelty_random500": 0.7970635294914246, "non-novelty_random1000": 0.8043650984764099, "non-novelty_random1500": 0.8093650937080383, "non-novelty_random2000": 0.7992857098579407, "non-novelty_random2500": 0.7336508631706238, "non-novelty_random3000": 0.6538888812065125, "non-novelty_random4000": 0.8012698292732239, "non-novelty_random5000": 0.6046825647354126, "non-novelty_random6000": 0.5222222208976746}