{"sentiment": "disappointment", "seed": 19, "arousal_random500": 0.7026922702789307, "best": 0.7223213911056519, "arousal_random1000": 0.6690384149551392, "arousal_random1500": 0.6817308068275452, "arousal_random2000": 0.6801922917366028, "arousal_random2500": 0.6065384745597839, "arousal_random3000": 0.4446154236793518, "arousal_random4000": 0.6182692050933838, "arousal_random5000": 0.6473076939582825, "arousal_random6000": 0.5628845691680908, "valence_random500": 0.6784615516662598, "valence_random1000": 0.6926922798156738, "valence_random1500": 0.6998077034950256, "valence_random2000": 0.6948077082633972, "valence_random2500": 0.5994230508804321, "valence_random3000": 0.5573077201843262, "valence_random4000": 0.554807722568512, "valence_random5000": 0.6144230961799622, "valence_random6000": 0.5674999952316284, "happy_random500": 0.6894230842590332, "happy_random1000": 0.6617307662963867, "happy_random1500": 0.6626923084259033, "happy_random2000": 0.6594230532646179, "happy_random2500": 0.6844230890274048, "happy_random3000": 0.6428846716880798, "happy_random4000": 0.6634615659713745, "happy_random5000": 0.3963461220264435, "happy_random6000": 0.5376923084259033, "anger_random500": 0.6915384531021118, "anger_random1000": 0.6499999761581421, "anger_random1500": 0.4959615468978882, "anger_random2000": 0.5832692384719849, "anger_random2500": 0.5759615898132324, "anger_random3000": 0.6734615564346313, "anger_random4000": 0.5230769515037537, "anger_random5000": 0.5761538743972778, "anger_random6000": 0.5832692384719849, "sad_random500": 0.7030768990516663, "sad_random1000": 0.6930769085884094, "sad_random1500": 0.6788461208343506, "sad_random2000": 0.5986538529396057, "sad_random2500": 0.6801922917366028, "sad_random3000": 0.5607692003250122, "sad_random4000": 0.49384617805480957, "sad_random5000": 0.4421153962612152, "sad_random6000": 0.5628845691680908, "fear_random500": 0.7098076939582825, "fear_random1000": 0.6809614896774292, "fear_random1500": 0.7155769467353821, "fear_random2000": 0.6594230532646179, "fear_random2500": 0.6086538434028625, "fear_random3000": 0.6930769085884094, "fear_random4000": 0.4496154189109802, "fear_random5000": 0.7001923322677612, "fear_random6000": 0.5940384864807129, "surprise_random500": 0.6748077273368835, "surprise_random1000": 0.6851922869682312, "surprise_random1500": 0.692307710647583, "surprise_random2000": 0.6540384292602539, "surprise_random2500": 0.6801922917366028, "surprise_random3000": 0.6340384483337402, "surprise_random4000": 0.5928846001625061, "surprise_random5000": 0.4371154010295868, "surprise_random6000": 0.5786538124084473, "disgust_random500": 0.704807698726654, "disgust_random1000": 0.6569230556488037, "disgust_random1500": 0.6848077178001404, "disgust_random2000": 0.6901922821998596, "disgust_random2500": 0.624423086643219, "disgust_random3000": 0.619038462638855, "disgust_random4000": 0.625, "disgust_random5000": 0.616730809211731, "disgust_random6000": 0.4371154010295868, "control_random500": 0.6767308115959167, "control_random1000": 0.7001922726631165, "control_random1500": 0.5911538600921631, "control_random2000": 0.6705769300460815, "control_random2500": 0.6884615421295166, "control_random3000": 0.7130769491195679, "control_random4000": 0.6590384244918823, "control_random5000": 0.41961538791656494, "control_random6000": 0.4609615206718445, "fairness_random500": 0.7076922655105591, "fairness_random1000": 0.6794230341911316, "fairness_random1500": 0.6534615755081177, "fairness_random2000": 0.5969230532646179, "fairness_random2500": 0.6784615516662598, "fairness_random3000": 0.6440384387969971, "fairness_random4000": 0.5707692503929138, "fairness_random5000": 0.4446153938770294, "fairness_random6000": 0.556538462638855, "self-related_random500": 0.6909615993499756, "self-related_random1000": 0.6801922917366028, "self-related_random1500": 0.7098076939582825, "self-related_random2000": 0.6542307734489441, "self-related_random2500": 0.6813461780548096, "self-related_random3000": 0.45673078298568726, "self-related_random4000": 0.6492307782173157, "self-related_random5000": 0.5836538672447205, "self-related_random6000": 0.5269230604171753, "other-related_random500": 0.6990385055541992, "other-related_random1000": 0.48942306637763977, "other-related_random1500": 0.6980769038200378, "other-related_random2000": 0.6671154499053955, "other-related_random2500": 0.624423086643219, "other-related_random3000": 0.6440384387969971, "other-related_random4000": 0.6036538481712341, "other-related_random5000": 0.4371154010295868, "other-related_random6000": 0.6319230794906616, "expectedness_random500": 0.671346127986908, "expectedness_random1000": 0.6976922750473022, "expectedness_random1500": 0.6365385055541992, "expectedness_random2000": 0.6605769395828247, "expectedness_random2500": 0.6773077249526978, "expectedness_random3000": 0.6323077082633972, "expectedness_random4000": 0.5790385007858276, "expectedness_random5000": 0.4371154010295868, "expectedness_random6000": 0.6384615898132324, "non-novelty_random500": 0.7084615230560303, "non-novelty_random1000": 0.700576901435852, "non-novelty_random1500": 0.6740384697914124, "non-novelty_random2000": 0.6440384387969971, "non-novelty_random2500": 0.5340384244918823, "non-novelty_random3000": 0.6065384149551392, "non-novelty_random4000": 0.5628845691680908, "non-novelty_random5000": 0.5815384387969971, "non-novelty_random6000": 0.4371154010295868}