{"sentiment": "disappointment", "seed": 17, "arousal_random500": 0.7453845739364624, "best": 0.789843738079071, "arousal_random1000": 0.677884578704834, "arousal_random1500": 0.7486538290977478, "arousal_random2000": 0.7269230484962463, "arousal_random2500": 0.6684615612030029, "arousal_random3000": 0.4124999940395355, "arousal_random4000": 0.4099999964237213, "arousal_random5000": 0.4099999964237213, "arousal_random6000": 0.704807698726654, "valence_random500": 0.7486538290977478, "valence_random1000": 0.7486538290977478, "valence_random1500": 0.625, "valence_random2000": 0.7390384674072266, "valence_random2500": 0.69057697057724, "valence_random3000": 0.6175000071525574, "valence_random4000": 0.7153846025466919, "valence_random5000": 0.7503845691680908, "valence_random6000": 0.4099999964237213, "happy_random500": 0.7503845691680908, "happy_random1000": 0.7126922607421875, "happy_random1500": 0.7098076939582825, "happy_random2000": 0.7051922678947449, "happy_random2500": 0.7076922655105591, "happy_random3000": 0.41499999165534973, "happy_random4000": 0.42249998450279236, "happy_random5000": 0.4099999964237213, "happy_random6000": 0.4099999964237213, "anger_random500": 0.7578846216201782, "anger_random1000": 0.746538519859314, "anger_random1500": 0.4124999940395355, "anger_random2000": 0.7728846073150635, "anger_random2500": 0.5419230461120605, "anger_random3000": 0.6200000047683716, "anger_random4000": 0.6588461399078369, "anger_random5000": 0.7507691979408264, "anger_random6000": 0.5790385007858276, "sad_random500": 0.7678846120834351, "sad_random1000": 0.7557691931724548, "sad_random1500": 0.7411538362503052, "sad_random2000": 0.6613461375236511, "sad_random2500": 0.7361538410186768, "sad_random3000": 0.4686538577079773, "sad_random4000": 0.4446153938770294, "sad_random5000": 0.4099999964237213, "sad_random6000": 0.6549999713897705, "fear_random500": 0.7628846168518066, "fear_random1000": 0.742884635925293, "fear_random1500": 0.7482692003250122, "fear_random2000": 0.7528846263885498, "fear_random2500": 0.7069230675697327, "fear_random3000": 0.7076922655105591, "fear_random4000": 0.4621153771877289, "fear_random5000": 0.4099999964237213, "fear_random6000": 0.6499999761581421, "surprise_random500": 0.7507691979408264, "surprise_random1000": 0.7315384149551392, "surprise_random1500": 0.6955769062042236, "surprise_random2000": 0.7528846263885498, "surprise_random2500": 0.7298077344894409, "surprise_random3000": 0.6588461399078369, "surprise_random4000": 0.7111538648605347, "surprise_random5000": 0.4099999964237213, "surprise_random6000": 0.6980769038200378, "disgust_random500": 0.7436538338661194, "disgust_random1000": 0.7607691884040833, "disgust_random1500": 0.7582692503929138, "disgust_random2000": 0.7411538362503052, "disgust_random2500": 0.7340384721755981, "disgust_random3000": 0.7186538577079773, "disgust_random4000": 0.4099999964237213, "disgust_random5000": 0.4099999964237213, "disgust_random6000": 0.4099999964237213, "control_random500": 0.7678846120834351, "control_random1000": 0.7461538314819336, "control_random1500": 0.7253845930099487, "control_random2000": 0.7169230580329895, "control_random2500": 0.7123076915740967, "control_random3000": 0.7001922726631165, "control_random4000": 0.641730785369873, "control_random5000": 0.42461538314819336, "control_random6000": 0.4424999952316284, "fairness_random500": 0.7682692408561707, "fairness_random1000": 0.7703845500946045, "fairness_random1500": 0.7703845500946045, "fairness_random2000": 0.7073076963424683, "fairness_random2500": 0.6421154737472534, "fairness_random3000": 0.6784615516662598, "fairness_random4000": 0.6830769181251526, "fairness_random5000": 0.44923079013824463, "fairness_random6000": 0.7169230580329895, "self-related_random500": 0.7632691860198975, "self-related_random1000": 0.7148077487945557, "self-related_random1500": 0.7098077535629272, "self-related_random2000": 0.770384669303894, "self-related_random2500": 0.7290384769439697, "self-related_random3000": 0.4099999964237213, "self-related_random4000": 0.5761538743972778, "self-related_random5000": 0.7328846454620361, "self-related_random6000": 0.4099999964237213, "other-related_random500": 0.7628846168518066, "other-related_random1000": 0.4099999964237213, "other-related_random1500": 0.7607691884040833, "other-related_random2000": 0.690961480140686, "other-related_random2500": 0.6299999952316284, "other-related_random3000": 0.7151922583580017, "other-related_random4000": 0.5711538791656494, "other-related_random5000": 0.4124999940395355, "other-related_random6000": 0.5201922655105591, "expectedness_random500": 0.7653846740722656, "expectedness_random1000": 0.7728846073150635, "expectedness_random1500": 0.742884635925293, "expectedness_random2000": 0.7753845453262329, "expectedness_random2500": 0.7001922726631165, "expectedness_random3000": 0.6100000143051147, "expectedness_random4000": 0.6396154165267944, "expectedness_random5000": 0.500576913356781, "expectedness_random6000": 0.4124999940395355, "non-novelty_random500": 0.7315384149551392, "non-novelty_random1000": 0.7703845500946045, "non-novelty_random1500": 0.7244231104850769, "non-novelty_random2000": 0.7532691955566406, "non-novelty_random2500": 0.6884615421295166, "non-novelty_random3000": 0.6884615421295166, "non-novelty_random4000": 0.682692289352417, "non-novelty_random5000": 0.6007692217826843, "non-novelty_random6000": 0.4099999964237213}