{"sentiment": "disapproval", "seed": 5, "arousal_random500": 0.8117461204528809, "best": 0.7921006679534912, "arousal_random1000": 0.7910317778587341, "arousal_random1500": 0.8161110877990723, "arousal_random2000": 0.7612698078155518, "arousal_random2500": 0.7900794148445129, "arousal_random3000": 0.5937301516532898, "arousal_random4000": 0.4183333218097687, "arousal_random5000": 0.649920642375946, "arousal_random6000": 0.6305555105209351, "valence_random500": 0.8074603080749512, "valence_random1000": 0.8147618770599365, "valence_random1500": 0.8111110329627991, "valence_random2000": 0.8023809790611267, "valence_random2500": 0.7296825051307678, "valence_random3000": 0.799126923084259, "valence_random4000": 0.7773809432983398, "valence_random5000": 0.7804761528968811, "valence_random6000": 0.5179365277290344, "happy_random500": 0.8047618269920349, "happy_random1000": 0.8094444274902344, "happy_random1500": 0.8093650937080383, "happy_random2000": 0.7998412251472473, "happy_random2500": 0.8070635795593262, "happy_random3000": 0.7692856788635254, "happy_random4000": 0.799126923084259, "happy_random5000": 0.624920666217804, "happy_random6000": 0.7006348967552185, "anger_random500": 0.8117459416389465, "anger_random1000": 0.7967460751533508, "anger_random1500": 0.6668253540992737, "anger_random2000": 0.8030158877372742, "anger_random2500": 0.6496031880378723, "anger_random3000": 0.766269862651825, "anger_random4000": 0.6618253588676453, "anger_random5000": 0.7752380967140198, "anger_random6000": 0.6791269779205322, "sad_random500": 0.8197618126869202, "sad_random1000": 0.74698406457901, "sad_random1500": 0.7819048762321472, "sad_random2000": 0.5179365277290344, "sad_random2500": 0.8073809742927551, "sad_random3000": 0.39968252182006836, "sad_random4000": 0.7619047164916992, "sad_random5000": 0.5375396609306335, "sad_random6000": 0.4903968274593353, "fear_random500": 0.8184127807617188, "fear_random1000": 0.8103968501091003, "fear_random1500": 0.7971428036689758, "fear_random2000": 0.7930158972740173, "fear_random2500": 0.8087301254272461, "fear_random3000": 0.7895238399505615, "fear_random4000": 0.7615873217582703, "fear_random5000": 0.785079300403595, "fear_random6000": 0.5261111259460449, "surprise_random500": 0.8113492131233215, "surprise_random1000": 0.8064284920692444, "surprise_random1500": 0.8064284920692444, "surprise_random2000": 0.8053968548774719, "surprise_random2500": 0.7914285659790039, "surprise_random3000": 0.7865079045295715, "surprise_random4000": 0.5718254446983337, "surprise_random5000": 0.5269047617912292, "surprise_random6000": 0.524920642375946, "disgust_random500": 0.8210317492485046, "disgust_random1000": 0.8017460703849792, "disgust_random1500": 0.8087301850318909, "disgust_random2000": 0.8080951571464539, "disgust_random2500": 0.788095235824585, "disgust_random3000": 0.809999942779541, "disgust_random4000": 0.7319841384887695, "disgust_random5000": 0.7642063498497009, "disgust_random6000": 0.5335714221000671, "control_random500": 0.7948412895202637, "control_random1000": 0.7948412895202637, "control_random1500": 0.7856349349021912, "control_random2000": 0.8061110973358154, "control_random2500": 0.802460253238678, "control_random3000": 0.6961111426353455, "control_random4000": 0.763968288898468, "control_random5000": 0.5182539820671082, "control_random6000": 0.7153174877166748, "fairness_random500": 0.8134126663208008, "fairness_random1000": 0.8114285469055176, "fairness_random1500": 0.7915079593658447, "fairness_random2000": 0.8057937026023865, "fairness_random2500": 0.7715873718261719, "fairness_random3000": 0.8003968596458435, "fairness_random4000": 0.7990476489067078, "fairness_random5000": 0.6003968119621277, "fairness_random6000": 0.5305555462837219, "self-related_random500": 0.8034920692443848, "self-related_random1000": 0.8087301254272461, "self-related_random1500": 0.8053968548774719, "self-related_random2000": 0.8037301898002625, "self-related_random2500": 0.7961905002593994, "self-related_random3000": 0.5335714221000671, "self-related_random4000": 0.8046825528144836, "self-related_random5000": 0.7971428036689758, "self-related_random6000": 0.592380940914154, "other-related_random500": 0.8147618770599365, "other-related_random1000": 0.4466666877269745, "other-related_random1500": 0.78682541847229, "other-related_random2000": 0.7230158448219299, "other-related_random2500": 0.798095166683197, "other-related_random3000": 0.7916666865348816, "other-related_random4000": 0.7339682579040527, "other-related_random5000": 0.6246032118797302, "other-related_random6000": 0.516269862651825, "expectedness_random500": 0.8094444274902344, "expectedness_random1000": 0.8061110973358154, "expectedness_random1500": 0.7733333706855774, "expectedness_random2000": 0.7960317730903625, "expectedness_random2500": 0.7842063903808594, "expectedness_random3000": 0.7823016047477722, "expectedness_random4000": 0.7731745839118958, "expectedness_random5000": 0.516269862651825, "expectedness_random6000": 0.7415873408317566, "non-novelty_random500": 0.8097618222236633, "non-novelty_random1000": 0.8061110973358154, "non-novelty_random1500": 0.8061110973358154, "non-novelty_random2000": 0.8011111617088318, "non-novelty_random2500": 0.5930159091949463, "non-novelty_random3000": 0.6838095188140869, "non-novelty_random4000": 0.7326984405517578, "non-novelty_random5000": 0.7529364228248596, "non-novelty_random6000": 0.5146031975746155}