{"sentiment": "disapproval", "seed": 100, "arousal_random500": 0.7661111354827881, "best": 0.7410300374031067, "arousal_random1000": 0.769444465637207, "arousal_random1500": 0.732619047164917, "arousal_random2000": 0.7651587128639221, "arousal_random2500": 0.7561904788017273, "arousal_random3000": 0.5096032023429871, "arousal_random4000": 0.5096032023429871, "arousal_random5000": 0.5096032023429871, "arousal_random6000": 0.5454761385917664, "valence_random500": 0.7638095021247864, "valence_random1000": 0.7601587176322937, "valence_random1500": 0.7657936215400696, "valence_random2000": 0.7513492107391357, "valence_random2500": 0.5807936787605286, "valence_random3000": 0.7419047951698303, "valence_random4000": 0.757460355758667, "valence_random5000": 0.6659524440765381, "valence_random6000": 0.5096032023429871, "happy_random500": 0.7641270160675049, "happy_random1000": 0.7578571438789368, "happy_random1500": 0.7379364967346191, "happy_random2000": 0.7631745338439941, "happy_random2500": 0.755079448223114, "happy_random3000": 0.5096032023429871, "happy_random4000": 0.6665080189704895, "happy_random5000": 0.5096032023429871, "happy_random6000": 0.39015868306159973, "anger_random500": 0.7657936215400696, "anger_random1000": 0.7584919929504395, "anger_random1500": 0.6976984143257141, "anger_random2000": 0.7407142519950867, "anger_random2500": 0.6889682412147522, "anger_random3000": 0.7496032118797302, "anger_random4000": 0.632539689540863, "anger_random5000": 0.7116666436195374, "anger_random6000": 0.7396031022071838, "sad_random500": 0.7627778053283691, "sad_random1000": 0.766428530216217, "sad_random1500": 0.7680952548980713, "sad_random2000": 0.7487301826477051, "sad_random2500": 0.7597618699073792, "sad_random3000": 0.49539682269096375, "sad_random4000": 0.6521428227424622, "sad_random5000": 0.5096032023429871, "sad_random6000": 0.6633333563804626, "fear_random500": 0.769444465637207, "fear_random1000": 0.755079448223114, "fear_random1500": 0.7621428966522217, "fear_random2000": 0.7620635032653809, "fear_random2500": 0.7519047856330872, "fear_random3000": 0.7336507439613342, "fear_random4000": 0.6680952906608582, "fear_random5000": 0.5096032023429871, "fear_random6000": 0.6805555820465088, "surprise_random500": 0.7620635032653809, "surprise_random1000": 0.7581745982170105, "surprise_random1500": 0.7597618699073792, "surprise_random2000": 0.7680952548980713, "surprise_random2500": 0.6996825337409973, "surprise_random3000": 0.7630952000617981, "surprise_random4000": 0.7437301278114319, "surprise_random5000": 0.5096032023429871, "surprise_random6000": 0.7385714650154114, "disgust_random500": 0.7677777409553528, "disgust_random1000": 0.7580952644348145, "disgust_random1500": 0.7651586532592773, "disgust_random2000": 0.7595238089561462, "disgust_random2500": 0.7548412680625916, "disgust_random3000": 0.7213492393493652, "disgust_random4000": 0.5096032023429871, "disgust_random5000": 0.6398412585258484, "disgust_random6000": 0.5096032023429871, "control_random500": 0.7641269564628601, "control_random1000": 0.7627778053283691, "control_random1500": 0.7627778053283691, "control_random2000": 0.7614285945892334, "control_random2500": 0.6471428275108337, "control_random3000": 0.6767460703849792, "control_random4000": 0.7507143020629883, "control_random5000": 0.4903968274593353, "control_random6000": 0.7203968167304993, "fairness_random500": 0.769444465637207, "fairness_random1000": 0.7638095021247864, "fairness_random1500": 0.745555579662323, "fairness_random2000": 0.7592063546180725, "fairness_random2500": 0.7684920430183411, "fairness_random3000": 0.7437301278114319, "fairness_random4000": 0.7654762268066406, "fairness_random5000": 0.5096032023429871, "fairness_random6000": 0.7326984405517578, "self-related_random500": 0.7654761672019958, "self-related_random1000": 0.7717459797859192, "self-related_random1500": 0.744603157043457, "self-related_random2000": 0.7528571486473083, "self-related_random2500": 0.7469048500061035, "self-related_random3000": 0.5096032023429871, "self-related_random4000": 0.7764285206794739, "self-related_random5000": 0.7461111545562744, "self-related_random6000": 0.5398412942886353, "other-related_random500": 0.7667460441589355, "other-related_random1000": 0.5096032023429871, "other-related_random1500": 0.7429364323616028, "other-related_random2000": 0.6135714054107666, "other-related_random2500": 0.7621428370475769, "other-related_random3000": 0.7587301731109619, "other-related_random4000": 0.6374602913856506, "other-related_random5000": 0.5155555605888367, "other-related_random6000": 0.6472222208976746, "expectedness_random500": 0.7674603462219238, "expectedness_random1000": 0.7607936859130859, "expectedness_random1500": 0.75984126329422, "expectedness_random2000": 0.7493650913238525, "expectedness_random2500": 0.7674603462219238, "expectedness_random3000": 0.7571428418159485, "expectedness_random4000": 0.7207143306732178, "expectedness_random5000": 0.5816666483879089, "expectedness_random6000": 0.5096032023429871, "non-novelty_random500": 0.7677777409553528, "non-novelty_random1000": 0.7780952453613281, "non-novelty_random1500": 0.7638095021247864, "non-novelty_random2000": 0.7623810172080994, "non-novelty_random2500": 0.7537302374839783, "non-novelty_random3000": 0.719682514667511, "non-novelty_random4000": 0.6091269850730896, "non-novelty_random5000": 0.7568254470825195, "non-novelty_random6000": 0.5096032023429871}