{"sentiment": "disappointment", "seed": 9, "arousal_random500": 0.7019230723381042, "best": 0.7378906011581421, "arousal_random1000": 0.6844230890274048, "arousal_random1500": 0.7101923227310181, "arousal_random2000": 0.69942307472229, "arousal_random2500": 0.6855769157409668, "arousal_random3000": 0.42461538314819336, "arousal_random4000": 0.5778846144676208, "arousal_random5000": 0.48346155881881714, "arousal_random6000": 0.6057692170143127, "valence_random500": 0.7005769610404968, "valence_random1000": 0.6980769634246826, "valence_random1500": 0.6713461875915527, "valence_random2000": 0.7194230556488037, "valence_random2500": 0.6475000381469727, "valence_random3000": 0.5123077034950256, "valence_random4000": 0.6050000190734863, "valence_random5000": 0.7094230651855469, "valence_random6000": 0.6003845930099487, "happy_random500": 0.6969230771064758, "happy_random1000": 0.7005769610404968, "happy_random1500": 0.6859616041183472, "happy_random2000": 0.6711538434028625, "happy_random2500": 0.6592307686805725, "happy_random3000": 0.6955769658088684, "happy_random4000": 0.5657691955566406, "happy_random5000": 0.35846152901649475, "happy_random6000": 0.5569230914115906, "anger_random500": 0.7098076939582825, "anger_random1000": 0.6567307710647583, "anger_random1500": 0.48769235610961914, "anger_random2000": 0.6894230842590332, "anger_random2500": 0.5140384435653687, "anger_random3000": 0.637499988079071, "anger_random4000": 0.6061538457870483, "anger_random5000": 0.6919230818748474, "anger_random6000": 0.6157692074775696, "sad_random500": 0.6980769634246826, "sad_random1000": 0.7119230628013611, "sad_random1500": 0.7148076891899109, "sad_random2000": 0.5294231176376343, "sad_random2500": 0.7023077011108398, "sad_random3000": 0.5728846192359924, "sad_random4000": 0.6078846454620361, "sad_random5000": 0.4605769217014313, "sad_random6000": 0.5932692289352417, "fear_random500": 0.7148076891899109, "fear_random1000": 0.7119230628013611, "fear_random1500": 0.6734615564346313, "fear_random2000": 0.6811538338661194, "fear_random2500": 0.7111538648605347, "fear_random3000": 0.7219230532646179, "fear_random4000": 0.434230774641037, "fear_random5000": 0.42461538314819336, "fear_random6000": 0.5928846001625061, "surprise_random500": 0.7219230532646179, "surprise_random1000": 0.7119230628013611, "surprise_random1500": 0.6692307591438293, "surprise_random2000": 0.7069230675697327, "surprise_random2500": 0.6969230771064758, "surprise_random3000": 0.7040385007858276, "surprise_random4000": 0.5390384197235107, "surprise_random5000": 0.42461538314819336, "surprise_random6000": 0.6463461518287659, "disgust_random500": 0.688076913356781, "disgust_random1000": 0.6859616041183472, "disgust_random1500": 0.7201923131942749, "disgust_random2000": 0.7030768990516663, "disgust_random2500": 0.7244230508804321, "disgust_random3000": 0.7226923108100891, "disgust_random4000": 0.688076913356781, "disgust_random5000": 0.6107692122459412, "disgust_random6000": 0.42461538314819336, "control_random500": 0.7076922655105591, "control_random1000": 0.7144230604171753, "control_random1500": 0.7069230675697327, "control_random2000": 0.6998077034950256, "control_random2500": 0.6667307615280151, "control_random3000": 0.7169230580329895, "control_random4000": 0.6944230794906616, "control_random5000": 0.42461538314819336, "control_random6000": 0.42461538314819336, "fairness_random500": 0.7244230508804321, "fairness_random1000": 0.7169230580329895, "fairness_random1500": 0.6859616041183472, "fairness_random2000": 0.7123077511787415, "fairness_random2500": 0.6813461184501648, "fairness_random3000": 0.7194231152534485, "fairness_random4000": 0.5828846096992493, "fairness_random5000": 0.6246153712272644, "fairness_random6000": 0.7140384912490845, "self-related_random500": 0.7173076868057251, "self-related_random1000": 0.7219230532646179, "self-related_random1500": 0.69942307472229, "self-related_random2000": 0.7019230723381042, "self-related_random2500": 0.6980769038200378, "self-related_random3000": 0.5573077201843262, "self-related_random4000": 0.7065384387969971, "self-related_random5000": 0.6053845882415771, "self-related_random6000": 0.500576913356781, "other-related_random500": 0.7094230651855469, "other-related_random1000": 0.5778846144676208, "other-related_random1500": 0.6638461351394653, "other-related_random2000": 0.6082692742347717, "other-related_random2500": 0.6909615993499756, "other-related_random3000": 0.7015384435653687, "other-related_random4000": 0.6834615468978882, "other-related_random5000": 0.4659615457057953, "other-related_random6000": 0.42461538314819336, "expectedness_random500": 0.7194230556488037, "expectedness_random1000": 0.7144230604171753, "expectedness_random1500": 0.7119230628013611, "expectedness_random2000": 0.7069230675697327, "expectedness_random2500": 0.7151923179626465, "expectedness_random3000": 0.6688461303710938, "expectedness_random4000": 0.6955769062042236, "expectedness_random5000": 0.44634613394737244, "expectedness_random6000": 0.42461538314819336, "non-novelty_random500": 0.688076913356781, "non-novelty_random1000": 0.7148077487945557, "non-novelty_random1500": 0.7144230604171753, "non-novelty_random2000": 0.7119230628013611, "non-novelty_random2500": 0.5148077011108398, "non-novelty_random3000": 0.45134615898132324, "non-novelty_random4000": 0.5778846144676208, "non-novelty_random5000": 0.48807692527770996, "non-novelty_random6000": 0.42461538314819336}