{"sentiment": "disapproval", "seed": 9, "arousal_random500": 0.8046825528144836, "best": 0.79296875, "arousal_random1000": 0.8050000071525574, "arousal_random1500": 0.8060317635536194, "arousal_random2000": 0.7990476489067078, "arousal_random2500": 0.8013492226600647, "arousal_random3000": 0.7837300896644592, "arousal_random4000": 0.5424602627754211, "arousal_random5000": 0.7846825122833252, "arousal_random6000": 0.7103174328804016, "valence_random500": 0.7957143187522888, "valence_random1000": 0.8146824836730957, "valence_random1500": 0.8030158877372742, "valence_random2000": 0.800000011920929, "valence_random2500": 0.7967460751533508, "valence_random3000": 0.7990476489067078, "valence_random4000": 0.7686507701873779, "valence_random5000": 0.7910317778587341, "valence_random6000": 0.4997619092464447, "happy_random500": 0.8119840621948242, "happy_random1000": 0.7993651032447815, "happy_random1500": 0.7946825623512268, "happy_random2000": 0.7742857336997986, "happy_random2500": 0.7986507415771484, "happy_random3000": 0.783650815486908, "happy_random4000": 0.7996825575828552, "happy_random5000": 0.732539713382721, "happy_random6000": 0.7433333396911621, "anger_random500": 0.8113492131233215, "anger_random1000": 0.7937302589416504, "anger_random1500": 0.7926983833312988, "anger_random2000": 0.779285728931427, "anger_random2500": 0.7913491725921631, "anger_random3000": 0.7996825575828552, "anger_random4000": 0.7674603462219238, "anger_random5000": 0.7846825122833252, "anger_random6000": 0.7757142186164856, "sad_random500": 0.8130159378051758, "sad_random1000": 0.7953968048095703, "sad_random1500": 0.8043651580810547, "sad_random2000": 0.7983333468437195, "sad_random2500": 0.7025396823883057, "sad_random3000": 0.6007936596870422, "sad_random4000": 0.7873809933662415, "sad_random5000": 0.6608729958534241, "sad_random6000": 0.6784920692443848, "fear_random500": 0.8033332824707031, "fear_random1000": 0.8030158877372742, "fear_random1500": 0.8036507964134216, "fear_random2000": 0.7586507797241211, "fear_random2500": 0.762936532497406, "fear_random3000": 0.7592856884002686, "fear_random4000": 0.7957143187522888, "fear_random5000": 0.7661111354827881, "fear_random6000": 0.4774602949619293, "surprise_random500": 0.7996825575828552, "surprise_random1000": 0.7993650436401367, "surprise_random1500": 0.7940475940704346, "surprise_random2000": 0.7966666221618652, "surprise_random2500": 0.7899999618530273, "surprise_random3000": 0.765317440032959, "surprise_random4000": 0.7917459607124329, "surprise_random5000": 0.7733333110809326, "surprise_random6000": 0.7542857527732849, "disgust_random500": 0.8063492178916931, "disgust_random1000": 0.8030158877372742, "disgust_random1500": 0.8066666126251221, "disgust_random2000": 0.7869841456413269, "disgust_random2500": 0.7712697982788086, "disgust_random3000": 0.7626190185546875, "disgust_random4000": 0.7893651127815247, "disgust_random5000": 0.7315872311592102, "disgust_random6000": 0.5664286017417908, "control_random500": 0.797698438167572, "control_random1000": 0.8066666722297668, "control_random1500": 0.7892857193946838, "control_random2000": 0.7903174757957458, "control_random2500": 0.7773016095161438, "control_random3000": 0.7823808789253235, "control_random4000": 0.7899999618530273, "control_random5000": 0.7740476131439209, "control_random6000": 0.7551587224006653, "fairness_random500": 0.8063492774963379, "fairness_random1000": 0.8066666722297668, "fairness_random1500": 0.7864285111427307, "fairness_random2000": 0.7990476489067078, "fairness_random2500": 0.7786508202552795, "fairness_random3000": 0.7546031475067139, "fairness_random4000": 0.7883333563804626, "fairness_random5000": 0.7276189923286438, "fairness_random6000": 0.5764285922050476, "self-related_random500": 0.7807936668395996, "self-related_random1000": 0.7856349349021912, "self-related_random1500": 0.7983333468437195, "self-related_random2000": 0.7950000166893005, "self-related_random2500": 0.7719841599464417, "self-related_random3000": 0.6728571057319641, "self-related_random4000": 0.7035714983940125, "self-related_random5000": 0.7776984572410583, "self-related_random6000": 0.7791269421577454, "other-related_random500": 0.8066666722297668, "other-related_random1000": 0.7367460131645203, "other-related_random1500": 0.7934126853942871, "other-related_random2000": 0.8033332824707031, "other-related_random2500": 0.7936508059501648, "other-related_random3000": 0.7883333563804626, "other-related_random4000": 0.7800000309944153, "other-related_random5000": 0.7551587224006653, "other-related_random6000": 0.714285671710968, "expectedness_random500": 0.8063492774963379, "expectedness_random1000": 0.7957143187522888, "expectedness_random1500": 0.7826189994812012, "expectedness_random2000": 0.794682502746582, "expectedness_random2500": 0.7996825575828552, "expectedness_random3000": 0.7716667056083679, "expectedness_random4000": 0.6972222328186035, "expectedness_random5000": 0.7445237636566162, "expectedness_random6000": 0.7699999809265137, "non-novelty_random500": 0.7973809838294983, "non-novelty_random1000": 0.797698438167572, "non-novelty_random1500": 0.8016666769981384, "non-novelty_random2000": 0.7719841003417969, "non-novelty_random2500": 0.7669841647148132, "non-novelty_random3000": 0.7940475940704346, "non-novelty_random4000": 0.6568253636360168, "non-novelty_random5000": 0.7616665959358215, "non-novelty_random6000": 0.7060317993164062}