{"sentiment": "disapproval", "seed": 7, "arousal_random500": 0.7746031284332275, "best": 0.7890625, "arousal_random1000": 0.7736508250236511, "arousal_random1500": 0.7896825671195984, "arousal_random2000": 0.7478570938110352, "arousal_random2500": 0.7886508107185364, "arousal_random3000": 0.7757143378257751, "arousal_random4000": 0.6043650507926941, "arousal_random5000": 0.7726984024047852, "arousal_random6000": 0.5764285922050476, "valence_random500": 0.7843651175498962, "valence_random1000": 0.7783333659172058, "valence_random1500": 0.779285728931427, "valence_random2000": 0.7835714221000671, "valence_random2500": 0.7873015999794006, "valence_random3000": 0.7923809885978699, "valence_random4000": 0.6884920597076416, "valence_random5000": 0.7101587653160095, "valence_random6000": 0.6279364824295044, "happy_random500": 0.7823016047477722, "happy_random1000": 0.7876190543174744, "happy_random1500": 0.766269862651825, "happy_random2000": 0.785714328289032, "happy_random2500": 0.7584920525550842, "happy_random3000": 0.7639682292938232, "happy_random4000": 0.7835714221000671, "happy_random5000": 0.7648412585258484, "happy_random6000": 0.762936532497406, "anger_random500": 0.7736508250236511, "anger_random1000": 0.7736508250236511, "anger_random1500": 0.779365062713623, "anger_random2000": 0.7605555653572083, "anger_random2500": 0.7058730125427246, "anger_random3000": 0.7860317230224609, "anger_random4000": 0.77182537317276, "anger_random5000": 0.7698412537574768, "anger_random6000": 0.7801587581634521, "sad_random500": 0.7833333015441895, "sad_random1000": 0.783412754535675, "sad_random1500": 0.7856349349021912, "sad_random2000": 0.7842857241630554, "sad_random2500": 0.7472222447395325, "sad_random3000": 0.5171428322792053, "sad_random4000": 0.7853174805641174, "sad_random5000": 0.6494444608688354, "sad_random6000": 0.551111102104187, "fear_random500": 0.7809523940086365, "fear_random1000": 0.7873015999794006, "fear_random1500": 0.773888885974884, "fear_random2000": 0.6948413252830505, "fear_random2500": 0.7655555605888367, "fear_random3000": 0.7498412132263184, "fear_random4000": 0.7800793647766113, "fear_random5000": 0.7813491821289062, "fear_random6000": 0.6038095355033875, "surprise_random500": 0.7832539677619934, "surprise_random1000": 0.7913491725921631, "surprise_random1500": 0.7882539629936218, "surprise_random2000": 0.7769841551780701, "surprise_random2500": 0.759920597076416, "surprise_random3000": 0.7538888454437256, "surprise_random4000": 0.7803968787193298, "surprise_random5000": 0.7814285159111023, "surprise_random6000": 0.6701586842536926, "disgust_random500": 0.7906349301338196, "disgust_random1000": 0.7866666913032532, "disgust_random1500": 0.7756349444389343, "disgust_random2000": 0.791269838809967, "disgust_random2500": 0.6895238757133484, "disgust_random3000": 0.7355555891990662, "disgust_random4000": 0.7275397181510925, "disgust_random5000": 0.7526984214782715, "disgust_random6000": 0.7363491654396057, "control_random500": 0.7943651080131531, "control_random1000": 0.7786508202552795, "control_random1500": 0.7719047665596008, "control_random2000": 0.7879364490509033, "control_random2500": 0.7869841456413269, "control_random3000": 0.7930158972740173, "control_random4000": 0.6611905097961426, "control_random5000": 0.5944444537162781, "control_random6000": 0.667222261428833, "fairness_random500": 0.782619059085846, "fairness_random1000": 0.7812697887420654, "fairness_random1500": 0.7860317230224609, "fairness_random2000": 0.7913491725921631, "fairness_random2500": 0.7880158424377441, "fairness_random3000": 0.6668254733085632, "fairness_random4000": 0.7015078663825989, "fairness_random5000": 0.7663492560386658, "fairness_random6000": 0.5434126853942871, "self-related_random500": 0.7940475940704346, "self-related_random1000": 0.7742063999176025, "self-related_random1500": 0.7909523844718933, "self-related_random2000": 0.7542063593864441, "self-related_random2500": 0.7699206471443176, "self-related_random3000": 0.503412663936615, "self-related_random4000": 0.7746031284332275, "self-related_random5000": 0.7351586818695068, "self-related_random6000": 0.7940475940704346, "other-related_random500": 0.7759523391723633, "other-related_random1000": 0.6876189708709717, "other-related_random1500": 0.7867460250854492, "other-related_random2000": 0.7890476584434509, "other-related_random2500": 0.7525396347045898, "other-related_random3000": 0.759920597076416, "other-related_random4000": 0.7668253779411316, "other-related_random5000": 0.7588889598846436, "other-related_random6000": 0.7777777314186096, "expectedness_random500": 0.7953174114227295, "expectedness_random1000": 0.7893651127815247, "expectedness_random1500": 0.7775396704673767, "expectedness_random2000": 0.7555555701255798, "expectedness_random2500": 0.782619059085846, "expectedness_random3000": 0.7665872573852539, "expectedness_random4000": 0.7181746363639832, "expectedness_random5000": 0.7471428513526917, "expectedness_random6000": 0.721825361251831, "non-novelty_random500": 0.7906349301338196, "non-novelty_random1000": 0.7859523892402649, "non-novelty_random1500": 0.7789682745933533, "non-novelty_random2000": 0.7402381300926208, "non-novelty_random2500": 0.7592062950134277, "non-novelty_random3000": 0.7841269969940186, "non-novelty_random4000": 0.5797619223594666, "non-novelty_random5000": 0.7873015999794006, "non-novelty_random6000": 0.6728571057319641}