{"sentiment": "disapproval", "seed": 17, "arousal_random500": 0.7637301087379456, "best": 0.7620081305503845, "arousal_random1000": 0.7820634841918945, "arousal_random1500": 0.7535714507102966, "arousal_random2000": 0.7830951809883118, "arousal_random2500": 0.766428530216217, "arousal_random3000": 0.7180158495903015, "arousal_random4000": 0.6993650794029236, "arousal_random5000": 0.7219841480255127, "arousal_random6000": 0.6777777671813965, "valence_random500": 0.7811110615730286, "valence_random1000": 0.7830951809883118, "valence_random1500": 0.7707936763763428, "valence_random2000": 0.7770635485649109, "valence_random2500": 0.775158703327179, "valence_random3000": 0.7651587128639221, "valence_random4000": 0.767063558101654, "valence_random5000": 0.7704761624336243, "valence_random6000": 0.5252380967140198, "happy_random500": 0.7670634388923645, "happy_random1000": 0.7891269326210022, "happy_random1500": 0.772777795791626, "happy_random2000": 0.7854762077331543, "happy_random2500": 0.7827777862548828, "happy_random3000": 0.7585713863372803, "happy_random4000": 0.6844444870948792, "happy_random5000": 0.6332539916038513, "happy_random6000": 0.7119048237800598, "anger_random500": 0.7747619152069092, "anger_random1000": 0.7761111259460449, "anger_random1500": 0.7707936763763428, "anger_random2000": 0.7603968977928162, "anger_random2500": 0.7717459797859192, "anger_random3000": 0.7638095021247864, "anger_random4000": 0.7303174138069153, "anger_random5000": 0.783412754535675, "anger_random6000": 0.5574603080749512, "sad_random500": 0.7777777314186096, "sad_random1000": 0.7964285016059875, "sad_random1500": 0.775158703327179, "sad_random2000": 0.7711904644966125, "sad_random2500": 0.7804761528968811, "sad_random3000": 0.6249206066131592, "sad_random4000": 0.7526190280914307, "sad_random5000": 0.725079357624054, "sad_random6000": 0.7183333039283752, "fear_random500": 0.7877777218818665, "fear_random1000": 0.770396888256073, "fear_random1500": 0.7770635485649109, "fear_random2000": 0.7253174781799316, "fear_random2500": 0.7774602770805359, "fear_random3000": 0.7688889503479004, "fear_random4000": 0.7642857432365417, "fear_random5000": 0.6342857480049133, "fear_random6000": 0.7156348824501038, "surprise_random500": 0.7447618842124939, "surprise_random1000": 0.7877777218818665, "surprise_random1500": 0.7476983666419983, "surprise_random2000": 0.7600793838500977, "surprise_random2500": 0.7638888955116272, "surprise_random3000": 0.7734920978546143, "surprise_random4000": 0.7535714507102966, "surprise_random5000": 0.5621428489685059, "surprise_random6000": 0.787142813205719, "disgust_random500": 0.7784126400947571, "disgust_random1000": 0.7780952453613281, "disgust_random1500": 0.7764285206794739, "disgust_random2000": 0.7864285111427307, "disgust_random2500": 0.7450793385505676, "disgust_random3000": 0.7661111354827881, "disgust_random4000": 0.6930952668190002, "disgust_random5000": 0.754523754119873, "disgust_random6000": 0.55952388048172, "control_random500": 0.7827777862548828, "control_random1000": 0.7900792956352234, "control_random1500": 0.752380907535553, "control_random2000": 0.7626984119415283, "control_random2500": 0.7230158448219299, "control_random3000": 0.7704761624336243, "control_random4000": 0.7655556201934814, "control_random5000": 0.6891270279884338, "control_random6000": 0.760873019695282, "fairness_random500": 0.7797618508338928, "fairness_random1000": 0.7537301182746887, "fairness_random1500": 0.7647619247436523, "fairness_random2000": 0.7675396800041199, "fairness_random2500": 0.7665872573852539, "fairness_random3000": 0.7747619152069092, "fairness_random4000": 0.7734127044677734, "fairness_random5000": 0.7549206614494324, "fairness_random6000": 0.7549999356269836, "self-related_random500": 0.7584126591682434, "self-related_random1000": 0.767063558101654, "self-related_random1500": 0.7907936573028564, "self-related_random2000": 0.7794443964958191, "self-related_random2500": 0.7665079236030579, "self-related_random3000": 0.5951586961746216, "self-related_random4000": 0.78682541847229, "self-related_random5000": 0.7685715556144714, "self-related_random6000": 0.567142903804779, "other-related_random500": 0.7587301731109619, "other-related_random1000": 0.7634921073913574, "other-related_random1500": 0.766428530216217, "other-related_random2000": 0.7681745886802673, "other-related_random2500": 0.7695237994194031, "other-related_random3000": 0.7771428227424622, "other-related_random4000": 0.7854762077331543, "other-related_random5000": 0.757460355758667, "other-related_random6000": 0.6611905097961426, "expectedness_random500": 0.7650793194770813, "expectedness_random1000": 0.7867460250854492, "expectedness_random1500": 0.7600793838500977, "expectedness_random2000": 0.7717459797859192, "expectedness_random2500": 0.766269862651825, "expectedness_random3000": 0.7704761624336243, "expectedness_random4000": 0.7534127235412598, "expectedness_random5000": 0.7230158448219299, "expectedness_random6000": 0.7266666889190674, "non-novelty_random500": 0.7761111259460449, "non-novelty_random1000": 0.785079300403595, "non-novelty_random1500": 0.7757936120033264, "non-novelty_random2000": 0.7680952548980713, "non-novelty_random2500": 0.772777795791626, "non-novelty_random3000": 0.788095235824585, "non-novelty_random4000": 0.7600793838500977, "non-novelty_random5000": 0.7684920430183411, "non-novelty_random6000": 0.6864285469055176}