{"sentiment": "disappointment", "seed": 5, "arousal_random500": 0.7690384387969971, "best": 0.7607142925262451, "arousal_random1000": 0.7178846001625061, "arousal_random1500": 0.7540384531021118, "arousal_random2000": 0.7761538624763489, "arousal_random2500": 0.7811538577079773, "arousal_random3000": 0.7248076796531677, "arousal_random4000": 0.6267307996749878, "arousal_random5000": 0.6338461637496948, "arousal_random6000": 0.7203845977783203, "valence_random500": 0.7519230842590332, "valence_random1000": 0.7594230771064758, "valence_random1500": 0.7348077297210693, "valence_random2000": 0.749423086643219, "valence_random2500": 0.7590384483337402, "valence_random3000": 0.6563461422920227, "valence_random4000": 0.7078846096992493, "valence_random5000": 0.7336538434028625, "valence_random6000": 0.6584615707397461, "happy_random500": 0.7582692503929138, "happy_random1000": 0.7223076820373535, "happy_random1500": 0.7248077392578125, "happy_random2000": 0.7565385103225708, "happy_random2500": 0.7419230937957764, "happy_random3000": 0.47557690739631653, "happy_random4000": 0.4951923191547394, "happy_random5000": 0.6534615755081177, "happy_random6000": 0.5988461375236511, "anger_random500": 0.7661538124084473, "anger_random1000": 0.7519230246543884, "anger_random1500": 0.671346127986908, "anger_random2000": 0.7507691979408264, "anger_random2500": 0.7369230389595032, "anger_random3000": 0.7419230937957764, "anger_random4000": 0.6563461422920227, "anger_random5000": 0.744038462638855, "anger_random6000": 0.4969230592250824, "sad_random500": 0.7519230842590332, "sad_random1000": 0.7561538219451904, "sad_random1500": 0.741538405418396, "sad_random2000": 0.74692302942276, "sad_random2500": 0.7765384912490845, "sad_random3000": 0.6065384149551392, "sad_random4000": 0.6809614896774292, "sad_random5000": 0.7169230580329895, "sad_random6000": 0.6953846216201782, "fear_random500": 0.771538496017456, "fear_random1000": 0.7653845548629761, "fear_random1500": 0.7151923179626465, "fear_random2000": 0.7328846454620361, "fear_random2500": 0.7653845548629761, "fear_random3000": 0.7665385007858276, "fear_random4000": 0.6484615802764893, "fear_random5000": 0.48769232630729675, "fear_random6000": 0.5874999761581421, "surprise_random500": 0.7732692360877991, "surprise_random1000": 0.7519230842590332, "surprise_random1500": 0.749423086643219, "surprise_random2000": 0.7607691884040833, "surprise_random2500": 0.7544230818748474, "surprise_random3000": 0.7586538791656494, "surprise_random4000": 0.7373076677322388, "surprise_random5000": 0.4124999940395355, "surprise_random6000": 0.7736538648605347, "disgust_random500": 0.7665385007858276, "disgust_random1000": 0.771538496017456, "disgust_random1500": 0.7565385103225708, "disgust_random2000": 0.736923098564148, "disgust_random2500": 0.7323076725006104, "disgust_random3000": 0.7657691836357117, "disgust_random4000": 0.7076922655105591, "disgust_random5000": 0.7294230461120605, "disgust_random6000": 0.4124999940395355, "control_random500": 0.7640384435653687, "control_random1000": 0.7665385007858276, "control_random1500": 0.751153826713562, "control_random2000": 0.7690384387969971, "control_random2500": 0.700576901435852, "control_random3000": 0.7465384006500244, "control_random4000": 0.7640384435653687, "control_random5000": 0.5386538505554199, "control_random6000": 0.41499999165534973, "fairness_random500": 0.7615385055541992, "fairness_random1000": 0.7636538743972778, "fairness_random1500": 0.7690384387969971, "fairness_random2000": 0.7569230794906616, "fairness_random2500": 0.7686538696289062, "fairness_random3000": 0.7394230961799622, "fairness_random4000": 0.7044230699539185, "fairness_random5000": 0.7444230914115906, "fairness_random6000": 0.7515385150909424, "self-related_random500": 0.7690384387969971, "self-related_random1000": 0.7665385007858276, "self-related_random1500": 0.7590384483337402, "self-related_random2000": 0.7507691979408264, "self-related_random2500": 0.7732692360877991, "self-related_random3000": 0.6150000095367432, "self-related_random4000": 0.7357692122459412, "self-related_random5000": 0.7553845643997192, "self-related_random6000": 0.6613461375236511, "other-related_random500": 0.7565385103225708, "other-related_random1000": 0.6798076629638672, "other-related_random1500": 0.749423086643219, "other-related_random2000": 0.7348077297210693, "other-related_random2500": 0.7615383863449097, "other-related_random3000": 0.7236538529396057, "other-related_random4000": 0.5975000262260437, "other-related_random5000": 0.6834615468978882, "other-related_random6000": 0.4609615206718445, "expectedness_random500": 0.7640384435653687, "expectedness_random1000": 0.7640384435653687, "expectedness_random1500": 0.7328846454620361, "expectedness_random2000": 0.7736538648605347, "expectedness_random2500": 0.6538461446762085, "expectedness_random3000": 0.74692302942276, "expectedness_random4000": 0.746538519859314, "expectedness_random5000": 0.6175000071525574, "expectedness_random6000": 0.4124999940395355, "non-novelty_random500": 0.7544230818748474, "non-novelty_random1000": 0.7553845643997192, "non-novelty_random1500": 0.7615385055541992, "non-novelty_random2000": 0.7532691955566406, "non-novelty_random2500": 0.7198076844215393, "non-novelty_random3000": 0.5878846645355225, "non-novelty_random4000": 0.7482692003250122, "non-novelty_random5000": 0.6050000190734863, "non-novelty_random6000": 0.7001922726631165}