{"sentiment": "disappointment", "seed": 3, "arousal_random500": 0.7111538648605347, "best": 0.7365513443946838, "arousal_random1000": 0.6928845643997192, "arousal_random1500": 0.7132692337036133, "arousal_random2000": 0.7190384864807129, "arousal_random2500": 0.7019230723381042, "arousal_random3000": 0.6153846383094788, "arousal_random4000": 0.42249998450279236, "arousal_random5000": 0.6171153783798218, "arousal_random6000": 0.5807692408561707, "valence_random500": 0.7161538600921631, "valence_random1000": 0.7240384817123413, "valence_random1500": 0.680384635925293, "valence_random2000": 0.7086538672447205, "valence_random2500": 0.7207692265510559, "valence_random3000": 0.5509615540504456, "valence_random4000": 0.6503846049308777, "valence_random5000": 0.6271153688430786, "valence_random6000": 0.4421154260635376, "happy_random500": 0.7086538672447205, "happy_random1000": 0.7073076963424683, "happy_random1500": 0.5919230580329895, "happy_random2000": 0.617884635925293, "happy_random2500": 0.7123076915740967, "happy_random3000": 0.4296153783798218, "happy_random4000": 0.49423080682754517, "happy_random5000": 0.4300000071525574, "happy_random6000": 0.6078846454620361, "anger_random500": 0.698269248008728, "anger_random1000": 0.6684615612030029, "anger_random1500": 0.45461541414260864, "anger_random2000": 0.615384578704834, "anger_random2500": 0.5950000286102295, "anger_random3000": 0.5648077130317688, "anger_random4000": 0.6121153831481934, "anger_random5000": 0.6940385103225708, "anger_random6000": 0.6225000023841858, "sad_random500": 0.7240384817123413, "sad_random1000": 0.7165384292602539, "sad_random1500": 0.6851922869682312, "sad_random2000": 0.5765384435653687, "sad_random2500": 0.709038496017456, "sad_random3000": 0.41749998927116394, "sad_random4000": 0.42499998211860657, "sad_random5000": 0.42499998211860657, "sad_random6000": 0.5924999713897705, "fear_random500": 0.7161538600921631, "fear_random1000": 0.7207692265510559, "fear_random1500": 0.7086538672447205, "fear_random2000": 0.6882691979408264, "fear_random2500": 0.6507692337036133, "fear_random3000": 0.7069230675697327, "fear_random4000": 0.6440384387969971, "fear_random5000": 0.4421153962612152, "fear_random6000": 0.5900000333786011, "surprise_random500": 0.6961538195610046, "surprise_random1000": 0.7361538410186768, "surprise_random1500": 0.7015384435653687, "surprise_random2000": 0.6682692170143127, "surprise_random2500": 0.6936538219451904, "surprise_random3000": 0.6953846216201782, "surprise_random4000": 0.5440384149551392, "surprise_random5000": 0.42249998450279236, "surprise_random6000": 0.6403846144676208, "disgust_random500": 0.7236538529396057, "disgust_random1000": 0.7136538624763489, "disgust_random1500": 0.6948077082633972, "disgust_random2000": 0.7061538696289062, "disgust_random2500": 0.6898077130317688, "disgust_random3000": 0.6753846406936646, "disgust_random4000": 0.5921154022216797, "disgust_random5000": 0.4346153736114502, "disgust_random6000": 0.5644230842590332, "control_random500": 0.7086538672447205, "control_random1000": 0.7232692241668701, "control_random1500": 0.680384635925293, "control_random2000": 0.7057692408561707, "control_random2500": 0.6857692003250122, "control_random3000": 0.6911538243293762, "control_random4000": 0.6782692074775696, "control_random5000": 0.42249998450279236, "control_random6000": 0.5038461685180664, "fairness_random500": 0.7136538624763489, "fairness_random1000": 0.7036538124084473, "fairness_random1500": 0.6061538457870483, "fairness_random2000": 0.6698077321052551, "fairness_random2500": 0.7236538529396057, "fairness_random3000": 0.6932692527770996, "fairness_random4000": 0.6690384149551392, "fairness_random5000": 0.42249998450279236, "fairness_random6000": 0.6557692289352417, "self-related_random500": 0.7136538624763489, "self-related_random1000": 0.6878845691680908, "self-related_random1500": 0.7190384864807129, "self-related_random2000": 0.695192277431488, "self-related_random2500": 0.7053846120834351, "self-related_random3000": 0.4296153783798218, "self-related_random4000": 0.6876922845840454, "self-related_random5000": 0.5978845953941345, "self-related_random6000": 0.42249998450279236, "other-related_random500": 0.6986538171768188, "other-related_random1000": 0.42249998450279236, "other-related_random1500": 0.6884615421295166, "other-related_random2000": 0.5865384340286255, "other-related_random2500": 0.680384635925293, "other-related_random3000": 0.6378846168518066, "other-related_random4000": 0.4792307913303375, "other-related_random5000": 0.4425000250339508, "other-related_random6000": 0.432115375995636, "expectedness_random500": 0.7086538672447205, "expectedness_random1000": 0.7211538553237915, "expectedness_random1500": 0.7111538648605347, "expectedness_random2000": 0.6861538290977478, "expectedness_random2500": 0.6680769324302673, "expectedness_random3000": 0.6628845930099487, "expectedness_random4000": 0.6453845500946045, "expectedness_random5000": 0.4667307734489441, "expectedness_random6000": 0.42499998211860657, "non-novelty_random500": 0.7161538600921631, "non-novelty_random1000": 0.7044230699539185, "non-novelty_random1500": 0.7290384769439697, "non-novelty_random2000": 0.6932691931724548, "non-novelty_random2500": 0.48884618282318115, "non-novelty_random3000": 0.5501922965049744, "non-novelty_random4000": 0.6053845882415771, "non-novelty_random5000": 0.5038461685180664, "non-novelty_random6000": 0.42249998450279236}