{"sentiment": "disappointment", "seed": 1, "arousal_random500": 0.5824999809265137, "best": 0.661495566368103, "arousal_random1000": 0.5824999809265137, "arousal_random1500": 0.5824999809265137, "arousal_random2000": 0.5800000429153442, "arousal_random2500": 0.5800000429153442, "arousal_random3000": 0.41749998927116394, "arousal_random4000": 0.45923078060150146, "arousal_random5000": 0.41749998927116394, "arousal_random6000": 0.567884624004364, "valence_random500": 0.5699999928474426, "valence_random1000": 0.578653872013092, "valence_random1500": 0.5555769205093384, "valence_random2000": 0.4730769395828247, "valence_random2500": 0.44673076272010803, "valence_random3000": 0.41749998927116394, "valence_random4000": 0.5711538195610046, "valence_random5000": 0.42461538314819336, "valence_random6000": 0.4124999940395355, "happy_random500": 0.5824999809265137, "happy_random1000": 0.5311538577079773, "happy_random1500": 0.41749998927116394, "happy_random2000": 0.41749998927116394, "happy_random2500": 0.5869230628013611, "happy_random3000": 0.41749998927116394, "happy_random4000": 0.45346155762672424, "happy_random5000": 0.41749998927116394, "happy_random6000": 0.41749998927116394, "anger_random500": 0.5800000429153442, "anger_random1000": 0.5603846311569214, "anger_random1500": 0.41749998927116394, "anger_random2000": 0.5824999809265137, "anger_random2500": 0.5824999809265137, "anger_random3000": 0.41749998927116394, "anger_random4000": 0.5405769348144531, "anger_random5000": 0.48692309856414795, "anger_random6000": 0.551153838634491, "sad_random500": 0.5824999809265137, "sad_random1000": 0.5044230818748474, "sad_random1500": 0.5728845596313477, "sad_random2000": 0.439615398645401, "sad_random2500": 0.5800000429153442, "sad_random3000": 0.5824999809265137, "sad_random4000": 0.41749998927116394, "sad_random5000": 0.41749998927116394, "sad_random6000": 0.5824999809265137, "fear_random500": 0.5690385103225708, "fear_random1000": 0.574999988079071, "fear_random1500": 0.5800000429153442, "fear_random2000": 0.5824999809265137, "fear_random2500": 0.5824999809265137, "fear_random3000": 0.5824999809265137, "fear_random4000": 0.41749998927116394, "fear_random5000": 0.41749998927116394, "fear_random6000": 0.48750001192092896, "surprise_random500": 0.5824999809265137, "surprise_random1000": 0.5824999809265137, "surprise_random1500": 0.5180769562721252, "surprise_random2000": 0.42000001668930054, "surprise_random2500": 0.5805768966674805, "surprise_random3000": 0.41749998927116394, "surprise_random4000": 0.42711538076400757, "surprise_random5000": 0.41749998927116394, "surprise_random6000": 0.5774999856948853, "disgust_random500": 0.5094230771064758, "disgust_random1000": 0.5753846168518066, "disgust_random1500": 0.5751923322677612, "disgust_random2000": 0.5824999809265137, "disgust_random2500": 0.574999988079071, "disgust_random3000": 0.5824999809265137, "disgust_random4000": 0.5461538434028625, "disgust_random5000": 0.41749998927116394, "disgust_random6000": 0.41749998927116394, "control_random500": 0.5774999856948853, "control_random1000": 0.5578846335411072, "control_random1500": 0.5824999809265137, "control_random2000": 0.5950000286102295, "control_random2500": 0.41999998688697815, "control_random3000": 0.5703846216201782, "control_random4000": 0.5824999809265137, "control_random5000": 0.45596152544021606, "control_random6000": 0.41749998927116394, "fairness_random500": 0.5800000429153442, "fairness_random1000": 0.5850000381469727, "fairness_random1500": 0.5982692241668701, "fairness_random2000": 0.41749998927116394, "fairness_random2500": 0.5703846216201782, "fairness_random3000": 0.5824999809265137, "fairness_random4000": 0.5815384387969971, "fairness_random5000": 0.5824999809265137, "fairness_random6000": 0.5824999809265137, "self-related_random500": 0.6132692098617554, "self-related_random1000": 0.5824999809265137, "self-related_random1500": 0.41749998927116394, "self-related_random2000": 0.560769259929657, "self-related_random2500": 0.5094230771064758, "self-related_random3000": 0.5824999809265137, "self-related_random4000": 0.41749998927116394, "self-related_random5000": 0.42769232392311096, "self-related_random6000": 0.41749998927116394, "other-related_random500": 0.5824999809265137, "other-related_random1000": 0.5686538219451904, "other-related_random1500": 0.4438461363315582, "other-related_random2000": 0.6048077344894409, "other-related_random2500": 0.5824999809265137, "other-related_random3000": 0.5703846216201782, "other-related_random4000": 0.41749998927116394, "other-related_random5000": 0.41749998927116394, "other-related_random6000": 0.5824999809265137, "expectedness_random500": 0.5799999833106995, "expectedness_random1000": 0.5907692313194275, "expectedness_random1500": 0.5044230818748474, "expectedness_random2000": 0.5824999809265137, "expectedness_random2500": 0.41749998927116394, "expectedness_random3000": 0.41499999165534973, "expectedness_random4000": 0.41749998927116394, "expectedness_random5000": 0.41749998927116394, "expectedness_random6000": 0.41749998927116394, "non-novelty_random500": 0.5774999856948853, "non-novelty_random1000": 0.5724999904632568, "non-novelty_random1500": 0.5682692527770996, "non-novelty_random2000": 0.6078846454620361, "non-novelty_random2500": 0.4430769085884094, "non-novelty_random3000": 0.41749998927116394, "non-novelty_random4000": 0.5824999809265137, "non-novelty_random5000": 0.41749998927116394, "non-novelty_random6000": 0.41749998927116394}