{"sentiment": "disapproval", "seed": 19, "arousal_random500": 0.7568254470825195, "best": 0.7482638955116272, "arousal_random1000": 0.7743651270866394, "arousal_random1500": 0.7714285850524902, "arousal_random2000": 0.7538889050483704, "arousal_random2500": 0.755396842956543, "arousal_random3000": 0.553174614906311, "arousal_random4000": 0.48373016715049744, "arousal_random5000": 0.6841270327568054, "arousal_random6000": 0.4870634973049164, "valence_random500": 0.7657936215400696, "valence_random1000": 0.7557936310768127, "valence_random1500": 0.7531746029853821, "valence_random2000": 0.7720634937286377, "valence_random2500": 0.7532539367675781, "valence_random3000": 0.7545238137245178, "valence_random4000": 0.7588095664978027, "valence_random5000": 0.7614285945892334, "valence_random6000": 0.5490476489067078, "happy_random500": 0.7653968334197998, "happy_random1000": 0.7568253874778748, "happy_random1500": 0.7627777457237244, "happy_random2000": 0.7531746029853821, "happy_random2500": 0.7584919929504395, "happy_random3000": 0.7478570938110352, "happy_random4000": 0.7588095664978027, "happy_random5000": 0.5774603486061096, "happy_random6000": 0.5076984167098999, "anger_random500": 0.7568254470825195, "anger_random1000": 0.7541269659996033, "anger_random1500": 0.7405555248260498, "anger_random2000": 0.7657142281532288, "anger_random2500": 0.7518253922462463, "anger_random3000": 0.7548412680625916, "anger_random4000": 0.6950793862342834, "anger_random5000": 0.7460317611694336, "anger_random6000": 0.6233333349227905, "sad_random500": 0.7647618651390076, "sad_random1000": 0.742222249507904, "sad_random1500": 0.7498412728309631, "sad_random2000": 0.7498412728309631, "sad_random2500": 0.7680158615112305, "sad_random3000": 0.48373016715049744, "sad_random4000": 0.7180159091949463, "sad_random5000": 0.5302380919456482, "sad_random6000": 0.537063479423523, "fear_random500": 0.7657936215400696, "fear_random1000": 0.7734127044677734, "fear_random1500": 0.7690476775169373, "fear_random2000": 0.6935715079307556, "fear_random2500": 0.7657936215400696, "fear_random3000": 0.7627778053283691, "fear_random4000": 0.7668253779411316, "fear_random5000": 0.6458730101585388, "fear_random6000": 0.6538888812065125, "surprise_random500": 0.7603968977928162, "surprise_random1000": 0.7601587176322937, "surprise_random1500": 0.769444465637207, "surprise_random2000": 0.7684126496315002, "surprise_random2500": 0.7627778053283691, "surprise_random3000": 0.7548412680625916, "surprise_random4000": 0.7199999690055847, "surprise_random5000": 0.6396031975746155, "surprise_random6000": 0.742222249507904, "disgust_random500": 0.7687301635742188, "disgust_random1000": 0.7747619152069092, "disgust_random1500": 0.7764286398887634, "disgust_random2000": 0.7688094973564148, "disgust_random2500": 0.764365017414093, "disgust_random3000": 0.7135714888572693, "disgust_random4000": 0.6907936930656433, "disgust_random5000": 0.7388889193534851, "disgust_random6000": 0.5944444537162781, "control_random500": 0.7542063593864441, "control_random1000": 0.760873019695282, "control_random1500": 0.7657142281532288, "control_random2000": 0.7650793194770813, "control_random2500": 0.7624602317810059, "control_random3000": 0.7684127688407898, "control_random4000": 0.7684127688407898, "control_random5000": 0.6947619318962097, "control_random6000": 0.7458730340003967, "fairness_random500": 0.7717459797859192, "fairness_random1000": 0.766428530216217, "fairness_random1500": 0.7611110806465149, "fairness_random2000": 0.7475396990776062, "fairness_random2500": 0.7425397038459778, "fairness_random3000": 0.7126190066337585, "fairness_random4000": 0.7484920024871826, "fairness_random5000": 0.7704761624336243, "fairness_random6000": 0.4937301576137543, "self-related_random500": 0.7604761719703674, "self-related_random1000": 0.7593650817871094, "self-related_random1500": 0.7511904835700989, "self-related_random2000": 0.7554762363433838, "self-related_random2500": 0.755476176738739, "self-related_random3000": 0.6233333349227905, "self-related_random4000": 0.75984126329422, "self-related_random5000": 0.7492063045501709, "self-related_random6000": 0.5179365277290344, "other-related_random500": 0.7700793743133545, "other-related_random1000": 0.516269862651825, "other-related_random1500": 0.7607936859130859, "other-related_random2000": 0.732619047164917, "other-related_random2500": 0.7538095116615295, "other-related_random3000": 0.7623808979988098, "other-related_random4000": 0.7342856526374817, "other-related_random5000": 0.7117460370063782, "other-related_random6000": 0.7353174686431885, "expectedness_random500": 0.7574602961540222, "expectedness_random1000": 0.7621428966522217, "expectedness_random1500": 0.7719841599464417, "expectedness_random2000": 0.7442856431007385, "expectedness_random2500": 0.7680952548980713, "expectedness_random3000": 0.7511904835700989, "expectedness_random4000": 0.7561904788017273, "expectedness_random5000": 0.5215873122215271, "expectedness_random6000": 0.7525396943092346, "non-novelty_random500": 0.7691269516944885, "non-novelty_random1000": 0.7661110758781433, "non-novelty_random1500": 0.7734127044677734, "non-novelty_random2000": 0.76500004529953, "non-novelty_random2500": 0.7531746029853821, "non-novelty_random3000": 0.755476176738739, "non-novelty_random4000": 0.4937301576137543, "non-novelty_random5000": 0.7157142758369446, "non-novelty_random6000": 0.516269862651825}