{"sentiment": "disgust", "seed": 13, "arousal_random500": 0.9008510708808899, "best": 0.9020618796348572, "arousal_random1000": 0.8902127742767334, "arousal_random1500": 0.82574462890625, "arousal_random2000": 0.8895744681358337, "arousal_random2500": 0.8958510756492615, "arousal_random3000": 0.5009574890136719, "arousal_random4000": 0.490319162607193, "arousal_random5000": 0.7885106205940247, "arousal_random6000": 0.8237234354019165, "valence_random500": 0.889893651008606, "valence_random1000": 0.8902127742767334, "valence_random1500": 0.8789361715316772, "valence_random2000": 0.8739361763000488, "valence_random2500": 0.8861702084541321, "valence_random3000": 0.8748936653137207, "valence_random4000": 0.859255313873291, "valence_random5000": 0.8511701822280884, "valence_random6000": 0.490319162607193, "happy_random500": 0.8908510804176331, "happy_random1000": 0.8636170625686646, "happy_random1500": 0.9058510661125183, "happy_random2000": 0.885212779045105, "happy_random2500": 0.8839361667633057, "happy_random3000": 0.8417021036148071, "happy_random4000": 0.8798936605453491, "happy_random5000": 0.490319162607193, "happy_random6000": 0.8748936653137207, "anger_random500": 0.8961702585220337, "anger_random1000": 0.8845744729042053, "anger_random1500": 0.49563831090927124, "anger_random2000": 0.8818085193634033, "anger_random2500": 0.6552127599716187, "anger_random3000": 0.8582978844642639, "anger_random4000": 0.8845744729042053, "anger_random5000": 0.8608510494232178, "anger_random6000": 0.8505319356918335, "sad_random500": 0.8902127742767334, "sad_random1000": 0.8761702179908752, "sad_random1500": 0.8789361715316772, "sad_random2000": 0.8632978796958923, "sad_random2500": 0.8310638070106506, "sad_random3000": 0.7880851030349731, "sad_random4000": 0.7193616628646851, "sad_random5000": 0.490319162607193, "sad_random6000": 0.8961702585220337, "fear_random500": 0.8842552900314331, "fear_random1000": 0.8842552900314331, "fear_random1500": 0.8752127885818481, "fear_random2000": 0.8811702132225037, "fear_random2500": 0.8811702132225037, "fear_random3000": 0.8818085193634033, "fear_random4000": 0.6182978749275208, "fear_random5000": 0.490319162607193, "fear_random6000": 0.8423404097557068, "surprise_random500": 0.8808510303497314, "surprise_random1000": 0.9008510708808899, "surprise_random1500": 0.8855319023132324, "surprise_random2000": 0.873297929763794, "surprise_random2500": 0.7938297986984253, "surprise_random3000": 0.8668085336685181, "surprise_random4000": 0.8097872138023376, "surprise_random5000": 0.490319162607193, "surprise_random6000": 0.8455319404602051, "disgust_random500": 0.8902127742767334, "disgust_random1000": 0.8842552900314331, "disgust_random1500": 0.8682978749275208, "disgust_random2000": 0.8679787516593933, "disgust_random2500": 0.8902127742767334, "disgust_random3000": 0.8764894008636475, "disgust_random4000": 0.7456383109092712, "disgust_random5000": 0.885212779045105, "disgust_random6000": 0.490319162607193, "control_random500": 0.885212779045105, "control_random1000": 0.9002127647399902, "control_random1500": 0.871489405632019, "control_random2000": 0.9058510661125183, "control_random2500": 0.8579787015914917, "control_random3000": 0.8792552947998047, "control_random4000": 0.875851035118103, "control_random5000": 0.5381914973258972, "control_random6000": 0.5647872686386108, "fairness_random500": 0.9005318880081177, "fairness_random1000": 0.885212779045105, "fairness_random1500": 0.8689361810684204, "fairness_random2000": 0.873297929763794, "fairness_random2500": 0.868617057800293, "fairness_random3000": 0.8689361810684204, "fairness_random4000": 0.9005318880081177, "fairness_random5000": 0.5754255652427673, "fairness_random6000": 0.8586170673370361, "self-related_random500": 0.8845744729042053, "self-related_random1000": 0.8708510398864746, "self-related_random1500": 0.8802127838134766, "self-related_random2000": 0.9008510708808899, "self-related_random2500": 0.8692553043365479, "self-related_random3000": 0.490319162607193, "self-related_random4000": 0.8526595830917358, "self-related_random5000": 0.832446813583374, "self-related_random6000": 0.5754255652427673, "other-related_random500": 0.8911702632904053, "other-related_random1000": 0.490319162607193, "other-related_random1500": 0.8702127933502197, "other-related_random2000": 0.8576595783233643, "other-related_random2500": 0.8742552995681763, "other-related_random3000": 0.8848936557769775, "other-related_random4000": 0.8792552947998047, "other-related_random5000": 0.5169149041175842, "other-related_random6000": 0.6962766051292419, "expectedness_random500": 0.8958510756492615, "expectedness_random1000": 0.9055318832397461, "expectedness_random1500": 0.8861702084541321, "expectedness_random2000": 0.8802127838134766, "expectedness_random2500": 0.8413829803466797, "expectedness_random3000": 0.8254255056381226, "expectedness_random4000": 0.8429787158966064, "expectedness_random5000": 0.5488297939300537, "expectedness_random6000": 0.6605319380760193, "non-novelty_random500": 0.8792552947998047, "non-novelty_random1000": 0.8952127695083618, "non-novelty_random1500": 0.8948936462402344, "non-novelty_random2000": 0.8861702084541321, "non-novelty_random2500": 0.8417021036148071, "non-novelty_random3000": 0.880531907081604, "non-novelty_random4000": 0.877765953540802, "non-novelty_random5000": 0.8420212268829346, "non-novelty_random6000": 0.6292552947998047}