{"sentiment": "disgust", "seed": 3, "arousal_random500": 0.8671276569366455, "best": 0.8608247637748718, "arousal_random1000": 0.8411701917648315, "arousal_random1500": 0.8402127623558044, "arousal_random2000": 0.8511701822280884, "arousal_random2500": 0.8308510780334473, "arousal_random3000": 0.818617045879364, "arousal_random4000": 0.79265958070755, "arousal_random5000": 0.8339362144470215, "arousal_random6000": 0.6740425825119019, "valence_random500": 0.8508510589599609, "valence_random1000": 0.8455319404602051, "valence_random1500": 0.8455319404602051, "valence_random2000": 0.8117021322250366, "valence_random2500": 0.8411701917648315, "valence_random3000": 0.8508510589599609, "valence_random4000": 0.7837234139442444, "valence_random5000": 0.8377659320831299, "valence_random6000": 0.7093616724014282, "happy_random500": 0.8668085336685181, "happy_random1000": 0.8455319404602051, "happy_random1500": 0.8524467945098877, "happy_random2000": 0.8421276807785034, "happy_random2500": 0.8458510637283325, "happy_random3000": 0.835212767124176, "happy_random4000": 0.8318085074424744, "happy_random5000": 0.6132978796958923, "happy_random6000": 0.592659592628479, "anger_random500": 0.8568085432052612, "anger_random1000": 0.8508510589599609, "anger_random1500": 0.8345744609832764, "anger_random2000": 0.8434042930603027, "anger_random2500": 0.7931914925575256, "anger_random3000": 0.8408510684967041, "anger_random4000": 0.8229787349700928, "anger_random5000": 0.8348935842514038, "anger_random6000": 0.826808512210846, "sad_random500": 0.8561701774597168, "sad_random1000": 0.8624467849731445, "sad_random1500": 0.839893639087677, "sad_random2000": 0.8073403835296631, "sad_random2500": 0.8561701774597168, "sad_random3000": 0.659361720085144, "sad_random4000": 0.8113830089569092, "sad_random5000": 0.5115957856178284, "sad_random6000": 0.8087234497070312, "fear_random500": 0.8668085336685181, "fear_random1000": 0.8508510589599609, "fear_random1500": 0.8561701774597168, "fear_random2000": 0.7984042167663574, "fear_random2500": 0.832446813583374, "fear_random3000": 0.8130850791931152, "fear_random4000": 0.8182978630065918, "fear_random5000": 0.8179787397384644, "fear_random6000": 0.8227659463882446, "surprise_random500": 0.8421276807785034, "surprise_random1000": 0.8464893698692322, "surprise_random1500": 0.8421276807785034, "surprise_random2000": 0.8452128171920776, "surprise_random2500": 0.8455319404602051, "surprise_random3000": 0.8271276950836182, "surprise_random4000": 0.8302127718925476, "surprise_random5000": 0.49563831090927124, "surprise_random6000": 0.8289362192153931, "disgust_random500": 0.8561701774597168, "disgust_random1000": 0.8368085026741028, "disgust_random1500": 0.8414893746376038, "disgust_random2000": 0.8518085479736328, "disgust_random2500": 0.8477659225463867, "disgust_random3000": 0.8130850791931152, "disgust_random4000": 0.8242553472518921, "disgust_random5000": 0.8230850696563721, "disgust_random6000": 0.49563831090927124, "control_random500": 0.8402127623558044, "control_random1000": 0.8614893555641174, "control_random1500": 0.8524467945098877, "control_random2000": 0.8458510637283325, "control_random2500": 0.8452128171920776, "control_random3000": 0.8474467992782593, "control_random4000": 0.8345744609832764, "control_random5000": 0.768510639667511, "control_random6000": 0.8402127623558044, "fairness_random500": 0.8508510589599609, "fairness_random1000": 0.8677659630775452, "fairness_random1500": 0.856489360332489, "fairness_random2000": 0.8568085432052612, "fairness_random2500": 0.8568085432052612, "fairness_random3000": 0.8464893698692322, "fairness_random4000": 0.837127685546875, "fairness_random5000": 0.7681914567947388, "fairness_random6000": 0.8624467849731445, "self-related_random500": 0.8508510589599609, "self-related_random1000": 0.8668085336685181, "self-related_random1500": 0.8421276807785034, "self-related_random2000": 0.8521276712417603, "self-related_random2500": 0.8464893698692322, "self-related_random3000": 0.724042534828186, "self-related_random4000": 0.8452128171920776, "self-related_random5000": 0.7687233686447144, "self-related_random6000": 0.6232978701591492, "other-related_random500": 0.8571276664733887, "other-related_random1000": 0.8161702156066895, "other-related_random1500": 0.8618085384368896, "other-related_random2000": 0.8402127623558044, "other-related_random2500": 0.79808509349823, "other-related_random3000": 0.8392553329467773, "other-related_random4000": 0.8464893698692322, "other-related_random5000": 0.7904255390167236, "other-related_random6000": 0.7973403930664062, "expectedness_random500": 0.841808557510376, "expectedness_random1000": 0.8571276664733887, "expectedness_random1500": 0.8477659225463867, "expectedness_random2000": 0.8568085432052612, "expectedness_random2500": 0.8392553329467773, "expectedness_random3000": 0.8368085026741028, "expectedness_random4000": 0.8618085384368896, "expectedness_random5000": 0.7356382608413696, "expectedness_random6000": 0.6023404002189636, "non-novelty_random500": 0.8561701774597168, "non-novelty_random1000": 0.8508510589599609, "non-novelty_random1500": 0.8455319404602051, "non-novelty_random2000": 0.8321276903152466, "non-novelty_random2500": 0.8411701917648315, "non-novelty_random3000": 0.8464893698692322, "non-novelty_random4000": 0.8230850696563721, "non-novelty_random5000": 0.8134042620658875, "non-novelty_random6000": 0.736914873123169}