{"sentiment": "disgust", "seed": 5, "arousal_random500": 0.885212779045105, "best": 0.8917526006698608, "arousal_random1000": 0.8798936605453491, "arousal_random1500": 0.8908510804176331, "arousal_random2000": 0.8855319023132324, "arousal_random2500": 0.868617057800293, "arousal_random3000": 0.8094680905342102, "arousal_random4000": 0.6761702299118042, "arousal_random5000": 0.8792552947998047, "arousal_random6000": 0.7840425968170166, "valence_random500": 0.8848936557769775, "valence_random1000": 0.8911702632904053, "valence_random1500": 0.880531907081604, "valence_random2000": 0.8902127742767334, "valence_random2500": 0.8839361667633057, "valence_random3000": 0.8855319023132324, "valence_random4000": 0.8434042930603027, "valence_random5000": 0.8577659726142883, "valence_random6000": 0.702765941619873, "happy_random500": 0.8908510804176331, "happy_random1000": 0.8902127742767334, "happy_random1500": 0.8748936653137207, "happy_random2000": 0.889893651008606, "happy_random2500": 0.8682978749275208, "happy_random3000": 0.8655319213867188, "happy_random4000": 0.8718085289001465, "happy_random5000": 0.8270212411880493, "happy_random6000": 0.8220212459564209, "anger_random500": 0.8748936653137207, "anger_random1000": 0.8582978844642639, "anger_random1500": 0.7775532007217407, "anger_random2000": 0.863085150718689, "anger_random2500": 0.8307446837425232, "anger_random3000": 0.8802127838134766, "anger_random4000": 0.8842552900314331, "anger_random5000": 0.8634042739868164, "anger_random6000": 0.8574467897415161, "sad_random500": 0.8845744729042053, "sad_random1000": 0.8764894008636475, "sad_random1500": 0.868617057800293, "sad_random2000": 0.868617057800293, "sad_random2500": 0.8739361763000488, "sad_random3000": 0.6996808648109436, "sad_random4000": 0.8329787254333496, "sad_random5000": 0.49797874689102173, "sad_random6000": 0.8424468040466309, "fear_random500": 0.8845744729042053, "fear_random1000": 0.8742552995681763, "fear_random1500": 0.9011702537536621, "fear_random2000": 0.877765953540802, "fear_random2500": 0.8821276426315308, "fear_random3000": 0.8627659678459167, "fear_random4000": 0.8614893555641174, "fear_random5000": 0.8786170482635498, "fear_random6000": 0.8474467992782593, "surprise_random500": 0.8814893960952759, "surprise_random1000": 0.8842552900314331, "surprise_random1500": 0.880531907081604, "surprise_random2000": 0.8695744872093201, "surprise_random2500": 0.8661702275276184, "surprise_random3000": 0.8771276473999023, "surprise_random4000": 0.8492553234100342, "surprise_random5000": 0.804468035697937, "surprise_random6000": 0.8811702132225037, "disgust_random500": 0.8798936605453491, "disgust_random1000": 0.8655319213867188, "disgust_random1500": 0.8742552995681763, "disgust_random2000": 0.8842552900314331, "disgust_random2500": 0.8380851149559021, "disgust_random3000": 0.8580850958824158, "disgust_random4000": 0.8605319261550903, "disgust_random5000": 0.8724467754364014, "disgust_random6000": 0.5062766075134277, "control_random500": 0.8848936557769775, "control_random1000": 0.8848936557769775, "control_random1500": 0.8627659678459167, "control_random2000": 0.8914893865585327, "control_random2500": 0.8555319309234619, "control_random3000": 0.8855319023132324, "control_random4000": 0.8914893865585327, "control_random5000": 0.761914849281311, "control_random6000": 0.8721276521682739, "fairness_random500": 0.8792552947998047, "fairness_random1000": 0.8858510851860046, "fairness_random1500": 0.8532978892326355, "fairness_random2000": 0.8858510851860046, "fairness_random2500": 0.8698936700820923, "fairness_random3000": 0.8918085098266602, "fairness_random4000": 0.8780851364135742, "fairness_random5000": 0.7994680404663086, "fairness_random6000": 0.8495744466781616, "self-related_random500": 0.8792552947998047, "self-related_random1000": 0.8811702132225037, "self-related_random1500": 0.8861702084541321, "self-related_random2000": 0.8818085193634033, "self-related_random2500": 0.8918085098266602, "self-related_random3000": 0.7281914949417114, "self-related_random4000": 0.8902127742767334, "self-related_random5000": 0.849042534828186, "self-related_random6000": 0.490319162607193, "other-related_random500": 0.8858510851860046, "other-related_random1000": 0.6680850982666016, "other-related_random1500": 0.8482978940010071, "other-related_random2000": 0.8698936700820923, "other-related_random2500": 0.863085150718689, "other-related_random3000": 0.8821276426315308, "other-related_random4000": 0.8761702179908752, "other-related_random5000": 0.7941489219665527, "other-related_random6000": 0.8339362144470215, "expectedness_random500": 0.8745744824409485, "expectedness_random1000": 0.8795744776725769, "expectedness_random1500": 0.8658510446548462, "expectedness_random2000": 0.8771276473999023, "expectedness_random2500": 0.8952127695083618, "expectedness_random3000": 0.8695744872093201, "expectedness_random4000": 0.853723406791687, "expectedness_random5000": 0.5541489720344543, "expectedness_random6000": 0.8771276473999023, "non-novelty_random500": 0.8845744729042053, "non-novelty_random1000": 0.8895744681358337, "non-novelty_random1500": 0.8842552900314331, "non-novelty_random2000": 0.8974468111991882, "non-novelty_random2500": 0.8532978892326355, "non-novelty_random3000": 0.8595744371414185, "non-novelty_random4000": 0.8730851411819458, "non-novelty_random5000": 0.8748936653137207, "non-novelty_random6000": 0.48500001430511475}