{"sentiment": "disgust", "seed": 9, "arousal_random500": 0.8445744514465332, "best": 0.8453608155250549, "arousal_random1000": 0.8439362049102783, "arousal_random1500": 0.7987233996391296, "arousal_random2000": 0.8395744562149048, "arousal_random2500": 0.7984042167663574, "arousal_random3000": 0.8434042930603027, "arousal_random4000": 0.5149999856948853, "arousal_random5000": 0.7196808457374573, "arousal_random6000": 0.5149999856948853, "valence_random500": 0.8442553281784058, "valence_random1000": 0.8514893651008606, "valence_random1500": 0.8498936295509338, "valence_random2000": 0.8402127623558044, "valence_random2500": 0.8468085527420044, "valence_random3000": 0.8445744514465332, "valence_random4000": 0.7296808362007141, "valence_random5000": 0.8130850791931152, "valence_random6000": 0.282340407371521, "happy_random500": 0.8452128171920776, "happy_random1000": 0.8276596069335938, "happy_random1500": 0.8455319404602051, "happy_random2000": 0.8327659368515015, "happy_random2500": 0.8555319309234619, "happy_random3000": 0.7590425610542297, "happy_random4000": 0.8345744609832764, "happy_random5000": 0.6846808195114136, "happy_random6000": 0.5172340273857117, "anger_random500": 0.8392553329467773, "anger_random1000": 0.8314893245697021, "anger_random1500": 0.7146808505058289, "anger_random2000": 0.8280851244926453, "anger_random2500": 0.8171277046203613, "anger_random3000": 0.8361701965332031, "anger_random4000": 0.7193617224693298, "anger_random5000": 0.5400000214576721, "anger_random6000": 0.7496808767318726, "sad_random500": 0.850212812423706, "sad_random1000": 0.8274468183517456, "sad_random1500": 0.8511701822280884, "sad_random2000": 0.7390425205230713, "sad_random2500": 0.8114893436431885, "sad_random3000": 0.5149999856948853, "sad_random4000": 0.827765941619873, "sad_random5000": 0.2315957397222519, "sad_random6000": 0.5149999856948853, "fear_random500": 0.8442553281784058, "fear_random1000": 0.8448936343193054, "fear_random1500": 0.850212812423706, "fear_random2000": 0.8227659463882446, "fear_random2500": 0.8361701965332031, "fear_random3000": 0.8034042716026306, "fear_random4000": 0.6696808338165283, "fear_random5000": 0.5910638570785522, "fear_random6000": 0.6899999976158142, "surprise_random500": 0.8395744562149048, "surprise_random1000": 0.850212812423706, "surprise_random1500": 0.8227659463882446, "surprise_random2000": 0.8411701917648315, "surprise_random2500": 0.8302127718925476, "surprise_random3000": 0.8377659320831299, "surprise_random4000": 0.7887234091758728, "surprise_random5000": 0.5115957856178284, "surprise_random6000": 0.5249999761581421, "disgust_random500": 0.833297848701477, "disgust_random1000": 0.8214893341064453, "disgust_random1500": 0.7794680595397949, "disgust_random2000": 0.8448936343193054, "disgust_random2500": 0.7293617129325867, "disgust_random3000": 0.7880851030349731, "disgust_random4000": 0.8177659511566162, "disgust_random5000": 0.6150000095367432, "disgust_random6000": 0.48500001430511475, "control_random500": 0.8442553281784058, "control_random1000": 0.84617018699646, "control_random1500": 0.8214893341064453, "control_random2000": 0.8386170268058777, "control_random2500": 0.8117021322250366, "control_random3000": 0.8402127623558044, "control_random4000": 0.7043616771697998, "control_random5000": 0.675000011920929, "control_random6000": 0.5149999856948853, "fairness_random500": 0.8389362096786499, "fairness_random1000": 0.8552128076553345, "fairness_random1500": 0.8261702060699463, "fairness_random2000": 0.8361701965332031, "fairness_random2500": 0.8514893651008606, "fairness_random3000": 0.8468085527420044, "fairness_random4000": 0.7840425968170166, "fairness_random5000": 0.7837234139442444, "fairness_random6000": 0.7340425252914429, "self-related_random500": 0.8448936343193054, "self-related_random1000": 0.8321276903152466, "self-related_random1500": 0.8342553377151489, "self-related_random2000": 0.793404221534729, "self-related_random2500": 0.8342553377151489, "self-related_random3000": 0.6796808242797852, "self-related_random4000": 0.7837234139442444, "self-related_random5000": 0.7296808362007141, "self-related_random6000": 0.8421276807785034, "other-related_random500": 0.84617018699646, "other-related_random1000": 0.1988297998905182, "other-related_random1500": 0.8314893245697021, "other-related_random2000": 0.8311702013015747, "other-related_random2500": 0.8227659463882446, "other-related_random3000": 0.7143616676330566, "other-related_random4000": 0.7193617224693298, "other-related_random5000": 0.664042592048645, "other-related_random6000": 0.8280851244926453, "expectedness_random500": 0.8448936343193054, "expectedness_random1000": 0.8442553281784058, "expectedness_random1500": 0.8227659463882446, "expectedness_random2000": 0.8174468278884888, "expectedness_random2500": 0.815851092338562, "expectedness_random3000": 0.8237234354019165, "expectedness_random4000": 0.7540425658226013, "expectedness_random5000": 0.7837234139442444, "expectedness_random6000": 0.8080850839614868, "non-novelty_random500": 0.8386170268058777, "non-novelty_random1000": 0.8414893746376038, "non-novelty_random1500": 0.8445744514465332, "non-novelty_random2000": 0.774042546749115, "non-novelty_random2500": 0.8080850839614868, "non-novelty_random3000": 0.7590425610542297, "non-novelty_random4000": 0.7346808314323425, "non-novelty_random5000": 0.5950000286102295, "non-novelty_random6000": 0.8067021369934082}