{"sentiment": "disgust", "seed": 17, "arousal_random500": 0.8908510804176331, "best": 0.8969072103500366, "arousal_random1000": 0.885212779045105, "arousal_random1500": 0.8802127838134766, "arousal_random2000": 0.8964893817901611, "arousal_random2500": 0.8748936653137207, "arousal_random3000": 0.6182978749275208, "arousal_random4000": 0.490319162607193, "arousal_random5000": 0.8579787015914917, "arousal_random6000": 0.7490425109863281, "valence_random500": 0.8848936557769775, "valence_random1000": 0.8902127742767334, "valence_random1500": 0.8798936605453491, "valence_random2000": 0.8795744776725769, "valence_random2500": 0.885212779045105, "valence_random3000": 0.868617057800293, "valence_random4000": 0.8421276807785034, "valence_random5000": 0.8918085098266602, "valence_random6000": 0.490319162607193, "happy_random500": 0.9008510708808899, "happy_random1000": 0.8845744729042053, "happy_random1500": 0.8795744776725769, "happy_random2000": 0.8802127838134766, "happy_random2500": 0.8755319118499756, "happy_random3000": 0.8802127838134766, "happy_random4000": 0.889893651008606, "happy_random5000": 0.6980850696563721, "happy_random6000": 0.806382954120636, "anger_random500": 0.9008510708808899, "anger_random1000": 0.889893651008606, "anger_random1500": 0.766595721244812, "anger_random2000": 0.8921276330947876, "anger_random2500": 0.7200000286102295, "anger_random3000": 0.8745744824409485, "anger_random4000": 0.8905318975448608, "anger_random5000": 0.8905318975448608, "anger_random6000": 0.871489405632019, "sad_random500": 0.8855319023132324, "sad_random1000": 0.8911702632904053, "sad_random1500": 0.8845744729042053, "sad_random2000": 0.8755319118499756, "sad_random2500": 0.8792552947998047, "sad_random3000": 0.5967021584510803, "sad_random4000": 0.7822340726852417, "sad_random5000": 0.490319162607193, "sad_random6000": 0.8814893960952759, "fear_random500": 0.8845744729042053, "fear_random1000": 0.889893651008606, "fear_random1500": 0.8905318975448608, "fear_random2000": 0.8818085193634033, "fear_random2500": 0.8964893817901611, "fear_random3000": 0.875851035118103, "fear_random4000": 0.8529787063598633, "fear_random5000": 0.8247872591018677, "fear_random6000": 0.8921276330947876, "surprise_random500": 0.8858510851860046, "surprise_random1000": 0.8748936653137207, "surprise_random1500": 0.8964893817901611, "surprise_random2000": 0.8798936605453491, "surprise_random2500": 0.8839361667633057, "surprise_random3000": 0.8768085241317749, "surprise_random4000": 0.8207446336746216, "surprise_random5000": 0.490319162607193, "surprise_random6000": 0.8764894008636475, "disgust_random500": 0.885212779045105, "disgust_random1000": 0.8848936557769775, "disgust_random1500": 0.8745744824409485, "disgust_random2000": 0.8848936557769775, "disgust_random2500": 0.8798936605453491, "disgust_random3000": 0.867446780204773, "disgust_random4000": 0.8260638117790222, "disgust_random5000": 0.8821276426315308, "disgust_random6000": 0.490319162607193, "control_random500": 0.8905318975448608, "control_random1000": 0.8802127838134766, "control_random1500": 0.8768085241317749, "control_random2000": 0.8902127742767334, "control_random2500": 0.8848936557769775, "control_random3000": 0.8745744824409485, "control_random4000": 0.885212779045105, "control_random5000": 0.8157446384429932, "control_random6000": 0.8636170625686646, "fairness_random500": 0.8848936557769775, "fairness_random1000": 0.8861702084541321, "fairness_random1500": 0.8848936557769775, "fairness_random2000": 0.8795744776725769, "fairness_random2500": 0.8848936557769775, "fairness_random3000": 0.885212779045105, "fairness_random4000": 0.8855319023132324, "fairness_random5000": 0.5009574890136719, "fairness_random6000": 0.8902127742767334, "self-related_random500": 0.8848936557769775, "self-related_random1000": 0.8964893817901611, "self-related_random1500": 0.880531907081604, "self-related_random2000": 0.8861702084541321, "self-related_random2500": 0.8748936653137207, "self-related_random3000": 0.5062766075134277, "self-related_random4000": 0.8795744776725769, "self-related_random5000": 0.8287234306335449, "self-related_random6000": 0.6445744633674622, "other-related_random500": 0.875851035118103, "other-related_random1000": 0.490319162607193, "other-related_random1500": 0.885212779045105, "other-related_random2000": 0.8908510804176331, "other-related_random2500": 0.871489405632019, "other-related_random3000": 0.8755319118499756, "other-related_random4000": 0.885212779045105, "other-related_random5000": 0.7296808958053589, "other-related_random6000": 0.8480851054191589, "expectedness_random500": 0.8955318927764893, "expectedness_random1000": 0.8795744776725769, "expectedness_random1500": 0.8814893960952759, "expectedness_random2000": 0.875851035118103, "expectedness_random2500": 0.885212779045105, "expectedness_random3000": 0.8523404002189636, "expectedness_random4000": 0.8845744729042053, "expectedness_random5000": 0.7891489267349243, "expectedness_random6000": 0.8752127885818481, "non-novelty_random500": 0.8902127742767334, "non-novelty_random1000": 0.889893651008606, "non-novelty_random1500": 0.885212779045105, "non-novelty_random2000": 0.9011702537536621, "non-novelty_random2500": 0.8476595878601074, "non-novelty_random3000": 0.8905318975448608, "non-novelty_random4000": 0.8664894104003906, "non-novelty_random5000": 0.885212779045105, "non-novelty_random6000": 0.490319162607193}