{"sentiment": "disgust", "seed": 100, "arousal_random500": 0.5340425372123718, "best": 0.6391752362251282, "arousal_random1000": 0.5009574890136719, "arousal_random1500": 0.5331915020942688, "arousal_random2000": 0.5037233829498291, "arousal_random2500": 0.49563831090927124, "arousal_random3000": 0.49563831090927124, "arousal_random4000": 0.49563831090927124, "arousal_random5000": 0.49563831090927124, "arousal_random6000": 0.5043616890907288, "valence_random500": 0.5175532102584839, "valence_random1000": 0.49563831090927124, "valence_random1500": 0.49563831090927124, "valence_random2000": 0.49563831090927124, "valence_random2500": 0.49563831090927124, "valence_random3000": 0.49563831090927124, "valence_random4000": 0.49563831090927124, "valence_random5000": 0.5317021012306213, "valence_random6000": 0.49563831090927124, "happy_random500": 0.5434042811393738, "happy_random1000": 0.49563831090927124, "happy_random1500": 0.49563831090927124, "happy_random2000": 0.49563831090927124, "happy_random2500": 0.49563831090927124, "happy_random3000": 0.49563831090927124, "happy_random4000": 0.49563831090927124, "happy_random5000": 0.49563831090927124, "happy_random6000": 0.49563831090927124, "anger_random500": 0.6042553186416626, "anger_random1000": 0.5115957856178284, "anger_random1500": 0.49563831090927124, "anger_random2000": 0.5043616890907288, "anger_random2500": 0.5035106539726257, "anger_random3000": 0.49563831090927124, "anger_random4000": 0.49563831090927124, "anger_random5000": 0.5782978534698486, "anger_random6000": 0.49563831090927124, "sad_random500": 0.5892553329467773, "sad_random1000": 0.5093616843223572, "sad_random1500": 0.5009574890136719, "sad_random2000": 0.507553219795227, "sad_random2500": 0.49563831090927124, "sad_random3000": 0.5009574890136719, "sad_random4000": 0.49563831090927124, "sad_random5000": 0.49563831090927124, "sad_random6000": 0.5184042453765869, "fear_random500": 0.5401064157485962, "fear_random1000": 0.49563831090927124, "fear_random1500": 0.5517021417617798, "fear_random2000": 0.5043616890907288, "fear_random2500": 0.49563831090927124, "fear_random3000": 0.5184042453765869, "fear_random4000": 0.49563831090927124, "fear_random5000": 0.49563831090927124, "fear_random6000": 0.5043616890907288, "surprise_random500": 0.5043616890907288, "surprise_random1000": 0.5115957856178284, "surprise_random1500": 0.4959574341773987, "surprise_random2000": 0.49563831090927124, "surprise_random2500": 0.49563831090927124, "surprise_random3000": 0.49563831090927124, "surprise_random4000": 0.49563831090927124, "surprise_random5000": 0.49563831090927124, "surprise_random6000": 0.5512765645980835, "disgust_random500": 0.49563831090927124, "disgust_random1000": 0.49563831090927124, "disgust_random1500": 0.49563831090927124, "disgust_random2000": 0.49563831090927124, "disgust_random2500": 0.48595744371414185, "disgust_random3000": 0.5043616890907288, "disgust_random4000": 0.49563831090927124, "disgust_random5000": 0.49563831090927124, "disgust_random6000": 0.49563831090927124, "control_random500": 0.49563831090927124, "control_random1000": 0.5930851101875305, "control_random1500": 0.49563831090927124, "control_random2000": 0.49563831090927124, "control_random2500": 0.49563831090927124, "control_random3000": 0.49563831090927124, "control_random4000": 0.5043616890907288, "control_random5000": 0.49563831090927124, "control_random6000": 0.49563831090927124, "fairness_random500": 0.550106406211853, "fairness_random1000": 0.617446780204773, "fairness_random1500": 0.4959574341773987, "fairness_random2000": 0.49563831090927124, "fairness_random2500": 0.49563831090927124, "fairness_random3000": 0.5065957307815552, "fairness_random4000": 0.5009574890136719, "fairness_random5000": 0.49563831090927124, "fairness_random6000": 0.5043616890907288, "self-related_random500": 0.49563831090927124, "self-related_random1000": 0.579574465751648, "self-related_random1500": 0.49563831090927124, "self-related_random2000": 0.5225532054901123, "self-related_random2500": 0.49563831090927124, "self-related_random3000": 0.49563831090927124, "self-related_random4000": 0.49563831090927124, "self-related_random5000": 0.5274468064308167, "self-related_random6000": 0.49563831090927124, "other-related_random500": 0.5043616890907288, "other-related_random1000": 0.49563831090927124, "other-related_random1500": 0.49563831090927124, "other-related_random2000": 0.49563831090927124, "other-related_random2500": 0.49563831090927124, "other-related_random3000": 0.5479786992073059, "other-related_random4000": 0.49563831090927124, "other-related_random5000": 0.49563831090927124, "other-related_random6000": 0.49563831090927124, "expectedness_random500": 0.6135106086730957, "expectedness_random1000": 0.6157447099685669, "expectedness_random1500": 0.545425534248352, "expectedness_random2000": 0.5143616795539856, "expectedness_random2500": 0.49563831090927124, "expectedness_random3000": 0.49563831090927124, "expectedness_random4000": 0.49563831090927124, "expectedness_random5000": 0.49563831090927124, "expectedness_random6000": 0.49563831090927124, "non-novelty_random500": 0.5069149136543274, "non-novelty_random1000": 0.5178723335266113, "non-novelty_random1500": 0.49563831090927124, "non-novelty_random2000": 0.5093616843223572, "non-novelty_random2500": 0.49563831090927124, "non-novelty_random3000": 0.49563831090927124, "non-novelty_random4000": 0.5043616890907288, "non-novelty_random5000": 0.49563831090927124, "non-novelty_random6000": 0.49563831090927124}