{"sentiment": "disgust", "seed": 7, "arousal_random500": 0.9068084955215454, "best": 0.9123711585998535, "arousal_random1000": 0.9068084955215454, "arousal_random1500": 0.8921276330947876, "arousal_random2000": 0.8974468111991882, "arousal_random2500": 0.8924468159675598, "arousal_random3000": 0.8576595783233643, "arousal_random4000": 0.7696808576583862, "arousal_random5000": 0.8287234306335449, "arousal_random6000": 0.8284042477607727, "valence_random500": 0.9164893627166748, "valence_random1000": 0.912127673625946, "valence_random1500": 0.8877660036087036, "valence_random2000": 0.8527659177780151, "valence_random2500": 0.877765953540802, "valence_random3000": 0.9118084907531738, "valence_random4000": 0.8434042930603027, "valence_random5000": 0.858404278755188, "valence_random6000": 0.699042558670044, "happy_random500": 0.897127628326416, "happy_random1000": 0.9074468016624451, "happy_random1500": 0.9224468469619751, "happy_random2000": 0.8830851316452026, "happy_random2500": 0.906489372253418, "happy_random3000": 0.8980851173400879, "happy_random4000": 0.877765953540802, "happy_random5000": 0.48500001430511475, "happy_random6000": 0.8671276569366455, "anger_random500": 0.9074468016624451, "anger_random1000": 0.8905318975448608, "anger_random1500": 0.8038297891616821, "anger_random2000": 0.8234042525291443, "anger_random2500": 0.548191487789154, "anger_random3000": 0.9061702489852905, "anger_random4000": 0.901808500289917, "anger_random5000": 0.863085150718689, "anger_random6000": 0.8580850958824158, "sad_random500": 0.9014893770217896, "sad_random1000": 0.8330851197242737, "sad_random1500": 0.9114893674850464, "sad_random2000": 0.7400000095367432, "sad_random2500": 0.9161702394485474, "sad_random3000": 0.7400000095367432, "sad_random4000": 0.8821276426315308, "sad_random5000": 0.7705318927764893, "sad_random6000": 0.754680871963501, "fear_random500": 0.9061702489852905, "fear_random1000": 0.9218084812164307, "fear_random1500": 0.9024468064308167, "fear_random2000": 0.8380851149559021, "fear_random2500": 0.8484042882919312, "fear_random3000": 0.8137234449386597, "fear_random4000": 0.7187234163284302, "fear_random5000": 0.8748936653137207, "fear_random6000": 0.7993617057800293, "surprise_random500": 0.8821276426315308, "surprise_random1000": 0.9058510661125183, "surprise_random1500": 0.912127673625946, "surprise_random2000": 0.897127628326416, "surprise_random2500": 0.8818085193634033, "surprise_random3000": 0.8384042978286743, "surprise_random4000": 0.8060638308525085, "surprise_random5000": 0.5963829755783081, "surprise_random6000": 0.699042558670044, "disgust_random500": 0.9114893674850464, "disgust_random1000": 0.906489372253418, "disgust_random1500": 0.8952127695083618, "disgust_random2000": 0.8974468111991882, "disgust_random2500": 0.8284042477607727, "disgust_random3000": 0.8280851244926453, "disgust_random4000": 0.8764894008636475, "disgust_random5000": 0.8340425491333008, "disgust_random6000": 0.490319162607193, "control_random500": 0.9011702537536621, "control_random1000": 0.8955318927764893, "control_random1500": 0.849042534828186, "control_random2000": 0.8968085050582886, "control_random2500": 0.8914893865585327, "control_random3000": 0.8958510756492615, "control_random4000": 0.8487234115600586, "control_random5000": 0.490319162607193, "control_random6000": 0.8921276330947876, "fairness_random500": 0.9058510661125183, "fairness_random1000": 0.882446825504303, "fairness_random1500": 0.9164893627166748, "fairness_random2000": 0.901808500289917, "fairness_random2500": 0.8877660036087036, "fairness_random3000": 0.8280851244926453, "fairness_random4000": 0.8774467706680298, "fairness_random5000": 0.8314893245697021, "fairness_random6000": 0.8527659177780151, "self-related_random500": 0.9114893674850464, "self-related_random1000": 0.8780851364135742, "self-related_random1500": 0.9011702537536621, "self-related_random2000": 0.863085150718689, "self-related_random2500": 0.8918085098266602, "self-related_random3000": 0.7549999952316284, "self-related_random4000": 0.8827659487724304, "self-related_random5000": 0.7943617105484009, "self-related_random6000": 0.8423404097557068, "other-related_random500": 0.882446825504303, "other-related_random1000": 0.7296808362007141, "other-related_random1500": 0.8914893865585327, "other-related_random2000": 0.9127659797668457, "other-related_random2500": 0.863085150718689, "other-related_random3000": 0.8280851244926453, "other-related_random4000": 0.8580850958824158, "other-related_random5000": 0.8576595783233643, "other-related_random6000": 0.5112766027450562, "expectedness_random500": 0.9071276783943176, "expectedness_random1000": 0.9118084907531738, "expectedness_random1500": 0.8680851459503174, "expectedness_random2000": 0.8780851364135742, "expectedness_random2500": 0.9021276235580444, "expectedness_random3000": 0.9021276235580444, "expectedness_random4000": 0.824042558670044, "expectedness_random5000": 0.7315957546234131, "expectedness_random6000": 0.8427659273147583, "non-novelty_random500": 0.9061702489852905, "non-novelty_random1000": 0.912127673625946, "non-novelty_random1500": 0.9071276783943176, "non-novelty_random2000": 0.858404278755188, "non-novelty_random2500": 0.8038297891616821, "non-novelty_random3000": 0.9008510708808899, "non-novelty_random4000": 0.8624467849731445, "non-novelty_random5000": 0.882446825504303, "non-novelty_random6000": 0.4959574341773987}