{"sentiment": "disgust", "seed": 19, "arousal_random500": 0.8711702227592468, "best": 0.8917526006698608, "arousal_random1000": 0.8964893817901611, "arousal_random1500": 0.85457444190979, "arousal_random2000": 0.8608510494232178, "arousal_random2500": 0.8698936700820923, "arousal_random3000": 0.8210638165473938, "arousal_random4000": 0.6714893579483032, "arousal_random5000": 0.832446813583374, "arousal_random6000": 0.6195744872093201, "valence_random500": 0.8595744371414185, "valence_random1000": 0.8698936700820923, "valence_random1500": 0.880531907081604, "valence_random2000": 0.8702127933502197, "valence_random2500": 0.8648936152458191, "valence_random3000": 0.8652127981185913, "valence_random4000": 0.7824468016624451, "valence_random5000": 0.8255319595336914, "valence_random6000": 0.6376595497131348, "happy_random500": 0.8868085145950317, "happy_random1000": 0.859255313873291, "happy_random1500": 0.8695744872093201, "happy_random2000": 0.871489405632019, "happy_random2500": 0.8655319213867188, "happy_random3000": 0.8911702632904053, "happy_random4000": 0.8908510804176331, "happy_random5000": 0.5438297986984253, "happy_random6000": 0.6342552900314331, "anger_random500": 0.8914893865585327, "anger_random1000": 0.8586170673370361, "anger_random1500": 0.804468035697937, "anger_random2000": 0.8568085432052612, "anger_random2500": 0.7190425395965576, "anger_random3000": 0.8539361953735352, "anger_random4000": 0.8692553043365479, "anger_random5000": 0.8708510398864746, "anger_random6000": 0.84617018699646, "sad_random500": 0.875851035118103, "sad_random1000": 0.8664894104003906, "sad_random1500": 0.8648936152458191, "sad_random2000": 0.804468035697937, "sad_random2500": 0.8748936653137207, "sad_random3000": 0.5230851173400879, "sad_random4000": 0.837978720664978, "sad_random5000": 0.5169149041175842, "sad_random6000": 0.8455319404602051, "fear_random500": 0.8748936653137207, "fear_random1000": 0.8698936700820923, "fear_random1500": 0.8614893555641174, "fear_random2000": 0.8511701822280884, "fear_random2500": 0.8402127623558044, "fear_random3000": 0.8761702179908752, "fear_random4000": 0.8207446336746216, "fear_random5000": 0.8645744919776917, "fear_random6000": 0.772127628326416, "surprise_random500": 0.8614893555641174, "surprise_random1000": 0.8648936152458191, "surprise_random1500": 0.8814893960952759, "surprise_random2000": 0.8539361953735352, "surprise_random2500": 0.8361701965332031, "surprise_random3000": 0.8514893651008606, "surprise_random4000": 0.83234041929245, "surprise_random5000": 0.8642553091049194, "surprise_random6000": 0.8018084764480591, "disgust_random500": 0.8764894008636475, "disgust_random1000": 0.8745744824409485, "disgust_random1500": 0.8695744872093201, "disgust_random2000": 0.859255313873291, "disgust_random2500": 0.8648936152458191, "disgust_random3000": 0.8358510732650757, "disgust_random4000": 0.8552128076553345, "disgust_random5000": 0.8571276664733887, "disgust_random6000": 0.6718084812164307, "control_random500": 0.8808510303497314, "control_random1000": 0.8442553281784058, "control_random1500": 0.8618085384368896, "control_random2000": 0.8648936152458191, "control_random2500": 0.8655319213867188, "control_random3000": 0.875851035118103, "control_random4000": 0.8768085241317749, "control_random5000": 0.5381914973258972, "control_random6000": 0.8598936200141907, "fairness_random500": 0.8698936700820923, "fairness_random1000": 0.8752127885818481, "fairness_random1500": 0.8755319118499756, "fairness_random2000": 0.8642553091049194, "fairness_random2500": 0.8698936700820923, "fairness_random3000": 0.8708510398864746, "fairness_random4000": 0.8711702227592468, "fairness_random5000": 0.85457444190979, "fairness_random6000": 0.8645744919776917, "self-related_random500": 0.8552128076553345, "self-related_random1000": 0.8821276426315308, "self-related_random1500": 0.8808510303497314, "self-related_random2000": 0.8661702275276184, "self-related_random2500": 0.8764894008636475, "self-related_random3000": 0.535106360912323, "self-related_random4000": 0.8808510303497314, "self-related_random5000": 0.7821276783943176, "self-related_random6000": 0.8476595878601074, "other-related_random500": 0.8511701822280884, "other-related_random1000": 0.5169149041175842, "other-related_random1500": 0.8711702227592468, "other-related_random2000": 0.8864893913269043, "other-related_random2500": 0.8571276664733887, "other-related_random3000": 0.8652127981185913, "other-related_random4000": 0.871489405632019, "other-related_random5000": 0.6871277093887329, "other-related_random6000": 0.7569148540496826, "expectedness_random500": 0.8602128028869629, "expectedness_random1000": 0.8752127885818481, "expectedness_random1500": 0.8711702227592468, "expectedness_random2000": 0.8561701774597168, "expectedness_random2500": 0.8595744371414185, "expectedness_random3000": 0.8864893913269043, "expectedness_random4000": 0.8718085289001465, "expectedness_random5000": 0.7675532102584839, "expectedness_random6000": 0.8668085336685181, "non-novelty_random500": 0.8811702132225037, "non-novelty_random1000": 0.8539361953735352, "non-novelty_random1500": 0.8705319166183472, "non-novelty_random2000": 0.8589361906051636, "non-novelty_random2500": 0.8476595878601074, "non-novelty_random3000": 0.8661702275276184, "non-novelty_random4000": 0.8118085265159607, "non-novelty_random5000": 0.871489405632019, "non-novelty_random6000": 0.5275532007217407}