{"sentiment": "disgust", "seed": 15, "arousal_random500": 0.8814893960952759, "best": 0.8865979313850403, "arousal_random1000": 0.8755319118499756, "arousal_random1500": 0.8814893960952759, "arousal_random2000": 0.8614893555641174, "arousal_random2500": 0.8595744371414185, "arousal_random3000": 0.8097872138023376, "arousal_random4000": 0.5860638618469238, "arousal_random5000": 0.8621276617050171, "arousal_random6000": 0.699042558670044, "valence_random500": 0.8692553043365479, "valence_random1000": 0.8814893960952759, "valence_random1500": 0.8861702084541321, "valence_random2000": 0.8645744919776917, "valence_random2500": 0.8420212268829346, "valence_random3000": 0.8589361906051636, "valence_random4000": 0.8621276617050171, "valence_random5000": 0.841808557510376, "valence_random6000": 0.5930851101875305, "happy_random500": 0.871489405632019, "happy_random1000": 0.8742552995681763, "happy_random1500": 0.8814893960952759, "happy_random2000": 0.8868085145950317, "happy_random2500": 0.8636170625686646, "happy_random3000": 0.8764894008636475, "happy_random4000": 0.8421276807785034, "happy_random5000": 0.6232978701591492, "happy_random6000": 0.6611701846122742, "anger_random500": 0.8764894008636475, "anger_random1000": 0.8636170625686646, "anger_random1500": 0.7881914973258972, "anger_random2000": 0.8271276950836182, "anger_random2500": 0.8658510446548462, "anger_random3000": 0.8742552995681763, "anger_random4000": 0.8423404097557068, "anger_random5000": 0.8484042882919312, "anger_random6000": 0.837127685546875, "sad_random500": 0.875851035118103, "sad_random1000": 0.8818085193634033, "sad_random1500": 0.863936185836792, "sad_random2000": 0.863936185836792, "sad_random2500": 0.8432978987693787, "sad_random3000": 0.6877659559249878, "sad_random4000": 0.8420212268829346, "sad_random5000": 0.490319162607193, "sad_random6000": 0.7977659702301025, "fear_random500": 0.8532978892326355, "fear_random1000": 0.8692553043365479, "fear_random1500": 0.8868085145950317, "fear_random2000": 0.8774467706680298, "fear_random2500": 0.8468085527420044, "fear_random3000": 0.8764894008636475, "fear_random4000": 0.8698936700820923, "fear_random5000": 0.8576595783233643, "fear_random6000": 0.7834042310714722, "surprise_random500": 0.871489405632019, "surprise_random1000": 0.8752127885818481, "surprise_random1500": 0.8711702227592468, "surprise_random2000": 0.8582978844642639, "surprise_random2500": 0.8724467754364014, "surprise_random3000": 0.8521276712417603, "surprise_random4000": 0.8648936152458191, "surprise_random5000": 0.8811702132225037, "surprise_random6000": 0.8661702275276184, "disgust_random500": 0.8814893960952759, "disgust_random1000": 0.8858510851860046, "disgust_random1500": 0.8802127838134766, "disgust_random2000": 0.8748936653137207, "disgust_random2500": 0.8721276521682739, "disgust_random3000": 0.8677659630775452, "disgust_random4000": 0.871489405632019, "disgust_random5000": 0.8708510398864746, "disgust_random6000": 0.490319162607193, "control_random500": 0.8908510804176331, "control_random1000": 0.8636170625686646, "control_random1500": 0.8468085527420044, "control_random2000": 0.8864893913269043, "control_random2500": 0.8864893913269043, "control_random3000": 0.8755319118499756, "control_random4000": 0.8614893555641174, "control_random5000": 0.8414893746376038, "control_random6000": 0.8552128076553345, "fairness_random500": 0.8748936653137207, "fairness_random1000": 0.8811702132225037, "fairness_random1500": 0.8798936605453491, "fairness_random2000": 0.8655319213867188, "fairness_random2500": 0.8811702132225037, "fairness_random3000": 0.8864893913269043, "fairness_random4000": 0.86117023229599, "fairness_random5000": 0.8079787492752075, "fairness_random6000": 0.7584042549133301, "self-related_random500": 0.8589361906051636, "self-related_random1000": 0.8668085336685181, "self-related_random1500": 0.8811702132225037, "self-related_random2000": 0.8818085193634033, "self-related_random2500": 0.8711702227592468, "self-related_random3000": 0.490319162607193, "self-related_random4000": 0.8658510446548462, "self-related_random5000": 0.6496808528900146, "self-related_random6000": 0.6980850696563721, "other-related_random500": 0.871489405632019, "other-related_random1000": 0.490319162607193, "other-related_random1500": 0.8742552995681763, "other-related_random2000": 0.8958510756492615, "other-related_random2500": 0.8624467849731445, "other-related_random3000": 0.8571276664733887, "other-related_random4000": 0.8664894104003906, "other-related_random5000": 0.6818085312843323, "other-related_random6000": 0.7187234163284302, "expectedness_random500": 0.8655319213867188, "expectedness_random1000": 0.880531907081604, "expectedness_random1500": 0.8718085289001465, "expectedness_random2000": 0.8668085336685181, "expectedness_random2500": 0.8761702179908752, "expectedness_random3000": 0.8739361763000488, "expectedness_random4000": 0.8518085479736328, "expectedness_random5000": 0.6830850839614868, "expectedness_random6000": 0.7990425825119019, "non-novelty_random500": 0.8695744872093201, "non-novelty_random1000": 0.8529787063598633, "non-novelty_random1500": 0.8814893960952759, "non-novelty_random2000": 0.8821276426315308, "non-novelty_random2500": 0.8705319166183472, "non-novelty_random3000": 0.8708510398864746, "non-novelty_random4000": 0.8430851101875305, "non-novelty_random5000": 0.885212779045105, "non-novelty_random6000": 0.490319162607193}