{"sentiment": "disgust", "seed": 42, "arousal_random500": 0.815851092338562, "best": 0.8247422575950623, "arousal_random1000": 0.8236170411109924, "arousal_random1500": 0.8308510780334473, "arousal_random2000": 0.839893639087677, "arousal_random2500": 0.803617000579834, "arousal_random3000": 0.490319162607193, "arousal_random4000": 0.4414893686771393, "arousal_random5000": 0.6286170482635498, "arousal_random6000": 0.7895745038986206, "valence_random500": 0.8252127766609192, "valence_random1000": 0.8126596212387085, "valence_random1500": 0.8029787540435791, "valence_random2000": 0.7973403930664062, "valence_random2500": 0.8126596212387085, "valence_random3000": 0.5435106754302979, "valence_random4000": 0.8189361691474915, "valence_random5000": 0.7365957498550415, "valence_random6000": 0.490319162607193, "happy_random500": 0.8208510875701904, "happy_random1000": 0.7907446622848511, "happy_random1500": 0.7854255437850952, "happy_random2000": 0.8308510780334473, "happy_random2500": 0.7910637855529785, "happy_random3000": 0.5701063871383667, "happy_random4000": 0.6993616819381714, "happy_random5000": 0.49063828587532043, "happy_random6000": 0.5009574890136719, "anger_random500": 0.8208510875701904, "anger_random1000": 0.8308510780334473, "anger_random1500": 0.6940425634384155, "anger_random2000": 0.826808512210846, "anger_random2500": 0.7567021250724792, "anger_random3000": 0.8026596307754517, "anger_random4000": 0.6827659606933594, "anger_random5000": 0.791702151298523, "anger_random6000": 0.5381914973258972, "sad_random500": 0.8208510875701904, "sad_random1000": 0.8208510875701904, "sad_random1500": 0.8261702060699463, "sad_random2000": 0.6361702084541321, "sad_random2500": 0.8198935985565186, "sad_random3000": 0.5096808671951294, "sad_random4000": 0.490319162607193, "sad_random5000": 0.6868085265159607, "sad_random6000": 0.7874468564987183, "fear_random500": 0.8305319547653198, "fear_random1000": 0.8258510828018188, "fear_random1500": 0.8018084764480591, "fear_random2000": 0.8211702108383179, "fear_random2500": 0.8261702060699463, "fear_random3000": 0.8071276545524597, "fear_random4000": 0.490319162607193, "fear_random5000": 0.490319162607193, "fear_random6000": 0.8017021417617798, "surprise_random500": 0.815851092338562, "surprise_random1000": 0.8142553567886353, "surprise_random1500": 0.8505319356918335, "surprise_random2000": 0.8092553615570068, "surprise_random2500": 0.7970212697982788, "surprise_random3000": 0.76382976770401, "surprise_random4000": 0.49563831090927124, "surprise_random5000": 0.490319162607193, "surprise_random6000": 0.6398935914039612, "disgust_random500": 0.8255319595336914, "disgust_random1000": 0.8308510780334473, "disgust_random1500": 0.8023403882980347, "disgust_random2000": 0.8076596260070801, "disgust_random2500": 0.8202127814292908, "disgust_random3000": 0.7827659845352173, "disgust_random4000": 0.5328723788261414, "disgust_random5000": 0.6614893674850464, "disgust_random6000": 0.49563831090927124, "control_random500": 0.8258510828018188, "control_random1000": 0.8189361691474915, "control_random1500": 0.8302127718925476, "control_random2000": 0.8298935890197754, "control_random2500": 0.5813829898834229, "control_random3000": 0.49563831090927124, "control_random4000": 0.8364893794059753, "control_random5000": 0.5497872233390808, "control_random6000": 0.490319162607193, "fairness_random500": 0.8258510828018188, "fairness_random1000": 0.8071276545524597, "fairness_random1500": 0.8202127814292908, "fairness_random2000": 0.7594680786132812, "fairness_random2500": 0.820531964302063, "fairness_random3000": 0.8258510828018188, "fairness_random4000": 0.6890425682067871, "fairness_random5000": 0.5012766122817993, "fairness_random6000": 0.7982978820800781, "self-related_random500": 0.8208510875701904, "self-related_random1000": 0.7807446718215942, "self-related_random1500": 0.7040425539016724, "self-related_random2000": 0.815851092338562, "self-related_random2500": 0.818617045879364, "self-related_random3000": 0.7868084907531738, "self-related_random4000": 0.6568084955215454, "self-related_random5000": 0.8058511018753052, "self-related_random6000": 0.490319162607193, "other-related_random500": 0.811170220375061, "other-related_random1000": 0.6393617391586304, "other-related_random1500": 0.808297872543335, "other-related_random2000": 0.8017021417617798, "other-related_random2500": 0.8308510780334473, "other-related_random3000": 0.8061702251434326, "other-related_random4000": 0.6455318927764893, "other-related_random5000": 0.490319162607193, "other-related_random6000": 0.6321276426315308, "expectedness_random500": 0.8308510780334473, "expectedness_random1000": 0.8092553615570068, "expectedness_random1500": 0.8252127766609192, "expectedness_random2000": 0.8236170411109924, "expectedness_random2500": 0.5917021036148071, "expectedness_random3000": 0.7920212745666504, "expectedness_random4000": 0.7215957641601562, "expectedness_random5000": 0.5813829898834229, "expectedness_random6000": 0.5009574890136719, "non-novelty_random500": 0.8308510780334473, "non-novelty_random1000": 0.8305319547653198, "non-novelty_random1500": 0.7810637950897217, "non-novelty_random2000": 0.8258510828018188, "non-novelty_random2500": 0.5813829898834229, "non-novelty_random3000": 0.7469148635864258, "non-novelty_random4000": 0.8358510732650757, "non-novelty_random5000": 0.49563831090927124, "non-novelty_random6000": 0.490319162607193}