{"sentiment": "disgust", "seed": 1, "arousal_random500": 0.6080850958824158, "best": 0.7216494679450989, "arousal_random1000": 0.49563831090927124, "arousal_random1500": 0.5394681096076965, "arousal_random2000": 0.5062766075134277, "arousal_random2500": 0.6271276473999023, "arousal_random3000": 0.490319162607193, "arousal_random4000": 0.490319162607193, "arousal_random5000": 0.490319162607193, "arousal_random6000": 0.5096808671951294, "valence_random500": 0.6452127695083618, "valence_random1000": 0.689680814743042, "valence_random1500": 0.6448936462402344, "valence_random2000": 0.490319162607193, "valence_random2500": 0.490319162607193, "valence_random3000": 0.490319162607193, "valence_random4000": 0.6160638332366943, "valence_random5000": 0.5936170220375061, "valence_random6000": 0.4862765967845917, "happy_random500": 0.5674468278884888, "happy_random1000": 0.490319162607193, "happy_random1500": 0.490319162607193, "happy_random2000": 0.5651063919067383, "happy_random2500": 0.5222340822219849, "happy_random3000": 0.490319162607193, "happy_random4000": 0.490319162607193, "happy_random5000": 0.490319162607193, "happy_random6000": 0.48819148540496826, "anger_random500": 0.7097872495651245, "anger_random1000": 0.6076595783233643, "anger_random1500": 0.490319162607193, "anger_random2000": 0.5096808671951294, "anger_random2500": 0.4948936104774475, "anger_random3000": 0.490319162607193, "anger_random4000": 0.490319162607193, "anger_random5000": 0.490319162607193, "anger_random6000": 0.6076595783233643, "sad_random500": 0.6386170387268066, "sad_random1000": 0.5146808624267578, "sad_random1500": 0.490319162607193, "sad_random2000": 0.5012766122817993, "sad_random2500": 0.490319162607193, "sad_random3000": 0.5415956974029541, "sad_random4000": 0.490319162607193, "sad_random5000": 0.49659574031829834, "sad_random6000": 0.5096808671951294, "fear_random500": 0.5970212817192078, "fear_random1000": 0.490319162607193, "fear_random1500": 0.681382954120636, "fear_random2000": 0.5096808671951294, "fear_random2500": 0.5196808576583862, "fear_random3000": 0.5096808671951294, "fear_random4000": 0.490319162607193, "fear_random5000": 0.490319162607193, "fear_random6000": 0.5096808671951294, "surprise_random500": 0.5196808576583862, "surprise_random1000": 0.490319162607193, "surprise_random1500": 0.5222340822219849, "surprise_random2000": 0.6339361667633057, "surprise_random2500": 0.49563831090927124, "surprise_random3000": 0.490319162607193, "surprise_random4000": 0.490319162607193, "surprise_random5000": 0.490319162607193, "surprise_random6000": 0.490319162607193, "disgust_random500": 0.7091488838195801, "disgust_random1000": 0.49563831090927124, "disgust_random1500": 0.5340425372123718, "disgust_random2000": 0.490319162607193, "disgust_random2500": 0.5096808671951294, "disgust_random3000": 0.5096808671951294, "disgust_random4000": 0.490319162607193, "disgust_random5000": 0.490319162607193, "disgust_random6000": 0.490319162607193, "control_random500": 0.5169149041175842, "control_random1000": 0.7206382751464844, "control_random1500": 0.6344680786132812, "control_random2000": 0.5477659702301025, "control_random2500": 0.490319162607193, "control_random3000": 0.490319162607193, "control_random4000": 0.490319162607193, "control_random5000": 0.490319162607193, "control_random6000": 0.5169149041175842, "fairness_random500": 0.7088297605514526, "fairness_random1000": 0.5684042572975159, "fairness_random1500": 0.5385106205940247, "fairness_random2000": 0.490319162607193, "fairness_random2500": 0.490319162607193, "fairness_random3000": 0.5096808671951294, "fairness_random4000": 0.6264894008636475, "fairness_random5000": 0.490319162607193, "fairness_random6000": 0.5627659559249878, "self-related_random500": 0.6608510613441467, "self-related_random1000": 0.6405318975448608, "self-related_random1500": 0.6298936009407043, "self-related_random2000": 0.5577659606933594, "self-related_random2500": 0.6373404264450073, "self-related_random3000": 0.490319162607193, "self-related_random4000": 0.490319162607193, "self-related_random5000": 0.5012766122817993, "self-related_random6000": 0.490319162607193, "other-related_random500": 0.5190425515174866, "other-related_random1000": 0.490319162607193, "other-related_random1500": 0.6740425825119019, "other-related_random2000": 0.490319162607193, "other-related_random2500": 0.490319162607193, "other-related_random3000": 0.5952127575874329, "other-related_random4000": 0.490319162607193, "other-related_random5000": 0.490319162607193, "other-related_random6000": 0.5096808671951294, "expectedness_random500": 0.7147872447967529, "expectedness_random1000": 0.5435106754302979, "expectedness_random1500": 0.5246808528900146, "expectedness_random2000": 0.6395744681358337, "expectedness_random2500": 0.490319162607193, "expectedness_random3000": 0.5710638165473938, "expectedness_random4000": 0.5096808671951294, "expectedness_random5000": 0.490319162607193, "expectedness_random6000": 0.490319162607193, "non-novelty_random500": 0.7260638475418091, "non-novelty_random1000": 0.5115957856178284, "non-novelty_random1500": 0.6721276640892029, "non-novelty_random2000": 0.528723418712616, "non-novelty_random2500": 0.49563831090927124, "non-novelty_random3000": 0.490319162607193, "non-novelty_random4000": 0.5737234354019165, "non-novelty_random5000": 0.6117020845413208, "non-novelty_random6000": 0.490319162607193}