{"sentiment": "embarrassment", "seed": 1, "arousal_random500": 0.6142857074737549, "best": 0.5714285969734192, "arousal_random1000": 0.5428571701049805, "arousal_random1500": 0.5, "arousal_random2000": 0.5, "arousal_random2500": 0.5714285969734192, "arousal_random3000": 0.5, "arousal_random4000": 0.4571428596973419, "arousal_random5000": 0.5, "arousal_random6000": 0.5, "valence_random500": 0.5857142806053162, "valence_random1000": 0.5, "valence_random1500": 0.5, "valence_random2000": 0.5142857432365417, "valence_random2500": 0.5, "valence_random3000": 0.5, "valence_random4000": 0.5428571701049805, "valence_random5000": 0.5, "valence_random6000": 0.48571428656578064, "happy_random500": 0.5714285969734192, "happy_random1000": 0.5285714268684387, "happy_random1500": 0.5, "happy_random2000": 0.5, "happy_random2500": 0.5, "happy_random3000": 0.5, "happy_random4000": 0.5, "happy_random5000": 0.5, "happy_random6000": 0.5, "anger_random500": 0.6000000238418579, "anger_random1000": 0.5428571701049805, "anger_random1500": 0.48571428656578064, "anger_random2000": 0.5, "anger_random2500": 0.4714285731315613, "anger_random3000": 0.5, "anger_random4000": 0.5, "anger_random5000": 0.5285714268684387, "anger_random6000": 0.5285714268684387, "sad_random500": 0.5428571701049805, "sad_random1000": 0.5571428537368774, "sad_random1500": 0.5, "sad_random2000": 0.5714285969734192, "sad_random2500": 0.5, "sad_random3000": 0.5, "sad_random4000": 0.5, "sad_random5000": 0.5571428537368774, "sad_random6000": 0.5, "fear_random500": 0.5857142806053162, "fear_random1000": 0.5285714268684387, "fear_random1500": 0.4714285731315613, "fear_random2000": 0.5, "fear_random2500": 0.5, "fear_random3000": 0.6000000238418579, "fear_random4000": 0.5, "fear_random5000": 0.5, "fear_random6000": 0.5, "surprise_random500": 0.5, "surprise_random1000": 0.5, "surprise_random1500": 0.48571428656578064, "surprise_random2000": 0.5, "surprise_random2500": 0.5, "surprise_random3000": 0.5428571701049805, "surprise_random4000": 0.5428571701049805, "surprise_random5000": 0.5, "surprise_random6000": 0.5142857432365417, "disgust_random500": 0.5, "disgust_random1000": 0.5, "disgust_random1500": 0.5, "disgust_random2000": 0.5, "disgust_random2500": 0.5571428537368774, "disgust_random3000": 0.48571428656578064, "disgust_random4000": 0.5, "disgust_random5000": 0.5, "disgust_random6000": 0.5, "control_random500": 0.5, "control_random1000": 0.6000000238418579, "control_random1500": 0.5142857432365417, "control_random2000": 0.5142857432365417, "control_random2500": 0.5, "control_random3000": 0.5714285969734192, "control_random4000": 0.5285714268684387, "control_random5000": 0.5, "control_random6000": 0.5857142806053162, "fairness_random500": 0.5857142806053162, "fairness_random1000": 0.5571428537368774, "fairness_random1500": 0.5714285969734192, "fairness_random2000": 0.5, "fairness_random2500": 0.6000000238418579, "fairness_random3000": 0.5, "fairness_random4000": 0.5, "fairness_random5000": 0.5, "fairness_random6000": 0.5, "self-related_random500": 0.5142857432365417, "self-related_random1000": 0.5857142806053162, "self-related_random1500": 0.5, "self-related_random2000": 0.6000000238418579, "self-related_random2500": 0.5, "self-related_random3000": 0.48571428656578064, "self-related_random4000": 0.5, "self-related_random5000": 0.6142857074737549, "self-related_random6000": 0.5, "other-related_random500": 0.5428571701049805, "other-related_random1000": 0.5, "other-related_random1500": 0.5285714268684387, "other-related_random2000": 0.5, "other-related_random2500": 0.5, "other-related_random3000": 0.6000000238418579, "other-related_random4000": 0.5, "other-related_random5000": 0.5, "other-related_random6000": 0.5571428537368774, "expectedness_random500": 0.5142857432365417, "expectedness_random1000": 0.5, "expectedness_random1500": 0.5, "expectedness_random2000": 0.5, "expectedness_random2500": 0.5, "expectedness_random3000": 0.5, "expectedness_random4000": 0.5, "expectedness_random5000": 0.5428571701049805, "expectedness_random6000": 0.5, "non-novelty_random500": 0.5571428537368774, "non-novelty_random1000": 0.5, "non-novelty_random1500": 0.5571428537368774, "non-novelty_random2000": 0.5, "non-novelty_random2500": 0.5142857432365417, "non-novelty_random3000": 0.5, "non-novelty_random4000": 0.5142857432365417, "non-novelty_random5000": 0.5142857432365417, "non-novelty_random6000": 0.5}