{"sentiment": "embarrassment", "seed": 13, "arousal_random500": 0.8999999761581421, "best": 0.8714285492897034, "arousal_random1000": 0.8428571224212646, "arousal_random1500": 0.8428571224212646, "arousal_random2000": 0.8999999761581421, "arousal_random2500": 0.8142856955528259, "arousal_random3000": 0.5285714268684387, "arousal_random4000": 0.6285714507102966, "arousal_random5000": 0.8285714387893677, "arousal_random6000": 0.6571428775787354, "valence_random500": 0.8714285492897034, "valence_random1000": 0.8428571224212646, "valence_random1500": 0.8857142925262451, "valence_random2000": 0.8857142925262451, "valence_random2500": 0.8285714387893677, "valence_random3000": 0.6857143044471741, "valence_random4000": 0.7285714149475098, "valence_random5000": 0.8428571224212646, "valence_random6000": 0.5142857432365417, "happy_random500": 0.8857142925262451, "happy_random1000": 0.8285714387893677, "happy_random1500": 0.8142856955528259, "happy_random2000": 0.8857142925262451, "happy_random2500": 0.7714285850524902, "happy_random3000": 0.8428571224212646, "happy_random4000": 0.8999999761581421, "happy_random5000": 0.5142857432365417, "happy_random6000": 0.5285714268684387, "anger_random500": 0.8571428656578064, "anger_random1000": 0.8571428656578064, "anger_random1500": 0.5571428537368774, "anger_random2000": 0.8571428656578064, "anger_random2500": 0.5285714268684387, "anger_random3000": 0.7714285850524902, "anger_random4000": 0.8285714387893677, "anger_random5000": 0.800000011920929, "anger_random6000": 0.8571428656578064, "sad_random500": 0.8999999761581421, "sad_random1000": 0.8999999761581421, "sad_random1500": 0.8428571224212646, "sad_random2000": 0.8857142925262451, "sad_random2500": 0.8285714387893677, "sad_random3000": 0.699999988079071, "sad_random4000": 0.5857142806053162, "sad_random5000": 0.5142857432365417, "sad_random6000": 0.8999999761581421, "fear_random500": 0.8714285492897034, "fear_random1000": 0.8571428656578064, "fear_random1500": 0.8999999761581421, "fear_random2000": 0.8999999761581421, "fear_random2500": 0.9428571462631226, "fear_random3000": 0.8714285492897034, "fear_random4000": 0.5857142806053162, "fear_random5000": 0.5285714268684387, "fear_random6000": 0.800000011920929, "surprise_random500": 0.9285714030265808, "surprise_random1000": 0.8857142925262451, "surprise_random1500": 0.8571428656578064, "surprise_random2000": 0.9142857193946838, "surprise_random2500": 0.8857142925262451, "surprise_random3000": 0.8999999761581421, "surprise_random4000": 0.6857143044471741, "surprise_random5000": 0.5142857432365417, "surprise_random6000": 0.800000011920929, "disgust_random500": 0.8285714387893677, "disgust_random1000": 0.8714285492897034, "disgust_random1500": 0.8571428656578064, "disgust_random2000": 0.8857142925262451, "disgust_random2500": 0.8142856955528259, "disgust_random3000": 0.8714285492897034, "disgust_random4000": 0.7714285850524902, "disgust_random5000": 0.8857142925262451, "disgust_random6000": 0.5142857432365417, "control_random500": 0.9142857193946838, "control_random1000": 0.800000011920929, "control_random1500": 0.8857142925262451, "control_random2000": 0.8857142925262451, "control_random2500": 0.8142856955528259, "control_random3000": 0.7571428418159485, "control_random4000": 0.7857142686843872, "control_random5000": 0.5285714268684387, "control_random6000": 0.5142857432365417, "fairness_random500": 0.8714285492897034, "fairness_random1000": 0.8999999761581421, "fairness_random1500": 0.8428571224212646, "fairness_random2000": 0.8571428656578064, "fairness_random2500": 0.800000011920929, "fairness_random3000": 0.8714285492897034, "fairness_random4000": 0.8428571224212646, "fairness_random5000": 0.699999988079071, "fairness_random6000": 0.8428571224212646, "self-related_random500": 0.8571428656578064, "self-related_random1000": 0.8714285492897034, "self-related_random1500": 0.8714285492897034, "self-related_random2000": 0.8714285492897034, "self-related_random2500": 0.8714285492897034, "self-related_random3000": 0.6428571343421936, "self-related_random4000": 0.7285714149475098, "self-related_random5000": 0.7857142686843872, "self-related_random6000": 0.5714285969734192, "other-related_random500": 0.8571428656578064, "other-related_random1000": 0.5571428537368774, "other-related_random1500": 0.8571428656578064, "other-related_random2000": 0.8285714387893677, "other-related_random2500": 0.8999999761581421, "other-related_random3000": 0.800000011920929, "other-related_random4000": 0.8285714387893677, "other-related_random5000": 0.5142857432365417, "other-related_random6000": 0.5142857432365417, "expectedness_random500": 0.8857142925262451, "expectedness_random1000": 0.8428571224212646, "expectedness_random1500": 0.8857142925262451, "expectedness_random2000": 0.8428571224212646, "expectedness_random2500": 0.8714285492897034, "expectedness_random3000": 0.7714285850524902, "expectedness_random4000": 0.8999999761581421, "expectedness_random5000": 0.5285714268684387, "expectedness_random6000": 0.6142857074737549, "non-novelty_random500": 0.8571428656578064, "non-novelty_random1000": 0.8571428656578064, "non-novelty_random1500": 0.8714285492897034, "non-novelty_random2000": 0.8571428656578064, "non-novelty_random2500": 0.6714285612106323, "non-novelty_random3000": 0.8142856955528259, "non-novelty_random4000": 0.8428571224212646, "non-novelty_random5000": 0.6000000238418579, "non-novelty_random6000": 0.5142857432365417}