{"sentiment": "embarrassment", "seed": 19, "arousal_random500": 0.7571428418159485, "best": 0.7714285850524902, "arousal_random1000": 0.7714285850524902, "arousal_random1500": 0.7571428418159485, "arousal_random2000": 0.7714285850524902, "arousal_random2500": 0.699999988079071, "arousal_random3000": 0.5285714268684387, "arousal_random4000": 0.5, "arousal_random5000": 0.6714285612106323, "arousal_random6000": 0.5285714268684387, "valence_random500": 0.7857142686843872, "valence_random1000": 0.7428571581840515, "valence_random1500": 0.7571428418159485, "valence_random2000": 0.7571428418159485, "valence_random2500": 0.7142857313156128, "valence_random3000": 0.6571428775787354, "valence_random4000": 0.800000011920929, "valence_random5000": 0.7714285850524902, "valence_random6000": 0.7428571581840515, "happy_random500": 0.7857142686843872, "happy_random1000": 0.7571428418159485, "happy_random1500": 0.7571428418159485, "happy_random2000": 0.8285714387893677, "happy_random2500": 0.7571428418159485, "happy_random3000": 0.7714285850524902, "happy_random4000": 0.6857143044471741, "happy_random5000": 0.5142857432365417, "happy_random6000": 0.6857143044471741, "anger_random500": 0.7857142686843872, "anger_random1000": 0.7714285850524902, "anger_random1500": 0.6000000238418579, "anger_random2000": 0.7857142686843872, "anger_random2500": 0.5142857432365417, "anger_random3000": 0.7142857313156128, "anger_random4000": 0.699999988079071, "anger_random5000": 0.800000011920929, "anger_random6000": 0.6285714507102966, "sad_random500": 0.7714285850524902, "sad_random1000": 0.7714285850524902, "sad_random1500": 0.7142857313156128, "sad_random2000": 0.5857142806053162, "sad_random2500": 0.7142857313156128, "sad_random3000": 0.6571428775787354, "sad_random4000": 0.5714285969734192, "sad_random5000": 0.7142857313156128, "sad_random6000": 0.7857142686843872, "fear_random500": 0.7571428418159485, "fear_random1000": 0.7714285850524902, "fear_random1500": 0.8142856955528259, "fear_random2000": 0.8428571224212646, "fear_random2500": 0.8428571224212646, "fear_random3000": 0.7142857313156128, "fear_random4000": 0.5142857432365417, "fear_random5000": 0.5142857432365417, "fear_random6000": 0.7857142686843872, "surprise_random500": 0.7857142686843872, "surprise_random1000": 0.7285714149475098, "surprise_random1500": 0.7428571581840515, "surprise_random2000": 0.8142856955528259, "surprise_random2500": 0.8285714387893677, "surprise_random3000": 0.800000011920929, "surprise_random4000": 0.5428571701049805, "surprise_random5000": 0.5285714268684387, "surprise_random6000": 0.8142856955528259, "disgust_random500": 0.7571428418159485, "disgust_random1000": 0.7857142686843872, "disgust_random1500": 0.7714285850524902, "disgust_random2000": 0.7857142686843872, "disgust_random2500": 0.800000011920929, "disgust_random3000": 0.8142856955528259, "disgust_random4000": 0.6285714507102966, "disgust_random5000": 0.7857142686843872, "disgust_random6000": 0.5142857432365417, "control_random500": 0.7571428418159485, "control_random1000": 0.699999988079071, "control_random1500": 0.8285714387893677, "control_random2000": 0.8285714387893677, "control_random2500": 0.7571428418159485, "control_random3000": 0.699999988079071, "control_random4000": 0.7714285850524902, "control_random5000": 0.5142857432365417, "control_random6000": 0.5142857432365417, "fairness_random500": 0.7571428418159485, "fairness_random1000": 0.7428571581840515, "fairness_random1500": 0.7142857313156128, "fairness_random2000": 0.7571428418159485, "fairness_random2500": 0.7285714149475098, "fairness_random3000": 0.8142856955528259, "fairness_random4000": 0.7142857313156128, "fairness_random5000": 0.5142857432365417, "fairness_random6000": 0.7857142686843872, "self-related_random500": 0.7571428418159485, "self-related_random1000": 0.7857142686843872, "self-related_random1500": 0.8142856955528259, "self-related_random2000": 0.8142856955528259, "self-related_random2500": 0.800000011920929, "self-related_random3000": 0.5857142806053162, "self-related_random4000": 0.6000000238418579, "self-related_random5000": 0.7571428418159485, "self-related_random6000": 0.5142857432365417, "other-related_random500": 0.7857142686843872, "other-related_random1000": 0.5571428537368774, "other-related_random1500": 0.7428571581840515, "other-related_random2000": 0.699999988079071, "other-related_random2500": 0.8285714387893677, "other-related_random3000": 0.800000011920929, "other-related_random4000": 0.5714285969734192, "other-related_random5000": 0.5142857432365417, "other-related_random6000": 0.5142857432365417, "expectedness_random500": 0.7571428418159485, "expectedness_random1000": 0.7857142686843872, "expectedness_random1500": 0.800000011920929, "expectedness_random2000": 0.800000011920929, "expectedness_random2500": 0.6714285612106323, "expectedness_random3000": 0.7142857313156128, "expectedness_random4000": 0.8285714387893677, "expectedness_random5000": 0.5142857432365417, "expectedness_random6000": 0.5142857432365417, "non-novelty_random500": 0.7714285850524902, "non-novelty_random1000": 0.7285714149475098, "non-novelty_random1500": 0.7142857313156128, "non-novelty_random2000": 0.7571428418159485, "non-novelty_random2500": 0.5428571701049805, "non-novelty_random3000": 0.6000000238418579, "non-novelty_random4000": 0.7142857313156128, "non-novelty_random5000": 0.6285714507102966, "non-novelty_random6000": 0.5142857432365417}