{"sentiment": "embarrassment", "seed": 3, "arousal_random500": 0.8285714387893677, "best": 0.8285714387893677, "arousal_random1000": 0.800000011920929, "arousal_random1500": 0.5, "arousal_random2000": 0.8142856955528259, "arousal_random2500": 0.5, "arousal_random3000": 0.5, "arousal_random4000": 0.6571428775787354, "arousal_random5000": 0.5, "arousal_random6000": 0.800000011920929, "valence_random500": 0.8285714387893677, "valence_random1000": 0.8285714387893677, "valence_random1500": 0.8142856955528259, "valence_random2000": 0.699999988079071, "valence_random2500": 0.7428571581840515, "valence_random3000": 0.5, "valence_random4000": 0.5, "valence_random5000": 0.5, "valence_random6000": 0.5, "happy_random500": 0.8571428656578064, "happy_random1000": 0.7714285850524902, "happy_random1500": 0.5142857432365417, "happy_random2000": 0.5, "happy_random2500": 0.5, "happy_random3000": 0.5, "happy_random4000": 0.8142856955528259, "happy_random5000": 0.5, "happy_random6000": 0.5, "anger_random500": 0.8285714387893677, "anger_random1000": 0.800000011920929, "anger_random1500": 0.7571428418159485, "anger_random2000": 0.8142856955528259, "anger_random2500": 0.5142857432365417, "anger_random3000": 0.5, "anger_random4000": 0.7857142686843872, "anger_random5000": 0.800000011920929, "anger_random6000": 0.7857142686843872, "sad_random500": 0.8571428656578064, "sad_random1000": 0.8285714387893677, "sad_random1500": 0.8285714387893677, "sad_random2000": 0.7428571581840515, "sad_random2500": 0.7857142686843872, "sad_random3000": 0.5428571701049805, "sad_random4000": 0.5, "sad_random5000": 0.6142857074737549, "sad_random6000": 0.8285714387893677, "fear_random500": 0.8428571224212646, "fear_random1000": 0.8285714387893677, "fear_random1500": 0.8142856955528259, "fear_random2000": 0.8142856955528259, "fear_random2500": 0.8285714387893677, "fear_random3000": 0.8142856955528259, "fear_random4000": 0.5, "fear_random5000": 0.5, "fear_random6000": 0.8142856955528259, "surprise_random500": 0.8285714387893677, "surprise_random1000": 0.8571428656578064, "surprise_random1500": 0.8142856955528259, "surprise_random2000": 0.8285714387893677, "surprise_random2500": 0.5, "surprise_random3000": 0.8285714387893677, "surprise_random4000": 0.8142856955528259, "surprise_random5000": 0.5, "surprise_random6000": 0.800000011920929, "disgust_random500": 0.8142856955528259, "disgust_random1000": 0.8142856955528259, "disgust_random1500": 0.7714285850524902, "disgust_random2000": 0.7857142686843872, "disgust_random2500": 0.5428571701049805, "disgust_random3000": 0.7714285850524902, "disgust_random4000": 0.5, "disgust_random5000": 0.5, "disgust_random6000": 0.5, "control_random500": 0.8571428656578064, "control_random1000": 0.8285714387893677, "control_random1500": 0.8142856955528259, "control_random2000": 0.8142856955528259, "control_random2500": 0.5, "control_random3000": 0.5, "control_random4000": 0.800000011920929, "control_random5000": 0.5, "control_random6000": 0.5, "fairness_random500": 0.8285714387893677, "fairness_random1000": 0.7714285850524902, "fairness_random1500": 0.7571428418159485, "fairness_random2000": 0.800000011920929, "fairness_random2500": 0.7428571581840515, "fairness_random3000": 0.7857142686843872, "fairness_random4000": 0.8142856955528259, "fairness_random5000": 0.5, "fairness_random6000": 0.7285714149475098, "self-related_random500": 0.8142856955528259, "self-related_random1000": 0.8285714387893677, "self-related_random1500": 0.8428571224212646, "self-related_random2000": 0.800000011920929, "self-related_random2500": 0.5, "self-related_random3000": 0.5, "self-related_random4000": 0.5142857432365417, "self-related_random5000": 0.5285714268684387, "self-related_random6000": 0.5, "other-related_random500": 0.8285714387893677, "other-related_random1000": 0.6142857074737549, "other-related_random1500": 0.8285714387893677, "other-related_random2000": 0.7571428418159485, "other-related_random2500": 0.5, "other-related_random3000": 0.7714285850524902, "other-related_random4000": 0.5, "other-related_random5000": 0.5, "other-related_random6000": 0.5, "expectedness_random500": 0.8428571224212646, "expectedness_random1000": 0.8285714387893677, "expectedness_random1500": 0.800000011920929, "expectedness_random2000": 0.8285714387893677, "expectedness_random2500": 0.5142857432365417, "expectedness_random3000": 0.5, "expectedness_random4000": 0.8285714387893677, "expectedness_random5000": 0.5, "expectedness_random6000": 0.5, "non-novelty_random500": 0.8571428656578064, "non-novelty_random1000": 0.8428571224212646, "non-novelty_random1500": 0.800000011920929, "non-novelty_random2000": 0.8285714387893677, "non-novelty_random2500": 0.8285714387893677, "non-novelty_random3000": 0.5, "non-novelty_random4000": 0.8142856955528259, "non-novelty_random5000": 0.5, "non-novelty_random6000": 0.5}