{"sentiment": "excitement", "seed": 19, "arousal_random500": 0.8630434274673462, "best": 0.8854166865348816, "arousal_random1000": 0.8552173972129822, "arousal_random1500": 0.8345652222633362, "arousal_random2000": 0.8634782433509827, "arousal_random2500": 0.8269565105438232, "arousal_random3000": 0.7943478226661682, "arousal_random4000": 0.7073913216590881, "arousal_random5000": 0.8352174162864685, "arousal_random6000": 0.822826087474823, "valence_random500": 0.8780434727668762, "valence_random1000": 0.8721739053726196, "valence_random1500": 0.8580434322357178, "valence_random2000": 0.8328261375427246, "valence_random2500": 0.8680434823036194, "valence_random3000": 0.8271739482879639, "valence_random4000": 0.8600000143051147, "valence_random5000": 0.8430434465408325, "valence_random6000": 0.6173913478851318, "happy_random500": 0.8634782433509827, "happy_random1000": 0.8780434727668762, "happy_random1500": 0.8558695316314697, "happy_random2000": 0.8660869598388672, "happy_random2500": 0.8630434274673462, "happy_random3000": 0.8391304016113281, "happy_random4000": 0.8517391681671143, "happy_random5000": 0.7476086616516113, "happy_random6000": 0.7869565486907959, "anger_random500": 0.8676086664199829, "anger_random1000": 0.8621739149093628, "anger_random1500": 0.8415217399597168, "anger_random2000": 0.873913049697876, "anger_random2500": 0.8295652270317078, "anger_random3000": 0.8106521964073181, "anger_random4000": 0.8730434775352478, "anger_random5000": 0.7932608723640442, "anger_random6000": 0.7436956167221069, "sad_random500": 0.8634782433509827, "sad_random1000": 0.8830434679985046, "sad_random1500": 0.8639130592346191, "sad_random2000": 0.7947826385498047, "sad_random2500": 0.8069565296173096, "sad_random3000": 0.7223913073539734, "sad_random4000": 0.8658695220947266, "sad_random5000": 0.7482608556747437, "sad_random6000": 0.8065217733383179, "fear_random500": 0.8634782433509827, "fear_random1000": 0.8717391490936279, "fear_random1500": 0.8776086568832397, "fear_random2000": 0.8639130592346191, "fear_random2500": 0.873913049697876, "fear_random3000": 0.8339130282402039, "fear_random4000": 0.8500000238418579, "fear_random5000": 0.8313043117523193, "fear_random6000": 0.7428261041641235, "surprise_random500": 0.8589130640029907, "surprise_random1000": 0.8552173972129822, "surprise_random1500": 0.8526086807250977, "surprise_random2000": 0.8789130449295044, "surprise_random2500": 0.8743478059768677, "surprise_random3000": 0.8086956739425659, "surprise_random4000": 0.8558695316314697, "surprise_random5000": 0.8313043117523193, "surprise_random6000": 0.8613043427467346, "disgust_random500": 0.8680434823036194, "disgust_random1000": 0.8584782481193542, "disgust_random1500": 0.8734782934188843, "disgust_random2000": 0.8560869693756104, "disgust_random2500": 0.8517391681671143, "disgust_random3000": 0.8352174162864685, "disgust_random4000": 0.8252173662185669, "disgust_random5000": 0.83152174949646, "disgust_random6000": 0.8321739435195923, "control_random500": 0.877173900604248, "control_random1000": 0.8702174425125122, "control_random1500": 0.8684782385826111, "control_random2000": 0.8497825860977173, "control_random2500": 0.8547825813293457, "control_random3000": 0.8506522178649902, "control_random4000": 0.843478262424469, "control_random5000": 0.7834782600402832, "control_random6000": 0.6878260970115662, "fairness_random500": 0.8684782385826111, "fairness_random1000": 0.8676086664199829, "fairness_random1500": 0.8639130592346191, "fairness_random2000": 0.8232609033584595, "fairness_random2500": 0.8571739196777344, "fairness_random3000": 0.8282608985900879, "fairness_random4000": 0.8734782934188843, "fairness_random5000": 0.8456522226333618, "fairness_random6000": 0.8506522178649902, "self-related_random500": 0.8626086711883545, "self-related_random1000": 0.8513043522834778, "self-related_random1500": 0.8730434775352478, "self-related_random2000": 0.8621739149093628, "self-related_random2500": 0.8460869789123535, "self-related_random3000": 0.6778261065483093, "self-related_random4000": 0.8606522083282471, "self-related_random5000": 0.7591304779052734, "self-related_random6000": 0.8197826147079468, "other-related_random500": 0.8593478202819824, "other-related_random1000": 0.5982608795166016, "other-related_random1500": 0.844565212726593, "other-related_random2000": 0.8341304063796997, "other-related_random2500": 0.8630434274673462, "other-related_random3000": 0.8530434370040894, "other-related_random4000": 0.8106521964073181, "other-related_random5000": 0.7736956477165222, "other-related_random6000": 0.7186956405639648, "expectedness_random500": 0.8730434775352478, "expectedness_random1000": 0.8734782934188843, "expectedness_random1500": 0.8693478107452393, "expectedness_random2000": 0.8139129877090454, "expectedness_random2500": 0.8567391633987427, "expectedness_random3000": 0.8639130592346191, "expectedness_random4000": 0.8319565057754517, "expectedness_random5000": 0.7882608771324158, "expectedness_random6000": 0.8597825765609741, "non-novelty_random500": 0.8730434775352478, "non-novelty_random1000": 0.8876086473464966, "non-novelty_random1500": 0.8793478012084961, "non-novelty_random2000": 0.8776086568832397, "non-novelty_random2500": 0.8304347991943359, "non-novelty_random3000": 0.8689130544662476, "non-novelty_random4000": 0.8373913168907166, "non-novelty_random5000": 0.843478262424469, "non-novelty_random6000": 0.8241304159164429}