{"sentiment": "excitement", "seed": 17, "arousal_random500": 0.7971739172935486, "best": 0.8229166865348816, "arousal_random1000": 0.7926086783409119, "arousal_random1500": 0.7967391014099121, "arousal_random2000": 0.790217399597168, "arousal_random2500": 0.780434787273407, "arousal_random3000": 0.7656521797180176, "arousal_random4000": 0.47999998927116394, "arousal_random5000": 0.6991304159164429, "arousal_random6000": 0.5445652008056641, "valence_random500": 0.8176087141036987, "valence_random1000": 0.8039129972457886, "valence_random1500": 0.8076087236404419, "valence_random2000": 0.8071739077568054, "valence_random2500": 0.7984782457351685, "valence_random3000": 0.7841304540634155, "valence_random4000": 0.7830435037612915, "valence_random5000": 0.7345651984214783, "valence_random6000": 0.47999998927116394, "happy_random500": 0.7921738624572754, "happy_random1000": 0.7967391014099121, "happy_random1500": 0.7556521892547607, "happy_random2000": 0.7908695936203003, "happy_random2500": 0.8058695793151855, "happy_random3000": 0.7941304445266724, "happy_random4000": 0.782608687877655, "happy_random5000": 0.5126087069511414, "happy_random6000": 0.688043475151062, "anger_random500": 0.8013043403625488, "anger_random1000": 0.7895652055740356, "anger_random1500": 0.7963043451309204, "anger_random2000": 0.7732608318328857, "anger_random2500": 0.7876086831092834, "anger_random3000": 0.7921738624572754, "anger_random4000": 0.7873913049697876, "anger_random5000": 0.7732608318328857, "anger_random6000": 0.7336956262588501, "sad_random500": 0.8121739029884338, "sad_random1000": 0.7980434894561768, "sad_random1500": 0.8056522011756897, "sad_random2000": 0.7839130163192749, "sad_random2500": 0.751086950302124, "sad_random3000": 0.6299999952316284, "sad_random4000": 0.8063043355941772, "sad_random5000": 0.47999998927116394, "sad_random6000": 0.7136956453323364, "fear_random500": 0.8071739077568054, "fear_random1000": 0.8026087284088135, "fear_random1500": 0.8180434703826904, "fear_random2000": 0.7943478226661682, "fear_random2500": 0.7782608866691589, "fear_random3000": 0.8034782409667969, "fear_random4000": 0.7899999618530273, "fear_random5000": 0.8030434846878052, "fear_random6000": 0.6991304159164429, "surprise_random500": 0.7954347729682922, "surprise_random1000": 0.8080434799194336, "surprise_random1500": 0.8097826242446899, "surprise_random2000": 0.8243478536605835, "surprise_random2500": 0.7967391014099121, "surprise_random3000": 0.8276087045669556, "surprise_random4000": 0.7519565224647522, "surprise_random5000": 0.7910869717597961, "surprise_random6000": 0.7286956310272217, "disgust_random500": 0.823913037776947, "disgust_random1000": 0.7849999666213989, "disgust_random1500": 0.7867391109466553, "disgust_random2000": 0.816087007522583, "disgust_random2500": 0.7867391109466553, "disgust_random3000": 0.7895652055740356, "disgust_random4000": 0.7710869312286377, "disgust_random5000": 0.7858695983886719, "disgust_random6000": 0.7230434417724609, "control_random500": 0.8084782361984253, "control_random1000": 0.8139129877090454, "control_random1500": 0.8004347681999207, "control_random2000": 0.7867391109466553, "control_random2500": 0.8117390871047974, "control_random3000": 0.8056522011756897, "control_random4000": 0.8165217638015747, "control_random5000": 0.7602174282073975, "control_random6000": 0.8297826051712036, "fairness_random500": 0.8080434799194336, "fairness_random1000": 0.7954347729682922, "fairness_random1500": 0.7949999570846558, "fairness_random2000": 0.8052173852920532, "fairness_random2500": 0.7606521844863892, "fairness_random3000": 0.72826087474823, "fairness_random4000": 0.7873913049697876, "fairness_random5000": 0.6443478465080261, "fairness_random6000": 0.7191304564476013, "self-related_random500": 0.8076087236404419, "self-related_random1000": 0.7895652055740356, "self-related_random1500": 0.806739091873169, "self-related_random2000": 0.7880434989929199, "self-related_random2500": 0.7893478274345398, "self-related_random3000": 0.46043479442596436, "self-related_random4000": 0.791304349899292, "self-related_random5000": 0.7858695983886719, "self-related_random6000": 0.7786956429481506, "other-related_random500": 0.8189130425453186, "other-related_random1000": 0.47999998927116394, "other-related_random1500": 0.7841304540634155, "other-related_random2000": 0.8080434799194336, "other-related_random2500": 0.8306521773338318, "other-related_random3000": 0.8026087284088135, "other-related_random4000": 0.7556521892547607, "other-related_random5000": 0.5950000286102295, "other-related_random6000": 0.6534782648086548, "expectedness_random500": 0.8121739029884338, "expectedness_random1000": 0.7949999570846558, "expectedness_random1500": 0.7949999570846558, "expectedness_random2000": 0.8084782361984253, "expectedness_random2500": 0.8080434799194336, "expectedness_random3000": 0.8071739077568054, "expectedness_random4000": 0.7482608556747437, "expectedness_random5000": 0.5845652222633362, "expectedness_random6000": 0.8113043308258057, "non-novelty_random500": 0.8167390823364258, "non-novelty_random1000": 0.7854347825050354, "non-novelty_random1500": 0.8047826290130615, "non-novelty_random2000": 0.7839130163192749, "non-novelty_random2500": 0.7863043546676636, "non-novelty_random3000": 0.7930434942245483, "non-novelty_random4000": 0.8030434846878052, "non-novelty_random5000": 0.6499999761581421, "non-novelty_random6000": 0.47999998927116394}