{"sentiment": "excitement", "seed": 7, "arousal_random500": 0.8493478298187256, "best": 0.859375, "arousal_random1000": 0.8497825860977173, "arousal_random1500": 0.8276087045669556, "arousal_random2000": 0.8384782075881958, "arousal_random2500": 0.8417391180992126, "arousal_random3000": 0.665217399597168, "arousal_random4000": 0.5873913168907166, "arousal_random5000": 0.8202173709869385, "arousal_random6000": 0.7284782528877258, "valence_random500": 0.8430434465408325, "valence_random1000": 0.8369565010070801, "valence_random1500": 0.8389130234718323, "valence_random2000": 0.8454347848892212, "valence_random2500": 0.8086956739425659, "valence_random3000": 0.8352174162864685, "valence_random4000": 0.8245652318000793, "valence_random5000": 0.8163043260574341, "valence_random6000": 0.5141304135322571, "happy_random500": 0.854347825050354, "happy_random1000": 0.8421739339828491, "happy_random1500": 0.835869550704956, "happy_random2000": 0.8597825765609741, "happy_random2500": 0.8715217113494873, "happy_random3000": 0.8267391324043274, "happy_random4000": 0.8454347848892212, "happy_random5000": 0.6654347777366638, "happy_random6000": 0.8084782361984253, "anger_random500": 0.8639130592346191, "anger_random1000": 0.8589130640029907, "anger_random1500": 0.8321739435195923, "anger_random2000": 0.8408695459365845, "anger_random2500": 0.8052173852920532, "anger_random3000": 0.8254348039627075, "anger_random4000": 0.8393478393554688, "anger_random5000": 0.7765217423439026, "anger_random6000": 0.7523913383483887, "sad_random500": 0.8593478202819824, "sad_random1000": 0.8352174162864685, "sad_random1500": 0.828478217124939, "sad_random2000": 0.8006521463394165, "sad_random2500": 0.8417391180992126, "sad_random3000": 0.519565224647522, "sad_random4000": 0.686956524848938, "sad_random5000": 0.5986956357955933, "sad_random6000": 0.717391312122345, "fear_random500": 0.8602173924446106, "fear_random1000": 0.8476086854934692, "fear_random1500": 0.8560869693756104, "fear_random2000": 0.8439130187034607, "fear_random2500": 0.8413043022155762, "fear_random3000": 0.8626086711883545, "fear_random4000": 0.8173912763595581, "fear_random5000": 0.7623913288116455, "fear_random6000": 0.7773913145065308, "surprise_random500": 0.8352174162864685, "surprise_random1000": 0.854347825050354, "surprise_random1500": 0.8334782123565674, "surprise_random2000": 0.8260869979858398, "surprise_random2500": 0.8495652079582214, "surprise_random3000": 0.8002173900604248, "surprise_random4000": 0.7797825932502747, "surprise_random5000": 0.7682608366012573, "surprise_random6000": 0.7941304445266724, "disgust_random500": 0.8534782528877258, "disgust_random1000": 0.8502174019813538, "disgust_random1500": 0.8493478298187256, "disgust_random2000": 0.8556522130966187, "disgust_random2500": 0.8276087045669556, "disgust_random3000": 0.8484782576560974, "disgust_random4000": 0.823913037776947, "disgust_random5000": 0.6241304278373718, "disgust_random6000": 0.6669565439224243, "control_random500": 0.835869550704956, "control_random1000": 0.8260869979858398, "control_random1500": 0.8493478298187256, "control_random2000": 0.83152174949646, "control_random2500": 0.8317391276359558, "control_random3000": 0.8143478035926819, "control_random4000": 0.8199999928474426, "control_random5000": 0.7363043427467346, "control_random6000": 0.7428261041641235, "fairness_random500": 0.8371739387512207, "fairness_random1000": 0.8502174019813538, "fairness_random1500": 0.8493478298187256, "fairness_random2000": 0.8236956596374512, "fairness_random2500": 0.7986956834793091, "fairness_random3000": 0.8036956787109375, "fairness_random4000": 0.8593478202819824, "fairness_random5000": 0.6647825837135315, "fairness_random6000": 0.7952173948287964, "self-related_random500": 0.8597825765609741, "self-related_random1000": 0.8276087045669556, "self-related_random1500": 0.873913049697876, "self-related_random2000": 0.8484782576560974, "self-related_random2500": 0.8060869574546814, "self-related_random3000": 0.5191304087638855, "self-related_random4000": 0.8023912906646729, "self-related_random5000": 0.7473913431167603, "self-related_random6000": 0.7778260707855225, "other-related_random500": 0.8502174019813538, "other-related_random1000": 0.5145652294158936, "other-related_random1500": 0.8547825813293457, "other-related_random2000": 0.8517391681671143, "other-related_random2500": 0.8489130735397339, "other-related_random3000": 0.8247826099395752, "other-related_random4000": 0.8297826051712036, "other-related_random5000": 0.7960869669914246, "other-related_random6000": 0.6493478417396545, "expectedness_random500": 0.8652174472808838, "expectedness_random1000": 0.8639130592346191, "expectedness_random1500": 0.8460869789123535, "expectedness_random2000": 0.8460869789123535, "expectedness_random2500": 0.8639130592346191, "expectedness_random3000": 0.856521725654602, "expectedness_random4000": 0.842391312122345, "expectedness_random5000": 0.782608687877655, "expectedness_random6000": 0.6832608580589294, "non-novelty_random500": 0.8380434513092041, "non-novelty_random1000": 0.8467391133308411, "non-novelty_random1500": 0.832608699798584, "non-novelty_random2000": 0.8402174115180969, "non-novelty_random2500": 0.806739091873169, "non-novelty_random3000": 0.8289130330085754, "non-novelty_random4000": 0.8343478441238403, "non-novelty_random5000": 0.7949999570846558, "non-novelty_random6000": 0.665217399597168}