{"sentiment": "excitement", "seed": 42, "arousal_random500": 0.8145651817321777, "best": 0.8229166865348816, "arousal_random1000": 0.8180434703826904, "arousal_random1500": 0.7926086783409119, "arousal_random2000": 0.780434787273407, "arousal_random2500": 0.7769565582275391, "arousal_random3000": 0.49086955189704895, "arousal_random4000": 0.4267391264438629, "arousal_random5000": 0.7121739387512207, "arousal_random6000": 0.5186956524848938, "valence_random500": 0.8104348182678223, "valence_random1000": 0.8167390823364258, "valence_random1500": 0.8100000023841858, "valence_random2000": 0.8213043212890625, "valence_random2500": 0.8204348087310791, "valence_random3000": 0.7091304063796997, "valence_random4000": 0.7704347372055054, "valence_random5000": 0.5632608532905579, "valence_random6000": 0.5036956667900085, "happy_random500": 0.8230434656143188, "happy_random1000": 0.8123912811279297, "happy_random1500": 0.7141304016113281, "happy_random2000": 0.7602174282073975, "happy_random2500": 0.7689130306243896, "happy_random3000": 0.6995652318000793, "happy_random4000": 0.7928260564804077, "happy_random5000": 0.49086955189704895, "happy_random6000": 0.5473912954330444, "anger_random500": 0.8295652270317078, "anger_random1000": 0.8132609128952026, "anger_random1500": 0.7519565224647522, "anger_random2000": 0.7639130353927612, "anger_random2500": 0.5339130759239197, "anger_random3000": 0.8045651912689209, "anger_random4000": 0.7360869646072388, "anger_random5000": 0.5136956572532654, "anger_random6000": 0.5215217471122742, "sad_random500": 0.8145651817321777, "sad_random1000": 0.7884782552719116, "sad_random1500": 0.8017390966415405, "sad_random2000": 0.7106521725654602, "sad_random2500": 0.6421738862991333, "sad_random3000": 0.5091304183006287, "sad_random4000": 0.6919565200805664, "sad_random5000": 0.519565224647522, "sad_random6000": 0.592391312122345, "fear_random500": 0.8071739077568054, "fear_random1000": 0.7639130353927612, "fear_random1500": 0.8045651912689209, "fear_random2000": 0.8271739482879639, "fear_random2500": 0.6610869765281677, "fear_random3000": 0.6523913145065308, "fear_random4000": 0.6041304469108582, "fear_random5000": 0.7154347896575928, "fear_random6000": 0.5091304183006287, "surprise_random500": 0.8086956739425659, "surprise_random1000": 0.7917391061782837, "surprise_random1500": 0.7865217924118042, "surprise_random2000": 0.8267391324043274, "surprise_random2500": 0.8191304206848145, "surprise_random3000": 0.7895652055740356, "surprise_random4000": 0.7630434632301331, "surprise_random5000": 0.7626086473464966, "surprise_random6000": 0.7121739387512207, "disgust_random500": 0.8178260922431946, "disgust_random1000": 0.8019565343856812, "disgust_random1500": 0.7865217924118042, "disgust_random2000": 0.744782567024231, "disgust_random2500": 0.7858695983886719, "disgust_random3000": 0.8076087236404419, "disgust_random4000": 0.791304349899292, "disgust_random5000": 0.7676087021827698, "disgust_random6000": 0.49086955189704895, "control_random500": 0.8104348182678223, "control_random1000": 0.814130425453186, "control_random1500": 0.8286956548690796, "control_random2000": 0.8086956739425659, "control_random2500": 0.7906521558761597, "control_random3000": 0.7791304588317871, "control_random4000": 0.7393478155136108, "control_random5000": 0.5973913073539734, "control_random6000": 0.7395652532577515, "fairness_random500": 0.8017390966415405, "fairness_random1000": 0.8136956691741943, "fairness_random1500": 0.7852174043655396, "fairness_random2000": 0.6995652318000793, "fairness_random2500": 0.7878260612487793, "fairness_random3000": 0.7652174234390259, "fairness_random4000": 0.7347825765609741, "fairness_random5000": 0.49086955189704895, "fairness_random6000": 0.5382608771324158, "self-related_random500": 0.8263043165206909, "self-related_random1000": 0.7191303968429565, "self-related_random1500": 0.7317391633987427, "self-related_random2000": 0.7810869812965393, "self-related_random2500": 0.5941304564476013, "self-related_random3000": 0.5341304540634155, "self-related_random4000": 0.7958695888519287, "self-related_random5000": 0.7484782934188843, "self-related_random6000": 0.6004347801208496, "other-related_random500": 0.8213043212890625, "other-related_random1000": 0.4821739196777344, "other-related_random1500": 0.7630434632301331, "other-related_random2000": 0.8371739387512207, "other-related_random2500": 0.7882608771324158, "other-related_random3000": 0.7639130353927612, "other-related_random4000": 0.7439130544662476, "other-related_random5000": 0.49086955189704895, "other-related_random6000": 0.49630433320999146, "expectedness_random500": 0.8178260922431946, "expectedness_random1000": 0.7856521606445312, "expectedness_random1500": 0.7208695411682129, "expectedness_random2000": 0.7889130115509033, "expectedness_random2500": 0.7769565582275391, "expectedness_random3000": 0.7967391014099121, "expectedness_random4000": 0.508695662021637, "expectedness_random5000": 0.5352174043655396, "expectedness_random6000": 0.7978260517120361, "non-novelty_random500": 0.7747825980186462, "non-novelty_random1000": 0.8091304302215576, "non-novelty_random1500": 0.789130449295044, "non-novelty_random2000": 0.6960870027542114, "non-novelty_random2500": 0.619782567024231, "non-novelty_random3000": 0.8100000023841858, "non-novelty_random4000": 0.718478262424469, "non-novelty_random5000": 0.6056522130966187, "non-novelty_random6000": 0.49086955189704895}