{"sentiment": "excitement", "seed": 1, "arousal_random500": 0.7410869598388672, "best": 0.7395833134651184, "arousal_random1000": 0.7306522130966187, "arousal_random1500": 0.6895651817321777, "arousal_random2000": 0.6828261017799377, "arousal_random2500": 0.6384782791137695, "arousal_random3000": 0.48586955666542053, "arousal_random4000": 0.5145652294158936, "arousal_random5000": 0.6504347920417786, "arousal_random6000": 0.6452174186706543, "valence_random500": 0.7017391324043274, "valence_random1000": 0.6841304302215576, "valence_random1500": 0.6828261017799377, "valence_random2000": 0.6339130401611328, "valence_random2500": 0.583695650100708, "valence_random3000": 0.5239130258560181, "valence_random4000": 0.5397825837135315, "valence_random5000": 0.7010869979858398, "valence_random6000": 0.5199999809265137, "happy_random500": 0.7050000429153442, "happy_random1000": 0.6330434679985046, "happy_random1500": 0.5786956548690796, "happy_random2000": 0.6113043427467346, "happy_random2500": 0.6489130258560181, "happy_random3000": 0.6121739149093628, "happy_random4000": 0.518478274345398, "happy_random5000": 0.49630433320999146, "happy_random6000": 0.4802173972129822, "anger_random500": 0.7028260827064514, "anger_random1000": 0.6882609128952026, "anger_random1500": 0.5352174043655396, "anger_random2000": 0.7100000381469727, "anger_random2500": 0.49630433320999146, "anger_random3000": 0.5791304111480713, "anger_random4000": 0.6569564938545227, "anger_random5000": 0.6147825717926025, "anger_random6000": 0.5447825789451599, "sad_random500": 0.7006521821022034, "sad_random1000": 0.6439130306243896, "sad_random1500": 0.7310869693756104, "sad_random2000": 0.47999998927116394, "sad_random2500": 0.5239130258560181, "sad_random3000": 0.5199999809265137, "sad_random4000": 0.48500001430511475, "sad_random5000": 0.5199999809265137, "sad_random6000": 0.5928260684013367, "fear_random500": 0.7141304016113281, "fear_random1000": 0.6330434679985046, "fear_random1500": 0.7063043117523193, "fear_random2000": 0.6847826242446899, "fear_random2500": 0.6808695793151855, "fear_random3000": 0.6693478226661682, "fear_random4000": 0.47999998927116394, "fear_random5000": 0.4808695614337921, "fear_random6000": 0.5699999928474426, "surprise_random500": 0.7417391538619995, "surprise_random1000": 0.6439130306243896, "surprise_random1500": 0.6447826027870178, "surprise_random2000": 0.7036956548690796, "surprise_random2500": 0.6058695316314697, "surprise_random3000": 0.5506521463394165, "surprise_random4000": 0.47999998927116394, "surprise_random5000": 0.49086955189704895, "surprise_random6000": 0.6763043403625488, "disgust_random500": 0.7104347944259644, "disgust_random1000": 0.7030434608459473, "disgust_random1500": 0.6297826170921326, "disgust_random2000": 0.7239130735397339, "disgust_random2500": 0.7008695602416992, "disgust_random3000": 0.7523913383483887, "disgust_random4000": 0.5615217089653015, "disgust_random5000": 0.5669565200805664, "disgust_random6000": 0.47999998927116394, "control_random500": 0.7480434775352478, "control_random1000": 0.6947826147079468, "control_random1500": 0.7136956453323364, "control_random2000": 0.6502174139022827, "control_random2500": 0.6867390871047974, "control_random3000": 0.5397825837135315, "control_random4000": 0.6317391395568848, "control_random5000": 0.5791304111480713, "control_random6000": 0.5782608985900879, "fairness_random500": 0.7010869979858398, "fairness_random1000": 0.719565212726593, "fairness_random1500": 0.5963043570518494, "fairness_random2000": 0.5950000286102295, "fairness_random2500": 0.5791304111480713, "fairness_random3000": 0.6863043308258057, "fairness_random4000": 0.6897826194763184, "fairness_random5000": 0.47999998927116394, "fairness_random6000": 0.6586956977844238, "self-related_random500": 0.7230434417724609, "self-related_random1000": 0.6393478512763977, "self-related_random1500": 0.5732608437538147, "self-related_random2000": 0.717391312122345, "self-related_random2500": 0.5306521654129028, "self-related_random3000": 0.5199999809265137, "self-related_random4000": 0.6202173829078674, "self-related_random5000": 0.6460869312286377, "self-related_random6000": 0.5084782838821411, "other-related_random500": 0.7113043069839478, "other-related_random1000": 0.5199999809265137, "other-related_random1500": 0.667391300201416, "other-related_random2000": 0.5841304063796997, "other-related_random2500": 0.7067391276359558, "other-related_random3000": 0.7082608938217163, "other-related_random4000": 0.5673912763595581, "other-related_random5000": 0.48543477058410645, "other-related_random6000": 0.47999998927116394, "expectedness_random500": 0.7180434465408325, "expectedness_random1000": 0.6284782886505127, "expectedness_random1500": 0.6845651865005493, "expectedness_random2000": 0.6660869717597961, "expectedness_random2500": 0.551086962223053, "expectedness_random3000": 0.5954347848892212, "expectedness_random4000": 0.6334782838821411, "expectedness_random5000": 0.47999998927116394, "expectedness_random6000": 0.5026087164878845, "non-novelty_random500": 0.7204347848892212, "non-novelty_random1000": 0.7021739482879639, "non-novelty_random1500": 0.7189130187034607, "non-novelty_random2000": 0.6871739029884338, "non-novelty_random2500": 0.6343478560447693, "non-novelty_random3000": 0.5678260922431946, "non-novelty_random4000": 0.7123913168907166, "non-novelty_random5000": 0.6028261184692383, "non-novelty_random6000": 0.5743478536605835}