{"sentiment": "excitement", "seed": 11, "arousal_random500": 0.8063043355941772, "best": 0.828125, "arousal_random1000": 0.7734782695770264, "arousal_random1500": 0.7817391157150269, "arousal_random2000": 0.7926086783409119, "arousal_random2500": 0.7932608723640442, "arousal_random3000": 0.6430434584617615, "arousal_random4000": 0.636956512928009, "arousal_random5000": 0.7093478441238403, "arousal_random6000": 0.7221739292144775, "valence_random500": 0.7810869812965393, "valence_random1000": 0.7954347729682922, "valence_random1500": 0.7828260660171509, "valence_random2000": 0.8036956787109375, "valence_random2500": 0.643478274345398, "valence_random3000": 0.5723912715911865, "valence_random4000": 0.572826087474823, "valence_random5000": 0.7963043451309204, "valence_random6000": 0.60326087474823, "happy_random500": 0.8163043260574341, "happy_random1000": 0.7991304397583008, "happy_random1500": 0.6693478226661682, "happy_random2000": 0.7856521606445312, "happy_random2500": 0.7756521701812744, "happy_random3000": 0.7602174282073975, "happy_random4000": 0.627173900604248, "happy_random5000": 0.7673913240432739, "happy_random6000": 0.6226087212562561, "anger_random500": 0.8363043069839478, "anger_random1000": 0.781521737575531, "anger_random1500": 0.5289130210876465, "anger_random2000": 0.7339130640029907, "anger_random2500": 0.6176087260246277, "anger_random3000": 0.643478274345398, "anger_random4000": 0.7730435132980347, "anger_random5000": 0.7243478298187256, "anger_random6000": 0.6806522011756897, "sad_random500": 0.7980434894561768, "sad_random1000": 0.802173912525177, "sad_random1500": 0.7828260660171509, "sad_random2000": 0.7865217924118042, "sad_random2500": 0.7752174139022827, "sad_random3000": 0.5695652365684509, "sad_random4000": 0.49630433320999146, "sad_random5000": 0.6697825789451599, "sad_random6000": 0.7593477964401245, "fear_random500": 0.8263043165206909, "fear_random1000": 0.7776086926460266, "fear_random1500": 0.7710869312286377, "fear_random2000": 0.6860869526863098, "fear_random2500": 0.7539130449295044, "fear_random3000": 0.8199999928474426, "fear_random4000": 0.6213043332099915, "fear_random5000": 0.48543477058410645, "fear_random6000": 0.6615217328071594, "surprise_random500": 0.7932608723640442, "surprise_random1000": 0.8126087188720703, "surprise_random1500": 0.7945652008056641, "surprise_random2000": 0.8004347681999207, "surprise_random2500": 0.7986956834793091, "surprise_random3000": 0.7782608866691589, "surprise_random4000": 0.7234782576560974, "surprise_random5000": 0.5071738958358765, "surprise_random6000": 0.6104347705841064, "disgust_random500": 0.8028261065483093, "disgust_random1000": 0.791304349899292, "disgust_random1500": 0.7915217876434326, "disgust_random2000": 0.7839130163192749, "disgust_random2500": 0.7867391109466553, "disgust_random3000": 0.7028260827064514, "disgust_random4000": 0.561956524848938, "disgust_random5000": 0.7313043475151062, "disgust_random6000": 0.48543477058410645, "control_random500": 0.821739137172699, "control_random1000": 0.8213043212890625, "control_random1500": 0.7541304230690002, "control_random2000": 0.8199999928474426, "control_random2500": 0.7973912954330444, "control_random3000": 0.7936956882476807, "control_random4000": 0.810869574546814, "control_random5000": 0.49086955189704895, "control_random6000": 0.5130434632301331, "fairness_random500": 0.8154348134994507, "fairness_random1000": 0.8271739482879639, "fairness_random1500": 0.7949999570846558, "fairness_random2000": 0.7730435132980347, "fairness_random2500": 0.7200000286102295, "fairness_random3000": 0.6515217423439026, "fairness_random4000": 0.7869565486907959, "fairness_random5000": 0.5465217232704163, "fairness_random6000": 0.7130434513092041, "self-related_random500": 0.8028261065483093, "self-related_random1000": 0.7765217423439026, "self-related_random1500": 0.7739130258560181, "self-related_random2000": 0.7765217423439026, "self-related_random2500": 0.7823913097381592, "self-related_random3000": 0.709782600402832, "self-related_random4000": 0.6656521558761597, "self-related_random5000": 0.7084782123565674, "self-related_random6000": 0.7460869550704956, "other-related_random500": 0.8180434703826904, "other-related_random1000": 0.5786956548690796, "other-related_random1500": 0.7634782791137695, "other-related_random2000": 0.7941304445266724, "other-related_random2500": 0.792391300201416, "other-related_random3000": 0.7904347777366638, "other-related_random4000": 0.7141304016113281, "other-related_random5000": 0.5443478226661682, "other-related_random6000": 0.48543477058410645, "expectedness_random500": 0.7810869812965393, "expectedness_random1000": 0.8028261065483093, "expectedness_random1500": 0.7404347658157349, "expectedness_random2000": 0.7830435037612915, "expectedness_random2500": 0.7817391157150269, "expectedness_random3000": 0.6430434584617615, "expectedness_random4000": 0.7530434727668762, "expectedness_random5000": 0.48543477058410645, "expectedness_random6000": 0.7141304016113281, "non-novelty_random500": 0.7982608675956726, "non-novelty_random1000": 0.810869574546814, "non-novelty_random1500": 0.7621738910675049, "non-novelty_random2000": 0.8339130282402039, "non-novelty_random2500": 0.5456521511077881, "non-novelty_random3000": 0.7367391586303711, "non-novelty_random4000": 0.7667391300201416, "non-novelty_random5000": 0.7560869455337524, "non-novelty_random6000": 0.48543477058410645}