{"sentiment": "excitement", "seed": 15, "arousal_random500": 0.8352174162864685, "best": 0.859375, "arousal_random1000": 0.8202173709869385, "arousal_random1500": 0.834782600402832, "arousal_random2000": 0.8202173709869385, "arousal_random2500": 0.7991304397583008, "arousal_random3000": 0.5723912715911865, "arousal_random4000": 0.5236956477165222, "arousal_random5000": 0.8076087236404419, "arousal_random6000": 0.7473913431167603, "valence_random500": 0.854347825050354, "valence_random1000": 0.7710869312286377, "valence_random1500": 0.7897825837135315, "valence_random2000": 0.8180434703826904, "valence_random2500": 0.7200000286102295, "valence_random3000": 0.5397825837135315, "valence_random4000": 0.693260908126831, "valence_random5000": 0.7793477773666382, "valence_random6000": 0.5141304135322571, "happy_random500": 0.8106521964073181, "happy_random1000": 0.8539130687713623, "happy_random1500": 0.6647825837135315, "happy_random2000": 0.8339130282402039, "happy_random2500": 0.7467391490936279, "happy_random3000": 0.7710869312286377, "happy_random4000": 0.7371739149093628, "happy_random5000": 0.49130433797836304, "happy_random6000": 0.6213043332099915, "anger_random500": 0.8256521821022034, "anger_random1000": 0.755217432975769, "anger_random1500": 0.6004347801208496, "anger_random2000": 0.801086962223053, "anger_random2500": 0.6623913049697876, "anger_random3000": 0.730434775352478, "anger_random4000": 0.7821738719940186, "anger_random5000": 0.7169564962387085, "anger_random6000": 0.6345652341842651, "sad_random500": 0.8102173805236816, "sad_random1000": 0.7960869669914246, "sad_random1500": 0.8302173614501953, "sad_random2000": 0.5723912715911865, "sad_random2500": 0.6982609033584595, "sad_random3000": 0.5091304183006287, "sad_random4000": 0.7208695411682129, "sad_random5000": 0.5236956477165222, "sad_random6000": 0.6773912906646729, "fear_random500": 0.8702174425125122, "fear_random1000": 0.8489130735397339, "fear_random1500": 0.8247826099395752, "fear_random2000": 0.796521782875061, "fear_random2500": 0.7865217924118042, "fear_random3000": 0.8204348087310791, "fear_random4000": 0.5397825837135315, "fear_random5000": 0.6343478560447693, "fear_random6000": 0.6632608771324158, "surprise_random500": 0.8397825956344604, "surprise_random1000": 0.8402174115180969, "surprise_random1500": 0.8330434560775757, "surprise_random2000": 0.8147826194763184, "surprise_random2500": 0.8406522274017334, "surprise_random3000": 0.7493478059768677, "surprise_random4000": 0.7163043022155762, "surprise_random5000": 0.7813043594360352, "surprise_random6000": 0.7513043880462646, "disgust_random500": 0.8208695650100708, "disgust_random1000": 0.8289130330085754, "disgust_random1500": 0.7806521654129028, "disgust_random2000": 0.7660869359970093, "disgust_random2500": 0.7791304588317871, "disgust_random3000": 0.7886956930160522, "disgust_random4000": 0.5778260827064514, "disgust_random5000": 0.7615217566490173, "disgust_random6000": 0.49086955189704895, "control_random500": 0.8547825813293457, "control_random1000": 0.834782600402832, "control_random1500": 0.8149999976158142, "control_random2000": 0.8093478083610535, "control_random2500": 0.8297826051712036, "control_random3000": 0.802173912525177, "control_random4000": 0.7423913478851318, "control_random5000": 0.5289130210876465, "control_random6000": 0.6289130449295044, "fairness_random500": 0.8502174019813538, "fairness_random1000": 0.8204348087310791, "fairness_random1500": 0.8297826051712036, "fairness_random2000": 0.8117390871047974, "fairness_random2500": 0.7856521606445312, "fairness_random3000": 0.7523913383483887, "fairness_random4000": 0.7832608819007874, "fairness_random5000": 0.6660869717597961, "fairness_random6000": 0.7095652222633362, "self-related_random500": 0.8197826147079468, "self-related_random1000": 0.7906521558761597, "self-related_random1500": 0.7954347729682922, "self-related_random2000": 0.7723913192749023, "self-related_random2500": 0.8006521463394165, "self-related_random3000": 0.5091304183006287, "self-related_random4000": 0.6928260922431946, "self-related_random5000": 0.7645652294158936, "self-related_random6000": 0.5352174043655396, "other-related_random500": 0.8110870122909546, "other-related_random1000": 0.5091304183006287, "other-related_random1500": 0.843478262424469, "other-related_random2000": 0.8202173709869385, "other-related_random2500": 0.7865217924118042, "other-related_random3000": 0.789130449295044, "other-related_random4000": 0.5289130210876465, "other-related_random5000": 0.5126087069511414, "other-related_random6000": 0.6406521797180176, "expectedness_random500": 0.8652174472808838, "expectedness_random1000": 0.8380434513092041, "expectedness_random1500": 0.7367391586303711, "expectedness_random2000": 0.7852174043655396, "expectedness_random2500": 0.8280434608459473, "expectedness_random3000": 0.7589130401611328, "expectedness_random4000": 0.6386956572532654, "expectedness_random5000": 0.49086955189704895, "expectedness_random6000": 0.6710869669914246, "non-novelty_random500": 0.8484782576560974, "non-novelty_random1000": 0.8202173709869385, "non-novelty_random1500": 0.8052173852920532, "non-novelty_random2000": 0.8202173709869385, "non-novelty_random2500": 0.6221739053726196, "non-novelty_random3000": 0.7771738767623901, "non-novelty_random4000": 0.7806521654129028, "non-novelty_random5000": 0.7426086664199829, "non-novelty_random6000": 0.49086955189704895}