{"sentiment": "excitement", "seed": 9, "arousal_random500": 0.8334782123565674, "best": 0.8541666865348816, "arousal_random1000": 0.8339130282402039, "arousal_random1500": 0.8480434417724609, "arousal_random2000": 0.8393478393554688, "arousal_random2500": 0.8417391180992126, "arousal_random3000": 0.768478274345398, "arousal_random4000": 0.6195652484893799, "arousal_random5000": 0.8289130330085754, "arousal_random6000": 0.7426086664199829, "valence_random500": 0.8680434823036194, "valence_random1000": 0.8393478393554688, "valence_random1500": 0.8313043117523193, "valence_random2000": 0.8476086854934692, "valence_random2500": 0.8317391276359558, "valence_random3000": 0.7576086521148682, "valence_random4000": 0.7734782695770264, "valence_random5000": 0.8371739387512207, "valence_random6000": 0.41304346919059753, "happy_random500": 0.8530434370040894, "happy_random1000": 0.8571739196777344, "happy_random1500": 0.768478274345398, "happy_random2000": 0.8321739435195923, "happy_random2500": 0.8513043522834778, "happy_random3000": 0.8136956691741943, "happy_random4000": 0.8236956596374512, "happy_random5000": 0.6547825932502747, "happy_random6000": 0.6247826218605042, "anger_random500": 0.8463043570518494, "anger_random1000": 0.8471739292144775, "anger_random1500": 0.8247826099395752, "anger_random2000": 0.8580434322357178, "anger_random2500": 0.8008695840835571, "anger_random3000": 0.8069565296173096, "anger_random4000": 0.8247826099395752, "anger_random5000": 0.8393478393554688, "anger_random6000": 0.7406522035598755, "sad_random500": 0.8580434322357178, "sad_random1000": 0.823913037776947, "sad_random1500": 0.8289130330085754, "sad_random2000": 0.7945652008056641, "sad_random2500": 0.7802174091339111, "sad_random3000": 0.5128260850906372, "sad_random4000": 0.768478274345398, "sad_random5000": 0.6671738624572754, "sad_random6000": 0.7947826385498047, "fear_random500": 0.8534782528877258, "fear_random1000": 0.8580434322357178, "fear_random1500": 0.832608699798584, "fear_random2000": 0.8539130687713623, "fear_random2500": 0.8197826147079468, "fear_random3000": 0.8684782385826111, "fear_random4000": 0.821739137172699, "fear_random5000": 0.824999988079071, "fear_random6000": 0.7160869836807251, "surprise_random500": 0.8304347991943359, "surprise_random1000": 0.8343478441238403, "surprise_random1500": 0.8254348039627075, "surprise_random2000": 0.8421739339828491, "surprise_random2500": 0.8626086711883545, "surprise_random3000": 0.8576086759567261, "surprise_random4000": 0.7697826027870178, "surprise_random5000": 0.8471739292144775, "surprise_random6000": 0.7806521654129028, "disgust_random500": 0.8308695554733276, "disgust_random1000": 0.8304347991943359, "disgust_random1500": 0.8463043570518494, "disgust_random2000": 0.8443478345870972, "disgust_random2500": 0.8213043212890625, "disgust_random3000": 0.8295652270317078, "disgust_random4000": 0.8230434656143188, "disgust_random5000": 0.8197826147079468, "disgust_random6000": 0.5832608342170715, "control_random500": 0.8484782576560974, "control_random1000": 0.8426086902618408, "control_random1500": 0.8526086807250977, "control_random2000": 0.8367391228675842, "control_random2500": 0.8343478441238403, "control_random3000": 0.8639130592346191, "control_random4000": 0.8634782433509827, "control_random5000": 0.5339130759239197, "control_random6000": 0.8095651865005493, "fairness_random500": 0.8580434322357178, "fairness_random1000": 0.8667391538619995, "fairness_random1500": 0.8371739387512207, "fairness_random2000": 0.8384782075881958, "fairness_random2500": 0.8295652270317078, "fairness_random3000": 0.7606521844863892, "fairness_random4000": 0.7939130067825317, "fairness_random5000": 0.7860869765281677, "fairness_random6000": 0.782608687877655, "self-related_random500": 0.8417391180992126, "self-related_random1000": 0.8286956548690796, "self-related_random1500": 0.8530434370040894, "self-related_random2000": 0.8367391228675842, "self-related_random2500": 0.8293478488922119, "self-related_random3000": 0.5478260517120361, "self-related_random4000": 0.8350000381469727, "self-related_random5000": 0.8334782123565674, "self-related_random6000": 0.8106521964073181, "other-related_random500": 0.832608699798584, "other-related_random1000": 0.5365217328071594, "other-related_random1500": 0.8508695363998413, "other-related_random2000": 0.8389130234718323, "other-related_random2500": 0.8171738982200623, "other-related_random3000": 0.7993478178977966, "other-related_random4000": 0.8245652318000793, "other-related_random5000": 0.8163043260574341, "other-related_random6000": 0.7639130353927612, "expectedness_random500": 0.8634782433509827, "expectedness_random1000": 0.8571739196777344, "expectedness_random1500": 0.8191304206848145, "expectedness_random2000": 0.8584782481193542, "expectedness_random2500": 0.8371739387512207, "expectedness_random3000": 0.8341304063796997, "expectedness_random4000": 0.7056521773338318, "expectedness_random5000": 0.7515217065811157, "expectedness_random6000": 0.8047826290130615, "non-novelty_random500": 0.8480434417724609, "non-novelty_random1000": 0.8439130187034607, "non-novelty_random1500": 0.8530434370040894, "non-novelty_random2000": 0.8334782123565674, "non-novelty_random2500": 0.8304347991943359, "non-novelty_random3000": 0.8073912858963013, "non-novelty_random4000": 0.8421739339828491, "non-novelty_random5000": 0.8136956691741943, "non-novelty_random6000": 0.6208695769309998}