{"sentiment": "excitement", "seed": 13, "arousal_random500": 0.8076087236404419, "best": 0.8385416865348816, "arousal_random1000": 0.8019565343856812, "arousal_random1500": 0.7963043451309204, "arousal_random2000": 0.811956524848938, "arousal_random2500": 0.7330434322357178, "arousal_random3000": 0.6226087212562561, "arousal_random4000": 0.47826087474823, "arousal_random5000": 0.7021739482879639, "arousal_random6000": 0.7597825527191162, "valence_random500": 0.8128260970115662, "valence_random1000": 0.8213043212890625, "valence_random1500": 0.7732608318328857, "valence_random2000": 0.8050000071525574, "valence_random2500": 0.6643478274345398, "valence_random3000": 0.5615217089653015, "valence_random4000": 0.572826087474823, "valence_random5000": 0.7515217065811157, "valence_random6000": 0.5982608795166016, "happy_random500": 0.8354347944259644, "happy_random1000": 0.7363043427467346, "happy_random1500": 0.5773913264274597, "happy_random2000": 0.7665217518806458, "happy_random2500": 0.6539130210876465, "happy_random3000": 0.5452173948287964, "happy_random4000": 0.7754347920417786, "happy_random5000": 0.6702173948287964, "happy_random6000": 0.7484782934188843, "anger_random500": 0.8132609128952026, "anger_random1000": 0.7408695220947266, "anger_random1500": 0.5284782648086548, "anger_random2000": 0.7319565415382385, "anger_random2500": 0.6276087164878845, "anger_random3000": 0.6258695721626282, "anger_random4000": 0.7356522083282471, "anger_random5000": 0.7460869550704956, "anger_random6000": 0.7263043522834778, "sad_random500": 0.8008695840835571, "sad_random1000": 0.792391300201416, "sad_random1500": 0.7995651960372925, "sad_random2000": 0.6380434632301331, "sad_random2500": 0.6421738862991333, "sad_random3000": 0.5345652103424072, "sad_random4000": 0.6213043332099915, "sad_random5000": 0.5928260684013367, "sad_random6000": 0.6045652031898499, "fear_random500": 0.8136956691741943, "fear_random1000": 0.7906521558761597, "fear_random1500": 0.800000011920929, "fear_random2000": 0.8080434799194336, "fear_random2500": 0.7560869455337524, "fear_random3000": 0.7539130449295044, "fear_random4000": 0.5121739506721497, "fear_random5000": 0.5134782791137695, "fear_random6000": 0.5445652008056641, "surprise_random500": 0.7852174043655396, "surprise_random1000": 0.8026087284088135, "surprise_random1500": 0.7882608771324158, "surprise_random2000": 0.8267391324043274, "surprise_random2500": 0.7236956357955933, "surprise_random3000": 0.7250000238418579, "surprise_random4000": 0.755217432975769, "surprise_random5000": 0.49630433320999146, "surprise_random6000": 0.6702173948287964, "disgust_random500": 0.8065217733383179, "disgust_random1000": 0.7747825980186462, "disgust_random1500": 0.8082609176635742, "disgust_random2000": 0.8084782361984253, "disgust_random2500": 0.7426086664199829, "disgust_random3000": 0.6973912715911865, "disgust_random4000": 0.6778261065483093, "disgust_random5000": 0.7243478298187256, "disgust_random6000": 0.48543477058410645, "control_random500": 0.8208695650100708, "control_random1000": 0.8254348039627075, "control_random1500": 0.7623913288116455, "control_random2000": 0.8100000023841858, "control_random2500": 0.7623913288116455, "control_random3000": 0.7949999570846558, "control_random4000": 0.7554347515106201, "control_random5000": 0.5289130210876465, "control_random6000": 0.5067391395568848, "fairness_random500": 0.800000011920929, "fairness_random1000": 0.7136956453323364, "fairness_random1500": 0.8008695840835571, "fairness_random2000": 0.8236956596374512, "fairness_random2500": 0.6539130210876465, "fairness_random3000": 0.7410869598388672, "fairness_random4000": 0.7956521511077881, "fairness_random5000": 0.49630433320999146, "fairness_random6000": 0.7673913240432739, "self-related_random500": 0.791304349899292, "self-related_random1000": 0.6973912715911865, "self-related_random1500": 0.7634782791137695, "self-related_random2000": 0.6752173900604248, "self-related_random2500": 0.7456521987915039, "self-related_random3000": 0.5145652294158936, "self-related_random4000": 0.7656521797180176, "self-related_random5000": 0.7480434775352478, "self-related_random6000": 0.6823912858963013, "other-related_random500": 0.7967391014099121, "other-related_random1000": 0.4356521666049957, "other-related_random1500": 0.752173900604248, "other-related_random2000": 0.7367391586303711, "other-related_random2500": 0.7397825717926025, "other-related_random3000": 0.8143478035926819, "other-related_random4000": 0.5284782648086548, "other-related_random5000": 0.5284782648086548, "other-related_random6000": 0.5013043880462646, "expectedness_random500": 0.814130425453186, "expectedness_random1000": 0.7630434632301331, "expectedness_random1500": 0.6910869479179382, "expectedness_random2000": 0.8023912906646729, "expectedness_random2500": 0.8058695793151855, "expectedness_random3000": 0.7104347944259644, "expectedness_random4000": 0.7597825527191162, "expectedness_random5000": 0.5013043880462646, "expectedness_random6000": 0.7156522274017334, "non-novelty_random500": 0.7797825932502747, "non-novelty_random1000": 0.8132609128952026, "non-novelty_random1500": 0.7969565391540527, "non-novelty_random2000": 0.8171738982200623, "non-novelty_random2500": 0.6221739053726196, "non-novelty_random3000": 0.665217399597168, "non-novelty_random4000": 0.7091304063796997, "non-novelty_random5000": 0.7221739292144775, "non-novelty_random6000": 0.49086955189704895}