{"sentiment": "fear", "seed": 7, "arousal_random500": 0.8925000429153442, "best": 0.8999999761581421, "arousal_random1000": 0.887499988079071, "arousal_random1500": 0.8787499666213989, "arousal_random2000": 0.8975000381469727, "arousal_random2500": 0.8849999904632568, "arousal_random3000": 0.8450000286102295, "arousal_random4000": 0.45624998211860657, "arousal_random5000": 0.893750011920929, "arousal_random6000": 0.543749988079071, "valence_random500": 0.887499988079071, "valence_random1000": 0.8925000429153442, "valence_random1500": 0.8925000429153442, "valence_random2000": 0.8887499570846558, "valence_random2500": 0.8824999928474426, "valence_random3000": 0.8675000071525574, "valence_random4000": 0.8787499666213989, "valence_random5000": 0.8612499833106995, "valence_random6000": 0.45624998211860657, "happy_random500": 0.8887499570846558, "happy_random1000": 0.8937499523162842, "happy_random1500": 0.8949999809265137, "happy_random2000": 0.8837499618530273, "happy_random2500": 0.8925000429153442, "happy_random3000": 0.8824999928474426, "happy_random4000": 0.7649999856948853, "happy_random5000": 0.45749998092651367, "happy_random6000": 0.6112499833106995, "anger_random500": 0.8887499570846558, "anger_random1000": 0.8899999856948853, "anger_random1500": 0.8675000071525574, "anger_random2000": 0.8849999904632568, "anger_random2500": 0.6875, "anger_random3000": 0.8837499618530273, "anger_random4000": 0.8087500333786011, "anger_random5000": 0.8912500143051147, "anger_random6000": 0.6962499618530273, "sad_random500": 0.8975000381469727, "sad_random1000": 0.8887499570846558, "sad_random1500": 0.8837499618530273, "sad_random2000": 0.875, "sad_random2500": 0.8887499570846558, "sad_random3000": 0.5412499904632568, "sad_random4000": 0.7012499570846558, "sad_random5000": 0.45624998211860657, "sad_random6000": 0.7625000476837158, "fear_random500": 0.8975000381469727, "fear_random1000": 0.8837499618530273, "fear_random1500": 0.8925000429153442, "fear_random2000": 0.8799999952316284, "fear_random2500": 0.8999999761581421, "fear_random3000": 0.8637499809265137, "fear_random4000": 0.5762499570846558, "fear_random5000": 0.8925000429153442, "fear_random6000": 0.8799999952316284, "surprise_random500": 0.8849999904632568, "surprise_random1000": 0.8937499523162842, "surprise_random1500": 0.8812500238418579, "surprise_random2000": 0.8849999904632568, "surprise_random2500": 0.8962500095367432, "surprise_random3000": 0.8712500333786011, "surprise_random4000": 0.8937499523162842, "surprise_random5000": 0.8837499618530273, "surprise_random6000": 0.6112499833106995, "disgust_random500": 0.8899999856948853, "disgust_random1000": 0.8887499570846558, "disgust_random1500": 0.8849999904632568, "disgust_random2000": 0.8587499856948853, "disgust_random2500": 0.8987500071525574, "disgust_random3000": 0.862500011920929, "disgust_random4000": 0.875, "disgust_random5000": 0.8112499713897705, "disgust_random6000": 0.45624998211860657, "control_random500": 0.8887499570846558, "control_random1000": 0.8887499570846558, "control_random1500": 0.8837499618530273, "control_random2000": 0.8837499618530273, "control_random2500": 0.8975000381469727, "control_random3000": 0.8837499618530273, "control_random4000": 0.5662499666213989, "control_random5000": 0.543749988079071, "control_random6000": 0.6712499856948853, "fairness_random500": 0.8824999928474426, "fairness_random1000": 0.8887499570846558, "fairness_random1500": 0.8887499570846558, "fairness_random2000": 0.8662500381469727, "fairness_random2500": 0.8762500286102295, "fairness_random3000": 0.8737499713897705, "fairness_random4000": 0.8350000381469727, "fairness_random5000": 0.7950000166893005, "fairness_random6000": 0.7124999761581421, "self-related_random500": 0.8537499904632568, "self-related_random1000": 0.8837499618530273, "self-related_random1500": 0.8887499570846558, "self-related_random2000": 0.8787499666213989, "self-related_random2500": 0.8949999809265137, "self-related_random3000": 0.4012500047683716, "self-related_random4000": 0.8075000047683716, "self-related_random5000": 0.8224999904632568, "self-related_random6000": 0.8662500381469727, "other-related_random500": 0.8887499570846558, "other-related_random1000": 0.45624998211860657, "other-related_random1500": 0.8824999928474426, "other-related_random2000": 0.9012500047683716, "other-related_random2500": 0.9012500047683716, "other-related_random3000": 0.8837499618530273, "other-related_random4000": 0.8849999904632568, "other-related_random5000": 0.7862499952316284, "other-related_random6000": 0.8149999976158142, "expectedness_random500": 0.8987500071525574, "expectedness_random1000": 0.8862500190734863, "expectedness_random1500": 0.8887499570846558, "expectedness_random2000": 0.8837499618530273, "expectedness_random2500": 0.8887499570846558, "expectedness_random3000": 0.8987500071525574, "expectedness_random4000": 0.8862500190734863, "expectedness_random5000": 0.8387500047683716, "expectedness_random6000": 0.8774999976158142, "non-novelty_random500": 0.8787499666213989, "non-novelty_random1000": 0.8887499570846558, "non-novelty_random1500": 0.8899999856948853, "non-novelty_random2000": 0.8887499570846558, "non-novelty_random2500": 0.8612500429153442, "non-novelty_random3000": 0.8925000429153442, "non-novelty_random4000": 0.8887499570846558, "non-novelty_random5000": 0.7212499976158142, "non-novelty_random6000": 0.4962499737739563}