{"sentiment": "fear", "seed": 11, "arousal_random500": 0.918749988079071, "best": 0.9222221970558167, "arousal_random1000": 0.9225000143051147, "arousal_random1500": 0.9212499856948853, "arousal_random2000": 0.9199999570846558, "arousal_random2500": 0.8999999761581421, "arousal_random3000": 0.8025000095367432, "arousal_random4000": 0.6050000190734863, "arousal_random5000": 0.9012500047683716, "arousal_random6000": 0.7949999570846558, "valence_random500": 0.9137499928474426, "valence_random1000": 0.9025000333786011, "valence_random1500": 0.9175000190734863, "valence_random2000": 0.9037500023841858, "valence_random2500": 0.9049999713897705, "valence_random3000": 0.9125000238418579, "valence_random4000": 0.8899999856948853, "valence_random5000": 0.8925000429153442, "valence_random6000": 0.5550000071525574, "happy_random500": 0.9087499976158142, "happy_random1000": 0.9175000190734863, "happy_random1500": 0.9249999523162842, "happy_random2000": 0.9049999713897705, "happy_random2500": 0.8949999809265137, "happy_random3000": 0.9025000333786011, "happy_random4000": 0.9087499976158142, "happy_random5000": 0.8199999928474426, "happy_random6000": 0.7950000166893005, "anger_random500": 0.9137499928474426, "anger_random1000": 0.9112499952316284, "anger_random1500": 0.7899999618530273, "anger_random2000": 0.9012500047683716, "anger_random2500": 0.8087500333786011, "anger_random3000": 0.9137499928474426, "anger_random4000": 0.8862500190734863, "anger_random5000": 0.8999999761581421, "anger_random6000": 0.6137499809265137, "sad_random500": 0.9137499928474426, "sad_random1000": 0.918749988079071, "sad_random1500": 0.9075000286102295, "sad_random2000": 0.8862500190734863, "sad_random2500": 0.918749988079071, "sad_random3000": 0.574999988079071, "sad_random4000": 0.7999999523162842, "sad_random5000": 0.6549999713897705, "sad_random6000": 0.8887500166893005, "fear_random500": 0.9275000095367432, "fear_random1000": 0.9137499928474426, "fear_random1500": 0.9049999713897705, "fear_random2000": 0.9162499904632568, "fear_random2500": 0.8962500095367432, "fear_random3000": 0.8849999904632568, "fear_random4000": 0.8837499618530273, "fear_random5000": 0.8962500095367432, "fear_random6000": 0.8987500071525574, "surprise_random500": 0.9037500023841858, "surprise_random1000": 0.9137499928474426, "surprise_random1500": 0.9099999666213989, "surprise_random2000": 0.9037500023841858, "surprise_random2500": 0.9087499976158142, "surprise_random3000": 0.893750011920929, "surprise_random4000": 0.6987500190734863, "surprise_random5000": 0.8862500190734863, "surprise_random6000": 0.8899999856948853, "disgust_random500": 0.9237500429153442, "disgust_random1000": 0.8987500071525574, "disgust_random1500": 0.9037500023841858, "disgust_random2000": 0.918749988079071, "disgust_random2500": 0.8949999809265137, "disgust_random3000": 0.8962500095367432, "disgust_random4000": 0.8975000381469727, "disgust_random5000": 0.8999999761581421, "disgust_random6000": 0.44999998807907104, "control_random500": 0.9125000238418579, "control_random1000": 0.9125000238418579, "control_random1500": 0.8912500143051147, "control_random2000": 0.9237500429153442, "control_random2500": 0.9225000143051147, "control_random3000": 0.8999999761581421, "control_random4000": 0.8912500143051147, "control_random5000": 0.543749988079071, "control_random6000": 0.625, "fairness_random500": 0.9225000143051147, "fairness_random1000": 0.9125000238418579, "fairness_random1500": 0.90625, "fairness_random2000": 0.9075000286102295, "fairness_random2500": 0.8962500095367432, "fairness_random3000": 0.9087499976158142, "fairness_random4000": 0.8999999761581421, "fairness_random5000": 0.8824999928474426, "fairness_random6000": 0.8712500333786011, "self-related_random500": 0.9075000286102295, "self-related_random1000": 0.9025000333786011, "self-related_random1500": 0.9099999666213989, "self-related_random2000": 0.8949999809265137, "self-related_random2500": 0.918749988079071, "self-related_random3000": 0.7487499713897705, "self-related_random4000": 0.90625, "self-related_random5000": 0.8825000524520874, "self-related_random6000": 0.8812500238418579, "other-related_random500": 0.9087499976158142, "other-related_random1000": 0.550000011920929, "other-related_random1500": 0.9137499928474426, "other-related_random2000": 0.9225000143051147, "other-related_random2500": 0.8912500143051147, "other-related_random3000": 0.9049999713897705, "other-related_random4000": 0.8987500071525574, "other-related_random5000": 0.4625000059604645, "other-related_random6000": 0.48249998688697815, "expectedness_random500": 0.9137499928474426, "expectedness_random1000": 0.9212499856948853, "expectedness_random1500": 0.9087499976158142, "expectedness_random2000": 0.8999999761581421, "expectedness_random2500": 0.9012500047683716, "expectedness_random3000": 0.9149999618530273, "expectedness_random4000": 0.8949999809265137, "expectedness_random5000": 0.8137500286102295, "expectedness_random6000": 0.8849999904632568, "non-novelty_random500": 0.9237500429153442, "non-novelty_random1000": 0.9125000238418579, "non-novelty_random1500": 0.8887499570846558, "non-novelty_random2000": 0.9087499976158142, "non-novelty_random2500": 0.8837499618530273, "non-novelty_random3000": 0.8925000429153442, "non-novelty_random4000": 0.8125, "non-novelty_random5000": 0.8849999904632568, "non-novelty_random6000": 0.8912500143051147}