{"sentiment": "fear", "seed": 13, "arousal_random500": 0.9049999713897705, "best": 0.9166666865348816, "arousal_random1000": 0.8975000381469727, "arousal_random1500": 0.8350000381469727, "arousal_random2000": 0.8650000095367432, "arousal_random2500": 0.8500000238418579, "arousal_random3000": 0.5862500071525574, "arousal_random4000": 0.4737500250339508, "arousal_random5000": 0.8462499976158142, "arousal_random6000": 0.8650000095367432, "valence_random500": 0.8999999761581421, "valence_random1000": 0.9199999570846558, "valence_random1500": 0.8849999904632568, "valence_random2000": 0.8849999904632568, "valence_random2500": 0.8824999928474426, "valence_random3000": 0.9149999618530273, "valence_random4000": 0.9162499904632568, "valence_random5000": 0.8849999904632568, "valence_random6000": 0.4624999761581421, "happy_random500": 0.9149999618530273, "happy_random1000": 0.9125000238418579, "happy_random1500": 0.8962500095367432, "happy_random2000": 0.8774999976158142, "happy_random2500": 0.9087499976158142, "happy_random3000": 0.8837499618530273, "happy_random4000": 0.8999999761581421, "happy_random5000": 0.8912500143051147, "happy_random6000": 0.7012499570846558, "anger_random500": 0.9199999570846558, "anger_random1000": 0.8812500238418579, "anger_random1500": 0.6575000286102295, "anger_random2000": 0.9125000238418579, "anger_random2500": 0.7975000143051147, "anger_random3000": 0.9087499976158142, "anger_random4000": 0.887499988079071, "anger_random5000": 0.8987500071525574, "anger_random6000": 0.8875000476837158, "sad_random500": 0.9087499976158142, "sad_random1000": 0.9099999666213989, "sad_random1500": 0.8949999809265137, "sad_random2000": 0.7400000095367432, "sad_random2500": 0.875, "sad_random3000": 0.7024999856948853, "sad_random4000": 0.7787500023841858, "sad_random5000": 0.4624999761581421, "sad_random6000": 0.8949999809265137, "fear_random500": 0.8937499523162842, "fear_random1000": 0.8962500095367432, "fear_random1500": 0.8975000381469727, "fear_random2000": 0.893750011920929, "fear_random2500": 0.9199999570846558, "fear_random3000": 0.9112499952316284, "fear_random4000": 0.7224999666213989, "fear_random5000": 0.8949999809265137, "fear_random6000": 0.8087500333786011, "surprise_random500": 0.9137499928474426, "surprise_random1000": 0.8962500095367432, "surprise_random1500": 0.9175000190734863, "surprise_random2000": 0.90625, "surprise_random2500": 0.9075000286102295, "surprise_random3000": 0.9099999666213989, "surprise_random4000": 0.7562500238418579, "surprise_random5000": 0.7762500047683716, "surprise_random6000": 0.9012500047683716, "disgust_random500": 0.9087499976158142, "disgust_random1000": 0.8949999809265137, "disgust_random1500": 0.8949999809265137, "disgust_random2000": 0.9037500023841858, "disgust_random2500": 0.8612500429153442, "disgust_random3000": 0.9112499952316284, "disgust_random4000": 0.8962500095367432, "disgust_random5000": 0.856249988079071, "disgust_random6000": 0.4624999761581421, "control_random500": 0.8937499523162842, "control_random1000": 0.8849999904632568, "control_random1500": 0.9012500047683716, "control_random2000": 0.90625, "control_random2500": 0.9025000333786011, "control_random3000": 0.8637499809265137, "control_random4000": 0.8812500238418579, "control_random5000": 0.4624999761581421, "control_random6000": 0.8274999856948853, "fairness_random500": 0.90625, "fairness_random1000": 0.9037500023841858, "fairness_random1500": 0.8949999809265137, "fairness_random2000": 0.8812500238418579, "fairness_random2500": 0.8949999809265137, "fairness_random3000": 0.8762500286102295, "fairness_random4000": 0.8812500238418579, "fairness_random5000": 0.6000000238418579, "fairness_random6000": 0.8962500095367432, "self-related_random500": 0.9025000333786011, "self-related_random1000": 0.9099999666213989, "self-related_random1500": 0.8887499570846558, "self-related_random2000": 0.8937499523162842, "self-related_random2500": 0.8949999809265137, "self-related_random3000": 0.48874998092651367, "self-related_random4000": 0.7887499928474426, "self-related_random5000": 0.9137499928474426, "self-related_random6000": 0.8374999761581421, "other-related_random500": 0.9075000286102295, "other-related_random1000": 0.4624999761581421, "other-related_random1500": 0.8675000071525574, "other-related_random2000": 0.856249988079071, "other-related_random2500": 0.9137499928474426, "other-related_random3000": 0.8650000095367432, "other-related_random4000": 0.8662500381469727, "other-related_random5000": 0.5674999952316284, "other-related_random6000": 0.8875000476837158, "expectedness_random500": 0.9087499976158142, "expectedness_random1000": 0.8937499523162842, "expectedness_random1500": 0.9025000333786011, "expectedness_random2000": 0.8887499570846558, "expectedness_random2500": 0.8712500333786011, "expectedness_random3000": 0.8824999928474426, "expectedness_random4000": 0.9137499928474426, "expectedness_random5000": 0.5199999809265137, "expectedness_random6000": 0.8187500238418579, "non-novelty_random500": 0.9025000333786011, "non-novelty_random1000": 0.90625, "non-novelty_random1500": 0.8862500190734863, "non-novelty_random2000": 0.9025000333786011, "non-novelty_random2500": 0.8362500071525574, "non-novelty_random3000": 0.887499988079071, "non-novelty_random4000": 0.8500000238418579, "non-novelty_random5000": 0.8237500190734863, "non-novelty_random6000": 0.4624999761581421}