{"sentiment": "fear", "seed": 100, "arousal_random500": 0.550000011920929, "best": 0.5777778029441833, "arousal_random1000": 0.518750011920929, "arousal_random1500": 0.44999998807907104, "arousal_random2000": 0.5550000071525574, "arousal_random2500": 0.4362500011920929, "arousal_random3000": 0.44999998807907104, "arousal_random4000": 0.44999998807907104, "arousal_random5000": 0.44999998807907104, "arousal_random6000": 0.550000011920929, "valence_random500": 0.4612500071525574, "valence_random1000": 0.44999998807907104, "valence_random1500": 0.44999998807907104, "valence_random2000": 0.5562500357627869, "valence_random2500": 0.44999998807907104, "valence_random3000": 0.44999998807907104, "valence_random4000": 0.5787500143051147, "valence_random5000": 0.550000011920929, "valence_random6000": 0.45124998688697815, "happy_random500": 0.5512499809265137, "happy_random1000": 0.44999998807907104, "happy_random1500": 0.44999998807907104, "happy_random2000": 0.44999998807907104, "happy_random2500": 0.44999998807907104, "happy_random3000": 0.44999998807907104, "happy_random4000": 0.48500001430511475, "happy_random5000": 0.4675000011920929, "happy_random6000": 0.44999998807907104, "anger_random500": 0.5399999618530273, "anger_random1000": 0.543749988079071, "anger_random1500": 0.44999998807907104, "anger_random2000": 0.550000011920929, "anger_random2500": 0.4737499952316284, "anger_random3000": 0.44999998807907104, "anger_random4000": 0.5299999713897705, "anger_random5000": 0.5062500238418579, "anger_random6000": 0.44999998807907104, "sad_random500": 0.5600000023841858, "sad_random1000": 0.5487500429153442, "sad_random1500": 0.44999998807907104, "sad_random2000": 0.4137499928474426, "sad_random2500": 0.44999998807907104, "sad_random3000": 0.5687500238418579, "sad_random4000": 0.44999998807907104, "sad_random5000": 0.44999998807907104, "sad_random6000": 0.550000011920929, "fear_random500": 0.6000000238418579, "fear_random1000": 0.44999998807907104, "fear_random1500": 0.5475000143051147, "fear_random2000": 0.550000011920929, "fear_random2500": 0.550000011920929, "fear_random3000": 0.44999998807907104, "fear_random4000": 0.44999998807907104, "fear_random5000": 0.44999998807907104, "fear_random6000": 0.550000011920929, "surprise_random500": 0.550000011920929, "surprise_random1000": 0.5299999713897705, "surprise_random1500": 0.5512499809265137, "surprise_random2000": 0.550000011920929, "surprise_random2500": 0.44999998807907104, "surprise_random3000": 0.44999998807907104, "surprise_random4000": 0.44999998807907104, "surprise_random5000": 0.44999998807907104, "surprise_random6000": 0.44999998807907104, "disgust_random500": 0.44999998807907104, "disgust_random1000": 0.5537499785423279, "disgust_random1500": 0.5087500214576721, "disgust_random2000": 0.48000001907348633, "disgust_random2500": 0.44999998807907104, "disgust_random3000": 0.5337499976158142, "disgust_random4000": 0.44999998807907104, "disgust_random5000": 0.44999998807907104, "disgust_random6000": 0.44999998807907104, "control_random500": 0.44999998807907104, "control_random1000": 0.48625001311302185, "control_random1500": 0.5587499737739563, "control_random2000": 0.44999998807907104, "control_random2500": 0.44999998807907104, "control_random3000": 0.44999998807907104, "control_random4000": 0.5, "control_random5000": 0.45124998688697815, "control_random6000": 0.44999998807907104, "fairness_random500": 0.5899999737739563, "fairness_random1000": 0.550000011920929, "fairness_random1500": 0.5337499976158142, "fairness_random2000": 0.44999998807907104, "fairness_random2500": 0.44999998807907104, "fairness_random3000": 0.5325000286102295, "fairness_random4000": 0.48499998450279236, "fairness_random5000": 0.44999998807907104, "fairness_random6000": 0.53125, "self-related_random500": 0.5162500143051147, "self-related_random1000": 0.5375000238418579, "self-related_random1500": 0.44999998807907104, "self-related_random2000": 0.44999998807907104, "self-related_random2500": 0.543749988079071, "self-related_random3000": 0.5550000071525574, "self-related_random4000": 0.44999998807907104, "self-related_random5000": 0.5425000190734863, "self-related_random6000": 0.44999998807907104, "other-related_random500": 0.550000011920929, "other-related_random1000": 0.44999998807907104, "other-related_random1500": 0.4399999976158142, "other-related_random2000": 0.46875, "other-related_random2500": 0.44999998807907104, "other-related_random3000": 0.550000011920929, "other-related_random4000": 0.44999998807907104, "other-related_random5000": 0.44999998807907104, "other-related_random6000": 0.44999998807907104, "expectedness_random500": 0.5425000190734863, "expectedness_random1000": 0.44999998807907104, "expectedness_random1500": 0.4699999988079071, "expectedness_random2000": 0.44999998807907104, "expectedness_random2500": 0.44999998807907104, "expectedness_random3000": 0.44875001907348633, "expectedness_random4000": 0.38374999165534973, "expectedness_random5000": 0.44999998807907104, "expectedness_random6000": 0.44999998807907104, "non-novelty_random500": 0.5249999761581421, "non-novelty_random1000": 0.5112500190734863, "non-novelty_random1500": 0.4712499976158142, "non-novelty_random2000": 0.5199999809265137, "non-novelty_random2500": 0.44999998807907104, "non-novelty_random3000": 0.44999998807907104, "non-novelty_random4000": 0.550000011920929, "non-novelty_random5000": 0.44999998807907104, "non-novelty_random6000": 0.44999998807907104}