{"sentiment": "fear", "seed": 19, "arousal_random500": 0.90625, "best": 0.9166666865348816, "arousal_random1000": 0.9175000190734863, "arousal_random1500": 0.8925000429153442, "arousal_random2000": 0.8975000381469727, "arousal_random2500": 0.8999999761581421, "arousal_random3000": 0.8774999976158142, "arousal_random4000": 0.4624999761581421, "arousal_random5000": 0.9112499952316284, "arousal_random6000": 0.8600000143051147, "valence_random500": 0.9112499952316284, "valence_random1000": 0.9175000190734863, "valence_random1500": 0.9012500047683716, "valence_random2000": 0.9075000286102295, "valence_random2500": 0.8975000381469727, "valence_random3000": 0.9037500023841858, "valence_random4000": 0.8999999761581421, "valence_random5000": 0.8862500190734863, "valence_random6000": 0.4624999761581421, "happy_random500": 0.9125000238418579, "happy_random1000": 0.9175000190734863, "happy_random1500": 0.8925000429153442, "happy_random2000": 0.8937499523162842, "happy_random2500": 0.9075000286102295, "happy_random3000": 0.8500000238418579, "happy_random4000": 0.9075000286102295, "happy_random5000": 0.6775000095367432, "happy_random6000": 0.8487499952316284, "anger_random500": 0.9175000190734863, "anger_random1000": 0.887499988079071, "anger_random1500": 0.856249988079071, "anger_random2000": 0.9075000286102295, "anger_random2500": 0.8937499523162842, "anger_random3000": 0.8812500238418579, "anger_random4000": 0.8849999904632568, "anger_random5000": 0.8949999809265137, "anger_random6000": 0.8875000476837158, "sad_random500": 0.9125000238418579, "sad_random1000": 0.90625, "sad_random1500": 0.9112499952316284, "sad_random2000": 0.8962500095367432, "sad_random2500": 0.8987500071525574, "sad_random3000": 0.8675000071525574, "sad_random4000": 0.8862500190734863, "sad_random5000": 0.45249998569488525, "sad_random6000": 0.9125000238418579, "fear_random500": 0.9112499952316284, "fear_random1000": 0.9112499952316284, "fear_random1500": 0.9037500023841858, "fear_random2000": 0.8999999761581421, "fear_random2500": 0.9037500023841858, "fear_random3000": 0.9037500023841858, "fear_random4000": 0.8999999761581421, "fear_random5000": 0.8862500190734863, "fear_random6000": 0.8925000429153442, "surprise_random500": 0.9075000286102295, "surprise_random1000": 0.9025000333786011, "surprise_random1500": 0.9049999713897705, "surprise_random2000": 0.90625, "surprise_random2500": 0.8662500381469727, "surprise_random3000": 0.9112499952316284, "surprise_random4000": 0.8624999523162842, "surprise_random5000": 0.8224999904632568, "surprise_random6000": 0.8912500143051147, "disgust_random500": 0.9175000190734863, "disgust_random1000": 0.90625, "disgust_random1500": 0.9112499952316284, "disgust_random2000": 0.918749988079071, "disgust_random2500": 0.9037500023841858, "disgust_random3000": 0.9175000190734863, "disgust_random4000": 0.8962500095367432, "disgust_random5000": 0.9099999666213989, "disgust_random6000": 0.8700000047683716, "control_random500": 0.90625, "control_random1000": 0.9087499976158142, "control_random1500": 0.8975000381469727, "control_random2000": 0.9049999713897705, "control_random2500": 0.9125000238418579, "control_random3000": 0.9137499928474426, "control_random4000": 0.9087499976158142, "control_random5000": 0.887499988079071, "control_random6000": 0.8512499928474426, "fairness_random500": 0.9049999713897705, "fairness_random1000": 0.9049999713897705, "fairness_random1500": 0.8962500095367432, "fairness_random2000": 0.9137499928474426, "fairness_random2500": 0.8937499523162842, "fairness_random3000": 0.90625, "fairness_random4000": 0.9012500047683716, "fairness_random5000": 0.5049999952316284, "fairness_random6000": 0.90625, "self-related_random500": 0.9075000286102295, "self-related_random1000": 0.8875000476837158, "self-related_random1500": 0.918749988079071, "self-related_random2000": 0.8975000381469727, "self-related_random2500": 0.8999999761581421, "self-related_random3000": 0.8287500143051147, "self-related_random4000": 0.8937499523162842, "self-related_random5000": 0.9225000143051147, "self-related_random6000": 0.9025000333786011, "other-related_random500": 0.9137499928474426, "other-related_random1000": 0.4749999940395355, "other-related_random1500": 0.887499988079071, "other-related_random2000": 0.9049999713897705, "other-related_random2500": 0.9037500023841858, "other-related_random3000": 0.9037500023841858, "other-related_random4000": 0.9037500023841858, "other-related_random5000": 0.8762500286102295, "other-related_random6000": 0.8537499904632568, "expectedness_random500": 0.90625, "expectedness_random1000": 0.8812500238418579, "expectedness_random1500": 0.9112499952316284, "expectedness_random2000": 0.9075000286102295, "expectedness_random2500": 0.9049999713897705, "expectedness_random3000": 0.9087499976158142, "expectedness_random4000": 0.8987500071525574, "expectedness_random5000": 0.8849999904632568, "expectedness_random6000": 0.8412500023841858, "non-novelty_random500": 0.9175000190734863, "non-novelty_random1000": 0.8987500071525574, "non-novelty_random1500": 0.9125000238418579, "non-novelty_random2000": 0.90625, "non-novelty_random2500": 0.8849999904632568, "non-novelty_random3000": 0.90625, "non-novelty_random4000": 0.8587499856948853, "non-novelty_random5000": 0.8975000381469727, "non-novelty_random6000": 0.7612500190734863}