{"sentiment": "fear", "seed": 5, "arousal_random500": 0.9149999618530273, "best": 0.9166666865348816, "arousal_random1000": 0.9199999570846558, "arousal_random1500": 0.9137499928474426, "arousal_random2000": 0.9075000286102295, "arousal_random2500": 0.8849999904632568, "arousal_random3000": 0.8925000429153442, "arousal_random4000": 0.6537500023841858, "arousal_random5000": 0.8025000095367432, "arousal_random6000": 0.5475000143051147, "valence_random500": 0.9149999618530273, "valence_random1000": 0.9099999666213989, "valence_random1500": 0.9199999570846558, "valence_random2000": 0.8949999809265137, "valence_random2500": 0.9012500047683716, "valence_random3000": 0.8824999928474426, "valence_random4000": 0.8424999713897705, "valence_random5000": 0.8899999856948853, "valence_random6000": 0.71875, "happy_random500": 0.9149999618530273, "happy_random1000": 0.9199999570846558, "happy_random1500": 0.9137499928474426, "happy_random2000": 0.9037500023841858, "happy_random2500": 0.9037500023841858, "happy_random3000": 0.8774999976158142, "happy_random4000": 0.8662500381469727, "happy_random5000": 0.4937500059604645, "happy_random6000": 0.5487499833106995, "anger_random500": 0.9137499928474426, "anger_random1000": 0.9075000286102295, "anger_random1500": 0.8725000023841858, "anger_random2000": 0.893750011920929, "anger_random2500": 0.8999999761581421, "anger_random3000": 0.9162499904632568, "anger_random4000": 0.8350000381469727, "anger_random5000": 0.856249988079071, "anger_random6000": 0.5824999809265137, "sad_random500": 0.9162499904632568, "sad_random1000": 0.9099999666213989, "sad_random1500": 0.9049999713897705, "sad_random2000": 0.8787499666213989, "sad_random2500": 0.9099999666213989, "sad_random3000": 0.5699999928474426, "sad_random4000": 0.84375, "sad_random5000": 0.5262500047683716, "sad_random6000": 0.8987500071525574, "fear_random500": 0.918749988079071, "fear_random1000": 0.9199999570846558, "fear_random1500": 0.8999999761581421, "fear_random2000": 0.9025000333786011, "fear_random2500": 0.8862500190734863, "fear_random3000": 0.8899999856948853, "fear_random4000": 0.8675000071525574, "fear_random5000": 0.71875, "fear_random6000": 0.6625000238418579, "surprise_random500": 0.9149999618530273, "surprise_random1000": 0.9249999523162842, "surprise_random1500": 0.9099999666213989, "surprise_random2000": 0.90625, "surprise_random2500": 0.9025000333786011, "surprise_random3000": 0.8787499666213989, "surprise_random4000": 0.8262499570846558, "surprise_random5000": 0.8812500238418579, "surprise_random6000": 0.8537499904632568, "disgust_random500": 0.918749988079071, "disgust_random1000": 0.9099999666213989, "disgust_random1500": 0.9099999666213989, "disgust_random2000": 0.918749988079071, "disgust_random2500": 0.9037500023841858, "disgust_random3000": 0.875, "disgust_random4000": 0.8849999904632568, "disgust_random5000": 0.7450000047683716, "disgust_random6000": 0.4624999761581421, "control_random500": 0.9149999618530273, "control_random1000": 0.9149999618530273, "control_random1500": 0.8962500095367432, "control_random2000": 0.9149999618530273, "control_random2500": 0.9075000286102295, "control_random3000": 0.8849999904632568, "control_random4000": 0.9012500047683716, "control_random5000": 0.5612499713897705, "control_random6000": 0.6175000071525574, "fairness_random500": 0.9199999570846558, "fairness_random1000": 0.9049999713897705, "fairness_random1500": 0.8949999809265137, "fairness_random2000": 0.8962500095367432, "fairness_random2500": 0.8862500190734863, "fairness_random3000": 0.9125000238418579, "fairness_random4000": 0.9125000238418579, "fairness_random5000": 0.6725000143051147, "fairness_random6000": 0.8487499952316284, "self-related_random500": 0.9162499904632568, "self-related_random1000": 0.90625, "self-related_random1500": 0.9037500023841858, "self-related_random2000": 0.8949999809265137, "self-related_random2500": 0.9049999713897705, "self-related_random3000": 0.5762499570846558, "self-related_random4000": 0.9087499976158142, "self-related_random5000": 0.5525000095367432, "self-related_random6000": 0.8587499856948853, "other-related_random500": 0.9049999713897705, "other-related_random1000": 0.550000011920929, "other-related_random1500": 0.9087499976158142, "other-related_random2000": 0.8825000524520874, "other-related_random2500": 0.8962500095367432, "other-related_random3000": 0.8812500238418579, "other-related_random4000": 0.8712499737739563, "other-related_random5000": 0.49000000953674316, "other-related_random6000": 0.6187499761581421, "expectedness_random500": 0.9199999570846558, "expectedness_random1000": 0.90625, "expectedness_random1500": 0.9075000286102295, "expectedness_random2000": 0.9099999666213989, "expectedness_random2500": 0.9099999666213989, "expectedness_random3000": 0.8925000429153442, "expectedness_random4000": 0.9099999666213989, "expectedness_random5000": 0.8324999809265137, "expectedness_random6000": 0.8324999809265137, "non-novelty_random500": 0.9199999570846558, "non-novelty_random1000": 0.9049999713897705, "non-novelty_random1500": 0.9225000143051147, "non-novelty_random2000": 0.9049999713897705, "non-novelty_random2500": 0.9075000286102295, "non-novelty_random3000": 0.8812500238418579, "non-novelty_random4000": 0.6387500166893005, "non-novelty_random5000": 0.6974999904632568, "non-novelty_random6000": 0.4624999761581421}