{"sentiment": "fear", "seed": 1, "arousal_random500": 0.53125, "best": 0.550000011920929, "arousal_random1000": 0.550000011920929, "arousal_random1500": 0.4937499761581421, "arousal_random2000": 0.45124998688697815, "arousal_random2500": 0.46875, "arousal_random3000": 0.44999998807907104, "arousal_random4000": 0.550000011920929, "arousal_random5000": 0.44999998807907104, "arousal_random6000": 0.550000011920929, "valence_random500": 0.44999998807907104, "valence_random1000": 0.44999998807907104, "valence_random1500": 0.44999998807907104, "valence_random2000": 0.5074999928474426, "valence_random2500": 0.44999998807907104, "valence_random3000": 0.44999998807907104, "valence_random4000": 0.47749999165534973, "valence_random5000": 0.44999998807907104, "valence_random6000": 0.550000011920929, "happy_random500": 0.4950000047683716, "happy_random1000": 0.44999998807907104, "happy_random1500": 0.44999998807907104, "happy_random2000": 0.44999998807907104, "happy_random2500": 0.44999998807907104, "happy_random3000": 0.44999998807907104, "happy_random4000": 0.44999998807907104, "happy_random5000": 0.44999998807907104, "happy_random6000": 0.44999998807907104, "anger_random500": 0.4975000023841858, "anger_random1000": 0.4937499761581421, "anger_random1500": 0.44999998807907104, "anger_random2000": 0.550000011920929, "anger_random2500": 0.44999998807907104, "anger_random3000": 0.45500001311302185, "anger_random4000": 0.44999998807907104, "anger_random5000": 0.4612500071525574, "anger_random6000": 0.44999998807907104, "sad_random500": 0.518750011920929, "sad_random1000": 0.45374998450279236, "sad_random1500": 0.4724999964237213, "sad_random2000": 0.44999998807907104, "sad_random2500": 0.44999998807907104, "sad_random3000": 0.550000011920929, "sad_random4000": 0.44999998807907104, "sad_random5000": 0.44999998807907104, "sad_random6000": 0.550000011920929, "fear_random500": 0.5087499618530273, "fear_random1000": 0.5037499666213989, "fear_random1500": 0.5575000047683716, "fear_random2000": 0.550000011920929, "fear_random2500": 0.4424999952316284, "fear_random3000": 0.550000011920929, "fear_random4000": 0.4987500011920929, "fear_random5000": 0.44999998807907104, "fear_random6000": 0.5550000071525574, "surprise_random500": 0.5475000143051147, "surprise_random1000": 0.47749999165534973, "surprise_random1500": 0.44999998807907104, "surprise_random2000": 0.44999998807907104, "surprise_random2500": 0.45375001430511475, "surprise_random3000": 0.44999998807907104, "surprise_random4000": 0.44999998807907104, "surprise_random5000": 0.44999998807907104, "surprise_random6000": 0.44999998807907104, "disgust_random500": 0.5324999690055847, "disgust_random1000": 0.5262500047683716, "disgust_random1500": 0.45624998211860657, "disgust_random2000": 0.44999998807907104, "disgust_random2500": 0.45875000953674316, "disgust_random3000": 0.543749988079071, "disgust_random4000": 0.44999998807907104, "disgust_random5000": 0.44999998807907104, "disgust_random6000": 0.44999998807907104, "control_random500": 0.4962500035762787, "control_random1000": 0.543749988079071, "control_random1500": 0.4650000035762787, "control_random2000": 0.44999998807907104, "control_random2500": 0.44999998807907104, "control_random3000": 0.44999998807907104, "control_random4000": 0.39375001192092896, "control_random5000": 0.44999998807907104, "control_random6000": 0.44999998807907104, "fairness_random500": 0.5375000238418579, "fairness_random1000": 0.5174999833106995, "fairness_random1500": 0.44999998807907104, "fairness_random2000": 0.44999998807907104, "fairness_random2500": 0.44999998807907104, "fairness_random3000": 0.5487499833106995, "fairness_random4000": 0.44999998807907104, "fairness_random5000": 0.44999998807907104, "fairness_random6000": 0.550000011920929, "self-related_random500": 0.44999998807907104, "self-related_random1000": 0.5600000023841858, "self-related_random1500": 0.44999998807907104, "self-related_random2000": 0.550000011920929, "self-related_random2500": 0.45000001788139343, "self-related_random3000": 0.550000011920929, "self-related_random4000": 0.44999998807907104, "self-related_random5000": 0.4124999940395355, "self-related_random6000": 0.44999998807907104, "other-related_random500": 0.550000011920929, "other-related_random1000": 0.550000011920929, "other-related_random1500": 0.44999998807907104, "other-related_random2000": 0.4399999976158142, "other-related_random2500": 0.44999998807907104, "other-related_random3000": 0.518750011920929, "other-related_random4000": 0.44999998807907104, "other-related_random5000": 0.44999998807907104, "other-related_random6000": 0.44999998807907104, "expectedness_random500": 0.5249999761581421, "expectedness_random1000": 0.5112500190734863, "expectedness_random1500": 0.543749988079071, "expectedness_random2000": 0.550000011920929, "expectedness_random2500": 0.45374998450279236, "expectedness_random3000": 0.44999998807907104, "expectedness_random4000": 0.45125001668930054, "expectedness_random5000": 0.44999998807907104, "expectedness_random6000": 0.44999998807907104, "non-novelty_random500": 0.5375000238418579, "non-novelty_random1000": 0.5362499952316284, "non-novelty_random1500": 0.4662500023841858, "non-novelty_random2000": 0.5550000071525574, "non-novelty_random2500": 0.44999998807907104, "non-novelty_random3000": 0.44999998807907104, "non-novelty_random4000": 0.550000011920929, "non-novelty_random5000": 0.44999998807907104, "non-novelty_random6000": 0.44999998807907104}