{"sentiment": "fear", "seed": 17, "arousal_random500": 0.8937499523162842, "best": 0.9055555462837219, "arousal_random1000": 0.8962500095367432, "arousal_random1500": 0.9025000333786011, "arousal_random2000": 0.8912500143051147, "arousal_random2500": 0.9049999713897705, "arousal_random3000": 0.5099999904632568, "arousal_random4000": 0.7524999976158142, "arousal_random5000": 0.9049999713897705, "arousal_random6000": 0.6549999713897705, "valence_random500": 0.9037500023841858, "valence_random1000": 0.9025000333786011, "valence_random1500": 0.887499988079071, "valence_random2000": 0.9049999713897705, "valence_random2500": 0.90625, "valence_random3000": 0.8937499523162842, "valence_random4000": 0.8862500190734863, "valence_random5000": 0.8899999856948853, "valence_random6000": 0.5262500047683716, "happy_random500": 0.9037500023841858, "happy_random1000": 0.9087499976158142, "happy_random1500": 0.8962500095367432, "happy_random2000": 0.8837499618530273, "happy_random2500": 0.8899999856948853, "happy_random3000": 0.8937499523162842, "happy_random4000": 0.9025000333786011, "happy_random5000": 0.4612500071525574, "happy_random6000": 0.6274999976158142, "anger_random500": 0.9037500023841858, "anger_random1000": 0.8975000381469727, "anger_random1500": 0.8574999570846558, "anger_random2000": 0.875, "anger_random2500": 0.5475000143051147, "anger_random3000": 0.887499988079071, "anger_random4000": 0.8125, "anger_random5000": 0.8849999904632568, "anger_random6000": 0.8300000429153442, "sad_random500": 0.9025000333786011, "sad_random1000": 0.9037500023841858, "sad_random1500": 0.9025000333786011, "sad_random2000": 0.6962500214576721, "sad_random2500": 0.8025000095367432, "sad_random3000": 0.7074999809265137, "sad_random4000": 0.8075000047683716, "sad_random5000": 0.45624998211860657, "sad_random6000": 0.9037500023841858, "fear_random500": 0.8787499666213989, "fear_random1000": 0.8987500071525574, "fear_random1500": 0.8937499523162842, "fear_random2000": 0.8949999809265137, "fear_random2500": 0.8937499523162842, "fear_random3000": 0.8999999761581421, "fear_random4000": 0.8875000476837158, "fear_random5000": 0.6225000023841858, "fear_random6000": 0.7749999761581421, "surprise_random500": 0.9037500023841858, "surprise_random1000": 0.8949999809265137, "surprise_random1500": 0.8999999761581421, "surprise_random2000": 0.8837499618530273, "surprise_random2500": 0.9037500023841858, "surprise_random3000": 0.9075000286102295, "surprise_random4000": 0.7999999523162842, "surprise_random5000": 0.5550000071525574, "surprise_random6000": 0.8862500190734863, "disgust_random500": 0.9137499928474426, "disgust_random1000": 0.8849999904632568, "disgust_random1500": 0.9087499976158142, "disgust_random2000": 0.9149999618530273, "disgust_random2500": 0.9037500023841858, "disgust_random3000": 0.9012500047683716, "disgust_random4000": 0.856249988079071, "disgust_random5000": 0.7237499952316284, "disgust_random6000": 0.45624998211860657, "control_random500": 0.8887499570846558, "control_random1000": 0.9037500023841858, "control_random1500": 0.8799999952316284, "control_random2000": 0.8862500190734863, "control_random2500": 0.8612500429153442, "control_random3000": 0.887499988079071, "control_random4000": 0.9037500023841858, "control_random5000": 0.4749999940395355, "control_random6000": 0.8849999904632568, "fairness_random500": 0.9012500047683716, "fairness_random1000": 0.8987500071525574, "fairness_random1500": 0.9049999713897705, "fairness_random2000": 0.8912500143051147, "fairness_random2500": 0.8987500071525574, "fairness_random3000": 0.9149999618530273, "fairness_random4000": 0.8824999928474426, "fairness_random5000": 0.550000011920929, "fairness_random6000": 0.7899999618530273, "self-related_random500": 0.8987500071525574, "self-related_random1000": 0.8912500143051147, "self-related_random1500": 0.8937499523162842, "self-related_random2000": 0.8987500071525574, "self-related_random2500": 0.90625, "self-related_random3000": 0.4650000035762787, "self-related_random4000": 0.7537499666213989, "self-related_random5000": 0.8925000429153442, "self-related_random6000": 0.45624998211860657, "other-related_random500": 0.8937499523162842, "other-related_random1000": 0.45624998211860657, "other-related_random1500": 0.8912500143051147, "other-related_random2000": 0.8987500071525574, "other-related_random2500": 0.8837499618530273, "other-related_random3000": 0.9075000286102295, "other-related_random4000": 0.8949999809265137, "other-related_random5000": 0.45624998211860657, "other-related_random6000": 0.4624999761581421, "expectedness_random500": 0.9037500023841858, "expectedness_random1000": 0.9137499928474426, "expectedness_random1500": 0.8912500143051147, "expectedness_random2000": 0.8887499570846558, "expectedness_random2500": 0.9087499976158142, "expectedness_random3000": 0.8337500095367432, "expectedness_random4000": 0.9149999618530273, "expectedness_random5000": 0.8450000286102295, "expectedness_random6000": 0.8824999928474426, "non-novelty_random500": 0.9025000333786011, "non-novelty_random1000": 0.9025000333786011, "non-novelty_random1500": 0.9037500023841858, "non-novelty_random2000": 0.8962500095367432, "non-novelty_random2500": 0.8574999570846558, "non-novelty_random3000": 0.8999999761581421, "non-novelty_random4000": 0.8899999856948853, "non-novelty_random5000": 0.8899999856948853, "non-novelty_random6000": 0.45624998211860657}