{"sentiment": "fear", "seed": 15, "arousal_random500": 0.9375, "best": 0.9333333373069763, "arousal_random1000": 0.9375, "arousal_random1500": 0.9237500429153442, "arousal_random2000": 0.9312499761581421, "arousal_random2500": 0.9087499976158142, "arousal_random3000": 0.5562499761581421, "arousal_random4000": 0.59375, "arousal_random5000": 0.5925000309944153, "arousal_random6000": 0.8687499761581421, "valence_random500": 0.9424999952316284, "valence_random1000": 0.9375, "valence_random1500": 0.9237500429153442, "valence_random2000": 0.9275000095367432, "valence_random2500": 0.9350000023841858, "valence_random3000": 0.8999999761581421, "valence_random4000": 0.9125000238418579, "valence_random5000": 0.9199999570846558, "valence_random6000": 0.5687499642372131, "happy_random500": 0.9375, "happy_random1000": 0.9375, "happy_random1500": 0.9112499952316284, "happy_random2000": 0.9300000071525574, "happy_random2500": 0.9275000095367432, "happy_random3000": 0.8637499809265137, "happy_random4000": 0.9149999618530273, "happy_random5000": 0.6324999928474426, "happy_random6000": 0.4749999940395355, "anger_random500": 0.9375, "anger_random1000": 0.9362499713897705, "anger_random1500": 0.8987500071525574, "anger_random2000": 0.9337500333786011, "anger_random2500": 0.5824999809265137, "anger_random3000": 0.9312499761581421, "anger_random4000": 0.8975000381469727, "anger_random5000": 0.9212499856948853, "anger_random6000": 0.8774999976158142, "sad_random500": 0.9375, "sad_random1000": 0.9312499761581421, "sad_random1500": 0.9312499761581421, "sad_random2000": 0.9025000333786011, "sad_random2500": 0.9112499952316284, "sad_random3000": 0.9099999666213989, "sad_random4000": 0.9099999666213989, "sad_random5000": 0.6337500214576721, "sad_random6000": 0.8975000381469727, "fear_random500": 0.9312499761581421, "fear_random1000": 0.9424999952316284, "fear_random1500": 0.9325000047683716, "fear_random2000": 0.8875000476837158, "fear_random2500": 0.9375, "fear_random3000": 0.9275000095367432, "fear_random4000": 0.9025000333786011, "fear_random5000": 0.7212499976158142, "fear_random6000": 0.9287500381469727, "surprise_random500": 0.9375, "surprise_random1000": 0.9112499952316284, "surprise_random1500": 0.9312499761581421, "surprise_random2000": 0.9287500381469727, "surprise_random2500": 0.9312499761581421, "surprise_random3000": 0.9375, "surprise_random4000": 0.8137500286102295, "surprise_random5000": 0.46875, "surprise_random6000": 0.8999999761581421, "disgust_random500": 0.9375, "disgust_random1000": 0.9325000047683716, "disgust_random1500": 0.9375, "disgust_random2000": 0.9312499761581421, "disgust_random2500": 0.9049999713897705, "disgust_random3000": 0.9312499761581421, "disgust_random4000": 0.75, "disgust_random5000": 0.7212499976158142, "disgust_random6000": 0.6162500381469727, "control_random500": 0.9362499713897705, "control_random1000": 0.9375, "control_random1500": 0.9275000095367432, "control_random2000": 0.9375, "control_random2500": 0.9275000095367432, "control_random3000": 0.9075000286102295, "control_random4000": 0.9225000143051147, "control_random5000": 0.8149999976158142, "control_random6000": 0.6662499904632568, "fairness_random500": 0.9375, "fairness_random1000": 0.9312499761581421, "fairness_random1500": 0.9125000238418579, "fairness_random2000": 0.9287500381469727, "fairness_random2500": 0.8999999761581421, "fairness_random3000": 0.9325000047683716, "fairness_random4000": 0.90625, "fairness_random5000": 0.6449999809265137, "fairness_random6000": 0.8949999809265137, "self-related_random500": 0.9375, "self-related_random1000": 0.9275000095367432, "self-related_random1500": 0.9237500429153442, "self-related_random2000": 0.9375, "self-related_random2500": 0.9375, "self-related_random3000": 0.84375, "self-related_random4000": 0.8587499856948853, "self-related_random5000": 0.9149999618530273, "self-related_random6000": 0.45624998211860657, "other-related_random500": 0.9375, "other-related_random1000": 0.6974999904632568, "other-related_random1500": 0.9175000190734863, "other-related_random2000": 0.9350000023841858, "other-related_random2500": 0.9312499761581421, "other-related_random3000": 0.9149999618530273, "other-related_random4000": 0.8949999809265137, "other-related_random5000": 0.7387499809265137, "other-related_random6000": 0.8212499618530273, "expectedness_random500": 0.9375, "expectedness_random1000": 0.9312499761581421, "expectedness_random1500": 0.9387500286102295, "expectedness_random2000": 0.9262499809265137, "expectedness_random2500": 0.9300000071525574, "expectedness_random3000": 0.9037500023841858, "expectedness_random4000": 0.9162499904632568, "expectedness_random5000": 0.5425000190734863, "expectedness_random6000": 0.84375, "non-novelty_random500": 0.9375, "non-novelty_random1000": 0.9375, "non-novelty_random1500": 0.9337500333786011, "non-novelty_random2000": 0.9300000071525574, "non-novelty_random2500": 0.9287500381469727, "non-novelty_random3000": 0.9225000143051147, "non-novelty_random4000": 0.9087499976158142, "non-novelty_random5000": 0.8524999618530273, "non-novelty_random6000": 0.45624998211860657}