{"sentiment": "fear", "seed": 9, "arousal_random500": 0.8562500476837158, "best": 0.8722222447395325, "arousal_random1000": 0.8612500429153442, "arousal_random1500": 0.8424999713897705, "arousal_random2000": 0.78125, "arousal_random2500": 0.8500000238418579, "arousal_random3000": 0.4612500071525574, "arousal_random4000": 0.7799999713897705, "arousal_random5000": 0.6949999928474426, "arousal_random6000": 0.8575000166893005, "valence_random500": 0.8537499904632568, "valence_random1000": 0.8612500429153442, "valence_random1500": 0.8112499713897705, "valence_random2000": 0.8337500095367432, "valence_random2500": 0.8650000095367432, "valence_random3000": 0.8662500381469727, "valence_random4000": 0.862500011920929, "valence_random5000": 0.875, "valence_random6000": 0.5887500047683716, "happy_random500": 0.84375, "happy_random1000": 0.8350000381469727, "happy_random1500": 0.8725000023841858, "happy_random2000": 0.8450000286102295, "happy_random2500": 0.8712500333786011, "happy_random3000": 0.8462499976158142, "happy_random4000": 0.8650000095367432, "happy_random5000": 0.4612500071525574, "happy_random6000": 0.5462499856948853, "anger_random500": 0.8650000095367432, "anger_random1000": 0.8600000143051147, "anger_random1500": 0.6675000190734863, "anger_random2000": 0.8587499856948853, "anger_random2500": 0.6262500286102295, "anger_random3000": 0.8612500429153442, "anger_random4000": 0.5175000429153442, "anger_random5000": 0.875, "anger_random6000": 0.8675000071525574, "sad_random500": 0.8675000071525574, "sad_random1000": 0.8837499618530273, "sad_random1500": 0.8712500333786011, "sad_random2000": 0.7250000238418579, "sad_random2500": 0.862500011920929, "sad_random3000": 0.7012500166893005, "sad_random4000": 0.5575000047683716, "sad_random5000": 0.4612500071525574, "sad_random6000": 0.8762500286102295, "fear_random500": 0.8687499761581421, "fear_random1000": 0.8587499856948853, "fear_random1500": 0.8725000023841858, "fear_random2000": 0.8675000071525574, "fear_random2500": 0.8675000071525574, "fear_random3000": 0.8687499761581421, "fear_random4000": 0.7324999570846558, "fear_random5000": 0.7912499904632568, "fear_random6000": 0.8287500143051147, "surprise_random500": 0.8725000023841858, "surprise_random1000": 0.8574999570846558, "surprise_random1500": 0.8675000071525574, "surprise_random2000": 0.8412500023841858, "surprise_random2500": 0.8287500143051147, "surprise_random3000": 0.8637499809265137, "surprise_random4000": 0.5, "surprise_random5000": 0.4612500071525574, "surprise_random6000": 0.7799999713897705, "disgust_random500": 0.8799999952316284, "disgust_random1000": 0.8600000143051147, "disgust_random1500": 0.8799999952316284, "disgust_random2000": 0.8600000143051147, "disgust_random2500": 0.875, "disgust_random3000": 0.8799999952316284, "disgust_random4000": 0.8675000071525574, "disgust_random5000": 0.8700000047683716, "disgust_random6000": 0.4612500071525574, "control_random500": 0.8550000190734863, "control_random1000": 0.8700000047683716, "control_random1500": 0.8737499713897705, "control_random2000": 0.8524999618530273, "control_random2500": 0.8199999928474426, "control_random3000": 0.8612500429153442, "control_random4000": 0.862500011920929, "control_random5000": 0.518750011920929, "control_random6000": 0.8374999761581421, "fairness_random500": 0.8737499713897705, "fairness_random1000": 0.8675000071525574, "fairness_random1500": 0.862500011920929, "fairness_random2000": 0.8637499809265137, "fairness_random2500": 0.8725000023841858, "fairness_random3000": 0.8374999761581421, "fairness_random4000": 0.8474999666213989, "fairness_random5000": 0.4612500071525574, "fairness_random6000": 0.862500011920929, "self-related_random500": 0.8700000047683716, "self-related_random1000": 0.862500011920929, "self-related_random1500": 0.8474999666213989, "self-related_random2000": 0.862500011920929, "self-related_random2500": 0.8512500524520874, "self-related_random3000": 0.4612500071525574, "self-related_random4000": 0.8675000071525574, "self-related_random5000": 0.8537499904632568, "self-related_random6000": 0.7024999856948853, "other-related_random500": 0.862500011920929, "other-related_random1000": 0.4612500071525574, "other-related_random1500": 0.8387500047683716, "other-related_random2000": 0.8075000047683716, "other-related_random2500": 0.8787499666213989, "other-related_random3000": 0.8812500238418579, "other-related_random4000": 0.8687499761581421, "other-related_random5000": 0.4675000011920929, "other-related_random6000": 0.8062499761581421, "expectedness_random500": 0.8587499856948853, "expectedness_random1000": 0.8849999904632568, "expectedness_random1500": 0.8524999618530273, "expectedness_random2000": 0.8737499713897705, "expectedness_random2500": 0.8362500071525574, "expectedness_random3000": 0.7524999976158142, "expectedness_random4000": 0.8587499856948853, "expectedness_random5000": 0.5612500309944153, "expectedness_random6000": 0.8012499809265137, "non-novelty_random500": 0.8550000190734863, "non-novelty_random1000": 0.8199999928474426, "non-novelty_random1500": 0.8612500429153442, "non-novelty_random2000": 0.8712500333786011, "non-novelty_random2500": 0.8550000190734863, "non-novelty_random3000": 0.8575000166893005, "non-novelty_random4000": 0.7437499761581421, "non-novelty_random5000": 0.8512500524520874, "non-novelty_random6000": 0.413750022649765}