{"sentiment": "gratitude", "seed": 9, "arousal_random500": 0.9609375, "best": 0.9634906649589539, "arousal_random1000": 0.9609375, "arousal_random1500": 0.9596875309944153, "arousal_random2000": 0.958437442779541, "arousal_random2500": 0.9571875333786011, "arousal_random3000": 0.823437511920929, "arousal_random4000": 0.49062496423721313, "arousal_random5000": 0.9484374523162842, "arousal_random6000": 0.49562495946884155, "valence_random500": 0.9596874713897705, "valence_random1000": 0.9609375596046448, "valence_random1500": 0.9596875309944153, "valence_random2000": 0.9559375047683716, "valence_random2500": 0.958437442779541, "valence_random3000": 0.9546874761581421, "valence_random4000": 0.9293749928474426, "valence_random5000": 0.9493750333786011, "valence_random6000": 0.6050000190734863, "happy_random500": 0.9609375, "happy_random1000": 0.9584375023841858, "happy_random1500": 0.9431249499320984, "happy_random2000": 0.9609375, "happy_random2500": 0.9596875309944153, "happy_random3000": 0.9546875357627869, "happy_random4000": 0.9584375619888306, "happy_random5000": 0.48937496542930603, "happy_random6000": 0.9534374475479126, "anger_random500": 0.963437557220459, "anger_random1000": 0.9621875286102295, "anger_random1500": 0.9546874761581421, "anger_random2000": 0.9571875333786011, "anger_random2500": 0.9621875286102295, "anger_random3000": 0.9484374523162842, "anger_random4000": 0.9559375047683716, "anger_random5000": 0.9521875381469727, "anger_random6000": 0.9496874809265137, "sad_random500": 0.9596874713897705, "sad_random1000": 0.963437557220459, "sad_random1500": 0.9621875286102295, "sad_random2000": 0.9609375, "sad_random2500": 0.9381250143051147, "sad_random3000": 0.4881249666213989, "sad_random4000": 0.9406249523162842, "sad_random5000": 0.4881249666213989, "sad_random6000": 0.9384374618530273, "fear_random500": 0.9621875286102295, "fear_random1000": 0.9609375, "fear_random1500": 0.9596874713897705, "fear_random2000": 0.9596875309944153, "fear_random2500": 0.958437442779541, "fear_random3000": 0.9559375643730164, "fear_random4000": 0.9609375, "fear_random5000": 0.9509375095367432, "fear_random6000": 0.9296875, "surprise_random500": 0.9609375, "surprise_random1000": 0.9571875333786011, "surprise_random1500": 0.9584375619888306, "surprise_random2000": 0.9634374976158142, "surprise_random2500": 0.9609375, "surprise_random3000": 0.9409375190734863, "surprise_random4000": 0.9559375047683716, "surprise_random5000": 0.9609375596046448, "surprise_random6000": 0.9546875357627869, "disgust_random500": 0.963437557220459, "disgust_random1000": 0.9571874737739563, "disgust_random1500": 0.9584375619888306, "disgust_random2000": 0.9609375, "disgust_random2500": 0.9571875333786011, "disgust_random3000": 0.9596875309944153, "disgust_random4000": 0.958437442779541, "disgust_random5000": 0.9534374475479126, "disgust_random6000": 0.9296874403953552, "control_random500": 0.9596875309944153, "control_random1000": 0.9621874690055847, "control_random1500": 0.9571875333786011, "control_random2000": 0.963437557220459, "control_random2500": 0.9584375619888306, "control_random3000": 0.9571875333786011, "control_random4000": 0.9496874809265137, "control_random5000": 0.9325000047683716, "control_random6000": 0.6646875143051147, "fairness_random500": 0.9609375, "fairness_random1000": 0.9596874713897705, "fairness_random1500": 0.9621875286102295, "fairness_random2000": 0.9596875309944153, "fairness_random2500": 0.9609375, "fairness_random3000": 0.9396874904632568, "fairness_random4000": 0.9296875, "fairness_random5000": 0.8881250619888306, "fairness_random6000": 0.9571875333786011, "self-related_random500": 0.9609375, "self-related_random1000": 0.9609375, "self-related_random1500": 0.9609375, "self-related_random2000": 0.958437442779541, "self-related_random2500": 0.9571875333786011, "self-related_random3000": 0.48937496542930603, "self-related_random4000": 0.9459375143051147, "self-related_random5000": 0.958437442779541, "self-related_random6000": 0.9559375047683716, "other-related_random500": 0.963437557220459, "other-related_random1000": 0.5896874666213989, "other-related_random1500": 0.9609375596046448, "other-related_random2000": 0.9584375619888306, "other-related_random2500": 0.9621875286102295, "other-related_random3000": 0.9571875333786011, "other-related_random4000": 0.958437442779541, "other-related_random5000": 0.9171874523162842, "other-related_random6000": 0.9459375143051147, "expectedness_random500": 0.9621875286102295, "expectedness_random1000": 0.9621875286102295, "expectedness_random1500": 0.9596875309944153, "expectedness_random2000": 0.9609375, "expectedness_random2500": 0.9596874713897705, "expectedness_random3000": 0.9621875286102295, "expectedness_random4000": 0.9546874761581421, "expectedness_random5000": 0.9346874952316284, "expectedness_random6000": 0.9609375596046448, "non-novelty_random500": 0.9609375, "non-novelty_random1000": 0.9571875333786011, "non-novelty_random1500": 0.9584375619888306, "non-novelty_random2000": 0.9609375, "non-novelty_random2500": 0.958437442779541, "non-novelty_random3000": 0.9621875286102295, "non-novelty_random4000": 0.9446874856948853, "non-novelty_random5000": 0.963437557220459, "non-novelty_random6000": 0.4881249666213989}