{"sentiment": "gratitude", "seed": 1, "arousal_random500": 0.9699999690055847, "best": 0.961192786693573, "arousal_random1000": 0.9700000286102295, "arousal_random1500": 0.9662500023841858, "arousal_random2000": 0.9559374451637268, "arousal_random2500": 0.9574999809265137, "arousal_random3000": 0.9437500238418579, "arousal_random4000": 0.8075000047683716, "arousal_random5000": 0.9562499523162842, "arousal_random6000": 0.9112499356269836, "valence_random500": 0.966249942779541, "valence_random1000": 0.966249942779541, "valence_random1500": 0.9674999713897705, "valence_random2000": 0.971250057220459, "valence_random2500": 0.9700000286102295, "valence_random3000": 0.9687500596046448, "valence_random4000": 0.9534375071525574, "valence_random5000": 0.9534374475479126, "valence_random6000": 0.606249988079071, "happy_random500": 0.9662500023841858, "happy_random1000": 0.9637499451637268, "happy_random1500": 0.9409375190734863, "happy_random2000": 0.9662500023841858, "happy_random2500": 0.9634374976158142, "happy_random3000": 0.9625000357627869, "happy_random4000": 0.9596875905990601, "happy_random5000": 0.7203124761581421, "happy_random6000": 0.6896874904632568, "anger_random500": 0.96875, "anger_random1000": 0.9637500047683716, "anger_random1500": 0.9700000286102295, "anger_random2000": 0.9674999713897705, "anger_random2500": 0.9637500047683716, "anger_random3000": 0.9509374499320984, "anger_random4000": 0.9534374475479126, "anger_random5000": 0.96875, "anger_random6000": 0.966249942779541, "sad_random500": 0.9662500023841858, "sad_random1000": 0.9559374451637268, "sad_random1500": 0.9725000262260437, "sad_random2000": 0.9521874785423279, "sad_random2500": 0.9596874713897705, "sad_random3000": 0.9474999904632568, "sad_random4000": 0.9446874856948853, "sad_random5000": 0.9475001096725464, "sad_random6000": 0.9212499856948853, "fear_random500": 0.9674999713897705, "fear_random1000": 0.9574999809265137, "fear_random1500": 0.9662500619888306, "fear_random2000": 0.9609374403953552, "fear_random2500": 0.971250057220459, "fear_random3000": 0.9649999737739563, "fear_random4000": 0.949999988079071, "fear_random5000": 0.9700000286102295, "fear_random6000": 0.9512500166893005, "surprise_random500": 0.9687499403953552, "surprise_random1000": 0.9700000286102295, "surprise_random1500": 0.9712499976158142, "surprise_random2000": 0.9584375023841858, "surprise_random2500": 0.9675000309944153, "surprise_random3000": 0.9662500023841858, "surprise_random4000": 0.9650000333786011, "surprise_random5000": 0.9599999785423279, "surprise_random6000": 0.9550000429153442, "disgust_random500": 0.9674999713897705, "disgust_random1000": 0.9649999737739563, "disgust_random1500": 0.971250057220459, "disgust_random2000": 0.96875, "disgust_random2500": 0.9662500023841858, "disgust_random3000": 0.9674999713897705, "disgust_random4000": 0.9575000405311584, "disgust_random5000": 0.9662500023841858, "disgust_random6000": 0.9512500166893005, "control_random500": 0.9699999690055847, "control_random1000": 0.96875, "control_random1500": 0.9521874785423279, "control_random2000": 0.9674999713897705, "control_random2500": 0.9699999690055847, "control_random3000": 0.971250057220459, "control_random4000": 0.9687501192092896, "control_random5000": 0.96875, "control_random6000": 0.9387499094009399, "fairness_random500": 0.9625000357627869, "fairness_random1000": 0.9674999713897705, "fairness_random1500": 0.9359375238418579, "fairness_random2000": 0.9675000309944153, "fairness_random2500": 0.9662500023841858, "fairness_random3000": 0.9687500596046448, "fairness_random4000": 0.9637500047683716, "fairness_random5000": 0.9449999928474426, "fairness_random6000": 0.9687500596046448, "self-related_random500": 0.9699999690055847, "self-related_random1000": 0.9471875429153442, "self-related_random1500": 0.9484374523162842, "self-related_random2000": 0.9700000286102295, "self-related_random2500": 0.9662500619888306, "self-related_random3000": 0.9175000190734863, "self-related_random4000": 0.9674999713897705, "self-related_random5000": 0.9662500619888306, "self-related_random6000": 0.9524999856948853, "other-related_random500": 0.9700000286102295, "other-related_random1000": 0.8818749785423279, "other-related_random1500": 0.94593745470047, "other-related_random2000": 0.958437442779541, "other-related_random2500": 0.9612499475479126, "other-related_random3000": 0.9674999713897705, "other-related_random4000": 0.9750000238418579, "other-related_random5000": 0.9712499976158142, "other-related_random6000": 0.9637500047683716, "expectedness_random500": 0.9599999785423279, "expectedness_random1000": 0.9662500023841858, "expectedness_random1500": 0.9725000262260437, "expectedness_random2000": 0.9650000333786011, "expectedness_random2500": 0.9575000405311584, "expectedness_random3000": 0.9624999761581421, "expectedness_random4000": 0.9700000286102295, "expectedness_random5000": 0.9575000405311584, "expectedness_random6000": 0.9574999809265137, "non-novelty_random500": 0.9509375095367432, "non-novelty_random1000": 0.96875, "non-novelty_random1500": 0.9674999713897705, "non-novelty_random2000": 0.9649999737739563, "non-novelty_random2500": 0.9700000286102295, "non-novelty_random3000": 0.9737499952316284, "non-novelty_random4000": 0.9662500619888306, "non-novelty_random5000": 0.96875, "non-novelty_random6000": 0.8721875548362732}