{"sentiment": "gratitude", "seed": 3, "arousal_random500": 0.9509375095367432, "best": 0.9618566036224365, "arousal_random1000": 0.9559375047683716, "arousal_random1500": 0.9431250095367432, "arousal_random2000": 0.9431250095367432, "arousal_random2500": 0.9459375143051147, "arousal_random3000": 0.940625011920929, "arousal_random4000": 0.9359375238418579, "arousal_random5000": 0.9521875381469727, "arousal_random6000": 0.9434374570846558, "valence_random500": 0.9546875357627869, "valence_random1000": 0.9509375095367432, "valence_random1500": 0.9546874761581421, "valence_random2000": 0.9534374475479126, "valence_random2500": 0.9509375095367432, "valence_random3000": 0.9496875405311584, "valence_random4000": 0.9559375047683716, "valence_random5000": 0.948437511920929, "valence_random6000": 0.4868749678134918, "happy_random500": 0.9596874713897705, "happy_random1000": 0.9571875333786011, "happy_random1500": 0.9103125333786011, "happy_random2000": 0.9534374475479126, "happy_random2500": 0.9521874785423279, "happy_random3000": 0.9521874785423279, "happy_random4000": 0.9356250166893005, "happy_random5000": 0.9206249713897705, "happy_random6000": 0.9521874785423279, "anger_random500": 0.9534374475479126, "anger_random1000": 0.9340624809265137, "anger_random1500": 0.9546874761581421, "anger_random2000": 0.9559375047683716, "anger_random2500": 0.9293749928474426, "anger_random3000": 0.9571874737739563, "anger_random4000": 0.9318749904632568, "anger_random5000": 0.9484374523162842, "anger_random6000": 0.94468754529953, "sad_random500": 0.9456250071525574, "sad_random1000": 0.9521875381469727, "sad_random1500": 0.9509375095367432, "sad_random2000": 0.9434375166893005, "sad_random2500": 0.9443749785423279, "sad_random3000": 0.9359375238418579, "sad_random4000": 0.9228124618530273, "sad_random5000": 0.9196875095367432, "sad_random6000": 0.9443750381469727, "fear_random500": 0.9534374475479126, "fear_random1000": 0.9521875381469727, "fear_random1500": 0.9521874785423279, "fear_random2000": 0.9546874761581421, "fear_random2500": 0.9509375095367432, "fear_random3000": 0.9456250071525574, "fear_random4000": 0.9190624952316284, "fear_random5000": 0.9534375071525574, "fear_random6000": 0.9521875381469727, "surprise_random500": 0.9546874761581421, "surprise_random1000": 0.9509375095367432, "surprise_random1500": 0.9546874761581421, "surprise_random2000": 0.9521875381469727, "surprise_random2500": 0.9431250691413879, "surprise_random3000": 0.9496874809265137, "surprise_random4000": 0.9318749904632568, "surprise_random5000": 0.9481250047683716, "surprise_random6000": 0.9143750071525574, "disgust_random500": 0.9571875333786011, "disgust_random1000": 0.9431250095367432, "disgust_random1500": 0.9521874785423279, "disgust_random2000": 0.9534374475479126, "disgust_random2500": 0.9509375691413879, "disgust_random3000": 0.9471874833106995, "disgust_random4000": 0.9534375071525574, "disgust_random5000": 0.9509375095367432, "disgust_random6000": 0.6562500596046448, "control_random500": 0.9534374475479126, "control_random1000": 0.9521875381469727, "control_random1500": 0.9521874785423279, "control_random2000": 0.9496875405311584, "control_random2500": 0.9471875429153442, "control_random3000": 0.9559375643730164, "control_random4000": 0.9546874761581421, "control_random5000": 0.4868749976158142, "control_random6000": 0.8575000166893005, "fairness_random500": 0.9584375023841858, "fairness_random1000": 0.9521875381469727, "fairness_random1500": 0.9253125190734863, "fairness_random2000": 0.9481249451637268, "fairness_random2500": 0.9546875357627869, "fairness_random3000": 0.9534375667572021, "fairness_random4000": 0.9240625500679016, "fairness_random5000": 0.9459375143051147, "fairness_random6000": 0.7799999713897705, "self-related_random500": 0.9559375047683716, "self-related_random1000": 0.9509375095367432, "self-related_random1500": 0.9596874713897705, "self-related_random2000": 0.9534375071525574, "self-related_random2500": 0.9496874809265137, "self-related_random3000": 0.9534375071525574, "self-related_random4000": 0.93687504529953, "self-related_random5000": 0.9571875333786011, "self-related_random6000": 0.9534374475479126, "other-related_random500": 0.9546874761581421, "other-related_random1000": 0.924375057220459, "other-related_random1500": 0.9509374499320984, "other-related_random2000": 0.9534375071525574, "other-related_random2500": 0.9368749856948853, "other-related_random3000": 0.9521875381469727, "other-related_random4000": 0.9521874785423279, "other-related_random5000": 0.9406249523162842, "other-related_random6000": 0.7415624856948853, "expectedness_random500": 0.9431250095367432, "expectedness_random1000": 0.9559375047683716, "expectedness_random1500": 0.9546874761581421, "expectedness_random2000": 0.9496874809265137, "expectedness_random2500": 0.9496874809265137, "expectedness_random3000": 0.6600000262260437, "expectedness_random4000": 0.9331249594688416, "expectedness_random5000": 0.9334375262260437, "expectedness_random6000": 0.948437511920929, "non-novelty_random500": 0.958437442779541, "non-novelty_random1000": 0.9521874785423279, "non-novelty_random1500": 0.9521875381469727, "non-novelty_random2000": 0.9496875405311584, "non-novelty_random2500": 0.9306250214576721, "non-novelty_random3000": 0.9446874856948853, "non-novelty_random4000": 0.9431250095367432, "non-novelty_random5000": 0.9534375667572021, "non-novelty_random6000": 0.8371875286102295}