{"sentiment": "gratitude", "seed": 7, "arousal_random500": 0.9612500667572021, "best": 0.958256721496582, "arousal_random1000": 0.9637500047683716, "arousal_random1500": 0.9600000381469727, "arousal_random2000": 0.9612500071525574, "arousal_random2500": 0.9574999809265137, "arousal_random3000": 0.8909374475479126, "arousal_random4000": 0.7762499451637268, "arousal_random5000": 0.9509375095367432, "arousal_random6000": 0.7449999451637268, "valence_random500": 0.9625000357627869, "valence_random1000": 0.9600000381469727, "valence_random1500": 0.9600000381469727, "valence_random2000": 0.9587500095367432, "valence_random2500": 0.9600000381469727, "valence_random3000": 0.9509375095367432, "valence_random4000": 0.9562499523162842, "valence_random5000": 0.9575000405311584, "valence_random6000": 0.8312500715255737, "happy_random500": 0.9612500667572021, "happy_random1000": 0.9637500047683716, "happy_random1500": 0.942187488079071, "happy_random2000": 0.9549999833106995, "happy_random2500": 0.9600000381469727, "happy_random3000": 0.9600000381469727, "happy_random4000": 0.9625000357627869, "happy_random5000": 0.6787500381469727, "happy_random6000": 0.7909374833106995, "anger_random500": 0.9587500095367432, "anger_random1000": 0.9574999809265137, "anger_random1500": 0.9574999809265137, "anger_random2000": 0.9550000429153442, "anger_random2500": 0.9071875214576721, "anger_random3000": 0.9600000381469727, "anger_random4000": 0.9600000381469727, "anger_random5000": 0.9562500715255737, "anger_random6000": 0.9587500095367432, "sad_random500": 0.9612500071525574, "sad_random1000": 0.9624999761581421, "sad_random1500": 0.9612500071525574, "sad_random2000": 0.9537500143051147, "sad_random2500": 0.9587499499320984, "sad_random3000": 0.9337500333786011, "sad_random4000": 0.9496874809265137, "sad_random5000": 0.6637500524520874, "sad_random6000": 0.9550000429153442, "fear_random500": 0.9625000357627869, "fear_random1000": 0.9637500047683716, "fear_random1500": 0.9612500071525574, "fear_random2000": 0.9600000381469727, "fear_random2500": 0.9600000381469727, "fear_random3000": 0.956250011920929, "fear_random4000": 0.9550000429153442, "fear_random5000": 0.9587499499320984, "fear_random6000": 0.9449999928474426, "surprise_random500": 0.9612500071525574, "surprise_random1000": 0.9600000381469727, "surprise_random1500": 0.9587500095367432, "surprise_random2000": 0.9575000405311584, "surprise_random2500": 0.9574999809265137, "surprise_random3000": 0.9537500143051147, "surprise_random4000": 0.9384375214576721, "surprise_random5000": 0.9259374737739563, "surprise_random6000": 0.9637500047683716, "disgust_random500": 0.9625000357627869, "disgust_random1000": 0.9587500095367432, "disgust_random1500": 0.9600000381469727, "disgust_random2000": 0.9587500095367432, "disgust_random2500": 0.9612500071525574, "disgust_random3000": 0.9587500095367432, "disgust_random4000": 0.8996875286102295, "disgust_random5000": 0.9587500095367432, "disgust_random6000": 0.8781249523162842, "control_random500": 0.9637500047683716, "control_random1000": 0.9612500667572021, "control_random1500": 0.9625000357627869, "control_random2000": 0.9624999761581421, "control_random2500": 0.9574999809265137, "control_random3000": 0.9574999809265137, "control_random4000": 0.9500000476837158, "control_random5000": 0.9309375286102295, "control_random6000": 0.9524999856948853, "fairness_random500": 0.9624999761581421, "fairness_random1000": 0.9637500047683716, "fairness_random1500": 0.9574999809265137, "fairness_random2000": 0.9600000381469727, "fairness_random2500": 0.9587500095367432, "fairness_random3000": 0.9637500047683716, "fairness_random4000": 0.9575000405311584, "fairness_random5000": 0.7562499642372131, "fairness_random6000": 0.9221875071525574, "self-related_random500": 0.9625000357627869, "self-related_random1000": 0.9600000381469727, "self-related_random1500": 0.9600000381469727, "self-related_random2000": 0.9549999833106995, "self-related_random2500": 0.9600000381469727, "self-related_random3000": 0.6737500429153442, "self-related_random4000": 0.9524999856948853, "self-related_random5000": 0.9524999856948853, "self-related_random6000": 0.9587499499320984, "other-related_random500": 0.9600000381469727, "other-related_random1000": 0.8324999809265137, "other-related_random1500": 0.9599999785423279, "other-related_random2000": 0.9612500071525574, "other-related_random2500": 0.9524999856948853, "other-related_random3000": 0.9562499523162842, "other-related_random4000": 0.948437511920929, "other-related_random5000": 0.8009375333786011, "other-related_random6000": 0.7175000309944153, "expectedness_random500": 0.9650000333786011, "expectedness_random1000": 0.9612500071525574, "expectedness_random1500": 0.9612500667572021, "expectedness_random2000": 0.9587500691413879, "expectedness_random2500": 0.9625000357627869, "expectedness_random3000": 0.9599999785423279, "expectedness_random4000": 0.9575000405311584, "expectedness_random5000": 0.9524999856948853, "expectedness_random6000": 0.9587500095367432, "non-novelty_random500": 0.9650000333786011, "non-novelty_random1000": 0.9599999189376831, "non-novelty_random1500": 0.9600000381469727, "non-novelty_random2000": 0.9575000405311584, "non-novelty_random2500": 0.942187488079071, "non-novelty_random3000": 0.9521874785423279, "non-novelty_random4000": 0.9500000476837158, "non-novelty_random5000": 0.9456250071525574, "non-novelty_random6000": 0.5262500047683716}