{"sentiment": "gratitude", "seed": 17, "arousal_random500": 0.9637500643730164, "best": 0.9634906649589539, "arousal_random1000": 0.9724999666213989, "arousal_random1500": 0.9559375047683716, "arousal_random2000": 0.9700000286102295, "arousal_random2500": 0.909375011920929, "arousal_random3000": 0.9293749928474426, "arousal_random4000": 0.6796875, "arousal_random5000": 0.9571874737739563, "arousal_random6000": 0.8512500524520874, "valence_random500": 0.9637500643730164, "valence_random1000": 0.9700000286102295, "valence_random1500": 0.9443749785423279, "valence_random2000": 0.9662500023841858, "valence_random2500": 0.9700000286102295, "valence_random3000": 0.940625011920929, "valence_random4000": 0.9456250071525574, "valence_random5000": 0.9625000357627869, "valence_random6000": 0.9059374332427979, "happy_random500": 0.9650000333786011, "happy_random1000": 0.9431250095367432, "happy_random1500": 0.9131249785423279, "happy_random2000": 0.9612500071525574, "happy_random2500": 0.9637500047683716, "happy_random3000": 0.9068750143051147, "happy_random4000": 0.96875, "happy_random5000": 0.6056250333786011, "happy_random6000": 0.5296874642372131, "anger_random500": 0.9662500619888306, "anger_random1000": 0.9306249618530273, "anger_random1500": 0.9662500023841858, "anger_random2000": 0.9637500047683716, "anger_random2500": 0.9215625524520874, "anger_random3000": 0.9509375095367432, "anger_random4000": 0.9674999713897705, "anger_random5000": 0.9624999761581421, "anger_random6000": 0.9700000286102295, "sad_random500": 0.9675000309944153, "sad_random1000": 0.9700000286102295, "sad_random1500": 0.9637500643730164, "sad_random2000": 0.9650000333786011, "sad_random2500": 0.9293749928474426, "sad_random3000": 0.9496874809265137, "sad_random4000": 0.934374988079071, "sad_random5000": 0.8674999475479126, "sad_random6000": 0.9612500667572021, "fear_random500": 0.9675000309944153, "fear_random1000": 0.9650000333786011, "fear_random1500": 0.9662500619888306, "fear_random2000": 0.9662500619888306, "fear_random2500": 0.9637500047683716, "fear_random3000": 0.9674999713897705, "fear_random4000": 0.8787500858306885, "fear_random5000": 0.9559375047683716, "fear_random6000": 0.9499999284744263, "surprise_random500": 0.9700000286102295, "surprise_random1000": 0.9700000286102295, "surprise_random1500": 0.9662500023841858, "surprise_random2000": 0.9637499451637268, "surprise_random2500": 0.9625000357627869, "surprise_random3000": 0.9674999713897705, "surprise_random4000": 0.9600000977516174, "surprise_random5000": 0.8084374666213989, "surprise_random6000": 0.9675000309944153, "disgust_random500": 0.9637500643730164, "disgust_random1000": 0.9368749856948853, "disgust_random1500": 0.9662500619888306, "disgust_random2000": 0.9662500619888306, "disgust_random2500": 0.9443749785423279, "disgust_random3000": 0.9675000309944153, "disgust_random4000": 0.9143750071525574, "disgust_random5000": 0.9281249642372131, "disgust_random6000": 0.809374988079071, "control_random500": 0.9650000333786011, "control_random1000": 0.96875, "control_random1500": 0.9700000286102295, "control_random2000": 0.9624999761581421, "control_random2500": 0.9650000333786011, "control_random3000": 0.9637500047683716, "control_random4000": 0.9662500619888306, "control_random5000": 0.7690624594688416, "control_random6000": 0.9268749952316284, "fairness_random500": 0.9637500047683716, "fairness_random1000": 0.9612500071525574, "fairness_random1500": 0.9115625023841858, "fairness_random2000": 0.9700000286102295, "fairness_random2500": 0.9624999761581421, "fairness_random3000": 0.9675000905990601, "fairness_random4000": 0.966249942779541, "fairness_random5000": 0.9546874761581421, "fairness_random6000": 0.9587500095367432, "self-related_random500": 0.9700000286102295, "self-related_random1000": 0.9675000309944153, "self-related_random1500": 0.96875, "self-related_random2000": 0.9637500047683716, "self-related_random2500": 0.9662500619888306, "self-related_random3000": 0.9575000405311584, "self-related_random4000": 0.9662500023841858, "self-related_random5000": 0.9674999713897705, "self-related_random6000": 0.9612500071525574, "other-related_random500": 0.9662500023841858, "other-related_random1000": 0.8721874952316284, "other-related_random1500": 0.9481250047683716, "other-related_random2000": 0.9699999690055847, "other-related_random2500": 0.9468750357627869, "other-related_random3000": 0.9674999713897705, "other-related_random4000": 0.9584375619888306, "other-related_random5000": 0.9599999785423279, "other-related_random6000": 0.9493750333786011, "expectedness_random500": 0.9637500047683716, "expectedness_random1000": 0.9637500643730164, "expectedness_random1500": 0.9650000333786011, "expectedness_random2000": 0.9675000309944153, "expectedness_random2500": 0.9625000357627869, "expectedness_random3000": 0.9624999761581421, "expectedness_random4000": 0.9675000309944153, "expectedness_random5000": 0.9650000333786011, "expectedness_random6000": 0.9612500071525574, "non-novelty_random500": 0.9534375071525574, "non-novelty_random1000": 0.9650000333786011, "non-novelty_random1500": 0.9637500047683716, "non-novelty_random2000": 0.9674999713897705, "non-novelty_random2500": 0.9624999761581421, "non-novelty_random3000": 0.9546875357627869, "non-novelty_random4000": 0.9600000381469727, "non-novelty_random5000": 0.9649999737739563, "non-novelty_random6000": 0.5196875333786011}