{"sentiment": "gratitude", "seed": 13, "arousal_random500": 0.9671875238418579, "best": 0.9670904278755188, "arousal_random1000": 0.9621875286102295, "arousal_random1500": 0.9671875238418579, "arousal_random2000": 0.963437557220459, "arousal_random2500": 0.9621874690055847, "arousal_random3000": 0.9431250095367432, "arousal_random4000": 0.56968754529953, "arousal_random5000": 0.9621875286102295, "arousal_random6000": 0.958437442779541, "valence_random500": 0.9646875858306885, "valence_random1000": 0.9659374952316284, "valence_random1500": 0.9646875858306885, "valence_random2000": 0.9646875262260437, "valence_random2500": 0.9659375548362732, "valence_random3000": 0.9634374976158142, "valence_random4000": 0.9671875238418579, "valence_random5000": 0.9659374952316284, "valence_random6000": 0.5143749713897705, "happy_random500": 0.9621875286102295, "happy_random1000": 0.963437557220459, "happy_random1500": 0.9584375619888306, "happy_random2000": 0.963437557220459, "happy_random2500": 0.9571875333786011, "happy_random3000": 0.9609375, "happy_random4000": 0.9646875858306885, "happy_random5000": 0.4959374666213989, "happy_random6000": 0.5518749952316284, "anger_random500": 0.9621875286102295, "anger_random1000": 0.953125, "anger_random1500": 0.9456250071525574, "anger_random2000": 0.9521875381469727, "anger_random2500": 0.9671875238418579, "anger_random3000": 0.9659374952316284, "anger_random4000": 0.9671875238418579, "anger_random5000": 0.9509375095367432, "anger_random6000": 0.963437557220459, "sad_random500": 0.9609375, "sad_random1000": 0.9621875286102295, "sad_random1500": 0.9684375524520874, "sad_random2000": 0.963437557220459, "sad_random2500": 0.9646874666213989, "sad_random3000": 0.8434375524520874, "sad_random4000": 0.9493749737739563, "sad_random5000": 0.9134374856948853, "sad_random6000": 0.8534375429153442, "fear_random500": 0.9659374952316284, "fear_random1000": 0.9659374952316284, "fear_random1500": 0.9621875286102295, "fear_random2000": 0.9609375, "fear_random2500": 0.963437557220459, "fear_random3000": 0.9596874713897705, "fear_random4000": 0.8740625381469727, "fear_random5000": 0.9596874713897705, "fear_random6000": 0.9509375095367432, "surprise_random500": 0.9596874713897705, "surprise_random1000": 0.963437557220459, "surprise_random1500": 0.9609375, "surprise_random2000": 0.9659374952316284, "surprise_random2500": 0.9634374976158142, "surprise_random3000": 0.9584375023841858, "surprise_random4000": 0.9634374976158142, "surprise_random5000": 0.963437557220459, "surprise_random6000": 0.9646874666213989, "disgust_random500": 0.9671875238418579, "disgust_random1000": 0.9659374952316284, "disgust_random1500": 0.963437557220459, "disgust_random2000": 0.9671875238418579, "disgust_random2500": 0.9671875238418579, "disgust_random3000": 0.9646875262260437, "disgust_random4000": 0.9559374451637268, "disgust_random5000": 0.9571874737739563, "disgust_random6000": 0.9334375262260437, "control_random500": 0.9684374928474426, "control_random1000": 0.9671875238418579, "control_random1500": 0.9646875858306885, "control_random2000": 0.963437557220459, "control_random2500": 0.9659374952316284, "control_random3000": 0.9646874666213989, "control_random4000": 0.9634374976158142, "control_random5000": 0.9634374976158142, "control_random6000": 0.9534375667572021, "fairness_random500": 0.963437557220459, "fairness_random1000": 0.9571875333786011, "fairness_random1500": 0.9596874713897705, "fairness_random2000": 0.9559375047683716, "fairness_random2500": 0.9621874690055847, "fairness_random3000": 0.9646874666213989, "fairness_random4000": 0.9646874666213989, "fairness_random5000": 0.9571874737739563, "fairness_random6000": 0.9659374952316284, "self-related_random500": 0.9646875858306885, "self-related_random1000": 0.9671875238418579, "self-related_random1500": 0.9646875858306885, "self-related_random2000": 0.963437557220459, "self-related_random2500": 0.9646875858306885, "self-related_random3000": 0.9584375023841858, "self-related_random4000": 0.9471874833106995, "self-related_random5000": 0.9559375047683716, "self-related_random6000": 0.9396874904632568, "other-related_random500": 0.963437557220459, "other-related_random1000": 0.5106250047683716, "other-related_random1500": 0.9571874737739563, "other-related_random2000": 0.9368749856948853, "other-related_random2500": 0.9659374952316284, "other-related_random3000": 0.9646874666213989, "other-related_random4000": 0.9659374952316284, "other-related_random5000": 0.9506250023841858, "other-related_random6000": 0.7871875166893005, "expectedness_random500": 0.9646874666213989, "expectedness_random1000": 0.9646875262260437, "expectedness_random1500": 0.9671875238418579, "expectedness_random2000": 0.9584375619888306, "expectedness_random2500": 0.953125, "expectedness_random3000": 0.9646874666213989, "expectedness_random4000": 0.9621875286102295, "expectedness_random5000": 0.9434375762939453, "expectedness_random6000": 0.9246875047683716, "non-novelty_random500": 0.9621875286102295, "non-novelty_random1000": 0.9646875858306885, "non-novelty_random1500": 0.9659374952316284, "non-novelty_random2000": 0.9684375524520874, "non-novelty_random2500": 0.9659374952316284, "non-novelty_random3000": 0.9671875238418579, "non-novelty_random4000": 0.9534375071525574, "non-novelty_random5000": 0.9609375, "non-novelty_random6000": 0.49312496185302734}