{"sentiment": "gratitude", "seed": 5, "arousal_random500": 0.9637499451637268, "best": 0.9598906636238098, "arousal_random1000": 0.9637500643730164, "arousal_random1500": 0.9649999737739563, "arousal_random2000": 0.9624999761581421, "arousal_random2500": 0.9574999809265137, "arousal_random3000": 0.8612499833106995, "arousal_random4000": 0.9524999856948853, "arousal_random5000": 0.9562499523162842, "arousal_random6000": 0.9521875381469727, "valence_random500": 0.9637500047683716, "valence_random1000": 0.9662500023841858, "valence_random1500": 0.9599999785423279, "valence_random2000": 0.9650000333786011, "valence_random2500": 0.9662500023841858, "valence_random3000": 0.9612500071525574, "valence_random4000": 0.918749988079071, "valence_random5000": 0.9625000953674316, "valence_random6000": 0.8600000143051147, "happy_random500": 0.9637500643730164, "happy_random1000": 0.9637500047683716, "happy_random1500": 0.9625000953674316, "happy_random2000": 0.9649999737739563, "happy_random2500": 0.9637500047683716, "happy_random3000": 0.9637500047683716, "happy_random4000": 0.9600000381469727, "happy_random5000": 0.4737499952316284, "happy_random6000": 0.7549999952316284, "anger_random500": 0.9662500619888306, "anger_random1000": 0.9600000381469727, "anger_random1500": 0.9687500596046448, "anger_random2000": 0.9662500023841858, "anger_random2500": 0.9624999761581421, "anger_random3000": 0.9624999165534973, "anger_random4000": 0.9587500095367432, "anger_random5000": 0.9624999761581421, "anger_random6000": 0.8912500143051147, "sad_random500": 0.9662500619888306, "sad_random1000": 0.9624999761581421, "sad_random1500": 0.9625000953674316, "sad_random2000": 0.9662500023841858, "sad_random2500": 0.9649999737739563, "sad_random3000": 0.9424999952316284, "sad_random4000": 0.9587499499320984, "sad_random5000": 0.9412499666213989, "sad_random6000": 0.9475000500679016, "fear_random500": 0.9637500047683716, "fear_random1000": 0.9662500619888306, "fear_random1500": 0.9612500667572021, "fear_random2000": 0.9637500643730164, "fear_random2500": 0.9637500643730164, "fear_random3000": 0.9649999737739563, "fear_random4000": 0.9181249737739563, "fear_random5000": 0.9537500143051147, "fear_random6000": 0.9412500262260437, "surprise_random500": 0.9662500023841858, "surprise_random1000": 0.9675000309944153, "surprise_random1500": 0.9662500023841858, "surprise_random2000": 0.9625000357627869, "surprise_random2500": 0.9650000333786011, "surprise_random3000": 0.9612500071525574, "surprise_random4000": 0.9409374594688416, "surprise_random5000": 0.9587500095367432, "surprise_random6000": 0.9675000309944153, "disgust_random500": 0.9624999761581421, "disgust_random1000": 0.9637500643730164, "disgust_random1500": 0.9662500023841858, "disgust_random2000": 0.9637500047683716, "disgust_random2500": 0.9612500667572021, "disgust_random3000": 0.9612500667572021, "disgust_random4000": 0.9424999952316284, "disgust_random5000": 0.9450000524520874, "disgust_random6000": 0.9587500095367432, "control_random500": 0.9612500071525574, "control_random1000": 0.9675000309944153, "control_random1500": 0.9675000309944153, "control_random2000": 0.9649999737739563, "control_random2500": 0.9650000333786011, "control_random3000": 0.9599999785423279, "control_random4000": 0.9650000333786011, "control_random5000": 0.9662500619888306, "control_random6000": 0.7237499952316284, "fairness_random500": 0.9662500023841858, "fairness_random1000": 0.9600000381469727, "fairness_random1500": 0.9612499475479126, "fairness_random2000": 0.9637500047683716, "fairness_random2500": 0.9662500023841858, "fairness_random3000": 0.9649999737739563, "fairness_random4000": 0.9662500023841858, "fairness_random5000": 0.7421875, "fairness_random6000": 0.9650000333786011, "self-related_random500": 0.9675000309944153, "self-related_random1000": 0.9662500023841858, "self-related_random1500": 0.966249942779541, "self-related_random2000": 0.9625000357627869, "self-related_random2500": 0.9637500047683716, "self-related_random3000": 0.956250011920929, "self-related_random4000": 0.9612500071525574, "self-related_random5000": 0.9550000429153442, "self-related_random6000": 0.9399999976158142, "other-related_random500": 0.9649999737739563, "other-related_random1000": 0.7012500166893005, "other-related_random1500": 0.9587500095367432, "other-related_random2000": 0.9624999761581421, "other-related_random2500": 0.9600000381469727, "other-related_random3000": 0.9662500023841858, "other-related_random4000": 0.9624999761581421, "other-related_random5000": 0.9437499046325684, "other-related_random6000": 0.9384374618530273, "expectedness_random500": 0.9637500047683716, "expectedness_random1000": 0.9612499475479126, "expectedness_random1500": 0.9674999713897705, "expectedness_random2000": 0.9587500095367432, "expectedness_random2500": 0.9509375095367432, "expectedness_random3000": 0.9612500071525574, "expectedness_random4000": 0.9637499451637268, "expectedness_random5000": 0.9449999928474426, "expectedness_random6000": 0.9487500190734863, "non-novelty_random500": 0.9599999785423279, "non-novelty_random1000": 0.9650000333786011, "non-novelty_random1500": 0.9612500071525574, "non-novelty_random2000": 0.9637500047683716, "non-novelty_random2500": 0.9612500071525574, "non-novelty_random3000": 0.9637500047683716, "non-novelty_random4000": 0.9625000357627869, "non-novelty_random5000": 0.9599999785423279, "non-novelty_random6000": 0.8037499785423279}