{"sentiment": "grief", "seed": 42, "arousal_random500": 0.5, "best": 0.5769230723381042, "arousal_random1000": 0.42307692766189575, "arousal_random1500": 0.38461539149284363, "arousal_random2000": 0.42307692766189575, "arousal_random2500": 0.4615384638309479, "arousal_random3000": 0.5, "arousal_random4000": 0.5384615659713745, "arousal_random5000": 0.5, "arousal_random6000": 0.5384615659713745, "valence_random500": 0.5, "valence_random1000": 0.5, "valence_random1500": 0.5, "valence_random2000": 0.4615384638309479, "valence_random2500": 0.5384615659713745, "valence_random3000": 0.5, "valence_random4000": 0.5, "valence_random5000": 0.5, "valence_random6000": 0.5384615659713745, "happy_random500": 0.5384615659713745, "happy_random1000": 0.5769230723381042, "happy_random1500": 0.5, "happy_random2000": 0.42307692766189575, "happy_random2500": 0.5, "happy_random3000": 0.5, "happy_random4000": 0.5, "happy_random5000": 0.6538461446762085, "happy_random6000": 0.5, "anger_random500": 0.5384615659713745, "anger_random1000": 0.4615384638309479, "anger_random1500": 0.23076923191547394, "anger_random2000": 0.42307692766189575, "anger_random2500": 0.4615384638309479, "anger_random3000": 0.5, "anger_random4000": 0.4615384638309479, "anger_random5000": 0.5, "anger_random6000": 0.5, "sad_random500": 0.5, "sad_random1000": 0.5, "sad_random1500": 0.6538461446762085, "sad_random2000": 0.5, "sad_random2500": 0.5384615659713745, "sad_random3000": 0.5, "sad_random4000": 0.5, "sad_random5000": 0.5, "sad_random6000": 0.5769230723381042, "fear_random500": 0.6538461446762085, "fear_random1000": 0.5, "fear_random1500": 0.5384615659713745, "fear_random2000": 0.5, "fear_random2500": 0.5, "fear_random3000": 0.6153846383094788, "fear_random4000": 0.3461538553237915, "fear_random5000": 0.5, "fear_random6000": 0.7692307829856873, "surprise_random500": 0.692307710647583, "surprise_random1000": 0.5769230723381042, "surprise_random1500": 0.5, "surprise_random2000": 0.5769230723381042, "surprise_random2500": 0.5, "surprise_random3000": 0.5, "surprise_random4000": 0.5, "surprise_random5000": 0.5, "surprise_random6000": 0.5, "disgust_random500": 0.5, "disgust_random1000": 0.3461538553237915, "disgust_random1500": 0.4615384638309479, "disgust_random2000": 0.5, "disgust_random2500": 0.5, "disgust_random3000": 0.5, "disgust_random4000": 0.5, "disgust_random5000": 0.5, "disgust_random6000": 0.5, "control_random500": 0.42307692766189575, "control_random1000": 0.5384615659713745, "control_random1500": 0.692307710647583, "control_random2000": 0.5769230723381042, "control_random2500": 0.4615384638309479, "control_random3000": 0.42307692766189575, "control_random4000": 0.5769230723381042, "control_random5000": 0.5, "control_random6000": 0.5, "fairness_random500": 0.692307710647583, "fairness_random1000": 0.5, "fairness_random1500": 0.4615384638309479, "fairness_random2000": 0.5, "fairness_random2500": 0.4615384638309479, "fairness_random3000": 0.38461539149284363, "fairness_random4000": 0.5384615659713745, "fairness_random5000": 0.4615384638309479, "fairness_random6000": 0.5, "self-related_random500": 0.5769230723381042, "self-related_random1000": 0.6153846383094788, "self-related_random1500": 0.5, "self-related_random2000": 0.5, "self-related_random2500": 0.42307692766189575, "self-related_random3000": 0.7307692170143127, "self-related_random4000": 0.5, "self-related_random5000": 0.5769230723381042, "self-related_random6000": 0.5, "other-related_random500": 0.5769230723381042, "other-related_random1000": 0.5, "other-related_random1500": 0.5, "other-related_random2000": 0.7692307829856873, "other-related_random2500": 0.5, "other-related_random3000": 0.5, "other-related_random4000": 0.5, "other-related_random5000": 0.5, "other-related_random6000": 0.5769230723381042, "expectedness_random500": 0.5384615659713745, "expectedness_random1000": 0.5, "expectedness_random1500": 0.5, "expectedness_random2000": 0.4615384638309479, "expectedness_random2500": 0.5, "expectedness_random3000": 0.5, "expectedness_random4000": 0.5, "expectedness_random5000": 0.4615384638309479, "expectedness_random6000": 0.5384615659713745, "non-novelty_random500": 0.5, "non-novelty_random1000": 0.5384615659713745, "non-novelty_random1500": 0.5384615659713745, "non-novelty_random2000": 0.6153846383094788, "non-novelty_random2500": 0.5, "non-novelty_random3000": 0.5384615659713745, "non-novelty_random4000": 0.5, "non-novelty_random5000": 0.5, "non-novelty_random6000": 0.5}