{"sentiment": "grief", "seed": 13, "arousal_random500": 0.8846153616905212, "best": 0.8846153616905212, "arousal_random1000": 0.9230769276618958, "arousal_random1500": 0.807692289352417, "arousal_random2000": 0.9230769276618958, "arousal_random2500": 0.8846153616905212, "arousal_random3000": 0.6538461446762085, "arousal_random4000": 0.5384615659713745, "arousal_random5000": 0.807692289352417, "arousal_random6000": 0.5384615659713745, "valence_random500": 0.9230769276618958, "valence_random1000": 0.9230769276618958, "valence_random1500": 0.8461538553237915, "valence_random2000": 0.9230769276618958, "valence_random2500": 0.8846153616905212, "valence_random3000": 0.8461538553237915, "valence_random4000": 0.807692289352417, "valence_random5000": 0.7307692170143127, "valence_random6000": 0.5, "happy_random500": 0.8461538553237915, "happy_random1000": 0.807692289352417, "happy_random1500": 0.8461538553237915, "happy_random2000": 0.8461538553237915, "happy_random2500": 0.9230769276618958, "happy_random3000": 0.7307692170143127, "happy_random4000": 0.807692289352417, "happy_random5000": 0.5384615659713745, "happy_random6000": 0.5, "anger_random500": 0.9230769276618958, "anger_random1000": 0.8461538553237915, "anger_random1500": 0.5, "anger_random2000": 0.7692307829856873, "anger_random2500": 0.8846153616905212, "anger_random3000": 0.8846153616905212, "anger_random4000": 0.7307692170143127, "anger_random5000": 0.807692289352417, "anger_random6000": 0.807692289352417, "sad_random500": 0.8846153616905212, "sad_random1000": 0.8461538553237915, "sad_random1500": 0.9230769276618958, "sad_random2000": 0.807692289352417, "sad_random2500": 0.8461538553237915, "sad_random3000": 0.5, "sad_random4000": 0.5769230723381042, "sad_random5000": 0.5, "sad_random6000": 0.5, "fear_random500": 0.8846153616905212, "fear_random1000": 0.8846153616905212, "fear_random1500": 0.9230769276618958, "fear_random2000": 0.8846153616905212, "fear_random2500": 0.5, "fear_random3000": 0.8846153616905212, "fear_random4000": 0.5384615659713745, "fear_random5000": 0.5769230723381042, "fear_random6000": 0.5769230723381042, "surprise_random500": 0.9230769276618958, "surprise_random1000": 0.9230769276618958, "surprise_random1500": 0.8846153616905212, "surprise_random2000": 0.8846153616905212, "surprise_random2500": 0.807692289352417, "surprise_random3000": 0.8846153616905212, "surprise_random4000": 0.807692289352417, "surprise_random5000": 0.6153846383094788, "surprise_random6000": 0.6538461446762085, "disgust_random500": 0.8846153616905212, "disgust_random1000": 0.8846153616905212, "disgust_random1500": 0.8846153616905212, "disgust_random2000": 0.8846153616905212, "disgust_random2500": 0.8461538553237915, "disgust_random3000": 0.807692289352417, "disgust_random4000": 0.5, "disgust_random5000": 0.9230769276618958, "disgust_random6000": 0.5384615659713745, "control_random500": 0.9230769276618958, "control_random1000": 0.9230769276618958, "control_random1500": 0.5384615659713745, "control_random2000": 0.807692289352417, "control_random2500": 0.7692307829856873, "control_random3000": 0.8846153616905212, "control_random4000": 0.7307692170143127, "control_random5000": 0.5, "control_random6000": 0.6538461446762085, "fairness_random500": 0.8846153616905212, "fairness_random1000": 0.9230769276618958, "fairness_random1500": 0.8461538553237915, "fairness_random2000": 0.8846153616905212, "fairness_random2500": 0.5384615659713745, "fairness_random3000": 0.8846153616905212, "fairness_random4000": 0.8846153616905212, "fairness_random5000": 0.5769230723381042, "fairness_random6000": 0.6153846383094788, "self-related_random500": 0.8846153616905212, "self-related_random1000": 0.8846153616905212, "self-related_random1500": 0.8461538553237915, "self-related_random2000": 0.9230769276618958, "self-related_random2500": 0.9230769276618958, "self-related_random3000": 0.6153846383094788, "self-related_random4000": 0.807692289352417, "self-related_random5000": 0.8461538553237915, "self-related_random6000": 0.8461538553237915, "other-related_random500": 0.9230769276618958, "other-related_random1000": 0.5, "other-related_random1500": 0.8846153616905212, "other-related_random2000": 0.8461538553237915, "other-related_random2500": 0.8846153616905212, "other-related_random3000": 0.5769230723381042, "other-related_random4000": 0.807692289352417, "other-related_random5000": 0.7692307829856873, "other-related_random6000": 0.5769230723381042, "expectedness_random500": 0.9230769276618958, "expectedness_random1000": 0.8461538553237915, "expectedness_random1500": 0.9230769276618958, "expectedness_random2000": 0.9230769276618958, "expectedness_random2500": 0.8846153616905212, "expectedness_random3000": 0.807692289352417, "expectedness_random4000": 0.807692289352417, "expectedness_random5000": 0.807692289352417, "expectedness_random6000": 0.8461538553237915, "non-novelty_random500": 0.8846153616905212, "non-novelty_random1000": 0.807692289352417, "non-novelty_random1500": 0.9230769276618958, "non-novelty_random2000": 0.9230769276618958, "non-novelty_random2500": 0.8846153616905212, "non-novelty_random3000": 0.8846153616905212, "non-novelty_random4000": 0.807692289352417, "non-novelty_random5000": 0.807692289352417, "non-novelty_random6000": 0.5769230723381042}