{"sentiment": "joy", "seed": 17, "arousal_random500": 0.8879545331001282, "best": 0.8805042505264282, "arousal_random1000": 0.8797727823257446, "arousal_random1500": 0.8668181896209717, "arousal_random2000": 0.8640909194946289, "arousal_random2500": 0.8188636302947998, "arousal_random3000": 0.8647727370262146, "arousal_random4000": 0.5554545521736145, "arousal_random5000": 0.8640909194946289, "arousal_random6000": 0.8215909004211426, "valence_random500": 0.8829545378684998, "valence_random1000": 0.8772727251052856, "valence_random1500": 0.8804545998573303, "valence_random2000": 0.878636360168457, "valence_random2500": 0.7690908908843994, "valence_random3000": 0.8559091091156006, "valence_random4000": 0.7490909099578857, "valence_random5000": 0.8768181800842285, "valence_random6000": 0.44659093022346497, "happy_random500": 0.8804545998573303, "happy_random1000": 0.8704545497894287, "happy_random1500": 0.7911363840103149, "happy_random2000": 0.8886363506317139, "happy_random2500": 0.8659090995788574, "happy_random3000": 0.8622727394104004, "happy_random4000": 0.854772686958313, "happy_random5000": 0.8486363887786865, "happy_random6000": 0.7670454382896423, "anger_random500": 0.8886363506317139, "anger_random1000": 0.8345454335212708, "anger_random1500": 0.8543182015419006, "anger_random2000": 0.8836363554000854, "anger_random2500": 0.881136417388916, "anger_random3000": 0.8804545998573303, "anger_random4000": 0.8711363673210144, "anger_random5000": 0.8836364150047302, "anger_random6000": 0.8736363649368286, "sad_random500": 0.8615908622741699, "sad_random1000": 0.8854545950889587, "sad_random1500": 0.8822727203369141, "sad_random2000": 0.8729545474052429, "sad_random2500": 0.8740909099578857, "sad_random3000": 0.5486363768577576, "sad_random4000": 0.8093181848526001, "sad_random5000": 0.6252272725105286, "sad_random6000": 0.7074999809265137, "fear_random500": 0.8829545378684998, "fear_random1000": 0.8772727251052856, "fear_random1500": 0.8886364102363586, "fear_random2000": 0.8886363506317139, "fear_random2500": 0.8736363649368286, "fear_random3000": 0.8779545426368713, "fear_random4000": 0.8415908813476562, "fear_random5000": 0.8654545545578003, "fear_random6000": 0.6468181610107422, "surprise_random500": 0.884772777557373, "surprise_random1000": 0.8779545426368713, "surprise_random1500": 0.8729545474052429, "surprise_random2000": 0.8772727847099304, "surprise_random2500": 0.7484090328216553, "surprise_random3000": 0.8729545474052429, "surprise_random4000": 0.866136372089386, "surprise_random5000": 0.6215908527374268, "surprise_random6000": 0.8575000166893005, "disgust_random500": 0.860909104347229, "disgust_random1000": 0.8765908479690552, "disgust_random1500": 0.878636360168457, "disgust_random2000": 0.8761363625526428, "disgust_random2500": 0.8911363482475281, "disgust_random3000": 0.850454568862915, "disgust_random4000": 0.796818196773529, "disgust_random5000": 0.8100000023841858, "disgust_random6000": 0.8693181872367859, "control_random500": 0.8590909242630005, "control_random1000": 0.8854545950889587, "control_random1500": 0.8936364054679871, "control_random2000": 0.8811363577842712, "control_random2500": 0.8829545974731445, "control_random3000": 0.8640909194946289, "control_random4000": 0.8006817698478699, "control_random5000": 0.7918182015419006, "control_random6000": 0.8261363506317139, "fairness_random500": 0.8665908575057983, "fairness_random1000": 0.8559091091156006, "fairness_random1500": 0.8565908670425415, "fairness_random2000": 0.8754546046257019, "fairness_random2500": 0.8270454406738281, "fairness_random3000": 0.8886364102363586, "fairness_random4000": 0.8313636183738708, "fairness_random5000": 0.8629545569419861, "fairness_random6000": 0.8350000381469727, "self-related_random500": 0.8886363506317139, "self-related_random1000": 0.8911364078521729, "self-related_random1500": 0.8459091186523438, "self-related_random2000": 0.8772727251052856, "self-related_random2500": 0.8409091234207153, "self-related_random3000": 0.6150000095367432, "self-related_random4000": 0.8711363673210144, "self-related_random5000": 0.8747727274894714, "self-related_random6000": 0.8697727918624878, "other-related_random500": 0.8854545950889587, "other-related_random1000": 0.5381817817687988, "other-related_random1500": 0.830227255821228, "other-related_random2000": 0.8690909147262573, "other-related_random2500": 0.8779545426368713, "other-related_random3000": 0.881136417388916, "other-related_random4000": 0.7629545331001282, "other-related_random5000": 0.8522727489471436, "other-related_random6000": 0.8220454454421997, "expectedness_random500": 0.8772727251052856, "expectedness_random1000": 0.8640909194946289, "expectedness_random1500": 0.8790909051895142, "expectedness_random2000": 0.8665908575057983, "expectedness_random2500": 0.8395454287528992, "expectedness_random3000": 0.8018181920051575, "expectedness_random4000": 0.8590909242630005, "expectedness_random5000": 0.8486363887786865, "expectedness_random6000": 0.8500000238418579, "non-novelty_random500": 0.8427272439002991, "non-novelty_random1000": 0.8797727823257446, "non-novelty_random1500": 0.8715908527374268, "non-novelty_random2000": 0.8829545378684998, "non-novelty_random2500": 0.866136372089386, "non-novelty_random3000": 0.8779545426368713, "non-novelty_random4000": 0.8636363744735718, "non-novelty_random5000": 0.8765908479690552, "non-novelty_random6000": 0.7838636040687561}