{"sentiment": "joy", "seed": 11, "arousal_random500": 0.8954545855522156, "best": 0.9035866260528564, "arousal_random1000": 0.8822727799415588, "arousal_random1500": 0.8954545855522156, "arousal_random2000": 0.8929545879364014, "arousal_random2500": 0.8822727203369141, "arousal_random3000": 0.8534090518951416, "arousal_random4000": 0.6875, "arousal_random5000": 0.7918182015419006, "arousal_random6000": 0.831818163394928, "valence_random500": 0.8922727108001709, "valence_random1000": 0.8822727203369141, "valence_random1500": 0.8947727680206299, "valence_random2000": 0.8918181657791138, "valence_random2500": 0.8647727370262146, "valence_random3000": 0.837045431137085, "valence_random4000": 0.8961364030838013, "valence_random5000": 0.8693181872367859, "valence_random6000": 0.5909091234207153, "happy_random500": 0.8772727251052856, "happy_random1000": 0.8822727203369141, "happy_random1500": 0.8470454216003418, "happy_random2000": 0.8843181729316711, "happy_random2500": 0.8765908479690552, "happy_random3000": 0.896818220615387, "happy_random4000": 0.8743181824684143, "happy_random5000": 0.6561363935470581, "happy_random6000": 0.548409104347229, "anger_random500": 0.8879545331001282, "anger_random1000": 0.8947727680206299, "anger_random1500": 0.859318196773529, "anger_random2000": 0.8743181824684143, "anger_random2500": 0.8754545450210571, "anger_random3000": 0.7999999523162842, "anger_random4000": 0.8765908479690552, "anger_random5000": 0.8686363697052002, "anger_random6000": 0.8068181872367859, "sad_random500": 0.8922727108001709, "sad_random1000": 0.8922727704048157, "sad_random1500": 0.9018182158470154, "sad_random2000": 0.8729546070098877, "sad_random2500": 0.8559091091156006, "sad_random3000": 0.5645454525947571, "sad_random4000": 0.8484090566635132, "sad_random5000": 0.734318196773529, "sad_random6000": 0.6775000095367432, "fear_random500": 0.8922727108001709, "fear_random1000": 0.8822727203369141, "fear_random1500": 0.8822727203369141, "fear_random2000": 0.8886363506317139, "fear_random2500": 0.8693181872367859, "fear_random3000": 0.8993181586265564, "fear_random4000": 0.8511363863945007, "fear_random5000": 0.8511363863945007, "fear_random6000": 0.5993182063102722, "surprise_random500": 0.8847727179527283, "surprise_random1000": 0.8911363482475281, "surprise_random1500": 0.8872727155685425, "surprise_random2000": 0.8872727155685425, "surprise_random2500": 0.849545419216156, "surprise_random3000": 0.884772777557373, "surprise_random4000": 0.8893182277679443, "surprise_random5000": 0.6825000047683716, "surprise_random6000": 0.859318196773529, "disgust_random500": 0.8954545855522156, "disgust_random1000": 0.8784090280532837, "disgust_random1500": 0.8904545903205872, "disgust_random2000": 0.8811363577842712, "disgust_random2500": 0.8918181657791138, "disgust_random3000": 0.8843181729316711, "disgust_random4000": 0.7138636112213135, "disgust_random5000": 0.8768181800842285, "disgust_random6000": 0.724545419216156, "control_random500": 0.8897727727890015, "control_random1000": 0.8897727131843567, "control_random1500": 0.887954592704773, "control_random2000": 0.8804545998573303, "control_random2500": 0.8509091138839722, "control_random3000": 0.8761363625526428, "control_random4000": 0.8711363673210144, "control_random5000": 0.8686363697052002, "control_random6000": 0.7368181943893433, "fairness_random500": 0.8897727727890015, "fairness_random1000": 0.8804545998573303, "fairness_random1500": 0.8534090518951416, "fairness_random2000": 0.8734090328216553, "fairness_random2500": 0.8829545378684998, "fairness_random3000": 0.8818181753158569, "fairness_random4000": 0.8743181824684143, "fairness_random5000": 0.7027272582054138, "fairness_random6000": 0.8754545450210571, "self-related_random500": 0.8897727727890015, "self-related_random1000": 0.8313636183738708, "self-related_random1500": 0.8997727632522583, "self-related_random2000": 0.887954592704773, "self-related_random2500": 0.8993182182312012, "self-related_random3000": 0.7549999952316284, "self-related_random4000": 0.8961364030838013, "self-related_random5000": 0.8493182063102722, "self-related_random6000": 0.769318163394928, "other-related_random500": 0.8872727155685425, "other-related_random1000": 0.3981817960739136, "other-related_random1500": 0.8684090375900269, "other-related_random2000": 0.8804545402526855, "other-related_random2500": 0.8686363697052002, "other-related_random3000": 0.8452272415161133, "other-related_random4000": 0.85840904712677, "other-related_random5000": 0.7797727584838867, "other-related_random6000": 0.8218181729316711, "expectedness_random500": 0.8872727155685425, "expectedness_random1000": 0.884772777557373, "expectedness_random1500": 0.8772727251052856, "expectedness_random2000": 0.8743181824684143, "expectedness_random2500": 0.8570454120635986, "expectedness_random3000": 0.8615908622741699, "expectedness_random4000": 0.8236363530158997, "expectedness_random5000": 0.8138636350631714, "expectedness_random6000": 0.8643181920051575, "non-novelty_random500": 0.8897727131843567, "non-novelty_random1000": 0.8822727203369141, "non-novelty_random1500": 0.8929545879364014, "non-novelty_random2000": 0.8904545903205872, "non-novelty_random2500": 0.8729545474052429, "non-novelty_random3000": 0.8729545474052429, "non-novelty_random4000": 0.8293182253837585, "non-novelty_random5000": 0.8836363554000854, "non-novelty_random6000": 0.6209090948104858}