{"sentiment": "joy", "seed": 19, "arousal_random500": 0.8702272176742554, "best": 0.8696732521057129, "arousal_random1000": 0.8834091424942017, "arousal_random1500": 0.8620454668998718, "arousal_random2000": 0.8670454025268555, "arousal_random2500": 0.8645454049110413, "arousal_random3000": 0.8488636016845703, "arousal_random4000": 0.7593181729316711, "arousal_random5000": 0.8793181777000427, "arousal_random6000": 0.8743181824684143, "valence_random500": 0.8720454573631287, "valence_random1000": 0.8777272701263428, "valence_random1500": 0.8645454049110413, "valence_random2000": 0.8777272701263428, "valence_random2500": 0.886590838432312, "valence_random3000": 0.8481817841529846, "valence_random4000": 0.8670454025268555, "valence_random5000": 0.8686363697052002, "valence_random6000": 0.7043181657791138, "happy_random500": 0.865227222442627, "happy_random1000": 0.8720453977584839, "happy_random1500": 0.8513635993003845, "happy_random2000": 0.8879545331001282, "happy_random2500": 0.8886363506317139, "happy_random3000": 0.8393182158470154, "happy_random4000": 0.8893182277679443, "happy_random5000": 0.8634090423583984, "happy_random6000": 0.866136372089386, "anger_random500": 0.8834091424942017, "anger_random1000": 0.8670454025268555, "anger_random1500": 0.8722727298736572, "anger_random2000": 0.8872727155685425, "anger_random2500": 0.886590838432312, "anger_random3000": 0.8579545617103577, "anger_random4000": 0.881136417388916, "anger_random5000": 0.8236363530158997, "anger_random6000": 0.8611363768577576, "sad_random500": 0.8802272081375122, "sad_random1000": 0.8695454001426697, "sad_random1500": 0.8790909051895142, "sad_random2000": 0.8779545426368713, "sad_random2500": 0.7979545593261719, "sad_random3000": 0.7593181729316711, "sad_random4000": 0.8268181681632996, "sad_random5000": 0.7543181777000427, "sad_random6000": 0.8718181848526001, "fear_random500": 0.8627272844314575, "fear_random1000": 0.8670454621315002, "fear_random1500": 0.8790909051895142, "fear_random2000": 0.8840909004211426, "fear_random2500": 0.871363639831543, "fear_random3000": 0.8745453953742981, "fear_random4000": 0.8536363840103149, "fear_random5000": 0.8918182253837585, "fear_random6000": 0.8068181872367859, "surprise_random500": 0.8834091424942017, "surprise_random1000": 0.8772727251052856, "surprise_random1500": 0.8802272081375122, "surprise_random2000": 0.8745453953742981, "surprise_random2500": 0.8709090948104858, "surprise_random3000": 0.8536363840103149, "surprise_random4000": 0.8747727870941162, "surprise_random5000": 0.8695454001426697, "surprise_random6000": 0.884772777557373, "disgust_random500": 0.8759090900421143, "disgust_random1000": 0.8695454001426697, "disgust_random1500": 0.8784091472625732, "disgust_random2000": 0.8872727155685425, "disgust_random2500": 0.8815908432006836, "disgust_random3000": 0.8929545283317566, "disgust_random4000": 0.8734091520309448, "disgust_random5000": 0.8461363911628723, "disgust_random6000": 0.881136417388916, "control_random500": 0.8720453977584839, "control_random1000": 0.8904545903205872, "control_random1500": 0.8784091472625732, "control_random2000": 0.865227222442627, "control_random2500": 0.8715908527374268, "control_random3000": 0.8815908432006836, "control_random4000": 0.8929545283317566, "control_random5000": 0.8668181896209717, "control_random6000": 0.8654545545578003, "fairness_random500": 0.8695454001426697, "fairness_random1000": 0.8695454001426697, "fairness_random1500": 0.8752272129058838, "fairness_random2000": 0.8897727727890015, "fairness_random2500": 0.8745454549789429, "fairness_random3000": 0.860909104347229, "fairness_random4000": 0.8922727108001709, "fairness_random5000": 0.8868182301521301, "fairness_random6000": 0.8693181872367859, "self-related_random500": 0.8727272152900696, "self-related_random1000": 0.8770454525947571, "self-related_random1500": 0.8670454025268555, "self-related_random2000": 0.880227267742157, "self-related_random2500": 0.8822727203369141, "self-related_random3000": 0.7268182039260864, "self-related_random4000": 0.884772777557373, "self-related_random5000": 0.8784091472625732, "self-related_random6000": 0.8772727251052856, "other-related_random500": 0.8809090852737427, "other-related_random1000": 0.5543181896209717, "other-related_random1500": 0.8645454049110413, "other-related_random2000": 0.8772727251052856, "other-related_random2500": 0.8784091472625732, "other-related_random3000": 0.8790909051895142, "other-related_random4000": 0.8759090900421143, "other-related_random5000": 0.8415908813476562, "other-related_random6000": 0.8372727632522583, "expectedness_random500": 0.8777272701263428, "expectedness_random1000": 0.8834091424942017, "expectedness_random1500": 0.8915908336639404, "expectedness_random2000": 0.884772777557373, "expectedness_random2500": 0.886590838432312, "expectedness_random3000": 0.8840909004211426, "expectedness_random4000": 0.8536363840103149, "expectedness_random5000": 0.8618181943893433, "expectedness_random6000": 0.866136372089386, "non-novelty_random500": 0.8695454597473145, "non-novelty_random1000": 0.8877272605895996, "non-novelty_random1500": 0.8670454025268555, "non-novelty_random2000": 0.8702272176742554, "non-novelty_random2500": 0.8765908479690552, "non-novelty_random3000": 0.8759090900421143, "non-novelty_random4000": 0.8929545283317566, "non-novelty_random5000": 0.8493182063102722, "non-novelty_random6000": 0.8868182301521301}