{"sentiment": "joy", "seed": 42, "arousal_random500": 0.8488636016845703, "best": 0.8235085010528564, "arousal_random1000": 0.8602272272109985, "arousal_random1500": 0.8381817936897278, "arousal_random2000": 0.8181818127632141, "arousal_random2500": 0.8256818056106567, "arousal_random3000": 0.7552272081375122, "arousal_random4000": 0.7111363410949707, "arousal_random5000": 0.7943181991577148, "arousal_random6000": 0.8136363625526428, "valence_random500": 0.8381817936897278, "valence_random1000": 0.8438636064529419, "valence_random1500": 0.8324999809265137, "valence_random2000": 0.8406818509101868, "valence_random2500": 0.8256818056106567, "valence_random3000": 0.8299999833106995, "valence_random4000": 0.837045431137085, "valence_random5000": 0.837954580783844, "valence_random6000": 0.8047727346420288, "happy_random500": 0.8356817960739136, "happy_random1000": 0.8381817936897278, "happy_random1500": 0.8293181657791138, "happy_random2000": 0.8477272987365723, "happy_random2500": 0.8324999809265137, "happy_random3000": 0.849545419216156, "happy_random4000": 0.8654545545578003, "happy_random5000": 0.7056818008422852, "happy_random6000": 0.6034090518951416, "anger_random500": 0.852045476436615, "anger_random1000": 0.8250000476837158, "anger_random1500": 0.850454568862915, "anger_random2000": 0.8356818556785583, "anger_random2500": 0.8134090900421143, "anger_random3000": 0.8402272462844849, "anger_random4000": 0.8679545521736145, "anger_random5000": 0.831818163394928, "anger_random6000": 0.818636417388916, "sad_random500": 0.8324999809265137, "sad_random1000": 0.8527272343635559, "sad_random1500": 0.8438636064529419, "sad_random2000": 0.8486363887786865, "sad_random2500": 0.8043181896209717, "sad_random3000": 0.5611363649368286, "sad_random4000": 0.7679545283317566, "sad_random5000": 0.7779545783996582, "sad_random6000": 0.7736364006996155, "fear_random500": 0.8406818509101868, "fear_random1000": 0.840681791305542, "fear_random1500": 0.8463636040687561, "fear_random2000": 0.8356817960739136, "fear_random2500": 0.8413636088371277, "fear_random3000": 0.837045431137085, "fear_random4000": 0.8654545545578003, "fear_random5000": 0.8288636207580566, "fear_random6000": 0.7518181800842285, "surprise_random500": 0.852045476436615, "surprise_random1000": 0.8527272939682007, "surprise_random1500": 0.8477272391319275, "surprise_random2000": 0.852045476436615, "surprise_random2500": 0.828181803226471, "surprise_random3000": 0.8415908813476562, "surprise_random4000": 0.803636372089386, "surprise_random5000": 0.8011363744735718, "surprise_random6000": 0.7893182039260864, "disgust_random500": 0.8356817960739136, "disgust_random1000": 0.840681791305542, "disgust_random1500": 0.8431817889213562, "disgust_random2000": 0.8604545593261719, "disgust_random2500": 0.8488636016845703, "disgust_random3000": 0.8377272486686707, "disgust_random4000": 0.8409091234207153, "disgust_random5000": 0.8386363983154297, "disgust_random6000": 0.7736364006996155, "control_random500": 0.8381817936897278, "control_random1000": 0.8538635969161987, "control_random1500": 0.8256818056106567, "control_random2000": 0.8434090614318848, "control_random2500": 0.849545419216156, "control_random3000": 0.8534090518951416, "control_random4000": 0.8427272439002991, "control_random5000": 0.8090909719467163, "control_random6000": 0.7686363458633423, "fairness_random500": 0.8331817984580994, "fairness_random1000": 0.8356817960739136, "fairness_random1500": 0.8456817865371704, "fairness_random2000": 0.8545454144477844, "fairness_random2500": 0.824999988079071, "fairness_random3000": 0.8395454287528992, "fairness_random4000": 0.8502272367477417, "fairness_random5000": 0.7195454239845276, "fairness_random6000": 0.822272777557373, "self-related_random500": 0.8356817960739136, "self-related_random1000": 0.8356817960739136, "self-related_random1500": 0.8356817960739136, "self-related_random2000": 0.8424999713897705, "self-related_random2500": 0.8440908193588257, "self-related_random3000": 0.6268181800842285, "self-related_random4000": 0.8422727584838867, "self-related_random5000": 0.8286364078521729, "self-related_random6000": 0.7822727560997009, "other-related_random500": 0.852045476436615, "other-related_random1000": 0.5511363744735718, "other-related_random1500": 0.8356817960739136, "other-related_random2000": 0.8231818079948425, "other-related_random2500": 0.8420454859733582, "other-related_random3000": 0.8565908670425415, "other-related_random4000": 0.8181818127632141, "other-related_random5000": 0.8079545497894287, "other-related_random6000": 0.7986363768577576, "expectedness_random500": 0.8356817960739136, "expectedness_random1000": 0.8356817960739136, "expectedness_random1500": 0.8427272439002991, "expectedness_random2000": 0.8427273035049438, "expectedness_random2500": 0.8349999785423279, "expectedness_random3000": 0.8331817984580994, "expectedness_random4000": 0.8329545855522156, "expectedness_random5000": 0.7211363911628723, "expectedness_random6000": 0.8365908861160278, "non-novelty_random500": 0.831818163394928, "non-novelty_random1000": 0.8381817936897278, "non-novelty_random1500": 0.8381817936897278, "non-novelty_random2000": 0.8577272891998291, "non-novelty_random2500": 0.8409091234207153, "non-novelty_random3000": 0.850454568862915, "non-novelty_random4000": 0.8536363840103149, "non-novelty_random5000": 0.8454545736312866, "non-novelty_random6000": 0.7902272343635559}