{"sentiment": "joy", "seed": 3, "arousal_random500": 0.8729545474052429, "best": 0.8673650622367859, "arousal_random1000": 0.8522727489471436, "arousal_random1500": 0.8359091281890869, "arousal_random2000": 0.8765908479690552, "arousal_random2500": 0.8488636016845703, "arousal_random3000": 0.755227267742157, "arousal_random4000": 0.4834091067314148, "arousal_random5000": 0.8579545617103577, "arousal_random6000": 0.7697727680206299, "valence_random500": 0.8640909194946289, "valence_random1000": 0.8690909147262573, "valence_random1500": 0.8690909147262573, "valence_random2000": 0.8804545402526855, "valence_random2500": 0.849545419216156, "valence_random3000": 0.8640909194946289, "valence_random4000": 0.7740908861160278, "valence_random5000": 0.8422727584838867, "valence_random6000": 0.4470454752445221, "happy_random500": 0.8672727346420288, "happy_random1000": 0.8715909719467163, "happy_random1500": 0.8324999809265137, "happy_random2000": 0.8515908718109131, "happy_random2500": 0.8797727823257446, "happy_random3000": 0.8570454716682434, "happy_random4000": 0.8577272891998291, "happy_random5000": 0.5895454287528992, "happy_random6000": 0.600454568862915, "anger_random500": 0.8861364126205444, "anger_random1000": 0.8563636541366577, "anger_random1500": 0.8547727465629578, "anger_random2000": 0.8447727560997009, "anger_random2500": 0.787954568862915, "anger_random3000": 0.8420454263687134, "anger_random4000": 0.8615908622741699, "anger_random5000": 0.816136360168457, "anger_random6000": 0.8529545664787292, "sad_random500": 0.863409161567688, "sad_random1000": 0.8804545402526855, "sad_random1500": 0.8615908622741699, "sad_random2000": 0.8445454239845276, "sad_random2500": 0.853181779384613, "sad_random3000": 0.5345454812049866, "sad_random4000": 0.8306818008422852, "sad_random5000": 0.40159091353416443, "sad_random6000": 0.8261363506317139, "fear_random500": 0.872272789478302, "fear_random1000": 0.8709090948104858, "fear_random1500": 0.8597727417945862, "fear_random2000": 0.8597727417945862, "fear_random2500": 0.8540909290313721, "fear_random3000": 0.8234090805053711, "fear_random4000": 0.8220454454421997, "fear_random5000": 0.8422727584838867, "fear_random6000": 0.6954545378684998, "surprise_random500": 0.860909104347229, "surprise_random1000": 0.8647727370262146, "surprise_random1500": 0.869772732257843, "surprise_random2000": 0.8640909194946289, "surprise_random2500": 0.8672727346420288, "surprise_random3000": 0.8515908718109131, "surprise_random4000": 0.8640909194946289, "surprise_random5000": 0.7263635993003845, "surprise_random6000": 0.8315908908843994, "disgust_random500": 0.8527272939682007, "disgust_random1000": 0.8659090995788574, "disgust_random1500": 0.8722727298736572, "disgust_random2000": 0.8622727394104004, "disgust_random2500": 0.8734091520309448, "disgust_random3000": 0.8779545426368713, "disgust_random4000": 0.8490909337997437, "disgust_random5000": 0.8470454812049866, "disgust_random6000": 0.6768181920051575, "control_random500": 0.8488636016845703, "control_random1000": 0.8804545402526855, "control_random1500": 0.8690909147262573, "control_random2000": 0.8597727417945862, "control_random2500": 0.8640909194946289, "control_random3000": 0.8413636684417725, "control_random4000": 0.8288636207580566, "control_random5000": 0.8122727274894714, "control_random6000": 0.8329545855522156, "fairness_random500": 0.865227222442627, "fairness_random1000": 0.8659090995788574, "fairness_random1500": 0.8463636040687561, "fairness_random2000": 0.860909104347229, "fairness_random2500": 0.8143181800842285, "fairness_random3000": 0.8747727274894714, "fairness_random4000": 0.8509091138839722, "fairness_random5000": 0.5813636183738708, "fairness_random6000": 0.8402272462844849, "self-related_random500": 0.8772727251052856, "self-related_random1000": 0.8740909099578857, "self-related_random1500": 0.8715909719467163, "self-related_random2000": 0.8677272796630859, "self-related_random2500": 0.850454568862915, "self-related_random3000": 0.7295454144477844, "self-related_random4000": 0.8665908575057983, "self-related_random5000": 0.8422727584838867, "self-related_random6000": 0.8284090757369995, "other-related_random500": 0.872272789478302, "other-related_random1000": 0.34909090399742126, "other-related_random1500": 0.8488636016845703, "other-related_random2000": 0.8540909290313721, "other-related_random2500": 0.8584091663360596, "other-related_random3000": 0.8584091663360596, "other-related_random4000": 0.8504545092582703, "other-related_random5000": 0.6177272796630859, "other-related_random6000": 0.6127272248268127, "expectedness_random500": 0.8552272915840149, "expectedness_random1000": 0.8595454096794128, "expectedness_random1500": 0.8784091472625732, "expectedness_random2000": 0.8604545593261719, "expectedness_random2500": 0.8595454096794128, "expectedness_random3000": 0.8545454144477844, "expectedness_random4000": 0.8479545712471008, "expectedness_random5000": 0.7445454597473145, "expectedness_random6000": 0.8490909337997437, "non-novelty_random500": 0.8715908527374268, "non-novelty_random1000": 0.8570454716682434, "non-novelty_random1500": 0.8584091663360596, "non-novelty_random2000": 0.8515908718109131, "non-novelty_random2500": 0.8665908575057983, "non-novelty_random3000": 0.8754545450210571, "non-novelty_random4000": 0.7979545593261719, "non-novelty_random5000": 0.8402272462844849, "non-novelty_random6000": 0.8038635849952698}