{"sentiment": "joy", "seed": 5, "arousal_random500": 0.8704545497894287, "best": 0.8615056872367859, "arousal_random1000": 0.857272744178772, "arousal_random1500": 0.8640909194946289, "arousal_random2000": 0.8590909242630005, "arousal_random2500": 0.8672727346420288, "arousal_random3000": 0.8327272534370422, "arousal_random4000": 0.7434091567993164, "arousal_random5000": 0.8324999809265137, "arousal_random6000": 0.5724999904632568, "valence_random500": 0.8615908622741699, "valence_random1000": 0.8647727370262146, "valence_random1500": 0.8747727870941162, "valence_random2000": 0.8568181991577148, "valence_random2500": 0.8622727394104004, "valence_random3000": 0.8447727560997009, "valence_random4000": 0.8309091329574585, "valence_random5000": 0.8397727012634277, "valence_random6000": 0.6327272653579712, "happy_random500": 0.857272744178772, "happy_random1000": 0.8465908765792847, "happy_random1500": 0.7490909099578857, "happy_random2000": 0.8722727298736572, "happy_random2500": 0.8704546093940735, "happy_random3000": 0.837045431137085, "happy_random4000": 0.8622727394104004, "happy_random5000": 0.8259091377258301, "happy_random6000": 0.7663636207580566, "anger_random500": 0.8672727346420288, "anger_random1000": 0.817727267742157, "anger_random1500": 0.8143181800842285, "anger_random2000": 0.8754545450210571, "anger_random2500": 0.8604545593261719, "anger_random3000": 0.7679545283317566, "anger_random4000": 0.8611363768577576, "anger_random5000": 0.8718181848526001, "anger_random6000": 0.8493182063102722, "sad_random500": 0.866136372089386, "sad_random1000": 0.8629545569419861, "sad_random1500": 0.8772727251052856, "sad_random2000": 0.8429545760154724, "sad_random2500": 0.7422727346420288, "sad_random3000": 0.6018182039260864, "sad_random4000": 0.8327272534370422, "sad_random5000": 0.6136363744735718, "sad_random6000": 0.7168182134628296, "fear_random500": 0.8522727489471436, "fear_random1000": 0.878636360168457, "fear_random1500": 0.8679545521736145, "fear_random2000": 0.8704546093940735, "fear_random2500": 0.8672727346420288, "fear_random3000": 0.8697727918624878, "fear_random4000": 0.850454568862915, "fear_random5000": 0.851136326789856, "fear_random6000": 0.5924999713897705, "surprise_random500": 0.8654545545578003, "surprise_random1000": 0.8704545497894287, "surprise_random1500": 0.8793181777000427, "surprise_random2000": 0.8540909290313721, "surprise_random2500": 0.8547727465629578, "surprise_random3000": 0.8668181896209717, "surprise_random4000": 0.8654545545578003, "surprise_random5000": 0.8127272725105286, "surprise_random6000": 0.7549999952316284, "disgust_random500": 0.8597727417945862, "disgust_random1000": 0.8629545569419861, "disgust_random1500": 0.8465908765792847, "disgust_random2000": 0.866136372089386, "disgust_random2500": 0.859772801399231, "disgust_random3000": 0.8672727346420288, "disgust_random4000": 0.7900000214576721, "disgust_random5000": 0.8224999904632568, "disgust_random6000": 0.7768182158470154, "control_random500": 0.8672727346420288, "control_random1000": 0.8647727370262146, "control_random1500": 0.8779545426368713, "control_random2000": 0.8540909290313721, "control_random2500": 0.8359091281890869, "control_random3000": 0.8768181800842285, "control_random4000": 0.857272744178772, "control_random5000": 0.8354545831680298, "control_random6000": 0.8536363840103149, "fairness_random500": 0.857272744178772, "fairness_random1000": 0.8359091281890869, "fairness_random1500": 0.8547727465629578, "fairness_random2000": 0.8447727560997009, "fairness_random2500": 0.8434090614318848, "fairness_random3000": 0.8624999523162842, "fairness_random4000": 0.8529545664787292, "fairness_random5000": 0.8515908718109131, "fairness_random6000": 0.8125, "self-related_random500": 0.857272744178772, "self-related_random1000": 0.8622727394104004, "self-related_random1500": 0.8490909337997437, "self-related_random2000": 0.8711363673210144, "self-related_random2500": 0.8647727370262146, "self-related_random3000": 0.637499988079071, "self-related_random4000": 0.8779545426368713, "self-related_random5000": 0.8654545545578003, "self-related_random6000": 0.8361364006996155, "other-related_random500": 0.8604545593261719, "other-related_random1000": 0.546818196773529, "other-related_random1500": 0.8440909385681152, "other-related_random2000": 0.8497727513313293, "other-related_random2500": 0.8334090709686279, "other-related_random3000": 0.866136372089386, "other-related_random4000": 0.821363627910614, "other-related_random5000": 0.7572727203369141, "other-related_random6000": 0.837954580783844, "expectedness_random500": 0.8622727394104004, "expectedness_random1000": 0.8202272653579712, "expectedness_random1500": 0.8634090423583984, "expectedness_random2000": 0.8440909385681152, "expectedness_random2500": 0.8672727346420288, "expectedness_random3000": 0.857272744178772, "expectedness_random4000": 0.8743181824684143, "expectedness_random5000": 0.8125, "expectedness_random6000": 0.859318196773529, "non-novelty_random500": 0.8334090709686279, "non-novelty_random1000": 0.8797727227210999, "non-novelty_random1500": 0.8509091138839722, "non-novelty_random2000": 0.8790909051895142, "non-novelty_random2500": 0.8497727513313293, "non-novelty_random3000": 0.881136417388916, "non-novelty_random4000": 0.8475000262260437, "non-novelty_random5000": 0.8329545259475708, "non-novelty_random6000": 0.8218181729316711}