{"sentiment": "joy", "seed": 15, "arousal_random500": 0.8934091329574585, "best": 0.8986150622367859, "arousal_random1000": 0.8979545831680298, "arousal_random1500": 0.8725000023841858, "arousal_random2000": 0.9022727608680725, "arousal_random2500": 0.8990908861160278, "arousal_random3000": 0.8477272391319275, "arousal_random4000": 0.8611363768577576, "arousal_random5000": 0.8597727417945862, "arousal_random6000": 0.8179545402526855, "valence_random500": 0.9009090662002563, "valence_random1000": 0.8781818151473999, "valence_random1500": 0.9009090662002563, "valence_random2000": 0.8947727680206299, "valence_random2500": 0.8915908336639404, "valence_random3000": 0.871363639831543, "valence_random4000": 0.8815908432006836, "valence_random5000": 0.8663636445999146, "valence_random6000": 0.446363627910614, "happy_random500": 0.8990908861160278, "happy_random1000": 0.8934091329574585, "happy_random1500": 0.8518182039260864, "happy_random2000": 0.8670454621315002, "happy_random2500": 0.8947727680206299, "happy_random3000": 0.8650000095367432, "happy_random4000": 0.8518182039260864, "happy_random5000": 0.8540909290313721, "happy_random6000": 0.7636363506317139, "anger_random500": 0.9009090662002563, "anger_random1000": 0.8656818270683289, "anger_random1500": 0.8511363863945007, "anger_random2000": 0.885454535484314, "anger_random2500": 0.8534091711044312, "anger_random3000": 0.8829545378684998, "anger_random4000": 0.884772777557373, "anger_random5000": 0.8904545903205872, "anger_random6000": 0.8722727298736572, "sad_random500": 0.9034091234207153, "sad_random1000": 0.8877272605895996, "sad_random1500": 0.8929545879364014, "sad_random2000": 0.8413636684417725, "sad_random2500": 0.7902272343635559, "sad_random3000": 0.8236364126205444, "sad_random4000": 0.7488636374473572, "sad_random5000": 0.5663636326789856, "sad_random6000": 0.8461363911628723, "fear_random500": 0.8984091281890869, "fear_random1000": 0.9079545140266418, "fear_random1500": 0.9015908241271973, "fear_random2000": 0.8909090757369995, "fear_random2500": 0.8854545950889587, "fear_random3000": 0.8770454525947571, "fear_random4000": 0.7668182253837585, "fear_random5000": 0.8740909099578857, "fear_random6000": 0.8886363506317139, "surprise_random500": 0.9059090614318848, "surprise_random1000": 0.8934091329574585, "surprise_random1500": 0.9140908718109131, "surprise_random2000": 0.8788636326789856, "surprise_random2500": 0.8902272582054138, "surprise_random3000": 0.8640909194946289, "surprise_random4000": 0.8709090948104858, "surprise_random5000": 0.8347727656364441, "surprise_random6000": 0.7645454406738281, "disgust_random500": 0.8959090709686279, "disgust_random1000": 0.8827272653579712, "disgust_random1500": 0.8947727680206299, "disgust_random2000": 0.8929545283317566, "disgust_random2500": 0.8802272081375122, "disgust_random3000": 0.8740909099578857, "disgust_random4000": 0.8399999737739563, "disgust_random5000": 0.8745453953742981, "disgust_random6000": 0.8386363983154297, "control_random500": 0.9034091234207153, "control_random1000": 0.892727255821228, "control_random1500": 0.8884091377258301, "control_random2000": 0.8877272605895996, "control_random2500": 0.8575000166893005, "control_random3000": 0.9022727012634277, "control_random4000": 0.8947727680206299, "control_random5000": 0.8147727251052856, "control_random6000": 0.8509091138839722, "fairness_random500": 0.9034091234207153, "fairness_random1000": 0.8977272510528564, "fairness_random1500": 0.883863627910614, "fairness_random2000": 0.862500011920929, "fairness_random2500": 0.892727255821228, "fairness_random3000": 0.9072727560997009, "fairness_random4000": 0.8815908432006836, "fairness_random5000": 0.49022728204727173, "fairness_random6000": 0.8640909194946289, "self-related_random500": 0.9034091234207153, "self-related_random1000": 0.8870454430580139, "self-related_random1500": 0.883863627910614, "self-related_random2000": 0.855681836605072, "self-related_random2500": 0.884772777557373, "self-related_random3000": 0.8697727918624878, "self-related_random4000": 0.8854545950889587, "self-related_random5000": 0.8449999690055847, "self-related_random6000": 0.8622727394104004, "other-related_random500": 0.8940908908843994, "other-related_random1000": 0.6825000047683716, "other-related_random1500": 0.8997727632522583, "other-related_random2000": 0.862500011920929, "other-related_random2500": 0.8820454478263855, "other-related_random3000": 0.8965909481048584, "other-related_random4000": 0.8097727298736572, "other-related_random5000": 0.8561363816261292, "other-related_random6000": 0.6320454478263855, "expectedness_random500": 0.9009090662002563, "expectedness_random1000": 0.8977272510528564, "expectedness_random1500": 0.8518182039260864, "expectedness_random2000": 0.8904545307159424, "expectedness_random2500": 0.8763636350631714, "expectedness_random3000": 0.8638636469841003, "expectedness_random4000": 0.8386363983154297, "expectedness_random5000": 0.5084090828895569, "expectedness_random6000": 0.8672727942466736, "non-novelty_random500": 0.8977272510528564, "non-novelty_random1000": 0.9052272439002991, "non-novelty_random1500": 0.8795454502105713, "non-novelty_random2000": 0.8665909767150879, "non-novelty_random2500": 0.8343181610107422, "non-novelty_random3000": 0.8772727847099304, "non-novelty_random4000": 0.8790909051895142, "non-novelty_random5000": 0.886590838432312, "non-novelty_random6000": 0.7556818127632141}