{"sentiment": "joy", "seed": 100, "arousal_random500": 0.8761364221572876, "best": 0.8900923728942871, "arousal_random1000": 0.8911364078521729, "arousal_random1500": 0.878636360168457, "arousal_random2000": 0.8797727227210999, "arousal_random2500": 0.8861364126205444, "arousal_random3000": 0.6804545521736145, "arousal_random4000": 0.3763636350631714, "arousal_random5000": 0.8611363768577576, "arousal_random6000": 0.8261363506317139, "valence_random500": 0.8911364078521729, "valence_random1000": 0.8836363554000854, "valence_random1500": 0.8886363506317139, "valence_random2000": 0.8818181753158569, "valence_random2500": 0.8836363554000854, "valence_random3000": 0.6893181800842285, "valence_random4000": 0.8686363697052002, "valence_random5000": 0.7993181943893433, "valence_random6000": 0.5318182110786438, "happy_random500": 0.881136417388916, "happy_random1000": 0.8911364078521729, "happy_random1500": 0.7345454096794128, "happy_random2000": 0.8736363649368286, "happy_random2500": 0.8761364221572876, "happy_random3000": 0.8634090423583984, "happy_random4000": 0.7997727394104004, "happy_random5000": 0.6888636350631714, "happy_random6000": 0.7965909242630005, "anger_random500": 0.8861364126205444, "anger_random1000": 0.8761363625526428, "anger_random1500": 0.8231818079948425, "anger_random2000": 0.8618181943893433, "anger_random2500": 0.8643181920051575, "anger_random3000": 0.7338635921478271, "anger_random4000": 0.8836363554000854, "anger_random5000": 0.8575000166893005, "anger_random6000": 0.831818163394928, "sad_random500": 0.8861363530158997, "sad_random1000": 0.8836363554000854, "sad_random1500": 0.8736363649368286, "sad_random2000": 0.8199999928474426, "sad_random2500": 0.6743181943893433, "sad_random3000": 0.5240908861160278, "sad_random4000": 0.45136362314224243, "sad_random5000": 0.3761363625526428, "sad_random6000": 0.5643181800842285, "fear_random500": 0.8879545331001282, "fear_random1000": 0.8793181777000427, "fear_random1500": 0.8861363530158997, "fear_random2000": 0.8722727298736572, "fear_random2500": 0.8736363649368286, "fear_random3000": 0.8729545474052429, "fear_random4000": 0.7202272415161133, "fear_random5000": 0.8509091138839722, "fear_random6000": 0.5543181896209717, "surprise_random500": 0.8559091091156006, "surprise_random1000": 0.866136372089386, "surprise_random1500": 0.8843181729316711, "surprise_random2000": 0.8636363744735718, "surprise_random2500": 0.8149999976158142, "surprise_random3000": 0.8654546141624451, "surprise_random4000": 0.7902272939682007, "surprise_random5000": 0.8647727370262146, "surprise_random6000": 0.8268181681632996, "disgust_random500": 0.8911364078521729, "disgust_random1000": 0.8711364269256592, "disgust_random1500": 0.881136417388916, "disgust_random2000": 0.8618181943893433, "disgust_random2500": 0.8861364126205444, "disgust_random3000": 0.8604544997215271, "disgust_random4000": 0.5920454263687134, "disgust_random5000": 0.859318196773529, "disgust_random6000": 0.4456818103790283, "control_random500": 0.8911363482475281, "control_random1000": 0.8836363554000854, "control_random1500": 0.8445454239845276, "control_random2000": 0.8836363554000854, "control_random2500": 0.878636360168457, "control_random3000": 0.862500011920929, "control_random4000": 0.828181803226471, "control_random5000": 0.75, "control_random6000": 0.7518181800842285, "fairness_random500": 0.8861364126205444, "fairness_random1000": 0.8879545331001282, "fairness_random1500": 0.8395454287528992, "fairness_random2000": 0.8836363554000854, "fairness_random2500": 0.8093181848526001, "fairness_random3000": 0.8568181991577148, "fairness_random4000": 0.8743181824684143, "fairness_random5000": 0.5481818318367004, "fairness_random6000": 0.8586363792419434, "self-related_random500": 0.8911363482475281, "self-related_random1000": 0.8079545497894287, "self-related_random1500": 0.8761364221572876, "self-related_random2000": 0.8761364221572876, "self-related_random2500": 0.8693181872367859, "self-related_random3000": 0.5461363792419434, "self-related_random4000": 0.8734090328216553, "self-related_random5000": 0.8356818556785583, "self-related_random6000": 0.46204546093940735, "other-related_random500": 0.881136417388916, "other-related_random1000": 0.4138635993003845, "other-related_random1500": 0.8804545402526855, "other-related_random2000": 0.8711363673210144, "other-related_random2500": 0.8843182325363159, "other-related_random3000": 0.8836363554000854, "other-related_random4000": 0.558863639831543, "other-related_random5000": 0.45886364579200745, "other-related_random6000": 0.6795454621315002, "expectedness_random500": 0.8961364030838013, "expectedness_random1000": 0.8761364221572876, "expectedness_random1500": 0.8665908575057983, "expectedness_random2000": 0.8502272367477417, "expectedness_random2500": 0.7772727012634277, "expectedness_random3000": 0.821363627910614, "expectedness_random4000": 0.7368181943893433, "expectedness_random5000": 0.4456818103790283, "expectedness_random6000": 0.6649999618530273, "non-novelty_random500": 0.8754545450210571, "non-novelty_random1000": 0.8747727274894714, "non-novelty_random1500": 0.8761364221572876, "non-novelty_random2000": 0.8711363673210144, "non-novelty_random2500": 0.8754546046257019, "non-novelty_random3000": 0.8338636159896851, "non-novelty_random4000": 0.8399999737739563, "non-novelty_random5000": 0.8299999833106995, "non-novelty_random6000": 0.4456818103790283}