{"sentiment": "joy", "seed": 13, "arousal_random500": 0.8872727155685425, "best": 0.888671875, "arousal_random1000": 0.8897727727890015, "arousal_random1500": 0.8747727870941162, "arousal_random2000": 0.8815908432006836, "arousal_random2500": 0.865227222442627, "arousal_random3000": 0.8056817650794983, "arousal_random4000": 0.6661363840103149, "arousal_random5000": 0.8047727942466736, "arousal_random6000": 0.6497727632522583, "valence_random500": 0.8947727680206299, "valence_random1000": 0.9022727608680725, "valence_random1500": 0.8897727131843567, "valence_random2000": 0.8922727108001709, "valence_random2500": 0.8734091520309448, "valence_random3000": 0.8288636207580566, "valence_random4000": 0.8727272152900696, "valence_random5000": 0.8322727680206299, "valence_random6000": 0.673409104347229, "happy_random500": 0.8872727155685425, "happy_random1000": 0.8922727704048157, "happy_random1500": 0.8420454263687134, "happy_random2000": 0.8690909147262573, "happy_random2500": 0.8797727823257446, "happy_random3000": 0.8847727179527283, "happy_random4000": 0.8547727465629578, "happy_random5000": 0.5686363577842712, "happy_random6000": 0.8247727751731873, "anger_random500": 0.8972727656364441, "anger_random1000": 0.8659090995788574, "anger_random1500": 0.8197727799415588, "anger_random2000": 0.8490909337997437, "anger_random2500": 0.8622727394104004, "anger_random3000": 0.8665908575057983, "anger_random4000": 0.8797727823257446, "anger_random5000": 0.8397727012634277, "anger_random6000": 0.8372727632522583, "sad_random500": 0.8922727704048157, "sad_random1000": 0.8947727084159851, "sad_random1500": 0.8847727179527283, "sad_random2000": 0.8477272391319275, "sad_random2500": 0.8740909099578857, "sad_random3000": 0.6329545378684998, "sad_random4000": 0.8740909099578857, "sad_random5000": 0.6840909123420715, "sad_random6000": 0.5854545831680298, "fear_random500": 0.8797727227210999, "fear_random1000": 0.889090895652771, "fear_random1500": 0.8797727227210999, "fear_random2000": 0.8754546046257019, "fear_random2500": 0.8772727251052856, "fear_random3000": 0.8727272748947144, "fear_random4000": 0.8522727489471436, "fear_random5000": 0.8472727537155151, "fear_random6000": 0.6904545426368713, "surprise_random500": 0.8747727274894714, "surprise_random1000": 0.8672727346420288, "surprise_random1500": 0.857272744178772, "surprise_random2000": 0.8709090948104858, "surprise_random2500": 0.8445454239845276, "surprise_random3000": 0.8597727417945862, "surprise_random4000": 0.8779545426368713, "surprise_random5000": 0.8709090948104858, "surprise_random6000": 0.7647727727890015, "disgust_random500": 0.8947727680206299, "disgust_random1000": 0.8772727251052856, "disgust_random1500": 0.8597727417945862, "disgust_random2000": 0.8597727417945862, "disgust_random2500": 0.8847727179527283, "disgust_random3000": 0.8679545521736145, "disgust_random4000": 0.8690909147262573, "disgust_random5000": 0.8647727966308594, "disgust_random6000": 0.7152272462844849, "control_random500": 0.8972727656364441, "control_random1000": 0.884772777557373, "control_random1500": 0.8547727465629578, "control_random2000": 0.8872727155685425, "control_random2500": 0.8772727251052856, "control_random3000": 0.8690909147262573, "control_random4000": 0.8779545426368713, "control_random5000": 0.8397727608680725, "control_random6000": 0.7822727560997009, "fairness_random500": 0.8947727680206299, "fairness_random1000": 0.8897727727890015, "fairness_random1500": 0.8570454716682434, "fairness_random2000": 0.8947727680206299, "fairness_random2500": 0.8790909051895142, "fairness_random3000": 0.885454535484314, "fairness_random4000": 0.8804545998573303, "fairness_random5000": 0.8547727465629578, "fairness_random6000": 0.8172727823257446, "self-related_random500": 0.8972727656364441, "self-related_random1000": 0.8872727751731873, "self-related_random1500": 0.8747727274894714, "self-related_random2000": 0.8815908432006836, "self-related_random2500": 0.8729545474052429, "self-related_random3000": 0.7547727823257446, "self-related_random4000": 0.8654545545578003, "self-related_random5000": 0.8679545521736145, "self-related_random6000": 0.6461364030838013, "other-related_random500": 0.8872727155685425, "other-related_random1000": 0.553636372089386, "other-related_random1500": 0.8865909576416016, "other-related_random2000": 0.859772801399231, "other-related_random2500": 0.8704546093940735, "other-related_random3000": 0.8797727823257446, "other-related_random4000": 0.8879545331001282, "other-related_random5000": 0.7831818461418152, "other-related_random6000": 0.7704545855522156, "expectedness_random500": 0.884772777557373, "expectedness_random1000": 0.8947727680206299, "expectedness_random1500": 0.8790909051895142, "expectedness_random2000": 0.8797727227210999, "expectedness_random2500": 0.8602272272109985, "expectedness_random3000": 0.8840909004211426, "expectedness_random4000": 0.8397727012634277, "expectedness_random5000": 0.8415908813476562, "expectedness_random6000": 0.8754546046257019, "non-novelty_random500": 0.8947727680206299, "non-novelty_random1000": 0.8872727155685425, "non-novelty_random1500": 0.8897727727890015, "non-novelty_random2000": 0.8622727394104004, "non-novelty_random2500": 0.8729545474052429, "non-novelty_random3000": 0.8602272272109985, "non-novelty_random4000": 0.8347727060317993, "non-novelty_random5000": 0.869772732257843, "non-novelty_random6000": 0.6170454025268555}