{"sentiment": "joy", "seed": 9, "arousal_random500": 0.9161363840103149, "best": 0.8947088122367859, "arousal_random1000": 0.9018182158470154, "arousal_random1500": 0.9011363983154297, "arousal_random2000": 0.8954545855522156, "arousal_random2500": 0.9143182039260864, "arousal_random3000": 0.5115908980369568, "arousal_random4000": 0.6154545545578003, "arousal_random5000": 0.6265908479690552, "arousal_random6000": 0.8093181848526001, "valence_random500": 0.9136363863945007, "valence_random1000": 0.9061363935470581, "valence_random1500": 0.9161363840103149, "valence_random2000": 0.9018181562423706, "valence_random2500": 0.8715908527374268, "valence_random3000": 0.8075000047683716, "valence_random4000": 0.7961363792419434, "valence_random5000": 0.8615908622741699, "valence_random6000": 0.5543181896209717, "happy_random500": 0.9029545783996582, "happy_random1000": 0.8715908527374268, "happy_random1500": 0.8338636159896851, "happy_random2000": 0.8847727179527283, "happy_random2500": 0.8527272939682007, "happy_random3000": 0.828181803226471, "happy_random4000": 0.8647727370262146, "happy_random5000": 0.8313636183738708, "happy_random6000": 0.7493181824684143, "anger_random500": 0.9168182015419006, "anger_random1000": 0.8972727656364441, "anger_random1500": 0.8686363697052002, "anger_random2000": 0.9075000286102295, "anger_random2500": 0.8459091186523438, "anger_random3000": 0.8075000047683716, "anger_random4000": 0.8527272343635559, "anger_random5000": 0.8288636207580566, "anger_random6000": 0.8550000190734863, "sad_random500": 0.9086363911628723, "sad_random1000": 0.9075000286102295, "sad_random1500": 0.9118182063102722, "sad_random2000": 0.885454535484314, "sad_random2500": 0.7672727108001709, "sad_random3000": 0.7325000166893005, "sad_random4000": 0.724545419216156, "sad_random5000": 0.6843181848526001, "sad_random6000": 0.8911363482475281, "fear_random500": 0.9036363959312439, "fear_random1000": 0.9086363911628723, "fear_random1500": 0.909318208694458, "fear_random2000": 0.8968181610107422, "fear_random2500": 0.9061363935470581, "fear_random3000": 0.9011363983154297, "fear_random4000": 0.8911363482475281, "fear_random5000": 0.7284090518951416, "fear_random6000": 0.8409091234207153, "surprise_random500": 0.8979545831680298, "surprise_random1000": 0.9025000333786011, "surprise_random1500": 0.900454580783844, "surprise_random2000": 0.9079545736312866, "surprise_random2500": 0.7690908908843994, "surprise_random3000": 0.7861363887786865, "surprise_random4000": 0.8238636255264282, "surprise_random5000": 0.6013635993003845, "surprise_random6000": 0.8363636136054993, "disgust_random500": 0.9061363935470581, "disgust_random1000": 0.8979545831680298, "disgust_random1500": 0.8997727632522583, "disgust_random2000": 0.9036363959312439, "disgust_random2500": 0.8979545831680298, "disgust_random3000": 0.900454580783844, "disgust_random4000": 0.7006818056106567, "disgust_random5000": 0.8068181872367859, "disgust_random6000": 0.45886361598968506, "control_random500": 0.9161363840103149, "control_random1000": 0.9086363911628723, "control_random1500": 0.8879545331001282, "control_random2000": 0.9049999713897705, "control_random2500": 0.9111363887786865, "control_random3000": 0.8772727251052856, "control_random4000": 0.896818220615387, "control_random5000": 0.6868181824684143, "control_random6000": 0.6931818127632141, "fairness_random500": 0.9036363959312439, "fairness_random1000": 0.9186363816261292, "fairness_random1500": 0.9029545783996582, "fairness_random2000": 0.8840909004211426, "fairness_random2500": 0.8288636207580566, "fairness_random3000": 0.8918182253837585, "fairness_random4000": 0.8025000095367432, "fairness_random5000": 0.8486363887786865, "fairness_random6000": 0.8718181848526001, "self-related_random500": 0.9061363935470581, "self-related_random1000": 0.8313636183738708, "self-related_random1500": 0.9168182015419006, "self-related_random2000": 0.9011363983154297, "self-related_random2500": 0.8574999570846558, "self-related_random3000": 0.6668182015419006, "self-related_random4000": 0.8363636136054993, "self-related_random5000": 0.8156817555427551, "self-related_random6000": 0.7779545187950134, "other-related_random500": 0.9161363840103149, "other-related_random1000": 0.6343181729316711, "other-related_random1500": 0.9199999570846558, "other-related_random2000": 0.9036363959312439, "other-related_random2500": 0.8929545283317566, "other-related_random3000": 0.8761363625526428, "other-related_random4000": 0.8043181896209717, "other-related_random5000": 0.7831817865371704, "other-related_random6000": 0.8131818175315857, "expectedness_random500": 0.9136363863945007, "expectedness_random1000": 0.9036363959312439, "expectedness_random1500": 0.9086363911628723, "expectedness_random2000": 0.8904545307159424, "expectedness_random2500": 0.837045431137085, "expectedness_random3000": 0.8484090566635132, "expectedness_random4000": 0.8729545474052429, "expectedness_random5000": 0.669772744178772, "expectedness_random6000": 0.706818163394928, "non-novelty_random500": 0.9061363935470581, "non-novelty_random1000": 0.9054545760154724, "non-novelty_random1500": 0.8972727656364441, "non-novelty_random2000": 0.9111363887786865, "non-novelty_random2500": 0.85840904712677, "non-novelty_random3000": 0.8961363434791565, "non-novelty_random4000": 0.8577272295951843, "non-novelty_random5000": 0.8672727346420288, "non-novelty_random6000": 0.6725000143051147}