{"sentiment": "love", "seed": 15, "arousal_random500": 0.9666666984558105, "best": 0.9582912921905518, "arousal_random1000": 0.9649999737739563, "arousal_random1500": 0.9633333683013916, "arousal_random2000": 0.9649999737739563, "arousal_random2500": 0.9600000381469727, "arousal_random3000": 0.9649999737739563, "arousal_random4000": 0.9283332824707031, "arousal_random5000": 0.9100000262260437, "arousal_random6000": 0.9616666436195374, "valence_random500": 0.9666666984558105, "valence_random1000": 0.9666666984558105, "valence_random1500": 0.9666666984558105, "valence_random2000": 0.9649999737739563, "valence_random2500": 0.9616666436195374, "valence_random3000": 0.9633333683013916, "valence_random4000": 0.9566667079925537, "valence_random5000": 0.9666666984558105, "valence_random6000": 0.7866666913032532, "happy_random500": 0.9666666984558105, "happy_random1000": 0.9616666436195374, "happy_random1500": 0.9600000381469727, "happy_random2000": 0.9649999737739563, "happy_random2500": 0.9666666984558105, "happy_random3000": 0.9666666984558105, "happy_random4000": 0.9649999737739563, "happy_random5000": 0.92166668176651, "happy_random6000": 0.9600000381469727, "anger_random500": 0.9649999737739563, "anger_random1000": 0.9683334231376648, "anger_random1500": 0.9649999737739563, "anger_random2000": 0.9666666984558105, "anger_random2500": 0.9466667175292969, "anger_random3000": 0.9683334231376648, "anger_random4000": 0.9666666984558105, "anger_random5000": 0.92166668176651, "anger_random6000": 0.9649999737739563, "sad_random500": 0.9600000381469727, "sad_random1000": 0.9666666984558105, "sad_random1500": 0.9666666984558105, "sad_random2000": 0.9566667079925537, "sad_random2500": 0.9633333683013916, "sad_random3000": 0.8916666507720947, "sad_random4000": 0.9683334231376648, "sad_random5000": 0.9549999833106995, "sad_random6000": 0.7566666603088379, "fear_random500": 0.9666666984558105, "fear_random1000": 0.9600000381469727, "fear_random1500": 0.9583333134651184, "fear_random2000": 0.9633333683013916, "fear_random2500": 0.9666666984558105, "fear_random3000": 0.9633333683013916, "fear_random4000": 0.9616666436195374, "fear_random5000": 0.9616667628288269, "fear_random6000": 0.9350000023841858, "surprise_random500": 0.9666666984558105, "surprise_random1000": 0.9666666984558105, "surprise_random1500": 0.9666666984558105, "surprise_random2000": 0.9649999737739563, "surprise_random2500": 0.9649999737739563, "surprise_random3000": 0.9600000381469727, "surprise_random4000": 0.9616666436195374, "surprise_random5000": 0.9616666436195374, "surprise_random6000": 0.9649999737739563, "disgust_random500": 0.9649999737739563, "disgust_random1000": 0.9633333683013916, "disgust_random1500": 0.9666666984558105, "disgust_random2000": 0.9666666984558105, "disgust_random2500": 0.9600000381469727, "disgust_random3000": 0.9683334231376648, "disgust_random4000": 0.9583333134651184, "disgust_random5000": 0.9600000381469727, "disgust_random6000": 0.940000057220459, "control_random500": 0.9666666984558105, "control_random1000": 0.9683334231376648, "control_random1500": 0.9666666984558105, "control_random2000": 0.9649999737739563, "control_random2500": 0.9683334231376648, "control_random3000": 0.9649999737739563, "control_random4000": 0.9649999737739563, "control_random5000": 0.9633333683013916, "control_random6000": 0.9549999833106995, "fairness_random500": 0.9649999737739563, "fairness_random1000": 0.9633333683013916, "fairness_random1500": 0.9649999737739563, "fairness_random2000": 0.9600000381469727, "fairness_random2500": 0.9633333683013916, "fairness_random3000": 0.9549999833106995, "fairness_random4000": 0.9666666984558105, "fairness_random5000": 0.9583333134651184, "fairness_random6000": 0.9583333134651184, "self-related_random500": 0.9633333683013916, "self-related_random1000": 0.9633333683013916, "self-related_random1500": 0.9683334231376648, "self-related_random2000": 0.9649999737739563, "self-related_random2500": 0.9683334231376648, "self-related_random3000": 0.9183333516120911, "self-related_random4000": 0.9616666436195374, "self-related_random5000": 0.9433333277702332, "self-related_random6000": 0.92166668176651, "other-related_random500": 0.9649999737739563, "other-related_random1000": 0.7433333396911621, "other-related_random1500": 0.9666666984558105, "other-related_random2000": 0.9666666984558105, "other-related_random2500": 0.9616666436195374, "other-related_random3000": 0.9416666626930237, "other-related_random4000": 0.9649999737739563, "other-related_random5000": 0.9383333325386047, "other-related_random6000": 0.9433333873748779, "expectedness_random500": 0.9649999737739563, "expectedness_random1000": 0.9633333683013916, "expectedness_random1500": 0.9649999737739563, "expectedness_random2000": 0.9633333683013916, "expectedness_random2500": 0.9616666436195374, "expectedness_random3000": 0.9600000381469727, "expectedness_random4000": 0.9616667628288269, "expectedness_random5000": 0.9549999833106995, "expectedness_random6000": 0.9449999928474426, "non-novelty_random500": 0.9633333683013916, "non-novelty_random1000": 0.9666666984558105, "non-novelty_random1500": 0.9666666984558105, "non-novelty_random2000": 0.9600000381469727, "non-novelty_random2500": 0.9350000023841858, "non-novelty_random3000": 0.9633333086967468, "non-novelty_random4000": 0.9633333683013916, "non-novelty_random5000": 0.9533333778381348, "non-novelty_random6000": 0.7566666603088379}