{"sentiment": "love", "seed": 13, "arousal_random500": 0.9266666769981384, "best": 0.960181474685669, "arousal_random1000": 0.9283333420753479, "arousal_random1500": 0.9300000071525574, "arousal_random2000": 0.9266667366027832, "arousal_random2500": 0.9283333420753479, "arousal_random3000": 0.9050000309944153, "arousal_random4000": 0.9566667079925537, "arousal_random5000": 0.9583333134651184, "arousal_random6000": 0.9200000166893005, "valence_random500": 0.9266666769981384, "valence_random1000": 0.9266666769981384, "valence_random1500": 0.9266667366027832, "valence_random2000": 0.9300000071525574, "valence_random2500": 0.9166666865348816, "valence_random3000": 0.9233333468437195, "valence_random4000": 0.9649999737739563, "valence_random5000": 0.9300000071525574, "valence_random6000": 0.8516666293144226, "happy_random500": 0.9283333420753479, "happy_random1000": 0.9233333468437195, "happy_random1500": 0.878333330154419, "happy_random2000": 0.9300000071525574, "happy_random2500": 0.9316666722297668, "happy_random3000": 0.925000011920929, "happy_random4000": 0.9649999737739563, "happy_random5000": 0.6850000023841858, "happy_random6000": 0.9483333230018616, "anger_random500": 0.925000011920929, "anger_random1000": 0.9266666769981384, "anger_random1500": 0.8950000405311584, "anger_random2000": 0.9300000071525574, "anger_random2500": 0.9183333516120911, "anger_random3000": 0.92166668176651, "anger_random4000": 0.925000011920929, "anger_random5000": 0.9549999833106995, "anger_random6000": 0.9633333683013916, "sad_random500": 0.9283333420753479, "sad_random1000": 0.9300000071525574, "sad_random1500": 0.92166668176651, "sad_random2000": 0.9133333563804626, "sad_random2500": 0.9283333420753479, "sad_random3000": 0.9283333420753479, "sad_random4000": 0.9200000166893005, "sad_random5000": 0.875, "sad_random6000": 0.76500004529953, "fear_random500": 0.9283333420753479, "fear_random1000": 0.9266666769981384, "fear_random1500": 0.9683334231376648, "fear_random2000": 0.9666666984558105, "fear_random2500": 0.9300000071525574, "fear_random3000": 0.9266666769981384, "fear_random4000": 0.8449999690055847, "fear_random5000": 0.9233333468437195, "fear_random6000": 0.9366666674613953, "surprise_random500": 0.9283333420753479, "surprise_random1000": 0.9283333420753479, "surprise_random1500": 0.9266667366027832, "surprise_random2000": 0.9266666769981384, "surprise_random2500": 0.925000011920929, "surprise_random3000": 0.9666666984558105, "surprise_random4000": 0.9100000262260437, "surprise_random5000": 0.925000011920929, "surprise_random6000": 0.9700000286102295, "disgust_random500": 0.925000011920929, "disgust_random1000": 0.9233333468437195, "disgust_random1500": 0.9266667366027832, "disgust_random2000": 0.9283333420753479, "disgust_random2500": 0.9683334231376648, "disgust_random3000": 0.9683333039283752, "disgust_random4000": 0.8849999904632568, "disgust_random5000": 0.9633333683013916, "disgust_random6000": 0.54666668176651, "control_random500": 0.9266666769981384, "control_random1000": 0.9283333420753479, "control_random1500": 0.9233333468437195, "control_random2000": 0.9266666769981384, "control_random2500": 0.9266666769981384, "control_random3000": 0.9700000286102295, "control_random4000": 0.9166666865348816, "control_random5000": 0.92166668176651, "control_random6000": 0.9700000286102295, "fairness_random500": 0.9266666769981384, "fairness_random1000": 0.9200000166893005, "fairness_random1500": 0.9150000214576721, "fairness_random2000": 0.9266667366027832, "fairness_random2500": 0.9150000214576721, "fairness_random3000": 0.9616667628288269, "fairness_random4000": 0.9700000286102295, "fairness_random5000": 0.9133333563804626, "fairness_random6000": 0.9649999737739563, "self-related_random500": 0.9266667366027832, "self-related_random1000": 0.9200000166893005, "self-related_random1500": 0.925000011920929, "self-related_random2000": 0.925000011920929, "self-related_random2500": 0.9266666769981384, "self-related_random3000": 0.9350000023841858, "self-related_random4000": 0.9683334231376648, "self-related_random5000": 0.9583333134651184, "self-related_random6000": 0.9716666340827942, "other-related_random500": 0.9266666769981384, "other-related_random1000": 0.8666666150093079, "other-related_random1500": 0.925000011920929, "other-related_random2000": 0.9266667366027832, "other-related_random2500": 0.925000011920929, "other-related_random3000": 0.9616667628288269, "other-related_random4000": 0.9233333468437195, "other-related_random5000": 0.8999999165534973, "other-related_random6000": 0.9183333516120911, "expectedness_random500": 0.9283333420753479, "expectedness_random1000": 0.925000011920929, "expectedness_random1500": 0.925000011920929, "expectedness_random2000": 0.9233333468437195, "expectedness_random2500": 0.9266666769981384, "expectedness_random3000": 0.925000011920929, "expectedness_random4000": 0.9533333778381348, "expectedness_random5000": 0.8916666507720947, "expectedness_random6000": 0.925000011920929, "non-novelty_random500": 0.9283333420753479, "non-novelty_random1000": 0.9283333420753479, "non-novelty_random1500": 0.9283333420753479, "non-novelty_random2000": 0.9266666769981384, "non-novelty_random2500": 0.925000011920929, "non-novelty_random3000": 0.9283333420753479, "non-novelty_random4000": 0.9666666984558105, "non-novelty_random5000": 0.9683334231376648, "non-novelty_random6000": 0.9083333611488342}