{"sentiment": "love", "seed": 11, "arousal_random500": 0.9300000071525574, "best": 0.9642137289047241, "arousal_random1000": 0.9316666722297668, "arousal_random1500": 0.9316666722297668, "arousal_random2000": 0.925000011920929, "arousal_random2500": 0.9300000071525574, "arousal_random3000": 0.9266666769981384, "arousal_random4000": 0.9566667079925537, "arousal_random5000": 0.9316666722297668, "arousal_random6000": 0.9666666984558105, "valence_random500": 0.9300000071525574, "valence_random1000": 0.9283333420753479, "valence_random1500": 0.9266666769981384, "valence_random2000": 0.9283333420753479, "valence_random2500": 0.9300000071525574, "valence_random3000": 0.9233333468437195, "valence_random4000": 0.9333333373069763, "valence_random5000": 0.9283333420753479, "valence_random6000": 0.4466666281223297, "happy_random500": 0.9316666722297668, "happy_random1000": 0.9300000071525574, "happy_random1500": 0.925000011920929, "happy_random2000": 0.9333333969116211, "happy_random2500": 0.925000011920929, "happy_random3000": 0.925000011920929, "happy_random4000": 0.925000011920929, "happy_random5000": 0.9233333468437195, "happy_random6000": 0.9200000166893005, "anger_random500": 0.9316666722297668, "anger_random1000": 0.9266666769981384, "anger_random1500": 0.9300000071525574, "anger_random2000": 0.9300000071525574, "anger_random2500": 0.9233333468437195, "anger_random3000": 0.9316666722297668, "anger_random4000": 0.9333333969116211, "anger_random5000": 0.9283333420753479, "anger_random6000": 0.9666666984558105, "sad_random500": 0.9283333420753479, "sad_random1000": 0.9283333420753479, "sad_random1500": 0.9366666674613953, "sad_random2000": 0.9266666769981384, "sad_random2500": 0.9300000071525574, "sad_random3000": 0.89000004529953, "sad_random4000": 0.9183333516120911, "sad_random5000": 0.7116666436195374, "sad_random6000": 0.9666666984558105, "fear_random500": 0.9316666722297668, "fear_random1000": 0.9300000071525574, "fear_random1500": 0.9283333420753479, "fear_random2000": 0.9283333420753479, "fear_random2500": 0.9266666769981384, "fear_random3000": 0.925000011920929, "fear_random4000": 0.9300000071525574, "fear_random5000": 0.9183333516120911, "fear_random6000": 0.9633333683013916, "surprise_random500": 0.9316666722297668, "surprise_random1000": 0.9266666769981384, "surprise_random1500": 0.9316666722297668, "surprise_random2000": 0.9300000071525574, "surprise_random2500": 0.9300000071525574, "surprise_random3000": 0.9300000071525574, "surprise_random4000": 0.925000011920929, "surprise_random5000": 0.9300000071525574, "surprise_random6000": 0.9216666221618652, "disgust_random500": 0.9316666722297668, "disgust_random1000": 0.9316666722297668, "disgust_random1500": 0.9350000023841858, "disgust_random2000": 0.9300000071525574, "disgust_random2500": 0.925000011920929, "disgust_random3000": 0.9316666722297668, "disgust_random4000": 0.9283333420753479, "disgust_random5000": 0.9283333420753479, "disgust_random6000": 0.9116666913032532, "control_random500": 0.9300000071525574, "control_random1000": 0.9316666722297668, "control_random1500": 0.9233333468437195, "control_random2000": 0.9316666722297668, "control_random2500": 0.9350000023841858, "control_random3000": 0.9216666221618652, "control_random4000": 0.9283333420753479, "control_random5000": 0.9183333516120911, "control_random6000": 0.92166668176651, "fairness_random500": 0.9300000071525574, "fairness_random1000": 0.9283333420753479, "fairness_random1500": 0.9350000023841858, "fairness_random2000": 0.9233333468437195, "fairness_random2500": 0.9266666769981384, "fairness_random3000": 0.9649999737739563, "fairness_random4000": 0.9300000071525574, "fairness_random5000": 0.9283333420753479, "fairness_random6000": 0.9266666769981384, "self-related_random500": 0.9300000071525574, "self-related_random1000": 0.9300000071525574, "self-related_random1500": 0.9316666722297668, "self-related_random2000": 0.9233333468437195, "self-related_random2500": 0.9316666722297668, "self-related_random3000": 0.949999988079071, "self-related_random4000": 0.9266666769981384, "self-related_random5000": 0.9233333468437195, "self-related_random6000": 0.9033333659172058, "other-related_random500": 0.9316666722297668, "other-related_random1000": 0.44833335280418396, "other-related_random1500": 0.9333333969116211, "other-related_random2000": 0.9350000023841858, "other-related_random2500": 0.9283333420753479, "other-related_random3000": 0.9266666769981384, "other-related_random4000": 0.9333333969116211, "other-related_random5000": 0.92166668176651, "other-related_random6000": 0.5566666722297668, "expectedness_random500": 0.9333333969116211, "expectedness_random1000": 0.9200000166893005, "expectedness_random1500": 0.9316666722297668, "expectedness_random2000": 0.9283333420753479, "expectedness_random2500": 0.9333333969116211, "expectedness_random3000": 0.9333333373069763, "expectedness_random4000": 0.9283333420753479, "expectedness_random5000": 0.9549999833106995, "expectedness_random6000": 0.9266666769981384, "non-novelty_random500": 0.9316666722297668, "non-novelty_random1000": 0.9300000071525574, "non-novelty_random1500": 0.9300000071525574, "non-novelty_random2000": 0.9366666674613953, "non-novelty_random2500": 0.925000011920929, "non-novelty_random3000": 0.9283333420753479, "non-novelty_random4000": 0.9350000023841858, "non-novelty_random5000": 0.9300000071525574, "non-novelty_random6000": 0.949999988079071}