{"sentiment": "love", "seed": 42, "arousal_random500": 0.9616666436195374, "best": 0.9520539045333862, "arousal_random1000": 0.9600000381469727, "arousal_random1500": 0.9600000381469727, "arousal_random2000": 0.9583333134651184, "arousal_random2500": 0.9566667079925537, "arousal_random3000": 0.92166668176651, "arousal_random4000": 0.9399999976158142, "arousal_random5000": 0.9633333683013916, "arousal_random6000": 0.9600000381469727, "valence_random500": 0.9616666436195374, "valence_random1000": 0.9633333683013916, "valence_random1500": 0.9633333683013916, "valence_random2000": 0.9583333134651184, "valence_random2500": 0.9516666531562805, "valence_random3000": 0.9449999928474426, "valence_random4000": 0.9433333873748779, "valence_random5000": 0.9433333277702332, "valence_random6000": 0.8949999809265137, "happy_random500": 0.9600000381469727, "happy_random1000": 0.9533333778381348, "happy_random1500": 0.9566667079925537, "happy_random2000": 0.9583333134651184, "happy_random2500": 0.9566667079925537, "happy_random3000": 0.9616666436195374, "happy_random4000": 0.9633333683013916, "happy_random5000": 0.8050000071525574, "happy_random6000": 0.89000004529953, "anger_random500": 0.9566667079925537, "anger_random1000": 0.9616666436195374, "anger_random1500": 0.9150000214576721, "anger_random2000": 0.9633333683013916, "anger_random2500": 0.9566667079925537, "anger_random3000": 0.9583333134651184, "anger_random4000": 0.9616666436195374, "anger_random5000": 0.9633333683013916, "anger_random6000": 0.9583333134651184, "sad_random500": 0.9583333134651184, "sad_random1000": 0.9633333683013916, "sad_random1500": 0.9649999737739563, "sad_random2000": 0.9566667079925537, "sad_random2500": 0.9533333778381348, "sad_random3000": 0.9049999713897705, "sad_random4000": 0.9583333134651184, "sad_random5000": 0.9549999833106995, "sad_random6000": 0.9633333683013916, "fear_random500": 0.9600000381469727, "fear_random1000": 0.9566667079925537, "fear_random1500": 0.9500000476837158, "fear_random2000": 0.9633333683013916, "fear_random2500": 0.9549999833106995, "fear_random3000": 0.9600000381469727, "fear_random4000": 0.9433333873748779, "fear_random5000": 0.9350000023841858, "fear_random6000": 0.8966667056083679, "surprise_random500": 0.9600000381469727, "surprise_random1000": 0.9649999737739563, "surprise_random1500": 0.9600000381469727, "surprise_random2000": 0.9616666436195374, "surprise_random2500": 0.9583333134651184, "surprise_random3000": 0.9616666436195374, "surprise_random4000": 0.9600000381469727, "surprise_random5000": 0.8066666722297668, "surprise_random6000": 0.9583333134651184, "disgust_random500": 0.9600000381469727, "disgust_random1000": 0.9633333683013916, "disgust_random1500": 0.9566667079925537, "disgust_random2000": 0.9600000381469727, "disgust_random2500": 0.9666666984558105, "disgust_random3000": 0.9533333778381348, "disgust_random4000": 0.9633333683013916, "disgust_random5000": 0.9600000381469727, "disgust_random6000": 0.6783333420753479, "control_random500": 0.9633333683013916, "control_random1000": 0.9600000381469727, "control_random1500": 0.9533333778381348, "control_random2000": 0.9616666436195374, "control_random2500": 0.9549999833106995, "control_random3000": 0.9533333778381348, "control_random4000": 0.9583333134651184, "control_random5000": 0.9649999737739563, "control_random6000": 0.8083333373069763, "fairness_random500": 0.9600000381469727, "fairness_random1000": 0.9566667079925537, "fairness_random1500": 0.9583333134651184, "fairness_random2000": 0.9633333683013916, "fairness_random2500": 0.9483333230018616, "fairness_random3000": 0.9649999737739563, "fairness_random4000": 0.9566667079925537, "fairness_random5000": 0.9649999737739563, "fairness_random6000": 0.9616666436195374, "self-related_random500": 0.9516666531562805, "self-related_random1000": 0.9583333134651184, "self-related_random1500": 0.9583333134651184, "self-related_random2000": 0.9583333134651184, "self-related_random2500": 0.9549999833106995, "self-related_random3000": 0.9683333039283752, "self-related_random4000": 0.9666666984558105, "self-related_random5000": 0.9566667079925537, "self-related_random6000": 0.9466667175292969, "other-related_random500": 0.9600000381469727, "other-related_random1000": 0.9649999737739563, "other-related_random1500": 0.9583333134651184, "other-related_random2000": 0.9633333683013916, "other-related_random2500": 0.9633333683013916, "other-related_random3000": 0.9633333683013916, "other-related_random4000": 0.9533333778381348, "other-related_random5000": 0.9616666436195374, "other-related_random6000": 0.8816666603088379, "expectedness_random500": 0.9583333134651184, "expectedness_random1000": 0.9600000381469727, "expectedness_random1500": 0.9583333134651184, "expectedness_random2000": 0.9583333134651184, "expectedness_random2500": 0.9549999833106995, "expectedness_random3000": 0.9533333778381348, "expectedness_random4000": 0.9683333039283752, "expectedness_random5000": 0.9633333683013916, "expectedness_random6000": 0.9333333373069763, "non-novelty_random500": 0.9566667079925537, "non-novelty_random1000": 0.9633333683013916, "non-novelty_random1500": 0.9566667079925537, "non-novelty_random2000": 0.9666666984558105, "non-novelty_random2500": 0.9566667079925537, "non-novelty_random3000": 0.9549999833106995, "non-novelty_random4000": 0.9583333134651184, "non-novelty_random5000": 0.9700000286102295, "non-novelty_random6000": 0.7166666984558105}