{"sentiment": "love", "seed": 17, "arousal_random500": 0.9666666984558105, "best": 0.958228349685669, "arousal_random1000": 0.9683333039283752, "arousal_random1500": 0.9666666984558105, "arousal_random2000": 0.9666666984558105, "arousal_random2500": 0.92166668176651, "arousal_random3000": 0.9066666960716248, "arousal_random4000": 0.9433333277702332, "arousal_random5000": 0.9716666340827942, "arousal_random6000": 0.9116666913032532, "valence_random500": 0.9666666984558105, "valence_random1000": 0.9666666984558105, "valence_random1500": 0.9666666984558105, "valence_random2000": 0.9683333039283752, "valence_random2500": 0.9649999737739563, "valence_random3000": 0.9016667008399963, "valence_random4000": 0.9683333039283752, "valence_random5000": 0.9666666984558105, "valence_random6000": 0.6550000309944153, "happy_random500": 0.9666666984558105, "happy_random1000": 0.9666666984558105, "happy_random1500": 0.9166666865348816, "happy_random2000": 0.9733333587646484, "happy_random2500": 0.9666666984558105, "happy_random3000": 0.9166666865348816, "happy_random4000": 0.9666666984558105, "happy_random5000": 0.9633333683013916, "happy_random6000": 0.9549999833106995, "anger_random500": 0.9666666984558105, "anger_random1000": 0.9616666436195374, "anger_random1500": 0.9083333611488342, "anger_random2000": 0.9666666984558105, "anger_random2500": 0.92166668176651, "anger_random3000": 0.9200000166893005, "anger_random4000": 0.9683333039283752, "anger_random5000": 0.9700000286102295, "anger_random6000": 0.9600000381469727, "sad_random500": 0.9649999737739563, "sad_random1000": 0.9666666984558105, "sad_random1500": 0.9666666984558105, "sad_random2000": 0.9200000166893005, "sad_random2500": 0.9600000381469727, "sad_random3000": 0.9366666674613953, "sad_random4000": 0.92166668176651, "sad_random5000": 0.9683333039283752, "sad_random6000": 0.9449999332427979, "fear_random500": 0.9666666984558105, "fear_random1000": 0.9666666984558105, "fear_random1500": 0.9633333683013916, "fear_random2000": 0.9683333039283752, "fear_random2500": 0.9666666984558105, "fear_random3000": 0.9700000286102295, "fear_random4000": 0.92166668176651, "fear_random5000": 0.9766666889190674, "fear_random6000": 0.9516666531562805, "surprise_random500": 0.9649999737739563, "surprise_random1000": 0.9666666984558105, "surprise_random1500": 0.9649999737739563, "surprise_random2000": 0.9700000286102295, "surprise_random2500": 0.9666666984558105, "surprise_random3000": 0.9649999737739563, "surprise_random4000": 0.9500000476837158, "surprise_random5000": 0.9000000357627869, "surprise_random6000": 0.9700000286102295, "disgust_random500": 0.9666666984558105, "disgust_random1000": 0.9649999737739563, "disgust_random1500": 0.9666666984558105, "disgust_random2000": 0.9666666984558105, "disgust_random2500": 0.9683333039283752, "disgust_random3000": 0.9666666984558105, "disgust_random4000": 0.9100000262260437, "disgust_random5000": 0.9700000286102295, "disgust_random6000": 0.5649999976158142, "control_random500": 0.9666666984558105, "control_random1000": 0.9683333039283752, "control_random1500": 0.9683333039283752, "control_random2000": 0.9633333683013916, "control_random2500": 0.9616666436195374, "control_random3000": 0.9666666984558105, "control_random4000": 0.9700000286102295, "control_random5000": 0.8366666436195374, "control_random6000": 0.9266666769981384, "fairness_random500": 0.9666666984558105, "fairness_random1000": 0.9666666984558105, "fairness_random1500": 0.9666666984558105, "fairness_random2000": 0.9666666984558105, "fairness_random2500": 0.9649999737739563, "fairness_random3000": 0.9466666579246521, "fairness_random4000": 0.9700000286102295, "fairness_random5000": 0.871666669845581, "fairness_random6000": 0.9666666984558105, "self-related_random500": 0.9666666984558105, "self-related_random1000": 0.9633333683013916, "self-related_random1500": 0.9666666984558105, "self-related_random2000": 0.9666666984558105, "self-related_random2500": 0.9633333683013916, "self-related_random3000": 0.9399999976158142, "self-related_random4000": 0.9683333039283752, "self-related_random5000": 0.9700000286102295, "self-related_random6000": 0.9716666340827942, "other-related_random500": 0.9666666984558105, "other-related_random1000": 0.9266666769981384, "other-related_random1500": 0.9666666984558105, "other-related_random2000": 0.9666666984558105, "other-related_random2500": 0.9683333039283752, "other-related_random3000": 0.9733333587646484, "other-related_random4000": 0.9616666436195374, "other-related_random5000": 0.871666669845581, "other-related_random6000": 0.9133333563804626, "expectedness_random500": 0.9666666984558105, "expectedness_random1000": 0.9666666984558105, "expectedness_random1500": 0.9633333683013916, "expectedness_random2000": 0.9649999737739563, "expectedness_random2500": 0.9700000286102295, "expectedness_random3000": 0.92166668176651, "expectedness_random4000": 0.9700000286102295, "expectedness_random5000": 0.9633333683013916, "expectedness_random6000": 0.9616666436195374, "non-novelty_random500": 0.9666666984558105, "non-novelty_random1000": 0.9666666984558105, "non-novelty_random1500": 0.9649999737739563, "non-novelty_random2000": 0.9666666984558105, "non-novelty_random2500": 0.9116666913032532, "non-novelty_random3000": 0.9150000214576721, "non-novelty_random4000": 0.9683333039283752, "non-novelty_random5000": 0.9683333039283752, "non-novelty_random6000": 0.8149999976158142}