{"sentiment": "love", "seed": 5, "arousal_random500": 0.9766666889190674, "best": 0.9681829214096069, "arousal_random1000": 0.9750000834465027, "arousal_random1500": 0.9733333587646484, "arousal_random2000": 0.9750000834465027, "arousal_random2500": 0.9683333039283752, "arousal_random3000": 0.9666666984558105, "arousal_random4000": 0.9733333587646484, "arousal_random5000": 0.9666666984558105, "arousal_random6000": 0.9683334231376648, "valence_random500": 0.9750000834465027, "valence_random1000": 0.9766666889190674, "valence_random1500": 0.9766666889190674, "valence_random2000": 0.9766666889190674, "valence_random2500": 0.9716666340827942, "valence_random3000": 0.9716666340827942, "valence_random4000": 0.9666666984558105, "valence_random5000": 0.9683333039283752, "valence_random6000": 0.6550000309944153, "happy_random500": 0.9716666340827942, "happy_random1000": 0.9733333587646484, "happy_random1500": 0.9649999737739563, "happy_random2000": 0.9733333587646484, "happy_random2500": 0.9733333587646484, "happy_random3000": 0.9750000834465027, "happy_random4000": 0.9700000286102295, "happy_random5000": 0.9700000286102295, "happy_random6000": 0.9649999737739563, "anger_random500": 0.9716666340827942, "anger_random1000": 0.9700000286102295, "anger_random1500": 0.9733333587646484, "anger_random2000": 0.9733333587646484, "anger_random2500": 0.9683333039283752, "anger_random3000": 0.9749999642372131, "anger_random4000": 0.9750000834465027, "anger_random5000": 0.9733333587646484, "anger_random6000": 0.9666666984558105, "sad_random500": 0.9733333587646484, "sad_random1000": 0.9750000834465027, "sad_random1500": 0.9750000834465027, "sad_random2000": 0.9766666889190674, "sad_random2500": 0.9750000834465027, "sad_random3000": 0.4883333444595337, "sad_random4000": 0.9733333587646484, "sad_random5000": 0.5616666674613953, "sad_random6000": 0.6716666221618652, "fear_random500": 0.9750000834465027, "fear_random1000": 0.9716666340827942, "fear_random1500": 0.9750000834465027, "fear_random2000": 0.9733333587646484, "fear_random2500": 0.9716666340827942, "fear_random3000": 0.9766666889190674, "fear_random4000": 0.9733333587646484, "fear_random5000": 0.9600000381469727, "fear_random6000": 0.9666666984558105, "surprise_random500": 0.9716666340827942, "surprise_random1000": 0.9733333587646484, "surprise_random1500": 0.9733333587646484, "surprise_random2000": 0.9750000834465027, "surprise_random2500": 0.9750000834465027, "surprise_random3000": 0.9733333587646484, "surprise_random4000": 0.9700000286102295, "surprise_random5000": 0.9683333039283752, "surprise_random6000": 0.9750000834465027, "disgust_random500": 0.9750000834465027, "disgust_random1000": 0.9716666340827942, "disgust_random1500": 0.9766666889190674, "disgust_random2000": 0.9700000286102295, "disgust_random2500": 0.9733333587646484, "disgust_random3000": 0.9733333587646484, "disgust_random4000": 0.9700000286102295, "disgust_random5000": 0.9733333587646484, "disgust_random6000": 0.746666669845581, "control_random500": 0.9750000834465027, "control_random1000": 0.9750000834465027, "control_random1500": 0.9750000834465027, "control_random2000": 0.9700000286102295, "control_random2500": 0.9716666340827942, "control_random3000": 0.9733333587646484, "control_random4000": 0.9700000286102295, "control_random5000": 0.9683334231376648, "control_random6000": 0.9683334231376648, "fairness_random500": 0.9733333587646484, "fairness_random1000": 0.9750000834465027, "fairness_random1500": 0.9666666984558105, "fairness_random2000": 0.9750000834465027, "fairness_random2500": 0.9750000834465027, "fairness_random3000": 0.9266667366027832, "fairness_random4000": 0.9716666340827942, "fairness_random5000": 0.8100000023841858, "fairness_random6000": 0.9700000286102295, "self-related_random500": 0.9766666889190674, "self-related_random1000": 0.9649999737739563, "self-related_random1500": 0.9750000834465027, "self-related_random2000": 0.9700000286102295, "self-related_random2500": 0.9716666340827942, "self-related_random3000": 0.9100000262260437, "self-related_random4000": 0.9733333587646484, "self-related_random5000": 0.9549999833106995, "self-related_random6000": 0.9700000286102295, "other-related_random500": 0.9716666340827942, "other-related_random1000": 0.17000000178813934, "other-related_random1500": 0.9716666340827942, "other-related_random2000": 0.9733333587646484, "other-related_random2500": 0.9783332943916321, "other-related_random3000": 0.9750000834465027, "other-related_random4000": 0.9649999737739563, "other-related_random5000": 0.9566667079925537, "other-related_random6000": 0.9066666960716248, "expectedness_random500": 0.9750000834465027, "expectedness_random1000": 0.9750000834465027, "expectedness_random1500": 0.9733333587646484, "expectedness_random2000": 0.9700000286102295, "expectedness_random2500": 0.9733333587646484, "expectedness_random3000": 0.9666666984558105, "expectedness_random4000": 0.9733333587646484, "expectedness_random5000": 0.9566666483879089, "expectedness_random6000": 0.9666666984558105, "non-novelty_random500": 0.9733333587646484, "non-novelty_random1000": 0.9766666889190674, "non-novelty_random1500": 0.9666666984558105, "non-novelty_random2000": 0.9716666340827942, "non-novelty_random2500": 0.9750000834465027, "non-novelty_random3000": 0.9616666436195374, "non-novelty_random4000": 0.9700000286102295, "non-novelty_random5000": 0.9733333587646484, "non-novelty_random6000": 0.4549999535083771}