{"sentiment": "love", "seed": 100, "arousal_random500": 0.8383333683013916, "best": 0.9100302457809448, "arousal_random1000": 0.8433334231376648, "arousal_random1500": 0.8416666984558105, "arousal_random2000": 0.7766666412353516, "arousal_random2500": 0.8633332848548889, "arousal_random3000": 0.43833330273628235, "arousal_random4000": 0.628333330154419, "arousal_random5000": 0.8133333325386047, "arousal_random6000": 0.4399999678134918, "valence_random500": 0.8350000381469727, "valence_random1000": 0.8516666293144226, "valence_random1500": 0.8499999642372131, "valence_random2000": 0.8616666793823242, "valence_random2500": 0.8399999737739563, "valence_random3000": 0.8383333683013916, "valence_random4000": 0.8416666388511658, "valence_random5000": 0.8233333230018616, "valence_random6000": 0.5199999809265137, "happy_random500": 0.856666624546051, "happy_random1000": 0.79666668176651, "happy_random1500": 0.8083333969116211, "happy_random2000": 0.675000011920929, "happy_random2500": 0.8366666436195374, "happy_random3000": 0.89000004529953, "happy_random4000": 0.43833330273628235, "happy_random5000": 0.4816666841506958, "happy_random6000": 0.4399999678134918, "anger_random500": 0.856666624546051, "anger_random1000": 0.8499999642372131, "anger_random1500": 0.4549999535083771, "anger_random2000": 0.8466666340827942, "anger_random2500": 0.6733333468437195, "anger_random3000": 0.5166667103767395, "anger_random4000": 0.8833333849906921, "anger_random5000": 0.9133333563804626, "anger_random6000": 0.7216666340827942, "sad_random500": 0.8500000834465027, "sad_random1000": 0.9016666412353516, "sad_random1500": 0.8966667056083679, "sad_random2000": 0.5216667056083679, "sad_random2500": 0.8016666769981384, "sad_random3000": 0.5683333277702332, "sad_random4000": 0.43833330273628235, "sad_random5000": 0.6416666507720947, "sad_random6000": 0.9066666960716248, "fear_random500": 0.8499999642372131, "fear_random1000": 0.8616666793823242, "fear_random1500": 0.8266666531562805, "fear_random2000": 0.8650000095367432, "fear_random2500": 0.43833330273628235, "fear_random3000": 0.8366666436195374, "fear_random4000": 0.43833330273628235, "fear_random5000": 0.7916666865348816, "fear_random6000": 0.8899999260902405, "surprise_random500": 0.8483333587646484, "surprise_random1000": 0.8600000739097595, "surprise_random1500": 0.856666624546051, "surprise_random2000": 0.8416666388511658, "surprise_random2500": 0.8533332943916321, "surprise_random3000": 0.8350000381469727, "surprise_random4000": 0.43833330273628235, "surprise_random5000": 0.8333333134651184, "surprise_random6000": 0.4466666281223297, "disgust_random500": 0.8399999737739563, "disgust_random1000": 0.8583333492279053, "disgust_random1500": 0.8516666889190674, "disgust_random2000": 0.8483333587646484, "disgust_random2500": 0.824999988079071, "disgust_random3000": 0.8499999642372131, "disgust_random4000": 0.43833330273628235, "disgust_random5000": 0.9333333373069763, "disgust_random6000": 0.43833330273628235, "control_random500": 0.856666624546051, "control_random1000": 0.8533332943916321, "control_random1500": 0.8333333134651184, "control_random2000": 0.8266666531562805, "control_random2500": 0.8566667437553406, "control_random3000": 0.5866667032241821, "control_random4000": 0.8849999904632568, "control_random5000": 0.43833330273628235, "control_random6000": 0.8199999928474426, "fairness_random500": 0.8466667532920837, "fairness_random1000": 0.8616666793823242, "fairness_random1500": 0.8133333325386047, "fairness_random2000": 0.8316667079925537, "fairness_random2500": 0.43833330273628235, "fairness_random3000": 0.8550000190734863, "fairness_random4000": 0.8516666889190674, "fairness_random5000": 0.43833330273628235, "fairness_random6000": 0.4399999678134918, "self-related_random500": 0.8683333396911621, "self-related_random1000": 0.8199999928474426, "self-related_random1500": 0.8333333134651184, "self-related_random2000": 0.8433333039283752, "self-related_random2500": 0.878333330154419, "self-related_random3000": 0.8583333492279053, "self-related_random4000": 0.9233333468437195, "self-related_random5000": 0.7933333516120911, "self-related_random6000": 0.4399999678134918, "other-related_random500": 0.9049999713897705, "other-related_random1000": 0.5316666960716248, "other-related_random1500": 0.8399999737739563, "other-related_random2000": 0.8483332991600037, "other-related_random2500": 0.8450000286102295, "other-related_random3000": 0.8266666531562805, "other-related_random4000": 0.79666668176651, "other-related_random5000": 0.4666666090488434, "other-related_random6000": 0.46833333373069763, "expectedness_random500": 0.8516666889190674, "expectedness_random1000": 0.8133333325386047, "expectedness_random1500": 0.8383333683013916, "expectedness_random2000": 0.8266666531562805, "expectedness_random2500": 0.8283333778381348, "expectedness_random3000": 0.8266666531562805, "expectedness_random4000": 0.8883333206176758, "expectedness_random5000": 0.43833330273628235, "expectedness_random6000": 0.73499995470047, "non-novelty_random500": 0.8383333683013916, "non-novelty_random1000": 0.7916666865348816, "non-novelty_random1500": 0.9016666412353516, "non-novelty_random2000": 0.8516666293144226, "non-novelty_random2500": 0.5100000500679016, "non-novelty_random3000": 0.8266666531562805, "non-novelty_random4000": 0.8483332991600037, "non-novelty_random5000": 0.7366666793823242, "non-novelty_random6000": 0.5816666483879089}