{"sentiment": "love", "seed": 9, "arousal_random500": 0.9566667079925537, "best": 0.9519909620285034, "arousal_random1000": 0.9549999833106995, "arousal_random1500": 0.9566667079925537, "arousal_random2000": 0.9516666531562805, "arousal_random2500": 0.9566666483879089, "arousal_random3000": 0.9600000381469727, "arousal_random4000": 0.9466666579246521, "arousal_random5000": 0.5733333230018616, "arousal_random6000": 0.8799999356269836, "valence_random500": 0.9583333134651184, "valence_random1000": 0.95333331823349, "valence_random1500": 0.9549999833106995, "valence_random2000": 0.9566666483879089, "valence_random2500": 0.9600000381469727, "valence_random3000": 0.9600000381469727, "valence_random4000": 0.9549999833106995, "valence_random5000": 0.9616666436195374, "valence_random6000": 0.7733333110809326, "happy_random500": 0.9566667079925537, "happy_random1000": 0.9566667079925537, "happy_random1500": 0.949999988079071, "happy_random2000": 0.9566667079925537, "happy_random2500": 0.9549999833106995, "happy_random3000": 0.9583333134651184, "happy_random4000": 0.875, "happy_random5000": 0.9233333468437195, "happy_random6000": 0.9249999523162842, "anger_random500": 0.9566667079925537, "anger_random1000": 0.9566667079925537, "anger_random1500": 0.9500000476837158, "anger_random2000": 0.9566667079925537, "anger_random2500": 0.9549999833106995, "anger_random3000": 0.9583333134651184, "anger_random4000": 0.949999988079071, "anger_random5000": 0.8799999356269836, "anger_random6000": 0.9483333230018616, "sad_random500": 0.9566667079925537, "sad_random1000": 0.9549999833106995, "sad_random1500": 0.9566667079925537, "sad_random2000": 0.9366666674613953, "sad_random2500": 0.9566667079925537, "sad_random3000": 0.5233333706855774, "sad_random4000": 0.9483333230018616, "sad_random5000": 0.949999988079071, "sad_random6000": 0.5250000357627869, "fear_random500": 0.9566667079925537, "fear_random1000": 0.9566667079925537, "fear_random1500": 0.9549999833106995, "fear_random2000": 0.9533333778381348, "fear_random2500": 0.9566667079925537, "fear_random3000": 0.9100000262260437, "fear_random4000": 0.9583333134651184, "fear_random5000": 0.8199999928474426, "fear_random6000": 0.64000004529953, "surprise_random500": 0.9583333134651184, "surprise_random1000": 0.9583333134651184, "surprise_random1500": 0.9549999833106995, "surprise_random2000": 0.9566667079925537, "surprise_random2500": 0.9583333134651184, "surprise_random3000": 0.9216666221618652, "surprise_random4000": 0.9116666913032532, "surprise_random5000": 0.9333333373069763, "surprise_random6000": 0.9516666531562805, "disgust_random500": 0.9566667079925537, "disgust_random1000": 0.9516666531562805, "disgust_random1500": 0.9533333778381348, "disgust_random2000": 0.9549999833106995, "disgust_random2500": 0.9466667175292969, "disgust_random3000": 0.9483333230018616, "disgust_random4000": 0.95333331823349, "disgust_random5000": 0.9549999833106995, "disgust_random6000": 0.9149999618530273, "control_random500": 0.9566667079925537, "control_random1000": 0.9549999833106995, "control_random1500": 0.9566667079925537, "control_random2000": 0.9600000381469727, "control_random2500": 0.9549999833106995, "control_random3000": 0.9600000381469727, "control_random4000": 0.9566667079925537, "control_random5000": 0.8966667056083679, "control_random6000": 0.6783332824707031, "fairness_random500": 0.9600000381469727, "fairness_random1000": 0.9566667079925537, "fairness_random1500": 0.95333331823349, "fairness_random2000": 0.9549999833106995, "fairness_random2500": 0.9566667079925537, "fairness_random3000": 0.949999988079071, "fairness_random4000": 0.9583333134651184, "fairness_random5000": 0.8533332943916321, "fairness_random6000": 0.9599999785423279, "self-related_random500": 0.9500000476837158, "self-related_random1000": 0.9566667079925537, "self-related_random1500": 0.9583333134651184, "self-related_random2000": 0.9549999833106995, "self-related_random2500": 0.9566666483879089, "self-related_random3000": 0.6366667151451111, "self-related_random4000": 0.9416666626930237, "self-related_random5000": 0.9033333659172058, "self-related_random6000": 0.9183333516120911, "other-related_random500": 0.9583333134651184, "other-related_random1000": 0.5483333468437195, "other-related_random1500": 0.9549999833106995, "other-related_random2000": 0.9566667079925537, "other-related_random2500": 0.9583333134651184, "other-related_random3000": 0.9516666531562805, "other-related_random4000": 0.9583333134651184, "other-related_random5000": 0.9483333230018616, "other-related_random6000": 0.8399999737739563, "expectedness_random500": 0.9566667079925537, "expectedness_random1000": 0.9549999833106995, "expectedness_random1500": 0.9549999833106995, "expectedness_random2000": 0.9583333134651184, "expectedness_random2500": 0.9549999833106995, "expectedness_random3000": 0.9616666436195374, "expectedness_random4000": 0.9516666531562805, "expectedness_random5000": 0.9049999713897705, "expectedness_random6000": 0.9600000381469727, "non-novelty_random500": 0.9549999833106995, "non-novelty_random1000": 0.9566667079925537, "non-novelty_random1500": 0.9549999833106995, "non-novelty_random2000": 0.949999988079071, "non-novelty_random2500": 0.9566667079925537, "non-novelty_random3000": 0.9583333134651184, "non-novelty_random4000": 0.949999988079071, "non-novelty_random5000": 0.9516666531562805, "non-novelty_random6000": 0.9166666865348816}