{"sentiment": "love", "seed": 1, "arousal_random500": 0.9583333134651184, "best": 0.946068525314331, "arousal_random1000": 0.9600000381469727, "arousal_random1500": 0.9083333611488342, "arousal_random2000": 0.9633333683013916, "arousal_random2500": 0.9166666865348816, "arousal_random3000": 0.9549999833106995, "arousal_random4000": 0.4466666281223297, "arousal_random5000": 0.9649999737739563, "arousal_random6000": 0.7450000643730164, "valence_random500": 0.9549999833106995, "valence_random1000": 0.9549999833106995, "valence_random1500": 0.9566667079925537, "valence_random2000": 0.9166666865348816, "valence_random2500": 0.9516666531562805, "valence_random3000": 0.9016666412353516, "valence_random4000": 0.9100000262260437, "valence_random5000": 0.9616666436195374, "valence_random6000": 0.8799999356269836, "happy_random500": 0.9549999833106995, "happy_random1000": 0.9066666960716248, "happy_random1500": 0.8816666603088379, "happy_random2000": 0.9200000166893005, "happy_random2500": 0.9066666960716248, "happy_random3000": 0.9150000214576721, "happy_random4000": 0.9500000476837158, "happy_random5000": 0.7033333778381348, "happy_random6000": 0.856666624546051, "anger_random500": 0.9516666531562805, "anger_random1000": 0.9049999713897705, "anger_random1500": 0.9566667079925537, "anger_random2000": 0.9649999737739563, "anger_random2500": 0.9483333230018616, "anger_random3000": 0.9083333611488342, "anger_random4000": 0.9666666984558105, "anger_random5000": 0.9633333683013916, "anger_random6000": 0.9616666436195374, "sad_random500": 0.9583333134651184, "sad_random1000": 0.9633333683013916, "sad_random1500": 0.9549999833106995, "sad_random2000": 0.9666666984558105, "sad_random2500": 0.9133333563804626, "sad_random3000": 0.925000011920929, "sad_random4000": 0.9033333659172058, "sad_random5000": 0.46833333373069763, "sad_random6000": 0.9449999928474426, "fear_random500": 0.9549999833106995, "fear_random1000": 0.9516666531562805, "fear_random1500": 0.9583333134651184, "fear_random2000": 0.9633333683013916, "fear_random2500": 0.9649999737739563, "fear_random3000": 0.9633333683013916, "fear_random4000": 0.9100000262260437, "fear_random5000": 0.9649999737739563, "fear_random6000": 0.9350000023841858, "surprise_random500": 0.9549999833106995, "surprise_random1000": 0.9649999737739563, "surprise_random1500": 0.9649999737739563, "surprise_random2000": 0.9566667079925537, "surprise_random2500": 0.9100000262260437, "surprise_random3000": 0.9666666984558105, "surprise_random4000": 0.9633333683013916, "surprise_random5000": 0.85999995470047, "surprise_random6000": 0.9649999737739563, "disgust_random500": 0.9549999833106995, "disgust_random1000": 0.9549999833106995, "disgust_random1500": 0.9566667079925537, "disgust_random2000": 0.9600000381469727, "disgust_random2500": 0.9133333563804626, "disgust_random3000": 0.9583333134651184, "disgust_random4000": 0.9600000381469727, "disgust_random5000": 0.9683333039283752, "disgust_random6000": 0.7850000262260437, "control_random500": 0.9566667079925537, "control_random1000": 0.9566667079925537, "control_random1500": 0.9050000309944153, "control_random2000": 0.9616666436195374, "control_random2500": 0.9566667079925537, "control_random3000": 0.9583333134651184, "control_random4000": 0.9583333134651184, "control_random5000": 0.9483333230018616, "control_random6000": 0.9483333230018616, "fairness_random500": 0.9566667079925537, "fairness_random1000": 0.9516666531562805, "fairness_random1500": 0.9583333134651184, "fairness_random2000": 0.9633333683013916, "fairness_random2500": 0.9166666865348816, "fairness_random3000": 0.9649999737739563, "fairness_random4000": 0.9466667175292969, "fairness_random5000": 0.9566667079925537, "fairness_random6000": 0.9649999737739563, "self-related_random500": 0.9583333134651184, "self-related_random1000": 0.9566667079925537, "self-related_random1500": 0.9033333659172058, "self-related_random2000": 0.9649999737739563, "self-related_random2500": 0.9583333134651184, "self-related_random3000": 0.17166666686534882, "self-related_random4000": 0.9100000262260437, "self-related_random5000": 0.9500000476837158, "self-related_random6000": 0.9633333683013916, "other-related_random500": 0.9583333134651184, "other-related_random1000": 0.4416666328907013, "other-related_random1500": 0.9583333134651184, "other-related_random2000": 0.9649999737739563, "other-related_random2500": 0.9666666984558105, "other-related_random3000": 0.9649999737739563, "other-related_random4000": 0.9133333563804626, "other-related_random5000": 0.9000000357627869, "other-related_random6000": 0.9583333134651184, "expectedness_random500": 0.9533333778381348, "expectedness_random1000": 0.9050000309944153, "expectedness_random1500": 0.8916666507720947, "expectedness_random2000": 0.9050000309944153, "expectedness_random2500": 0.9233333468437195, "expectedness_random3000": 0.9133333563804626, "expectedness_random4000": 0.9683333039283752, "expectedness_random5000": 0.9433333277702332, "expectedness_random6000": 0.9100000262260437, "non-novelty_random500": 0.9549999833106995, "non-novelty_random1000": 0.9616666436195374, "non-novelty_random1500": 0.9583333134651184, "non-novelty_random2000": 0.9633333683013916, "non-novelty_random2500": 0.9133333563804626, "non-novelty_random3000": 0.9083333611488342, "non-novelty_random4000": 0.9633333683013916, "non-novelty_random5000": 0.9633333683013916, "non-novelty_random6000": 0.8616666793823242}