{"sentiment": "love", "seed": 3, "arousal_random500": 0.9316666722297668, "best": 0.9641506671905518, "arousal_random1000": 0.9300000071525574, "arousal_random1500": 0.9266666769981384, "arousal_random2000": 0.9266666769981384, "arousal_random2500": 0.8650000095367432, "arousal_random3000": 0.8616666793823242, "arousal_random4000": 0.7900000214576721, "arousal_random5000": 0.9166666865348816, "arousal_random6000": 0.7200000286102295, "valence_random500": 0.9266666769981384, "valence_random1000": 0.9300000071525574, "valence_random1500": 0.9283333420753479, "valence_random2000": 0.9233333468437195, "valence_random2500": 0.9116666913032532, "valence_random3000": 0.92166668176651, "valence_random4000": 0.8766667246818542, "valence_random5000": 0.9266666769981384, "valence_random6000": 0.8233333230018616, "happy_random500": 0.9283333420753479, "happy_random1000": 0.9283333420753479, "happy_random1500": 0.9266666769981384, "happy_random2000": 0.9266666769981384, "happy_random2500": 0.9300000071525574, "happy_random3000": 0.9283333420753479, "happy_random4000": 0.9300000071525574, "happy_random5000": 0.4650000035762787, "happy_random6000": 0.8616666793823242, "anger_random500": 0.9300000071525574, "anger_random1000": 0.9233333468437195, "anger_random1500": 0.7899999618530273, "anger_random2000": 0.925000011920929, "anger_random2500": 0.7599999904632568, "anger_random3000": 0.92166668176651, "anger_random4000": 0.9300000071525574, "anger_random5000": 0.9233333468437195, "anger_random6000": 0.9116666316986084, "sad_random500": 0.9283333420753479, "sad_random1000": 0.9283333420753479, "sad_random1500": 0.9283333420753479, "sad_random2000": 0.5683333277702332, "sad_random2500": 0.9233333468437195, "sad_random3000": 0.9066666960716248, "sad_random4000": 0.9266666769981384, "sad_random5000": 0.92166668176651, "sad_random6000": 0.893333375453949, "fear_random500": 0.9300000071525574, "fear_random1000": 0.9266666769981384, "fear_random1500": 0.92166668176651, "fear_random2000": 0.9316666722297668, "fear_random2500": 0.9283333420753479, "fear_random3000": 0.9083333611488342, "fear_random4000": 0.67166668176651, "fear_random5000": 0.9133333563804626, "fear_random6000": 0.893333375453949, "surprise_random500": 0.9283333420753479, "surprise_random1000": 0.9283333420753479, "surprise_random1500": 0.9283333420753479, "surprise_random2000": 0.9283333420753479, "surprise_random2500": 0.9283333420753479, "surprise_random3000": 0.925000011920929, "surprise_random4000": 0.6666666865348816, "surprise_random5000": 0.9266666769981384, "surprise_random6000": 0.8683333396911621, "disgust_random500": 0.9300000071525574, "disgust_random1000": 0.92166668176651, "disgust_random1500": 0.9283333420753479, "disgust_random2000": 0.92166668176651, "disgust_random2500": 0.8883333206176758, "disgust_random3000": 0.878333330154419, "disgust_random4000": 0.9283333420753479, "disgust_random5000": 0.8833333849906921, "disgust_random6000": 0.45166662335395813, "control_random500": 0.9283333420753479, "control_random1000": 0.9300000071525574, "control_random1500": 0.9233333468437195, "control_random2000": 0.9266666769981384, "control_random2500": 0.9233333468437195, "control_random3000": 0.9283333420753479, "control_random4000": 0.9266666769981384, "control_random5000": 0.45666661858558655, "control_random6000": 0.9150000214576721, "fairness_random500": 0.9283333420753479, "fairness_random1000": 0.9283333420753479, "fairness_random1500": 0.9150000214576721, "fairness_random2000": 0.9266666769981384, "fairness_random2500": 0.9266666769981384, "fairness_random3000": 0.9300000071525574, "fairness_random4000": 0.9266666769981384, "fairness_random5000": 0.7766666412353516, "fairness_random6000": 0.8433333039283752, "self-related_random500": 0.9316666722297668, "self-related_random1000": 0.9233333468437195, "self-related_random1500": 0.9300000071525574, "self-related_random2000": 0.9233333468437195, "self-related_random2500": 0.9283333420753479, "self-related_random3000": 0.9233333468437195, "self-related_random4000": 0.9233333468437195, "self-related_random5000": 0.9083333015441895, "self-related_random6000": 0.9283333420753479, "other-related_random500": 0.9300000071525574, "other-related_random1000": 0.8616666793823242, "other-related_random1500": 0.925000011920929, "other-related_random2000": 0.9283333420753479, "other-related_random2500": 0.9300000071525574, "other-related_random3000": 0.9283333420753479, "other-related_random4000": 0.9166666865348816, "other-related_random5000": 0.92166668176651, "other-related_random6000": 0.5350000262260437, "expectedness_random500": 0.9300000071525574, "expectedness_random1000": 0.9266666769981384, "expectedness_random1500": 0.9233333468437195, "expectedness_random2000": 0.925000011920929, "expectedness_random2500": 0.92166668176651, "expectedness_random3000": 0.8833333849906921, "expectedness_random4000": 0.9316666722297668, "expectedness_random5000": 0.5900000333786011, "expectedness_random6000": 0.8666667342185974, "non-novelty_random500": 0.9300000071525574, "non-novelty_random1000": 0.9316666722297668, "non-novelty_random1500": 0.9283333420753479, "non-novelty_random2000": 0.925000011920929, "non-novelty_random2500": 0.8499999642372131, "non-novelty_random3000": 0.9283333420753479, "non-novelty_random4000": 0.9266666769981384, "non-novelty_random5000": 0.9266666769981384, "non-novelty_random6000": 0.5799999833106995}