{"sentiment": "nervousness", "seed": 7, "arousal_random500": 0.761904776096344, "best": 0.8095238208770752, "arousal_random1000": 0.7857142686843872, "arousal_random1500": 0.7857142686843872, "arousal_random2000": 0.7857142686843872, "arousal_random2500": 0.5, "arousal_random3000": 0.5, "arousal_random4000": 0.4047619104385376, "arousal_random5000": 0.5, "arousal_random6000": 0.5, "valence_random500": 0.8095238208770752, "valence_random1000": 0.7857142686843872, "valence_random1500": 0.5476190447807312, "valence_random2000": 0.6666666865348816, "valence_random2500": 0.6190476417541504, "valence_random3000": 0.5, "valence_random4000": 0.5476190447807312, "valence_random5000": 0.5, "valence_random6000": 0.5, "happy_random500": 0.8095238208770752, "happy_random1000": 0.7857142686843872, "happy_random1500": 0.6666666865348816, "happy_random2000": 0.5, "happy_random2500": 0.523809552192688, "happy_random3000": 0.5, "happy_random4000": 0.5, "happy_random5000": 0.5, "happy_random6000": 0.5, "anger_random500": 0.7857142686843872, "anger_random1000": 0.8095238208770752, "anger_random1500": 0.5, "anger_random2000": 0.761904776096344, "anger_random2500": 0.761904776096344, "anger_random3000": 0.5, "anger_random4000": 0.523809552192688, "anger_random5000": 0.6904761791229248, "anger_random6000": 0.761904776096344, "sad_random500": 0.8095238208770752, "sad_random1000": 0.8095238208770752, "sad_random1500": 0.7857142686843872, "sad_random2000": 0.761904776096344, "sad_random2500": 0.8095238208770752, "sad_random3000": 0.5, "sad_random4000": 0.5714285969734192, "sad_random5000": 0.5, "sad_random6000": 0.8095238208770752, "fear_random500": 0.8095238208770752, "fear_random1000": 0.7857142686843872, "fear_random1500": 0.761904776096344, "fear_random2000": 0.8095238208770752, "fear_random2500": 0.7857142686843872, "fear_random3000": 0.5, "fear_random4000": 0.5, "fear_random5000": 0.5714285969734192, "fear_random6000": 0.7857142686843872, "surprise_random500": 0.8333333134651184, "surprise_random1000": 0.8095238208770752, "surprise_random1500": 0.8095238208770752, "surprise_random2000": 0.7857142686843872, "surprise_random2500": 0.7857142686843872, "surprise_random3000": 0.5, "surprise_random4000": 0.5, "surprise_random5000": 0.5, "surprise_random6000": 0.5, "disgust_random500": 0.7857142686843872, "disgust_random1000": 0.7857142686843872, "disgust_random1500": 0.7857142686843872, "disgust_random2000": 0.8095238208770752, "disgust_random2500": 0.761904776096344, "disgust_random3000": 0.7142857313156128, "disgust_random4000": 0.6428571343421936, "disgust_random5000": 0.5, "disgust_random6000": 0.5, "control_random500": 0.7857142686843872, "control_random1000": 0.8095238208770752, "control_random1500": 0.8095238208770752, "control_random2000": 0.8095238208770752, "control_random2500": 0.7142857313156128, "control_random3000": 0.523809552192688, "control_random4000": 0.523809552192688, "control_random5000": 0.5, "control_random6000": 0.5, "fairness_random500": 0.8095238208770752, "fairness_random1000": 0.7857142686843872, "fairness_random1500": 0.5, "fairness_random2000": 0.8333333134651184, "fairness_random2500": 0.6428571343421936, "fairness_random3000": 0.761904776096344, "fairness_random4000": 0.8095238208770752, "fairness_random5000": 0.5, "fairness_random6000": 0.5, "self-related_random500": 0.7857142686843872, "self-related_random1000": 0.7857142686843872, "self-related_random1500": 0.6904761791229248, "self-related_random2000": 0.5952380895614624, "self-related_random2500": 0.5714285969734192, "self-related_random3000": 0.4523809552192688, "self-related_random4000": 0.761904776096344, "self-related_random5000": 0.5, "self-related_random6000": 0.5, "other-related_random500": 0.7857142686843872, "other-related_random1000": 0.5, "other-related_random1500": 0.7857142686843872, "other-related_random2000": 0.738095223903656, "other-related_random2500": 0.6904761791229248, "other-related_random3000": 0.7142857313156128, "other-related_random4000": 0.5, "other-related_random5000": 0.5, "other-related_random6000": 0.5, "expectedness_random500": 0.8095238208770752, "expectedness_random1000": 0.7857142686843872, "expectedness_random1500": 0.7857142686843872, "expectedness_random2000": 0.7857142686843872, "expectedness_random2500": 0.5, "expectedness_random3000": 0.5952380895614624, "expectedness_random4000": 0.8095238208770752, "expectedness_random5000": 0.5, "expectedness_random6000": 0.523809552192688, "non-novelty_random500": 0.8095238208770752, "non-novelty_random1000": 0.8095238208770752, "non-novelty_random1500": 0.738095223903656, "non-novelty_random2000": 0.8095238208770752, "non-novelty_random2500": 0.5, "non-novelty_random3000": 0.5952380895614624, "non-novelty_random4000": 0.7857142686843872, "non-novelty_random5000": 0.5, "non-novelty_random6000": 0.5}