{"sentiment": "nervousness", "seed": 15, "arousal_random500": 0.7857142686843872, "best": 0.8571428656578064, "arousal_random1000": 0.761904776096344, "arousal_random1500": 0.5714285969734192, "arousal_random2000": 0.6666666865348816, "arousal_random2500": 0.5714285969734192, "arousal_random3000": 0.5, "arousal_random4000": 0.4761904776096344, "arousal_random5000": 0.5714285969734192, "arousal_random6000": 0.6190476417541504, "valence_random500": 0.8095238208770752, "valence_random1000": 0.6428571343421936, "valence_random1500": 0.6666666865348816, "valence_random2000": 0.5952380895614624, "valence_random2500": 0.6190476417541504, "valence_random3000": 0.6428571343421936, "valence_random4000": 0.5714285969734192, "valence_random5000": 0.5, "valence_random6000": 0.523809552192688, "happy_random500": 0.761904776096344, "happy_random1000": 0.6904761791229248, "happy_random1500": 0.761904776096344, "happy_random2000": 0.6666666865348816, "happy_random2500": 0.6904761791229248, "happy_random3000": 0.5714285969734192, "happy_random4000": 0.6190476417541504, "happy_random5000": 0.5, "happy_random6000": 0.5, "anger_random500": 0.7142857313156128, "anger_random1000": 0.7142857313156128, "anger_random1500": 0.5, "anger_random2000": 0.6904761791229248, "anger_random2500": 0.5, "anger_random3000": 0.5714285969734192, "anger_random4000": 0.5714285969734192, "anger_random5000": 0.6666666865348816, "anger_random6000": 0.5952380895614624, "sad_random500": 0.7857142686843872, "sad_random1000": 0.738095223903656, "sad_random1500": 0.7857142686843872, "sad_random2000": 0.5, "sad_random2500": 0.6190476417541504, "sad_random3000": 0.738095223903656, "sad_random4000": 0.523809552192688, "sad_random5000": 0.5, "sad_random6000": 0.523809552192688, "fear_random500": 0.8095238208770752, "fear_random1000": 0.8095238208770752, "fear_random1500": 0.8571428656578064, "fear_random2000": 0.6904761791229248, "fear_random2500": 0.738095223903656, "fear_random3000": 0.6190476417541504, "fear_random4000": 0.5, "fear_random5000": 0.761904776096344, "fear_random6000": 0.7142857313156128, "surprise_random500": 0.8333333134651184, "surprise_random1000": 0.8095238208770752, "surprise_random1500": 0.6904761791229248, "surprise_random2000": 0.6428571343421936, "surprise_random2500": 0.761904776096344, "surprise_random3000": 0.6904761791229248, "surprise_random4000": 0.5, "surprise_random5000": 0.5, "surprise_random6000": 0.5, "disgust_random500": 0.8571428656578064, "disgust_random1000": 0.6190476417541504, "disgust_random1500": 0.738095223903656, "disgust_random2000": 0.7142857313156128, "disgust_random2500": 0.5714285969734192, "disgust_random3000": 0.738095223903656, "disgust_random4000": 0.523809552192688, "disgust_random5000": 0.5714285969734192, "disgust_random6000": 0.5, "control_random500": 0.7142857313156128, "control_random1000": 0.6666666865348816, "control_random1500": 0.6428571343421936, "control_random2000": 0.8095238208770752, "control_random2500": 0.6428571343421936, "control_random3000": 0.5952380895614624, "control_random4000": 0.523809552192688, "control_random5000": 0.5, "control_random6000": 0.5, "fairness_random500": 0.8095238208770752, "fairness_random1000": 0.8333333134651184, "fairness_random1500": 0.6904761791229248, "fairness_random2000": 0.7142857313156128, "fairness_random2500": 0.6428571343421936, "fairness_random3000": 0.6190476417541504, "fairness_random4000": 0.5476190447807312, "fairness_random5000": 0.5, "fairness_random6000": 0.5, "self-related_random500": 0.7857142686843872, "self-related_random1000": 0.6904761791229248, "self-related_random1500": 0.6904761791229248, "self-related_random2000": 0.6428571343421936, "self-related_random2500": 0.761904776096344, "self-related_random3000": 0.523809552192688, "self-related_random4000": 0.5476190447807312, "self-related_random5000": 0.5714285969734192, "self-related_random6000": 0.5, "other-related_random500": 0.761904776096344, "other-related_random1000": 0.6428571343421936, "other-related_random1500": 0.761904776096344, "other-related_random2000": 0.5714285969734192, "other-related_random2500": 0.7142857313156128, "other-related_random3000": 0.5714285969734192, "other-related_random4000": 0.5, "other-related_random5000": 0.5, "other-related_random6000": 0.5, "expectedness_random500": 0.738095223903656, "expectedness_random1000": 0.7857142686843872, "expectedness_random1500": 0.738095223903656, "expectedness_random2000": 0.6428571343421936, "expectedness_random2500": 0.5476190447807312, "expectedness_random3000": 0.5714285969734192, "expectedness_random4000": 0.5476190447807312, "expectedness_random5000": 0.5, "expectedness_random6000": 0.5, "non-novelty_random500": 0.7142857313156128, "non-novelty_random1000": 0.6428571343421936, "non-novelty_random1500": 0.6904761791229248, "non-novelty_random2000": 0.6428571343421936, "non-novelty_random2500": 0.5, "non-novelty_random3000": 0.6666666865348816, "non-novelty_random4000": 0.6904761791229248, "non-novelty_random5000": 0.5, "non-novelty_random6000": 0.5}