{"sentiment": "nervousness", "seed": 5, "arousal_random500": 0.4761904776096344, "best": 0.6904761791229248, "arousal_random1000": 0.6904761791229248, "arousal_random1500": 0.5, "arousal_random2000": 0.5, "arousal_random2500": 0.5476190447807312, "arousal_random3000": 0.5, "arousal_random4000": 0.4523809552192688, "arousal_random5000": 0.5, "arousal_random6000": 0.5, "valence_random500": 0.6190476417541504, "valence_random1000": 0.5, "valence_random1500": 0.5, "valence_random2000": 0.5714285969734192, "valence_random2500": 0.5, "valence_random3000": 0.5, "valence_random4000": 0.5, "valence_random5000": 0.5476190447807312, "valence_random6000": 0.5, "happy_random500": 0.5, "happy_random1000": 0.5, "happy_random1500": 0.5, "happy_random2000": 0.5, "happy_random2500": 0.5, "happy_random3000": 0.5, "happy_random4000": 0.5, "happy_random5000": 0.5, "happy_random6000": 0.5, "anger_random500": 0.523809552192688, "anger_random1000": 0.5476190447807312, "anger_random1500": 0.5, "anger_random2000": 0.5, "anger_random2500": 0.5, "anger_random3000": 0.5, "anger_random4000": 0.5, "anger_random5000": 0.5, "anger_random6000": 0.5, "sad_random500": 0.5952380895614624, "sad_random1000": 0.5476190447807312, "sad_random1500": 0.5476190447807312, "sad_random2000": 0.5, "sad_random2500": 0.5, "sad_random3000": 0.5, "sad_random4000": 0.5, "sad_random5000": 0.6190476417541504, "sad_random6000": 0.5, "fear_random500": 0.6428571343421936, "fear_random1000": 0.5714285969734192, "fear_random1500": 0.4285714328289032, "fear_random2000": 0.5, "fear_random2500": 0.5476190447807312, "fear_random3000": 0.523809552192688, "fear_random4000": 0.5, "fear_random5000": 0.5, "fear_random6000": 0.523809552192688, "surprise_random500": 0.5, "surprise_random1000": 0.5714285969734192, "surprise_random1500": 0.6190476417541504, "surprise_random2000": 0.523809552192688, "surprise_random2500": 0.523809552192688, "surprise_random3000": 0.5, "surprise_random4000": 0.523809552192688, "surprise_random5000": 0.5, "surprise_random6000": 0.5714285969734192, "disgust_random500": 0.523809552192688, "disgust_random1000": 0.4523809552192688, "disgust_random1500": 0.6190476417541504, "disgust_random2000": 0.5, "disgust_random2500": 0.5, "disgust_random3000": 0.380952388048172, "disgust_random4000": 0.523809552192688, "disgust_random5000": 0.5, "disgust_random6000": 0.5, "control_random500": 0.5, "control_random1000": 0.5, "control_random1500": 0.5, "control_random2000": 0.5476190447807312, "control_random2500": 0.4047619104385376, "control_random3000": 0.4523809552192688, "control_random4000": 0.523809552192688, "control_random5000": 0.5, "control_random6000": 0.523809552192688, "fairness_random500": 0.5714285969734192, "fairness_random1000": 0.5476190447807312, "fairness_random1500": 0.4761904776096344, "fairness_random2000": 0.5, "fairness_random2500": 0.5, "fairness_random3000": 0.5952380895614624, "fairness_random4000": 0.5, "fairness_random5000": 0.5, "fairness_random6000": 0.5952380895614624, "self-related_random500": 0.523809552192688, "self-related_random1000": 0.523809552192688, "self-related_random1500": 0.5, "self-related_random2000": 0.5952380895614624, "self-related_random2500": 0.6190476417541504, "self-related_random3000": 0.4761904776096344, "self-related_random4000": 0.5, "self-related_random5000": 0.5, "self-related_random6000": 0.5, "other-related_random500": 0.6904761791229248, "other-related_random1000": 0.4523809552192688, "other-related_random1500": 0.5, "other-related_random2000": 0.5, "other-related_random2500": 0.5, "other-related_random3000": 0.5714285969734192, "other-related_random4000": 0.5, "other-related_random5000": 0.5, "other-related_random6000": 0.5, "expectedness_random500": 0.6904761791229248, "expectedness_random1000": 0.5714285969734192, "expectedness_random1500": 0.5952380895614624, "expectedness_random2000": 0.5, "expectedness_random2500": 0.5, "expectedness_random3000": 0.5476190447807312, "expectedness_random4000": 0.5, "expectedness_random5000": 0.5, "expectedness_random6000": 0.5, "non-novelty_random500": 0.6428571343421936, "non-novelty_random1000": 0.523809552192688, "non-novelty_random1500": 0.523809552192688, "non-novelty_random2000": 0.5, "non-novelty_random2500": 0.5, "non-novelty_random3000": 0.5, "non-novelty_random4000": 0.5952380895614624, "non-novelty_random5000": 0.4285714328289032, "non-novelty_random6000": 0.5}