{"sentiment": "optimism", "seed": 17, "arousal_random500": 0.8064444661140442, "best": 0.8411217331886292, "arousal_random1000": 0.8488889932632446, "arousal_random1500": 0.8144444227218628, "arousal_random2000": 0.8044444918632507, "arousal_random2500": 0.800444483757019, "arousal_random3000": 0.6748889088630676, "arousal_random4000": 0.44599995017051697, "arousal_random5000": 0.8077777624130249, "arousal_random6000": 0.741777777671814, "valence_random500": 0.8175555467605591, "valence_random1000": 0.8155555725097656, "valence_random1500": 0.8337777853012085, "valence_random2000": 0.8306666612625122, "valence_random2500": 0.758222222328186, "valence_random3000": 0.7893333435058594, "valence_random4000": 0.6777777671813965, "valence_random5000": 0.8206666707992554, "valence_random6000": 0.5608888864517212, "happy_random500": 0.8317777514457703, "happy_random1000": 0.8175555467605591, "happy_random1500": 0.8175555467605591, "happy_random2000": 0.8188888430595398, "happy_random2500": 0.8095555305480957, "happy_random3000": 0.7873333692550659, "happy_random4000": 0.8277778625488281, "happy_random5000": 0.43199998140335083, "happy_random6000": 0.63355553150177, "anger_random500": 0.8297778367996216, "anger_random1000": 0.7933332920074463, "anger_random1500": 0.7444443702697754, "anger_random2000": 0.8095555305480957, "anger_random2500": 0.781333327293396, "anger_random3000": 0.7993333339691162, "anger_random4000": 0.7924444079399109, "anger_random5000": 0.7904444932937622, "anger_random6000": 0.7786666750907898, "sad_random500": 0.835777759552002, "sad_random1000": 0.823555588722229, "sad_random1500": 0.8115555047988892, "sad_random2000": 0.6257778406143188, "sad_random2500": 0.7773333787918091, "sad_random3000": 0.5608888864517212, "sad_random4000": 0.6306666731834412, "sad_random5000": 0.6326666474342346, "sad_random6000": 0.7508888840675354, "fear_random500": 0.835777759552002, "fear_random1000": 0.8155555725097656, "fear_random1500": 0.8408888578414917, "fear_random2000": 0.8057778477668762, "fear_random2500": 0.8428888320922852, "fear_random3000": 0.7933333516120911, "fear_random4000": 0.6537777781486511, "fear_random5000": 0.8168889284133911, "fear_random6000": 0.7039999961853027, "surprise_random500": 0.8195555806159973, "surprise_random1000": 0.8337777853012085, "surprise_random1500": 0.8195555806159973, "surprise_random2000": 0.8428888320922852, "surprise_random2500": 0.8237777948379517, "surprise_random3000": 0.7662222385406494, "surprise_random4000": 0.7946666479110718, "surprise_random5000": 0.715999960899353, "surprise_random6000": 0.7848889231681824, "disgust_random500": 0.8246666789054871, "disgust_random1000": 0.8275555372238159, "disgust_random1500": 0.8277777433395386, "disgust_random2000": 0.8297778367996216, "disgust_random2500": 0.8377777934074402, "disgust_random3000": 0.8268888592720032, "disgust_random4000": 0.7602222561836243, "disgust_random5000": 0.801777720451355, "disgust_random6000": 0.45311111211776733, "control_random500": 0.8255555033683777, "control_random1000": 0.8326666951179504, "control_random1500": 0.8328889012336731, "control_random2000": 0.8448888659477234, "control_random2500": 0.8308889269828796, "control_random3000": 0.7873333692550659, "control_random4000": 0.8148889541625977, "control_random5000": 0.7548888921737671, "control_random6000": 0.7855555415153503, "fairness_random500": 0.8275555372238159, "fairness_random1000": 0.8155555725097656, "fairness_random1500": 0.8164445161819458, "fairness_random2000": 0.7702222466468811, "fairness_random2500": 0.8135555386543274, "fairness_random3000": 0.8146666288375854, "fairness_random4000": 0.7944444417953491, "fairness_random5000": 0.5595555305480957, "fairness_random6000": 0.7877777814865112, "self-related_random500": 0.8084443807601929, "self-related_random1000": 0.8053333163261414, "self-related_random1500": 0.8024444580078125, "self-related_random2000": 0.8064444661140442, "self-related_random2500": 0.8317777514457703, "self-related_random3000": 0.4619999825954437, "self-related_random4000": 0.8106666803359985, "self-related_random5000": 0.7808888554573059, "self-related_random6000": 0.5502222180366516, "other-related_random500": 0.8377777934074402, "other-related_random1000": 0.39355558156967163, "other-related_random1500": 0.781333327293396, "other-related_random2000": 0.781333327293396, "other-related_random2500": 0.8115555644035339, "other-related_random3000": 0.8248888850212097, "other-related_random4000": 0.7815555334091187, "other-related_random5000": 0.6366666555404663, "other-related_random6000": 0.5915555953979492, "expectedness_random500": 0.823555588722229, "expectedness_random1000": 0.8115555644035339, "expectedness_random1500": 0.8226666450500488, "expectedness_random2000": 0.8186666369438171, "expectedness_random2500": 0.7973333597183228, "expectedness_random3000": 0.8086667060852051, "expectedness_random4000": 0.7944444417953491, "expectedness_random5000": 0.7564444541931152, "expectedness_random6000": 0.8117778897285461, "non-novelty_random500": 0.823555588722229, "non-novelty_random1000": 0.8206666707992554, "non-novelty_random1500": 0.8317778706550598, "non-novelty_random2000": 0.8337777853012085, "non-novelty_random2500": 0.7866666913032532, "non-novelty_random3000": 0.8115555644035339, "non-novelty_random4000": 0.7666666507720947, "non-novelty_random5000": 0.8166667222976685, "non-novelty_random6000": 0.43199998140335083}