{"sentiment": "optimism", "seed": 5, "arousal_random500": 0.8417778015136719, "best": 0.8440876007080078, "arousal_random1000": 0.8537777662277222, "arousal_random1500": 0.8768888711929321, "arousal_random2000": 0.8297778367996216, "arousal_random2500": 0.8608888387680054, "arousal_random3000": 0.854888916015625, "arousal_random4000": 0.715999960899353, "arousal_random5000": 0.8640000224113464, "arousal_random6000": 0.7319999933242798, "valence_random500": 0.8437777757644653, "valence_random1000": 0.8557777404785156, "valence_random1500": 0.8728889226913452, "valence_random2000": 0.8497778177261353, "valence_random2500": 0.8517777323722839, "valence_random3000": 0.8628889322280884, "valence_random4000": 0.8266667127609253, "valence_random5000": 0.8808889389038086, "valence_random6000": 0.8488889932632446, "happy_random500": 0.8477777242660522, "happy_random1000": 0.8477777242660522, "happy_random1500": 0.8497778177261353, "happy_random2000": 0.8677777051925659, "happy_random2500": 0.8579999804496765, "happy_random3000": 0.8397777676582336, "happy_random4000": 0.8440000414848328, "happy_random5000": 0.49711114168167114, "happy_random6000": 0.765999972820282, "anger_random500": 0.8577777743339539, "anger_random1000": 0.8537777662277222, "anger_random1500": 0.8720000386238098, "anger_random2000": 0.8657777905464172, "anger_random2500": 0.8700000643730164, "anger_random3000": 0.8497778177261353, "anger_random4000": 0.8739999532699585, "anger_random5000": 0.7919999957084656, "anger_random6000": 0.6840000152587891, "sad_random500": 0.8577777743339539, "sad_random1000": 0.8557777404785156, "sad_random1500": 0.8517777323722839, "sad_random2000": 0.8086667060852051, "sad_random2500": 0.8557777404785156, "sad_random3000": 0.5879999995231628, "sad_random4000": 0.8377777934074402, "sad_random5000": 0.6739999651908875, "sad_random6000": 0.6399999856948853, "fear_random500": 0.8497778177261353, "fear_random1000": 0.8477777242660522, "fear_random1500": 0.8557777404785156, "fear_random2000": 0.8497778177261353, "fear_random2500": 0.863777756690979, "fear_random3000": 0.8517777323722839, "fear_random4000": 0.8457778096199036, "fear_random5000": 0.8477777242660522, "fear_random6000": 0.6819999814033508, "surprise_random500": 0.8497778177261353, "surprise_random1000": 0.8637778162956238, "surprise_random1500": 0.8799999952316284, "surprise_random2000": 0.8640000224113464, "surprise_random2500": 0.8477777242660522, "surprise_random3000": 0.8517777323722839, "surprise_random4000": 0.870888888835907, "surprise_random5000": 0.8319999575614929, "surprise_random6000": 0.8120000958442688, "disgust_random500": 0.8537777662277222, "disgust_random1000": 0.8577777743339539, "disgust_random1500": 0.8577777743339539, "disgust_random2000": 0.89000004529953, "disgust_random2500": 0.8700000643730164, "disgust_random3000": 0.8448888659477234, "disgust_random4000": 0.8126667141914368, "disgust_random5000": 0.6940000057220459, "disgust_random6000": 0.7464444041252136, "control_random500": 0.8317777514457703, "control_random1000": 0.8577777743339539, "control_random1500": 0.8648889660835266, "control_random2000": 0.8537777662277222, "control_random2500": 0.8657777905464172, "control_random3000": 0.8597777485847473, "control_random4000": 0.8460000157356262, "control_random5000": 0.7580000162124634, "control_random6000": 0.7820000052452087, "fairness_random500": 0.8557777404785156, "fairness_random1000": 0.8617777824401855, "fairness_random1500": 0.8457778096199036, "fairness_random2000": 0.8597778081893921, "fairness_random2500": 0.8557777404785156, "fairness_random3000": 0.8557777404785156, "fairness_random4000": 0.8397777676582336, "fairness_random5000": 0.6991111040115356, "fairness_random6000": 0.8100000619888306, "self-related_random500": 0.8397777676582336, "self-related_random1000": 0.8617777824401855, "self-related_random1500": 0.8497778177261353, "self-related_random2000": 0.8617777824401855, "self-related_random2500": 0.8648889660835266, "self-related_random3000": 0.6019999980926514, "self-related_random4000": 0.8280000686645508, "self-related_random5000": 0.7639999985694885, "self-related_random6000": 0.8180000185966492, "other-related_random500": 0.8557777404785156, "other-related_random1000": 0.5720000267028809, "other-related_random1500": 0.8417778015136719, "other-related_random2000": 0.8477777242660522, "other-related_random2500": 0.8688888549804688, "other-related_random3000": 0.8577777743339539, "other-related_random4000": 0.838888943195343, "other-related_random5000": 0.734000027179718, "other-related_random6000": 0.5233333706855774, "expectedness_random500": 0.8577777743339539, "expectedness_random1000": 0.8597778081893921, "expectedness_random1500": 0.8557777404785156, "expectedness_random2000": 0.8397777676582336, "expectedness_random2500": 0.8617777824401855, "expectedness_random3000": 0.870888888835907, "expectedness_random4000": 0.8520000576972961, "expectedness_random5000": 0.6891111135482788, "expectedness_random6000": 0.8260000348091125, "non-novelty_random500": 0.8437777757644653, "non-novelty_random1000": 0.8728889226913452, "non-novelty_random1500": 0.8537777662277222, "non-novelty_random2000": 0.8557778596878052, "non-novelty_random2500": 0.8668888211250305, "non-novelty_random3000": 0.8460000157356262, "non-novelty_random4000": 0.8180000185966492, "non-novelty_random5000": 0.7900000214576721, "non-novelty_random6000": 0.6768888831138611}