{"sentiment": "optimism", "seed": 100, "arousal_random500": 0.8386666178703308, "best": 0.8460407257080078, "arousal_random1000": 0.8506667017936707, "arousal_random1500": 0.8597777485847473, "arousal_random2000": 0.8608888387680054, "arousal_random2500": 0.8517778515815735, "arousal_random3000": 0.4762222170829773, "arousal_random4000": 0.5297777652740479, "arousal_random5000": 0.7797777652740479, "arousal_random6000": 0.7897778153419495, "valence_random500": 0.8386667370796204, "valence_random1000": 0.8266666531562805, "valence_random1500": 0.8537777662277222, "valence_random2000": 0.8577777743339539, "valence_random2500": 0.8326666951179504, "valence_random3000": 0.8577777743339539, "valence_random4000": 0.7493333220481873, "valence_random5000": 0.8286666870117188, "valence_random6000": 0.5084444880485535, "happy_random500": 0.8557777404785156, "happy_random1000": 0.8597777485847473, "happy_random1500": 0.8557777404785156, "happy_random2000": 0.8517778515815735, "happy_random2500": 0.8437777757644653, "happy_random3000": 0.8608888387680054, "happy_random4000": 0.7917777299880981, "happy_random5000": 0.4471110701560974, "happy_random6000": 0.6108888387680054, "anger_random500": 0.8617777824401855, "anger_random1000": 0.8417778015136719, "anger_random1500": 0.8237778544425964, "anger_random2000": 0.8457778096199036, "anger_random2500": 0.8017778396606445, "anger_random3000": 0.838888943195343, "anger_random4000": 0.835777759552002, "anger_random5000": 0.7748888731002808, "anger_random6000": 0.8328889012336731, "sad_random500": 0.863777756690979, "sad_random1000": 0.8477777242660522, "sad_random1500": 0.8697777986526489, "sad_random2000": 0.8597778081893921, "sad_random2500": 0.8557778596878052, "sad_random3000": 0.5608888864517212, "sad_random4000": 0.8437777757644653, "sad_random5000": 0.6484444737434387, "sad_random6000": 0.7568889260292053, "fear_random500": 0.8477778434753418, "fear_random1000": 0.8226666450500488, "fear_random1500": 0.8397778272628784, "fear_random2000": 0.8457778096199036, "fear_random2500": 0.8217778205871582, "fear_random3000": 0.7704445123672485, "fear_random4000": 0.8297778367996216, "fear_random5000": 0.8226667642593384, "fear_random6000": 0.7548888921737671, "surprise_random500": 0.8788889050483704, "surprise_random1000": 0.8657777905464172, "surprise_random1500": 0.870888888835907, "surprise_random2000": 0.8397777676582336, "surprise_random2500": 0.8217778205871582, "surprise_random3000": 0.8397778272628784, "surprise_random4000": 0.7937778234481812, "surprise_random5000": 0.835777759552002, "surprise_random6000": 0.8337777256965637, "disgust_random500": 0.8697777986526489, "disgust_random1000": 0.8386667370796204, "disgust_random1500": 0.8506667017936707, "disgust_random2000": 0.840666651725769, "disgust_random2500": 0.8537777662277222, "disgust_random3000": 0.8157777786254883, "disgust_random4000": 0.8537777662277222, "disgust_random5000": 0.7728888988494873, "disgust_random6000": 0.7251111268997192, "control_random500": 0.8466666340827942, "control_random1000": 0.8597778081893921, "control_random1500": 0.870888888835907, "control_random2000": 0.863777756690979, "control_random2500": 0.8728889226913452, "control_random3000": 0.8557777404785156, "control_random4000": 0.8237777948379517, "control_random5000": 0.7148889303207397, "control_random6000": 0.7857778072357178, "fairness_random500": 0.8537777662277222, "fairness_random1000": 0.8477778434753418, "fairness_random1500": 0.8537777662277222, "fairness_random2000": 0.8026666641235352, "fairness_random2500": 0.8557777404785156, "fairness_random3000": 0.8557778596878052, "fairness_random4000": 0.8386667370796204, "fairness_random5000": 0.7497777938842773, "fairness_random6000": 0.6768888831138611, "self-related_random500": 0.8417778015136719, "self-related_random1000": 0.8597777485847473, "self-related_random1500": 0.8226666450500488, "self-related_random2000": 0.8517777323722839, "self-related_random2500": 0.8177778124809265, "self-related_random3000": 0.6928888559341431, "self-related_random4000": 0.8328889012336731, "self-related_random5000": 0.7828888893127441, "self-related_random6000": 0.7824444770812988, "other-related_random500": 0.8748888969421387, "other-related_random1000": 0.5437777638435364, "other-related_random1500": 0.8195555806159973, "other-related_random2000": 0.8657777905464172, "other-related_random2500": 0.8397778272628784, "other-related_random3000": 0.8137778043746948, "other-related_random4000": 0.8357778787612915, "other-related_random5000": 0.8177777528762817, "other-related_random6000": 0.6711111664772034, "expectedness_random500": 0.840666651725769, "expectedness_random1000": 0.846666693687439, "expectedness_random1500": 0.8648889660835266, "expectedness_random2000": 0.8608888387680054, "expectedness_random2500": 0.8608888387680054, "expectedness_random3000": 0.8417778015136719, "expectedness_random4000": 0.8308889269828796, "expectedness_random5000": 0.8015555143356323, "expectedness_random6000": 0.8177778124809265, "non-novelty_random500": 0.8386666178703308, "non-novelty_random1000": 0.8366667032241821, "non-novelty_random1500": 0.8497778177261353, "non-novelty_random2000": 0.8366667032241821, "non-novelty_random2500": 0.8457778096199036, "non-novelty_random3000": 0.8137778043746948, "non-novelty_random4000": 0.8068889379501343, "non-novelty_random5000": 0.7588889002799988, "non-novelty_random6000": 0.5986666083335876}