{"sentiment": "optimism", "seed": 13, "arousal_random500": 0.8557778596878052, "best": 0.8583863973617554, "arousal_random1000": 0.870888888835907, "arousal_random1500": 0.8819999694824219, "arousal_random2000": 0.8659999966621399, "arousal_random2500": 0.8628889322280884, "arousal_random3000": 0.7975555658340454, "arousal_random4000": 0.6520000100135803, "arousal_random5000": 0.800000011920929, "arousal_random6000": 0.7708889245986938, "valence_random500": 0.8426666259765625, "valence_random1000": 0.8779999613761902, "valence_random1500": 0.8477778434753418, "valence_random2000": 0.8579999804496765, "valence_random2500": 0.8004444241523743, "valence_random3000": 0.7884445190429688, "valence_random4000": 0.789555549621582, "valence_random5000": 0.8560000658035278, "valence_random6000": 0.6019999980926514, "happy_random500": 0.8700000047683716, "happy_random1000": 0.8246666789054871, "happy_random1500": 0.8115555644035339, "happy_random2000": 0.8719999194145203, "happy_random2500": 0.8457778096199036, "happy_random3000": 0.6660000085830688, "happy_random4000": 0.8328889608383179, "happy_random5000": 0.4339999556541443, "happy_random6000": 0.7120000123977661, "anger_random500": 0.8659999966621399, "anger_random1000": 0.8628889322280884, "anger_random1500": 0.8260000348091125, "anger_random2000": 0.8175555467605591, "anger_random2500": 0.8157777786254883, "anger_random3000": 0.8640000224113464, "anger_random4000": 0.829777717590332, "anger_random5000": 0.8468888998031616, "anger_random6000": 0.8177778124809265, "sad_random500": 0.8799999356269836, "sad_random1000": 0.8668888211250305, "sad_random1500": 0.8619999885559082, "sad_random2000": 0.8128889203071594, "sad_random2500": 0.7975555658340454, "sad_random3000": 0.5740000009536743, "sad_random4000": 0.6779999732971191, "sad_random5000": 0.6646666526794434, "sad_random6000": 0.7440000176429749, "fear_random500": 0.8780000805854797, "fear_random1000": 0.8739999532699585, "fear_random1500": 0.8739999532699585, "fear_random2000": 0.8479999303817749, "fear_random2500": 0.8488889932632446, "fear_random3000": 0.8206666707992554, "fear_random4000": 0.8226666450500488, "fear_random5000": 0.7886666059494019, "fear_random6000": 0.7440000176429749, "surprise_random500": 0.870888888835907, "surprise_random1000": 0.8799999952316284, "surprise_random1500": 0.8719999194145203, "surprise_random2000": 0.854888916015625, "surprise_random2500": 0.835777759552002, "surprise_random3000": 0.8659999966621399, "surprise_random4000": 0.8408889770507812, "surprise_random5000": 0.7720000147819519, "surprise_random6000": 0.7519999742507935, "disgust_random500": 0.8688888549804688, "disgust_random1000": 0.854888916015625, "disgust_random1500": 0.8457778096199036, "disgust_random2000": 0.8537777662277222, "disgust_random2500": 0.8508888483047485, "disgust_random3000": 0.8480000495910645, "disgust_random4000": 0.8197778463363647, "disgust_random5000": 0.8140000104904175, "disgust_random6000": 0.6431111097335815, "control_random500": 0.8266666531562805, "control_random1000": 0.8700000047683716, "control_random1500": 0.8195555806159973, "control_random2000": 0.8457778096199036, "control_random2500": 0.8508888483047485, "control_random3000": 0.8186666369438171, "control_random4000": 0.8100000619888306, "control_random5000": 0.7059999704360962, "control_random6000": 0.7360000014305115, "fairness_random500": 0.8799999952316284, "fairness_random1000": 0.8628889322280884, "fairness_random1500": 0.8637778162956238, "fairness_random2000": 0.8579999804496765, "fairness_random2500": 0.8468888998031616, "fairness_random3000": 0.8500000238418579, "fairness_random4000": 0.8588889241218567, "fairness_random5000": 0.7022222280502319, "fairness_random6000": 0.7788888812065125, "self-related_random500": 0.8446666598320007, "self-related_random1000": 0.8375555276870728, "self-related_random1500": 0.8568888902664185, "self-related_random2000": 0.8346667289733887, "self-related_random2500": 0.8500000238418579, "self-related_random3000": 0.7120000123977661, "self-related_random4000": 0.8539999723434448, "self-related_random5000": 0.8408889770507812, "self-related_random6000": 0.8277777433395386, "other-related_random500": 0.8679999113082886, "other-related_random1000": 0.5679999589920044, "other-related_random1500": 0.8366667032241821, "other-related_random2000": 0.8517777323722839, "other-related_random2500": 0.8064444661140442, "other-related_random3000": 0.8620001077651978, "other-related_random4000": 0.8460000157356262, "other-related_random5000": 0.822888970375061, "other-related_random6000": 0.7115556001663208, "expectedness_random500": 0.8577777743339539, "expectedness_random1000": 0.8719999194145203, "expectedness_random1500": 0.8648889660835266, "expectedness_random2000": 0.8539999723434448, "expectedness_random2500": 0.8346666097640991, "expectedness_random3000": 0.8579999804496765, "expectedness_random4000": 0.8448888659477234, "expectedness_random5000": 0.7568889260292053, "expectedness_random6000": 0.8308888673782349, "non-novelty_random500": 0.8497778177261353, "non-novelty_random1000": 0.8720000386238098, "non-novelty_random1500": 0.8680000305175781, "non-novelty_random2000": 0.8700000047683716, "non-novelty_random2500": 0.8279999494552612, "non-novelty_random3000": 0.8408888578414917, "non-novelty_random4000": 0.7139999866485596, "non-novelty_random5000": 0.8128889203071594, "non-novelty_random6000": 0.6208888292312622}