{"sentiment": "optimism", "seed": 1, "arousal_random500": 0.8397777676582336, "best": 0.8329957723617554, "arousal_random1000": 0.8095555305480957, "arousal_random1500": 0.8377777934074402, "arousal_random2000": 0.8477777242660522, "arousal_random2500": 0.8155555725097656, "arousal_random3000": 0.46511110663414, "arousal_random4000": 0.6953333616256714, "arousal_random5000": 0.81977778673172, "arousal_random6000": 0.6893333792686462, "valence_random500": 0.8135555386543274, "valence_random1000": 0.8377777934074402, "valence_random1500": 0.8286666870117188, "valence_random2000": 0.8437777757644653, "valence_random2500": 0.8226667642593384, "valence_random3000": 0.7915555834770203, "valence_random4000": 0.8286666870117188, "valence_random5000": 0.7866666913032532, "valence_random6000": 0.6082221865653992, "happy_random500": 0.8326666951179504, "happy_random1000": 0.7984444499015808, "happy_random1500": 0.7062222361564636, "happy_random2000": 0.719333291053772, "happy_random2500": 0.8146666288375854, "happy_random3000": 0.45911112427711487, "happy_random4000": 0.7039999961853027, "happy_random5000": 0.6884444355964661, "happy_random6000": 0.5437778234481812, "anger_random500": 0.8377777934074402, "anger_random1000": 0.7884443998336792, "anger_random1500": 0.8086667060852051, "anger_random2000": 0.8377777934074402, "anger_random2500": 0.805555522441864, "anger_random3000": 0.7022222280502319, "anger_random4000": 0.8035556077957153, "anger_random5000": 0.7948888540267944, "anger_random6000": 0.7957777976989746, "sad_random500": 0.8286666870117188, "sad_random1000": 0.8397777676582336, "sad_random1500": 0.8015555143356323, "sad_random2000": 0.8046666383743286, "sad_random2500": 0.7753333449363708, "sad_random3000": 0.7328888773918152, "sad_random4000": 0.4351111054420471, "sad_random5000": 0.4331111013889313, "sad_random6000": 0.8417778015136719, "fear_random500": 0.8075555562973022, "fear_random1000": 0.8417776823043823, "fear_random1500": 0.8317777514457703, "fear_random2000": 0.8377777934074402, "fear_random2500": 0.8226667642593384, "fear_random3000": 0.8437778353691101, "fear_random4000": 0.8086667060852051, "fear_random5000": 0.8126667141914368, "fear_random6000": 0.7908889055252075, "surprise_random500": 0.8286666870117188, "surprise_random1000": 0.8457778096199036, "surprise_random1500": 0.8015555143356323, "surprise_random2000": 0.830666720867157, "surprise_random2500": 0.7604444622993469, "surprise_random3000": 0.6508889198303223, "surprise_random4000": 0.5244444608688354, "surprise_random5000": 0.4351111054420471, "surprise_random6000": 0.81977778673172, "disgust_random500": 0.8206666707992554, "disgust_random1000": 0.8124445080757141, "disgust_random1500": 0.8457778096199036, "disgust_random2000": 0.8397777676582336, "disgust_random2500": 0.8155555725097656, "disgust_random3000": 0.8417778015136719, "disgust_random4000": 0.6319999694824219, "disgust_random5000": 0.7837778329849243, "disgust_random6000": 0.4351111054420471, "control_random500": 0.8246666789054871, "control_random1000": 0.8366667032241821, "control_random1500": 0.835777759552002, "control_random2000": 0.8397778272628784, "control_random2500": 0.7271111011505127, "control_random3000": 0.7988889217376709, "control_random4000": 0.8237777948379517, "control_random5000": 0.8237777948379517, "control_random6000": 0.4351111054420471, "fairness_random500": 0.8286666870117188, "fairness_random1000": 0.8146666288375854, "fairness_random1500": 0.7573333978652954, "fairness_random2000": 0.7593333721160889, "fairness_random2500": 0.5966666340827942, "fairness_random3000": 0.8277777433395386, "fairness_random4000": 0.8386667370796204, "fairness_random5000": 0.4351111054420471, "fairness_random6000": 0.8186666369438171, "self-related_random500": 0.8417778015136719, "self-related_random1000": 0.8317777514457703, "self-related_random1500": 0.7744444608688354, "self-related_random2000": 0.8377777934074402, "self-related_random2500": 0.8457778096199036, "self-related_random3000": 0.7608888745307922, "self-related_random4000": 0.731333315372467, "self-related_random5000": 0.7944444417953491, "self-related_random6000": 0.4351111054420471, "other-related_random500": 0.8377777934074402, "other-related_random1000": 0.4351111054420471, "other-related_random1500": 0.7864444851875305, "other-related_random2000": 0.7964444160461426, "other-related_random2500": 0.7753333449363708, "other-related_random3000": 0.8377777934074402, "other-related_random4000": 0.7804444432258606, "other-related_random5000": 0.472222238779068, "other-related_random6000": 0.7935555577278137, "expectedness_random500": 0.7944444417953491, "expectedness_random1000": 0.8155554533004761, "expectedness_random1500": 0.8397777676582336, "expectedness_random2000": 0.7613333463668823, "expectedness_random2500": 0.8437777757644653, "expectedness_random3000": 0.8437778353691101, "expectedness_random4000": 0.835777759552002, "expectedness_random5000": 0.4351111054420471, "expectedness_random6000": 0.44511112570762634, "non-novelty_random500": 0.8417776823043823, "non-novelty_random1000": 0.8004444241523743, "non-novelty_random1500": 0.8397777676582336, "non-novelty_random2000": 0.781333327293396, "non-novelty_random2500": 0.8397778272628784, "non-novelty_random3000": 0.6771110892295837, "non-novelty_random4000": 0.8068889379501343, "non-novelty_random5000": 0.6448888778686523, "non-novelty_random6000": 0.539555549621582}