{"sentiment": "optimism", "seed": 19, "arousal_random500": 0.8597777485847473, "best": 0.8695987462997437, "arousal_random1000": 0.8848888278007507, "arousal_random1500": 0.8697777986526489, "arousal_random2000": 0.8728889226913452, "arousal_random2500": 0.8608888387680054, "arousal_random3000": 0.5495555996894836, "arousal_random4000": 0.6188889145851135, "arousal_random5000": 0.8720000386238098, "arousal_random6000": 0.7328888773918152, "valence_random500": 0.8737777471542358, "valence_random1000": 0.863777756690979, "valence_random1500": 0.8557777404785156, "valence_random2000": 0.8728889226913452, "valence_random2500": 0.864666759967804, "valence_random3000": 0.8788889050483704, "valence_random4000": 0.8526667356491089, "valence_random5000": 0.8588888049125671, "valence_random6000": 0.7288888692855835, "happy_random500": 0.8597778081893921, "happy_random1000": 0.882888913154602, "happy_random1500": 0.8366667032241821, "happy_random2000": 0.8728889226913452, "happy_random2500": 0.8628889322280884, "happy_random3000": 0.8757778406143188, "happy_random4000": 0.8028888702392578, "happy_random5000": 0.5415555834770203, "happy_random6000": 0.5457777976989746, "anger_random500": 0.8728889226913452, "anger_random1000": 0.8728889226913452, "anger_random1500": 0.7984444499015808, "anger_random2000": 0.882888913154602, "anger_random2500": 0.820888876914978, "anger_random3000": 0.8697777986526489, "anger_random4000": 0.8748888969421387, "anger_random5000": 0.7908889055252075, "anger_random6000": 0.8237777948379517, "sad_random500": 0.8728889226913452, "sad_random1000": 0.8808889389038086, "sad_random1500": 0.8717777132987976, "sad_random2000": 0.8217778205871582, "sad_random2500": 0.8566666841506958, "sad_random3000": 0.5417777895927429, "sad_random4000": 0.8768888711929321, "sad_random5000": 0.6899999976158142, "sad_random6000": 0.7408888936042786, "fear_random500": 0.8697777986526489, "fear_random1000": 0.8617777824401855, "fear_random1500": 0.870888888835907, "fear_random2000": 0.8608888387680054, "fear_random2500": 0.8860000371932983, "fear_random3000": 0.8124445080757141, "fear_random4000": 0.823555588722229, "fear_random5000": 0.8557778596878052, "fear_random6000": 0.7048888802528381, "surprise_random500": 0.8617777824401855, "surprise_random1000": 0.882888913154602, "surprise_random1500": 0.8680000305175781, "surprise_random2000": 0.8728889226913452, "surprise_random2500": 0.8688888549804688, "surprise_random3000": 0.8688888549804688, "surprise_random4000": 0.854888916015625, "surprise_random5000": 0.820888876914978, "surprise_random6000": 0.8077777624130249, "disgust_random500": 0.863777756690979, "disgust_random1000": 0.8657777905464172, "disgust_random1500": 0.8717778325080872, "disgust_random2000": 0.8697777986526489, "disgust_random2500": 0.8217778205871582, "disgust_random3000": 0.8308889269828796, "disgust_random4000": 0.8799999952316284, "disgust_random5000": 0.7448889017105103, "disgust_random6000": 0.742222249507904, "control_random500": 0.8697777986526489, "control_random1000": 0.8828887939453125, "control_random1500": 0.8688888549804688, "control_random2000": 0.8677778244018555, "control_random2500": 0.8648889660835266, "control_random3000": 0.870888888835907, "control_random4000": 0.854888916015625, "control_random5000": 0.6768888831138611, "control_random6000": 0.8268888592720032, "fairness_random500": 0.8737777471542358, "fairness_random1000": 0.8728889226913452, "fairness_random1500": 0.8657777905464172, "fairness_random2000": 0.8848888278007507, "fairness_random2500": 0.8768888711929321, "fairness_random3000": 0.8648889660835266, "fairness_random4000": 0.870888888835907, "fairness_random5000": 0.8215556144714355, "fairness_random6000": 0.7388888597488403, "self-related_random500": 0.8346666097640991, "self-related_random1000": 0.8899999856948853, "self-related_random1500": 0.8677778244018555, "self-related_random2000": 0.8666666746139526, "self-related_random2500": 0.8488888740539551, "self-related_random3000": 0.6308888792991638, "self-related_random4000": 0.8619999885559082, "self-related_random5000": 0.8280000686645508, "self-related_random6000": 0.8135555386543274, "other-related_random500": 0.870888888835907, "other-related_random1000": 0.5377777814865112, "other-related_random1500": 0.8657777905464172, "other-related_random2000": 0.8908889889717102, "other-related_random2500": 0.8537777662277222, "other-related_random3000": 0.8737777471542358, "other-related_random4000": 0.8280000686645508, "other-related_random5000": 0.8579999804496765, "other-related_random6000": 0.8375555276870728, "expectedness_random500": 0.8677778244018555, "expectedness_random1000": 0.8777777552604675, "expectedness_random1500": 0.8748887777328491, "expectedness_random2000": 0.8819999694824219, "expectedness_random2500": 0.8748890161514282, "expectedness_random3000": 0.8657777905464172, "expectedness_random4000": 0.8368889093399048, "expectedness_random5000": 0.8460000157356262, "expectedness_random6000": 0.8728889226913452, "non-novelty_random500": 0.846666693687439, "non-novelty_random1000": 0.8688888549804688, "non-novelty_random1500": 0.8788889050483704, "non-novelty_random2000": 0.8768888711929321, "non-novelty_random2500": 0.8268888592720032, "non-novelty_random3000": 0.8008888363838196, "non-novelty_random4000": 0.7568889260292053, "non-novelty_random5000": 0.7848888635635376, "non-novelty_random6000": 0.7933333516120911}