{"sentiment": "pride", "seed": 42, "arousal_random500": 0.5666666626930237, "best": 0.5666666626930237, "arousal_random1000": 0.4333333373069763, "arousal_random1500": 0.4333333373069763, "arousal_random2000": 0.5, "arousal_random2500": 0.5, "arousal_random3000": 0.5, "arousal_random4000": 0.5, "arousal_random5000": 0.5, "arousal_random6000": 0.5, "valence_random500": 0.699999988079071, "valence_random1000": 0.6333333253860474, "valence_random1500": 0.5, "valence_random2000": 0.46666666865348816, "valence_random2500": 0.5, "valence_random3000": 0.5, "valence_random4000": 0.5, "valence_random5000": 0.5, "valence_random6000": 0.5, "happy_random500": 0.46666666865348816, "happy_random1000": 0.5, "happy_random1500": 0.5, "happy_random2000": 0.5, "happy_random2500": 0.46666666865348816, "happy_random3000": 0.5, "happy_random4000": 0.5, "happy_random5000": 0.46666666865348816, "happy_random6000": 0.5, "anger_random500": 0.5333333611488342, "anger_random1000": 0.5666666626930237, "anger_random1500": 0.5, "anger_random2000": 0.5, "anger_random2500": 0.5333333611488342, "anger_random3000": 0.5, "anger_random4000": 0.5, "anger_random5000": 0.4333333373069763, "anger_random6000": 0.4000000059604645, "sad_random500": 0.5333333611488342, "sad_random1000": 0.5666666626930237, "sad_random1500": 0.6000000238418579, "sad_random2000": 0.6000000238418579, "sad_random2500": 0.4333333373069763, "sad_random3000": 0.46666666865348816, "sad_random4000": 0.5, "sad_random5000": 0.5, "sad_random6000": 0.5, "fear_random500": 0.5, "fear_random1000": 0.5, "fear_random1500": 0.5333333611488342, "fear_random2000": 0.5, "fear_random2500": 0.5, "fear_random3000": 0.46666666865348816, "fear_random4000": 0.5, "fear_random5000": 0.5, "fear_random6000": 0.5, "surprise_random500": 0.5, "surprise_random1000": 0.5, "surprise_random1500": 0.4333333373069763, "surprise_random2000": 0.5666666626930237, "surprise_random2500": 0.5, "surprise_random3000": 0.6000000238418579, "surprise_random4000": 0.5, "surprise_random5000": 0.5, "surprise_random6000": 0.4000000059604645, "disgust_random500": 0.5333333611488342, "disgust_random1000": 0.5333333611488342, "disgust_random1500": 0.5, "disgust_random2000": 0.5, "disgust_random2500": 0.5, "disgust_random3000": 0.5, "disgust_random4000": 0.5, "disgust_random5000": 0.5, "disgust_random6000": 0.5, "control_random500": 0.46666666865348816, "control_random1000": 0.5, "control_random1500": 0.5, "control_random2000": 0.6333333253860474, "control_random2500": 0.5, "control_random3000": 0.5, "control_random4000": 0.5666666626930237, "control_random5000": 0.5333333611488342, "control_random6000": 0.5, "fairness_random500": 0.5, "fairness_random1000": 0.5333333611488342, "fairness_random1500": 0.5666666626930237, "fairness_random2000": 0.5333333611488342, "fairness_random2500": 0.5, "fairness_random3000": 0.4333333373069763, "fairness_random4000": 0.5, "fairness_random5000": 0.5, "fairness_random6000": 0.6000000238418579, "self-related_random500": 0.5, "self-related_random1000": 0.5666666626930237, "self-related_random1500": 0.5, "self-related_random2000": 0.5, "self-related_random2500": 0.4333333373069763, "self-related_random3000": 0.6000000238418579, "self-related_random4000": 0.5, "self-related_random5000": 0.4000000059604645, "self-related_random6000": 0.5, "other-related_random500": 0.5, "other-related_random1000": 0.5, "other-related_random1500": 0.4333333373069763, "other-related_random2000": 0.46666666865348816, "other-related_random2500": 0.5, "other-related_random3000": 0.5666666626930237, "other-related_random4000": 0.5, "other-related_random5000": 0.5, "other-related_random6000": 0.5, "expectedness_random500": 0.46666666865348816, "expectedness_random1000": 0.6333333253860474, "expectedness_random1500": 0.5, "expectedness_random2000": 0.5, "expectedness_random2500": 0.5, "expectedness_random3000": 0.5, "expectedness_random4000": 0.5, "expectedness_random5000": 0.5, "expectedness_random6000": 0.5, "non-novelty_random500": 0.5333333611488342, "non-novelty_random1000": 0.5, "non-novelty_random1500": 0.5, "non-novelty_random2000": 0.5333333611488342, "non-novelty_random2500": 0.5333333611488342, "non-novelty_random3000": 0.5, "non-novelty_random4000": 0.4333333373069763, "non-novelty_random5000": 0.5333333611488342, "non-novelty_random6000": 0.5}