{"sentiment": "pride", "seed": 11, "arousal_random500": 0.699999988079071, "best": 0.800000011920929, "arousal_random1000": 0.7666666507720947, "arousal_random1500": 0.6666666865348816, "arousal_random2000": 0.7333333492279053, "arousal_random2500": 0.7333333492279053, "arousal_random3000": 0.6000000238418579, "arousal_random4000": 0.5, "arousal_random5000": 0.800000011920929, "arousal_random6000": 0.5666666626930237, "valence_random500": 0.7666666507720947, "valence_random1000": 0.7666666507720947, "valence_random1500": 0.7333333492279053, "valence_random2000": 0.699999988079071, "valence_random2500": 0.7333333492279053, "valence_random3000": 0.699999988079071, "valence_random4000": 0.6333333253860474, "valence_random5000": 0.7333333492279053, "valence_random6000": 0.6333333253860474, "happy_random500": 0.6666666865348816, "happy_random1000": 0.7333333492279053, "happy_random1500": 0.699999988079071, "happy_random2000": 0.6666666865348816, "happy_random2500": 0.7333333492279053, "happy_random3000": 0.5666666626930237, "happy_random4000": 0.7666666507720947, "happy_random5000": 0.6666666865348816, "happy_random6000": 0.6000000238418579, "anger_random500": 0.699999988079071, "anger_random1000": 0.7333333492279053, "anger_random1500": 0.800000011920929, "anger_random2000": 0.7333333492279053, "anger_random2500": 0.6333333253860474, "anger_random3000": 0.6333333253860474, "anger_random4000": 0.6666666865348816, "anger_random5000": 0.7333333492279053, "anger_random6000": 0.5, "sad_random500": 0.7666666507720947, "sad_random1000": 0.7333333492279053, "sad_random1500": 0.699999988079071, "sad_random2000": 0.6333333253860474, "sad_random2500": 0.6666666865348816, "sad_random3000": 0.699999988079071, "sad_random4000": 0.800000011920929, "sad_random5000": 0.5333333611488342, "sad_random6000": 0.5, "fear_random500": 0.7666666507720947, "fear_random1000": 0.7666666507720947, "fear_random1500": 0.7333333492279053, "fear_random2000": 0.6666666865348816, "fear_random2500": 0.699999988079071, "fear_random3000": 0.699999988079071, "fear_random4000": 0.6666666865348816, "fear_random5000": 0.5333333611488342, "fear_random6000": 0.5333333611488342, "surprise_random500": 0.7333333492279053, "surprise_random1000": 0.7666666507720947, "surprise_random1500": 0.7333333492279053, "surprise_random2000": 0.7333333492279053, "surprise_random2500": 0.699999988079071, "surprise_random3000": 0.7333333492279053, "surprise_random4000": 0.7666666507720947, "surprise_random5000": 0.7333333492279053, "surprise_random6000": 0.7333333492279053, "disgust_random500": 0.7666666507720947, "disgust_random1000": 0.7333333492279053, "disgust_random1500": 0.800000011920929, "disgust_random2000": 0.6666666865348816, "disgust_random2500": 0.6000000238418579, "disgust_random3000": 0.6333333253860474, "disgust_random4000": 0.6666666865348816, "disgust_random5000": 0.6666666865348816, "disgust_random6000": 0.5, "control_random500": 0.699999988079071, "control_random1000": 0.800000011920929, "control_random1500": 0.699999988079071, "control_random2000": 0.7333333492279053, "control_random2500": 0.7333333492279053, "control_random3000": 0.699999988079071, "control_random4000": 0.7333333492279053, "control_random5000": 0.6333333253860474, "control_random6000": 0.5333333611488342, "fairness_random500": 0.7666666507720947, "fairness_random1000": 0.699999988079071, "fairness_random1500": 0.7333333492279053, "fairness_random2000": 0.7333333492279053, "fairness_random2500": 0.7333333492279053, "fairness_random3000": 0.7333333492279053, "fairness_random4000": 0.6333333253860474, "fairness_random5000": 0.6666666865348816, "fairness_random6000": 0.7666666507720947, "self-related_random500": 0.7666666507720947, "self-related_random1000": 0.800000011920929, "self-related_random1500": 0.7666666507720947, "self-related_random2000": 0.7333333492279053, "self-related_random2500": 0.7666666507720947, "self-related_random3000": 0.6000000238418579, "self-related_random4000": 0.6666666865348816, "self-related_random5000": 0.800000011920929, "self-related_random6000": 0.5333333611488342, "other-related_random500": 0.6666666865348816, "other-related_random1000": 0.5, "other-related_random1500": 0.7666666507720947, "other-related_random2000": 0.699999988079071, "other-related_random2500": 0.7333333492279053, "other-related_random3000": 0.7333333492279053, "other-related_random4000": 0.6333333253860474, "other-related_random5000": 0.5333333611488342, "other-related_random6000": 0.5, "expectedness_random500": 0.7333333492279053, "expectedness_random1000": 0.7333333492279053, "expectedness_random1500": 0.7333333492279053, "expectedness_random2000": 0.6000000238418579, "expectedness_random2500": 0.6333333253860474, "expectedness_random3000": 0.7333333492279053, "expectedness_random4000": 0.699999988079071, "expectedness_random5000": 0.6666666865348816, "expectedness_random6000": 0.5666666626930237, "non-novelty_random500": 0.7666666507720947, "non-novelty_random1000": 0.6666666865348816, "non-novelty_random1500": 0.7333333492279053, "non-novelty_random2000": 0.7666666507720947, "non-novelty_random2500": 0.7333333492279053, "non-novelty_random3000": 0.699999988079071, "non-novelty_random4000": 0.6000000238418579, "non-novelty_random5000": 0.6333333253860474, "non-novelty_random6000": 0.6000000238418579}