{"sentiment": "realization", "seed": 7, "arousal_random500": 0.6902468800544739, "best": 0.7204724550247192, "arousal_random1000": 0.7025926113128662, "arousal_random1500": 0.6822221875190735, "arousal_random2000": 0.6983950734138489, "arousal_random2500": 0.6822221875190735, "arousal_random3000": 0.6728394627571106, "arousal_random4000": 0.6919752955436707, "arousal_random5000": 0.7048148512840271, "arousal_random6000": 0.5709876418113708, "valence_random500": 0.706049382686615, "valence_random1000": 0.7055556178092957, "valence_random1500": 0.6837037205696106, "valence_random2000": 0.670987606048584, "valence_random2500": 0.715925931930542, "valence_random3000": 0.6533333659172058, "valence_random4000": 0.7097530961036682, "valence_random5000": 0.7169135212898254, "valence_random6000": 0.5469135642051697, "happy_random500": 0.7212345600128174, "happy_random1000": 0.6827160716056824, "happy_random1500": 0.6893827319145203, "happy_random2000": 0.6651852130889893, "happy_random2500": 0.6751852035522461, "happy_random3000": 0.678518533706665, "happy_random4000": 0.6992592811584473, "happy_random5000": 0.46123456954956055, "happy_random6000": 0.502716064453125, "anger_random500": 0.6950617432594299, "anger_random1000": 0.6987654566764832, "anger_random1500": 0.5635802745819092, "anger_random2000": 0.7107407450675964, "anger_random2500": 0.6650617122650146, "anger_random3000": 0.6618518829345703, "anger_random4000": 0.6864197254180908, "anger_random5000": 0.657654345035553, "anger_random6000": 0.6967901587486267, "sad_random500": 0.6903703808784485, "sad_random1000": 0.7202469706535339, "sad_random1500": 0.7007407546043396, "sad_random2000": 0.6633333563804626, "sad_random2500": 0.6912345886230469, "sad_random3000": 0.5948148369789124, "sad_random4000": 0.6702468991279602, "sad_random5000": 0.5758025050163269, "sad_random6000": 0.6243209838867188, "fear_random500": 0.7050617337226868, "fear_random1000": 0.6927160620689392, "fear_random1500": 0.6690123677253723, "fear_random2000": 0.7067901492118835, "fear_random2500": 0.6955555081367493, "fear_random3000": 0.45135799050331116, "fear_random4000": 0.49703705310821533, "fear_random5000": 0.6134567856788635, "fear_random6000": 0.6348147988319397, "surprise_random500": 0.7017284035682678, "surprise_random1000": 0.6898765563964844, "surprise_random1500": 0.6466667056083679, "surprise_random2000": 0.7225925922393799, "surprise_random2500": 0.6932098865509033, "surprise_random3000": 0.712592601776123, "surprise_random4000": 0.5474074482917786, "surprise_random5000": 0.5725926160812378, "surprise_random6000": 0.7067901492118835, "disgust_random500": 0.6998765468597412, "disgust_random1000": 0.7049382328987122, "disgust_random1500": 0.7007407546043396, "disgust_random2000": 0.7093827128410339, "disgust_random2500": 0.590617299079895, "disgust_random3000": 0.6798765659332275, "disgust_random4000": 0.6656790375709534, "disgust_random5000": 0.6419753432273865, "disgust_random6000": 0.44518518447875977, "control_random500": 0.7179012298583984, "control_random1000": 0.6988889575004578, "control_random1500": 0.6902468800544739, "control_random2000": 0.6595061421394348, "control_random2500": 0.7055556178092957, "control_random3000": 0.6737037301063538, "control_random4000": 0.6243209838867188, "control_random5000": 0.62913578748703, "control_random6000": 0.707777738571167, "fairness_random500": 0.6960493922233582, "fairness_random1000": 0.6790122985839844, "fairness_random1500": 0.7377777695655823, "fairness_random2000": 0.7074074745178223, "fairness_random2500": 0.7016049027442932, "fairness_random3000": 0.7025925517082214, "fairness_random4000": 0.6945679187774658, "fairness_random5000": 0.4841975271701813, "fairness_random6000": 0.5564197301864624, "self-related_random500": 0.6908642649650574, "self-related_random1000": 0.6930863857269287, "self-related_random1500": 0.7032098770141602, "self-related_random2000": 0.7091358304023743, "self-related_random2500": 0.6695061326026917, "self-related_random3000": 0.5801234841346741, "self-related_random4000": 0.6813580393791199, "self-related_random5000": 0.6901234984397888, "self-related_random6000": 0.5569135546684265, "other-related_random500": 0.6869135499000549, "other-related_random1000": 0.43345677852630615, "other-related_random1500": 0.7164197564125061, "other-related_random2000": 0.6912345886230469, "other-related_random2500": 0.7196295857429504, "other-related_random3000": 0.6955556273460388, "other-related_random4000": 0.6996296048164368, "other-related_random5000": 0.5312345623970032, "other-related_random6000": 0.5497530698776245, "expectedness_random500": 0.6912345886230469, "expectedness_random1000": 0.6893827319145203, "expectedness_random1500": 0.6974074244499207, "expectedness_random2000": 0.7064197659492493, "expectedness_random2500": 0.5911111235618591, "expectedness_random3000": 0.6813580393791199, "expectedness_random4000": 0.6858024597167969, "expectedness_random5000": 0.5250617265701294, "expectedness_random6000": 0.4390123188495636, "non-novelty_random500": 0.6997530460357666, "non-novelty_random1000": 0.7007407546043396, "non-novelty_random1500": 0.7045679092407227, "non-novelty_random2000": 0.6925926208496094, "non-novelty_random2500": 0.5906172394752502, "non-novelty_random3000": 0.7034568190574646, "non-novelty_random4000": 0.6786419749259949, "non-novelty_random5000": 0.654321014881134, "non-novelty_random6000": 0.7216050028800964}