{"sentiment": "realization", "seed": 5, "arousal_random500": 0.7058024406433105, "best": 0.712598443031311, "arousal_random1000": 0.7129629254341125, "arousal_random1500": 0.7254320979118347, "arousal_random2000": 0.6901233792304993, "arousal_random2500": 0.6695061326026917, "arousal_random3000": 0.5730864405632019, "arousal_random4000": 0.46802470088005066, "arousal_random5000": 0.6841976046562195, "arousal_random6000": 0.6365432143211365, "valence_random500": 0.7064197063446045, "valence_random1000": 0.671358048915863, "valence_random1500": 0.6737037301063538, "valence_random2000": 0.6732099056243896, "valence_random2500": 0.6229629516601562, "valence_random3000": 0.5435802340507507, "valence_random4000": 0.6855555176734924, "valence_random5000": 0.5402469038963318, "valence_random6000": 0.4328395128250122, "happy_random500": 0.7177777290344238, "happy_random1000": 0.6675308346748352, "happy_random1500": 0.6286420226097107, "happy_random2000": 0.5939505696296692, "happy_random2500": 0.6358024477958679, "happy_random3000": 0.5725926160812378, "happy_random4000": 0.6600000262260437, "happy_random5000": 0.42950618267059326, "happy_random6000": 0.5986419916152954, "anger_random500": 0.7192592620849609, "anger_random1000": 0.7002468705177307, "anger_random1500": 0.6523457169532776, "anger_random2000": 0.7387654781341553, "anger_random2500": 0.6044444441795349, "anger_random3000": 0.6723456382751465, "anger_random4000": 0.6134567856788635, "anger_random5000": 0.6865432262420654, "anger_random6000": 0.6239506006240845, "sad_random500": 0.7154321074485779, "sad_random1000": 0.6765432357788086, "sad_random1500": 0.6603703498840332, "sad_random2000": 0.6158024668693542, "sad_random2500": 0.6590123772621155, "sad_random3000": 0.6024691462516785, "sad_random4000": 0.5307407379150391, "sad_random5000": 0.45185184478759766, "sad_random6000": 0.668641984462738, "fear_random500": 0.7254320979118347, "fear_random1000": 0.7301234602928162, "fear_random1500": 0.6637036800384521, "fear_random2000": 0.7091358304023743, "fear_random2500": 0.70876544713974, "fear_random3000": 0.6982715725898743, "fear_random4000": 0.5877777934074402, "fear_random5000": 0.4328395128250122, "fear_random6000": 0.6893827319145203, "surprise_random500": 0.7091358304023743, "surprise_random1000": 0.6888888478279114, "surprise_random1500": 0.6827160716056824, "surprise_random2000": 0.7187654376029968, "surprise_random2500": 0.5682716369628906, "surprise_random3000": 0.5469135642051697, "surprise_random4000": 0.4932098686695099, "surprise_random5000": 0.5293827652931213, "surprise_random6000": 0.62913578748703, "disgust_random500": 0.7120987772941589, "disgust_random1000": 0.6798765659332275, "disgust_random1500": 0.7130864262580872, "disgust_random2000": 0.6675308346748352, "disgust_random2500": 0.6865432262420654, "disgust_random3000": 0.597777783870697, "disgust_random4000": 0.537407398223877, "disgust_random5000": 0.5279012322425842, "disgust_random6000": 0.42950618267059326, "control_random500": 0.6637036800384521, "control_random1000": 0.7092592716217041, "control_random1500": 0.7109877467155457, "control_random2000": 0.6974074244499207, "control_random2500": 0.5407407283782959, "control_random3000": 0.7064197063446045, "control_random4000": 0.6508641839027405, "control_random5000": 0.42950618267059326, "control_random6000": 0.44234564900398254, "fairness_random500": 0.7282716631889343, "fairness_random1000": 0.7254320979118347, "fairness_random1500": 0.7120987772941589, "fairness_random2000": 0.6356790065765381, "fairness_random2500": 0.6376543641090393, "fairness_random3000": 0.6722221970558167, "fairness_random4000": 0.6570370197296143, "fairness_random5000": 0.5379012227058411, "fairness_random6000": 0.6009876132011414, "self-related_random500": 0.6822221875190735, "self-related_random1000": 0.7311110496520996, "self-related_random1500": 0.6708642840385437, "self-related_random2000": 0.701728343963623, "self-related_random2500": 0.6353086829185486, "self-related_random3000": 0.6209876537322998, "self-related_random4000": 0.6566666960716248, "self-related_random5000": 0.4328395128250122, "self-related_random6000": 0.5440740585327148, "other-related_random500": 0.7234567999839783, "other-related_random1000": 0.42950618267059326, "other-related_random1500": 0.6793827414512634, "other-related_random2000": 0.6708642840385437, "other-related_random2500": 0.5996296405792236, "other-related_random3000": 0.674691379070282, "other-related_random4000": 0.566419780254364, "other-related_random5000": 0.5032098889350891, "other-related_random6000": 0.5849382877349854, "expectedness_random500": 0.7097530961036682, "expectedness_random1000": 0.6912345290184021, "expectedness_random1500": 0.7040740847587585, "expectedness_random2000": 0.7311111092567444, "expectedness_random2500": 0.6912345886230469, "expectedness_random3000": 0.7030863761901855, "expectedness_random4000": 0.5929629802703857, "expectedness_random5000": 0.42950618267059326, "expectedness_random6000": 0.6476543545722961, "non-novelty_random500": 0.7220987677574158, "non-novelty_random1000": 0.7206172943115234, "non-novelty_random1500": 0.6788888573646545, "non-novelty_random2000": 0.7234567999839783, "non-novelty_random2500": 0.6727160811424255, "non-novelty_random3000": 0.54123455286026, "non-novelty_random4000": 0.7112345695495605, "non-novelty_random5000": 0.6077777743339539, "non-novelty_random6000": 0.43567898869514465}