{"sentiment": "realization", "seed": 17, "arousal_random500": 0.6997530460357666, "best": 0.6929134130477905, "arousal_random1000": 0.6755555272102356, "arousal_random1500": 0.7059259414672852, "arousal_random2000": 0.6879012584686279, "arousal_random2500": 0.6285185217857361, "arousal_random3000": 0.5777778029441833, "arousal_random4000": 0.6101234555244446, "arousal_random5000": 0.5535802245140076, "arousal_random6000": 0.6023456454277039, "valence_random500": 0.7035802006721497, "valence_random1000": 0.6503703594207764, "valence_random1500": 0.6503703594207764, "valence_random2000": 0.6727160811424255, "valence_random2500": 0.5816049575805664, "valence_random3000": 0.6438271999359131, "valence_random4000": 0.6850617527961731, "valence_random5000": 0.6556789875030518, "valence_random6000": 0.5107406973838806, "happy_random500": 0.6997530460357666, "happy_random1000": 0.6408641934394836, "happy_random1500": 0.6129629611968994, "happy_random2000": 0.6190122961997986, "happy_random2500": 0.5811111330986023, "happy_random3000": 0.506049394607544, "happy_random4000": 0.5274074077606201, "happy_random5000": 0.4775308668613434, "happy_random6000": 0.715308666229248, "anger_random500": 0.7030863761901855, "anger_random1000": 0.6732098460197449, "anger_random1500": 0.5682715773582458, "anger_random2000": 0.6727160811424255, "anger_random2500": 0.5999999642372131, "anger_random3000": 0.6096296310424805, "anger_random4000": 0.569753110408783, "anger_random5000": 0.6366667151451111, "anger_random6000": 0.6071605086326599, "sad_random500": 0.7035802006721497, "sad_random1000": 0.6637036800384521, "sad_random1500": 0.6380247473716736, "sad_random2000": 0.6480247378349304, "sad_random2500": 0.6560494303703308, "sad_random3000": 0.5948148369789124, "sad_random4000": 0.5250617265701294, "sad_random5000": 0.42950618267059326, "sad_random6000": 0.6650617122650146, "fear_random500": 0.6470370292663574, "fear_random1000": 0.6251851916313171, "fear_random1500": 0.6788888573646545, "fear_random2000": 0.715925931930542, "fear_random2500": 0.7097530364990234, "fear_random3000": 0.6693827509880066, "fear_random4000": 0.4932098686695099, "fear_random5000": 0.6214814782142639, "fear_random6000": 0.6672840118408203, "surprise_random500": 0.7059259414672852, "surprise_random1000": 0.6323456764221191, "surprise_random1500": 0.6688888669013977, "surprise_random2000": 0.6982715725898743, "surprise_random2500": 0.5716049671173096, "surprise_random3000": 0.631851851940155, "surprise_random4000": 0.48938271403312683, "surprise_random5000": 0.44901230931282043, "surprise_random6000": 0.6229629516601562, "disgust_random500": 0.7035802006721497, "disgust_random1000": 0.6356790065765381, "disgust_random1500": 0.6546913981437683, "disgust_random2000": 0.6300000548362732, "disgust_random2500": 0.6920987963676453, "disgust_random3000": 0.6783950924873352, "disgust_random4000": 0.4780246913433075, "disgust_random5000": 0.4937037229537964, "disgust_random6000": 0.4328395128250122, "control_random500": 0.6969135403633118, "control_random1000": 0.6304938197135925, "control_random1500": 0.6987654566764832, "control_random2000": 0.6850617527961731, "control_random2500": 0.6508641839027405, "control_random3000": 0.6186420321464539, "control_random4000": 0.6243209838867188, "control_random5000": 0.5179011821746826, "control_random6000": 0.5474073886871338, "fairness_random500": 0.6974074244499207, "fairness_random1000": 0.7111110687255859, "fairness_random1500": 0.6608641743659973, "fairness_random2000": 0.5901234745979309, "fairness_random2500": 0.6299999952316284, "fairness_random3000": 0.6850617527961731, "fairness_random4000": 0.6209877133369446, "fairness_random5000": 0.5672839283943176, "fairness_random6000": 0.6707407832145691, "self-related_random500": 0.666543185710907, "self-related_random1000": 0.6954321265220642, "self-related_random1500": 0.6285185217857361, "self-related_random2000": 0.6166666150093079, "self-related_random2500": 0.6323456764221191, "self-related_random3000": 0.5967901349067688, "self-related_random4000": 0.6323456764221191, "self-related_random5000": 0.597777783870697, "self-related_random6000": 0.4456789791584015, "other-related_random500": 0.7092592120170593, "other-related_random1000": 0.5630864500999451, "other-related_random1500": 0.6627160906791687, "other-related_random2000": 0.6072839498519897, "other-related_random2500": 0.6688888669013977, "other-related_random3000": 0.5345678925514221, "other-related_random4000": 0.5887654423713684, "other-related_random5000": 0.530246913433075, "other-related_random6000": 0.5934568047523499, "expectedness_random500": 0.6879011988639832, "expectedness_random1000": 0.6518518328666687, "expectedness_random1500": 0.6969135403633118, "expectedness_random2000": 0.6788888573646545, "expectedness_random2500": 0.5906172394752502, "expectedness_random3000": 0.5307407379150391, "expectedness_random4000": 0.610987663269043, "expectedness_random5000": 0.5474073886871338, "expectedness_random6000": 0.502716064453125, "non-novelty_random500": 0.6783950924873352, "non-novelty_random1000": 0.6879011988639832, "non-novelty_random1500": 0.6670370101928711, "non-novelty_random2000": 0.7035802006721497, "non-novelty_random2500": 0.6920987963676453, "non-novelty_random3000": 0.5497531294822693, "non-novelty_random4000": 0.6882715821266174, "non-novelty_random5000": 0.5574074387550354, "non-novelty_random6000": 0.42950618267059326}