{"sentiment": "realization", "seed": 9, "arousal_random500": 0.6841976046562195, "best": 0.712598443031311, "arousal_random1000": 0.6851851940155029, "arousal_random1500": 0.6500000357627869, "arousal_random2000": 0.677407443523407, "arousal_random2500": 0.6361728310585022, "arousal_random3000": 0.6360493302345276, "arousal_random4000": 0.5453086495399475, "arousal_random5000": 0.6685185432434082, "arousal_random6000": 0.5938271880149841, "valence_random500": 0.6941974759101868, "valence_random1000": 0.6039506196975708, "valence_random1500": 0.5802469253540039, "valence_random2000": 0.6438271999359131, "valence_random2500": 0.6248148083686829, "valence_random3000": 0.46851852536201477, "valence_random4000": 0.6775309443473816, "valence_random5000": 0.6371605396270752, "valence_random6000": 0.5211110711097717, "happy_random500": 0.6618518829345703, "happy_random1000": 0.6319753527641296, "happy_random1500": 0.569753110408783, "happy_random2000": 0.6780247092247009, "happy_random2500": 0.6851851940155029, "happy_random3000": 0.5602469444274902, "happy_random4000": 0.5569136142730713, "happy_random5000": 0.46802470088005066, "happy_random6000": 0.46469131112098694, "anger_random500": 0.6885185241699219, "anger_random1000": 0.6723456382751465, "anger_random1500": 0.6565431952476501, "anger_random2000": 0.6595061421394348, "anger_random2500": 0.6950616836547852, "anger_random3000": 0.6253086924552917, "anger_random4000": 0.5193827152252197, "anger_random5000": 0.6879011988639832, "anger_random6000": 0.6438271999359131, "sad_random500": 0.6875308156013489, "sad_random1000": 0.6618518829345703, "sad_random1500": 0.6946913599967957, "sad_random2000": 0.5934568047523499, "sad_random2500": 0.5640740990638733, "sad_random3000": 0.5614814758300781, "sad_random4000": 0.5574074387550354, "sad_random5000": 0.49888888001441956, "sad_random6000": 0.6860494017601013, "fear_random500": 0.6690123677253723, "fear_random1000": 0.6628394722938538, "fear_random1500": 0.6898765563964844, "fear_random2000": 0.6793827414512634, "fear_random2500": 0.6224691271781921, "fear_random3000": 0.5602468848228455, "fear_random4000": 0.6854321360588074, "fear_random5000": 0.4556790292263031, "fear_random6000": 0.5604938268661499, "surprise_random500": 0.6693827509880066, "surprise_random1000": 0.6172839403152466, "surprise_random1500": 0.6556790471076965, "surprise_random2000": 0.689012348651886, "surprise_random2500": 0.6717284321784973, "surprise_random3000": 0.6623457074165344, "surprise_random4000": 0.4937037229537964, "surprise_random5000": 0.49086418747901917, "surprise_random6000": 0.535061776638031, "disgust_random500": 0.6623457074165344, "disgust_random1000": 0.6353086829185486, "disgust_random1500": 0.6229629516601562, "disgust_random2000": 0.6424691081047058, "disgust_random2500": 0.5535802245140076, "disgust_random3000": 0.6443210244178772, "disgust_random4000": 0.5327160954475403, "disgust_random5000": 0.5759259462356567, "disgust_random6000": 0.48370373249053955, "control_random500": 0.6756790280342102, "control_random1000": 0.671358048915863, "control_random1500": 0.681851863861084, "control_random2000": 0.6224691271781921, "control_random2500": 0.5669136047363281, "control_random3000": 0.6381481289863586, "control_random4000": 0.6319753527641296, "control_random5000": 0.6554321646690369, "control_random6000": 0.67037034034729, "fairness_random500": 0.680864155292511, "fairness_random1000": 0.6453086733818054, "fairness_random1500": 0.6718518733978271, "fairness_random2000": 0.654321014881134, "fairness_random2500": 0.6286420226097107, "fairness_random3000": 0.544567883014679, "fairness_random4000": 0.6111111044883728, "fairness_random5000": 0.48370373249053955, "fairness_random6000": 0.6323456764221191, "self-related_random500": 0.6566666960716248, "self-related_random1000": 0.6006172895431519, "self-related_random1500": 0.5664197206497192, "self-related_random2000": 0.6276543736457825, "self-related_random2500": 0.6683950424194336, "self-related_random3000": 0.5924691557884216, "self-related_random4000": 0.5640740990638733, "self-related_random5000": 0.6662963032722473, "self-related_random6000": 0.4523456394672394, "other-related_random500": 0.680864155292511, "other-related_random1000": 0.4139505922794342, "other-related_random1500": 0.6551851630210876, "other-related_random2000": 0.6134567856788635, "other-related_random2500": 0.6882715821266174, "other-related_random3000": 0.6718518733978271, "other-related_random4000": 0.4495061933994293, "other-related_random5000": 0.5283951163291931, "other-related_random6000": 0.43617284297943115, "expectedness_random500": 0.6690123677253723, "expectedness_random1000": 0.6633333563804626, "expectedness_random1500": 0.7032098770141602, "expectedness_random2000": 0.7088889479637146, "expectedness_random2500": 0.5844444632530212, "expectedness_random3000": 0.5450617671012878, "expectedness_random4000": 0.618148148059845, "expectedness_random5000": 0.45901235938072205, "expectedness_random6000": 0.5150617361068726, "non-novelty_random500": 0.689012348651886, "non-novelty_random1000": 0.6893827319145203, "non-novelty_random1500": 0.650493860244751, "non-novelty_random2000": 0.6609876751899719, "non-novelty_random2500": 0.5569136142730713, "non-novelty_random3000": 0.6443210244178772, "non-novelty_random4000": 0.6519753336906433, "non-novelty_random5000": 0.5155555605888367, "non-novelty_random6000": 0.44901230931282043}