{"sentiment": "realization", "seed": 11, "arousal_random500": 0.748271644115448, "best": 0.7559055089950562, "arousal_random1000": 0.7211110591888428, "arousal_random1500": 0.7217283844947815, "arousal_random2000": 0.7265431880950928, "arousal_random2500": 0.713580310344696, "arousal_random3000": 0.5825926065444946, "arousal_random4000": 0.5497530698776245, "arousal_random5000": 0.6553086638450623, "arousal_random6000": 0.6822221875190735, "valence_random500": 0.7279012203216553, "valence_random1000": 0.713209867477417, "valence_random1500": 0.716913640499115, "valence_random2000": 0.7459259033203125, "valence_random2500": 0.7013580203056335, "valence_random3000": 0.6134567856788635, "valence_random4000": 0.6913580298423767, "valence_random5000": 0.702716052532196, "valence_random6000": 0.5744444727897644, "happy_random500": 0.7611110806465149, "happy_random1000": 0.7193827033042908, "happy_random1500": 0.7464197278022766, "happy_random2000": 0.7187654376029968, "happy_random2500": 0.699012279510498, "happy_random3000": 0.6424691081047058, "happy_random4000": 0.6790122985839844, "happy_random5000": 0.5825926065444946, "happy_random6000": 0.6634567975997925, "anger_random500": 0.7416049838066101, "anger_random1000": 0.74456787109375, "anger_random1500": 0.6800000071525574, "anger_random2000": 0.7130864262580872, "anger_random2500": 0.4651851952075958, "anger_random3000": 0.6229629516601562, "anger_random4000": 0.5669136047363281, "anger_random5000": 0.7107407450675964, "anger_random6000": 0.5440741181373596, "sad_random500": 0.7330864071846008, "sad_random1000": 0.7250617146492004, "sad_random1500": 0.7435802817344666, "sad_random2000": 0.5283950567245483, "sad_random2500": 0.699012279510498, "sad_random3000": 0.651604950428009, "sad_random4000": 0.509876549243927, "sad_random5000": 0.5459259152412415, "sad_random6000": 0.6271604895591736, "fear_random500": 0.7435802817344666, "fear_random1000": 0.7150617241859436, "fear_random1500": 0.748271644115448, "fear_random2000": 0.7344444394111633, "fear_random2500": 0.7297530770301819, "fear_random3000": 0.7165431976318359, "fear_random4000": 0.5160493850708008, "fear_random5000": 0.6870370507240295, "fear_random6000": 0.6229629516601562, "surprise_random500": 0.7492592930793762, "surprise_random1000": 0.7530863881111145, "surprise_random1500": 0.7127160429954529, "surprise_random2000": 0.7387654781341553, "surprise_random2500": 0.7379012107849121, "surprise_random3000": 0.7335802912712097, "surprise_random4000": 0.7013580203056335, "surprise_random5000": 0.44283950328826904, "surprise_random6000": 0.6619753241539001, "disgust_random500": 0.7464197278022766, "disgust_random1000": 0.7492592930793762, "disgust_random1500": 0.6851851940155029, "disgust_random2000": 0.7193827033042908, "disgust_random2500": 0.7340741157531738, "disgust_random3000": 0.6975309252738953, "disgust_random4000": 0.6201234459877014, "disgust_random5000": 0.5497530698776245, "disgust_random6000": 0.446172833442688, "control_random500": 0.7487654685974121, "control_random1000": 0.7317283749580383, "control_random1500": 0.7134568095207214, "control_random2000": 0.714938223361969, "control_random2500": 0.7397530674934387, "control_random3000": 0.6486420035362244, "control_random4000": 0.7530863881111145, "control_random5000": 0.44283950328826904, "control_random6000": 0.53839510679245, "fairness_random500": 0.7620987892150879, "fairness_random1000": 0.7039506435394287, "fairness_random1500": 0.7250617146492004, "fairness_random2000": 0.706049382686615, "fairness_random2500": 0.6581481099128723, "fairness_random3000": 0.6751852035522461, "fairness_random4000": 0.6172839403152466, "fairness_random5000": 0.6666666865348816, "fairness_random6000": 0.4618518650531769, "self-related_random500": 0.7382715344429016, "self-related_random1000": 0.7187654376029968, "self-related_random1500": 0.757777750492096, "self-related_random2000": 0.720740795135498, "self-related_random2500": 0.6970370411872864, "self-related_random3000": 0.6124691367149353, "self-related_random4000": 0.5825926065444946, "self-related_random5000": 0.670987606048584, "self-related_random6000": 0.4651851952075958, "other-related_random500": 0.7506173253059387, "other-related_random1000": 0.4775308668613434, "other-related_random1500": 0.7383950352668762, "other-related_random2000": 0.7095062136650085, "other-related_random2500": 0.6962962746620178, "other-related_random3000": 0.6856789588928223, "other-related_random4000": 0.5569136142730713, "other-related_random5000": 0.5003703832626343, "other-related_random6000": 0.6016049385070801, "expectedness_random500": 0.7307407259941101, "expectedness_random1000": 0.7297530770301819, "expectedness_random1500": 0.7396296858787537, "expectedness_random2000": 0.7530863881111145, "expectedness_random2500": 0.6496295928955078, "expectedness_random3000": 0.5825926065444946, "expectedness_random4000": 0.7093827128410339, "expectedness_random5000": 0.47419753670692444, "expectedness_random6000": 0.4937037229537964, "non-novelty_random500": 0.7397530674934387, "non-novelty_random1000": 0.7497530579566956, "non-novelty_random1500": 0.709876537322998, "non-novelty_random2000": 0.7137036919593811, "non-novelty_random2500": 0.597777783870697, "non-novelty_random3000": 0.657654345035553, "non-novelty_random4000": 0.7013580203056335, "non-novelty_random5000": 0.6367900967597961, "non-novelty_random6000": 0.446172833442688}