{"sentiment": "realization", "seed": 3, "arousal_random500": 0.7277777194976807, "best": 0.7047244310379028, "arousal_random1000": 0.7072839736938477, "arousal_random1500": 0.707777738571167, "arousal_random2000": 0.6667901873588562, "arousal_random2500": 0.673703670501709, "arousal_random3000": 0.4960494041442871, "arousal_random4000": 0.49888888001441956, "arousal_random5000": 0.6793827414512634, "arousal_random6000": 0.5671605467796326, "valence_random500": 0.715925931930542, "valence_random1000": 0.7007407546043396, "valence_random1500": 0.7083950638771057, "valence_random2000": 0.705432116985321, "valence_random2500": 0.6901234984397888, "valence_random3000": 0.6670370101928711, "valence_random4000": 0.6698765754699707, "valence_random5000": 0.6580247282981873, "valence_random6000": 0.4328395128250122, "happy_random500": 0.7177777290344238, "happy_random1000": 0.6745678782463074, "happy_random1500": 0.7064197063446045, "happy_random2000": 0.6962962746620178, "happy_random2500": 0.6850617527961731, "happy_random3000": 0.5711111426353455, "happy_random4000": 0.6750617027282715, "happy_random5000": 0.4570370614528656, "happy_random6000": 0.5344444513320923, "anger_random500": 0.7211110591888428, "anger_random1000": 0.6940739750862122, "anger_random1500": 0.5430864095687866, "anger_random2000": 0.6988889575004578, "anger_random2500": 0.530246913433075, "anger_random3000": 0.6641975045204163, "anger_random4000": 0.5811111330986023, "anger_random5000": 0.6575308442115784, "anger_random6000": 0.5962963104248047, "sad_random500": 0.7174074053764343, "sad_random1000": 0.6945679187774658, "sad_random1500": 0.7064197063446045, "sad_random2000": 0.5245679020881653, "sad_random2500": 0.7016049027442932, "sad_random3000": 0.5102469325065613, "sad_random4000": 0.4575308561325073, "sad_random5000": 0.4855555295944214, "sad_random6000": 0.6348147988319397, "fear_random500": 0.712592601776123, "fear_random1000": 0.7107407450675964, "fear_random1500": 0.712592601776123, "fear_random2000": 0.6992592811584473, "fear_random2500": 0.6706172823905945, "fear_random3000": 0.6779012084007263, "fear_random4000": 0.5279012322425842, "fear_random5000": 0.537407398223877, "fear_random6000": 0.6949382424354553, "surprise_random500": 0.712592601776123, "surprise_random1000": 0.71160489320755, "surprise_random1500": 0.7040740847587585, "surprise_random2000": 0.654938280582428, "surprise_random2500": 0.7016049027442932, "surprise_random3000": 0.6992592811584473, "surprise_random4000": 0.5449382662773132, "surprise_random5000": 0.4328395128250122, "surprise_random6000": 0.6755555272102356, "disgust_random500": 0.6997530460357666, "disgust_random1000": 0.7097530961036682, "disgust_random1500": 0.635185182094574, "disgust_random2000": 0.6969135403633118, "disgust_random2500": 0.6882715821266174, "disgust_random3000": 0.6651852130889893, "disgust_random4000": 0.583456814289093, "disgust_random5000": 0.6204938292503357, "disgust_random6000": 0.5050617456436157, "control_random500": 0.70876544713974, "control_random1000": 0.7092592120170593, "control_random1500": 0.6883950233459473, "control_random2000": 0.7001234889030457, "control_random2500": 0.6737037301063538, "control_random3000": 0.6997531056404114, "control_random4000": 0.679135799407959, "control_random5000": 0.4328395128250122, "control_random6000": 0.5349382758140564, "fairness_random500": 0.7144443988800049, "fairness_random1000": 0.7072839736938477, "fairness_random1500": 0.6755555272102356, "fairness_random2000": 0.7311110496520996, "fairness_random2500": 0.6955556273460388, "fairness_random3000": 0.7030863761901855, "fairness_random4000": 0.6675308346748352, "fairness_random5000": 0.47320985794067383, "fairness_random6000": 0.666543185710907, "self-related_random500": 0.705432116985321, "self-related_random1000": 0.6901234984397888, "self-related_random1500": 0.6683950424194336, "self-related_random2000": 0.736790120601654, "self-related_random2500": 0.7202469706535339, "self-related_random3000": 0.6653086543083191, "self-related_random4000": 0.6727160811424255, "self-related_random5000": 0.6925926208496094, "self-related_random6000": 0.5183950662612915, "other-related_random500": 0.7072839736938477, "other-related_random1000": 0.3790123164653778, "other-related_random1500": 0.6911110877990723, "other-related_random2000": 0.7002468705177307, "other-related_random2500": 0.7111110687255859, "other-related_random3000": 0.6729629635810852, "other-related_random4000": 0.6498765349388123, "other-related_random5000": 0.4870370626449585, "other-related_random6000": 0.5682715773582458, "expectedness_random500": 0.7002468705177307, "expectedness_random1000": 0.7282716631889343, "expectedness_random1500": 0.6772840023040771, "expectedness_random2000": 0.6902468800544739, "expectedness_random2500": 0.5402469038963318, "expectedness_random3000": 0.6290122866630554, "expectedness_random4000": 0.7093827128410339, "expectedness_random5000": 0.4955555200576782, "expectedness_random6000": 0.5150617361068726, "non-novelty_random500": 0.7154321074485779, "non-novelty_random1000": 0.6783950328826904, "non-novelty_random1500": 0.714938223361969, "non-novelty_random2000": 0.6987654566764832, "non-novelty_random2500": 0.5564197301864624, "non-novelty_random3000": 0.6485185027122498, "non-novelty_random4000": 0.682962954044342, "non-novelty_random5000": 0.49271607398986816, "non-novelty_random6000": 0.461357980966568}