{"sentiment": "realization", "seed": 19, "arousal_random500": 0.7248148322105408, "best": 0.7007874250411987, "arousal_random1000": 0.717654287815094, "arousal_random1500": 0.6930864453315735, "arousal_random2000": 0.7253086566925049, "arousal_random2500": 0.6803703904151917, "arousal_random3000": 0.48185184597969055, "arousal_random4000": 0.40567898750305176, "arousal_random5000": 0.6992592811584473, "arousal_random6000": 0.6299999952316284, "valence_random500": 0.6964197754859924, "valence_random1000": 0.680246889591217, "valence_random1500": 0.7329629063606262, "valence_random2000": 0.686296284198761, "valence_random2500": 0.5782716274261475, "valence_random3000": 0.513209879398346, "valence_random4000": 0.7154321074485779, "valence_random5000": 0.6860494017601013, "valence_random6000": 0.429999977350235, "happy_random500": 0.7191357612609863, "happy_random1000": 0.688395082950592, "happy_random1500": 0.6361728310585022, "happy_random2000": 0.6927160620689392, "happy_random2500": 0.6114814877510071, "happy_random3000": 0.6456789970397949, "happy_random4000": 0.7174074053764343, "happy_random5000": 0.5245679020881653, "happy_random6000": 0.46703705191612244, "anger_random500": 0.72246915102005, "anger_random1000": 0.7253086566925049, "anger_random1500": 0.4785185158252716, "anger_random2000": 0.6633333563804626, "anger_random2500": 0.6903703808784485, "anger_random3000": 0.6438271999359131, "anger_random4000": 0.6243210434913635, "anger_random5000": 0.7240740656852722, "anger_random6000": 0.6670370101928711, "sad_random500": 0.7144443988800049, "sad_random1000": 0.6940740942955017, "sad_random1500": 0.7324690818786621, "sad_random2000": 0.5597530603408813, "sad_random2500": 0.614814817905426, "sad_random3000": 0.5383950471878052, "sad_random4000": 0.4841975271701813, "sad_random5000": 0.506049394607544, "sad_random6000": 0.64000004529953, "fear_random500": 0.7229629158973694, "fear_random1000": 0.7144443988800049, "fear_random1500": 0.70876544713974, "fear_random2000": 0.6500000357627869, "fear_random2500": 0.7239506244659424, "fear_random3000": 0.5849382877349854, "fear_random4000": 0.49086418747901917, "fear_random5000": 0.429999977350235, "fear_random6000": 0.7524690628051758, "surprise_random500": 0.7191357612609863, "surprise_random1000": 0.6879012584686279, "surprise_random1500": 0.7059259414672852, "surprise_random2000": 0.6974074244499207, "surprise_random2500": 0.6887654662132263, "surprise_random3000": 0.6546913981437683, "surprise_random4000": 0.6879011988639832, "surprise_random5000": 0.429999977350235, "surprise_random6000": 0.5811111330986023, "disgust_random500": 0.6982715725898743, "disgust_random1000": 0.7329629063606262, "disgust_random1500": 0.664197564125061, "disgust_random2000": 0.6618518829345703, "disgust_random2500": 0.6651852130889893, "disgust_random3000": 0.6871604919433594, "disgust_random4000": 0.6618518829345703, "disgust_random5000": 0.48135802149772644, "disgust_random6000": 0.429999977350235, "control_random500": 0.70876544713974, "control_random1000": 0.6897530555725098, "control_random1500": 0.7076542973518372, "control_random2000": 0.6832098960876465, "control_random2500": 0.5744444727897644, "control_random3000": 0.6883950233459473, "control_random4000": 0.6266666650772095, "control_random5000": 0.4366666376590729, "control_random6000": 0.5545678734779358, "fairness_random500": 0.7024691700935364, "fairness_random1000": 0.7381481528282166, "fairness_random1500": 0.7201234698295593, "fairness_random2000": 0.6822221875190735, "fairness_random2500": 0.6086419820785522, "fairness_random3000": 0.6912345886230469, "fairness_random4000": 0.6803703904151917, "fairness_random5000": 0.5854321122169495, "fairness_random6000": 0.6645678877830505, "self-related_random500": 0.7134568095207214, "self-related_random1000": 0.6920987963676453, "self-related_random1500": 0.6925926208496094, "self-related_random2000": 0.718641996383667, "self-related_random2500": 0.7277777791023254, "self-related_random3000": 0.6430864334106445, "self-related_random4000": 0.5901234745979309, "self-related_random5000": 0.4718518555164337, "self-related_random6000": 0.45901235938072205, "other-related_random500": 0.7209876179695129, "other-related_random1000": 0.39000001549720764, "other-related_random1500": 0.7016049027442932, "other-related_random2000": 0.6660494208335876, "other-related_random2500": 0.7324690818786621, "other-related_random3000": 0.6771605014801025, "other-related_random4000": 0.6204938292503357, "other-related_random5000": 0.429999977350235, "other-related_random6000": 0.45456790924072266, "expectedness_random500": 0.7201234698295593, "expectedness_random1000": 0.7234567999839783, "expectedness_random1500": 0.6925926208496094, "expectedness_random2000": 0.7262962460517883, "expectedness_random2500": 0.5816049575805664, "expectedness_random3000": 0.6091358065605164, "expectedness_random4000": 0.6865432262420654, "expectedness_random5000": 0.43617284297943115, "expectedness_random6000": 0.429999977350235, "non-novelty_random500": 0.7229629158973694, "non-novelty_random1000": 0.7291358113288879, "non-novelty_random1500": 0.7082715630531311, "non-novelty_random2000": 0.7014815211296082, "non-novelty_random2500": 0.5877777934074402, "non-novelty_random3000": 0.614814817905426, "non-novelty_random4000": 0.7055556178092957, "non-novelty_random5000": 0.4780246913433075, "non-novelty_random6000": 0.429999977350235}