{"sentiment": "realization", "seed": 15, "arousal_random500": 0.6649382710456848, "best": 0.6417322754859924, "arousal_random1000": 0.6649382710456848, "arousal_random1500": 0.637901246547699, "arousal_random2000": 0.602839469909668, "arousal_random2500": 0.5701234340667725, "arousal_random3000": 0.429999977350235, "arousal_random4000": 0.5202469229698181, "arousal_random5000": 0.5914814472198486, "arousal_random6000": 0.5734568238258362, "valence_random500": 0.6435802578926086, "valence_random1000": 0.6616049408912659, "valence_random1500": 0.5591357946395874, "valence_random2000": 0.6649382710456848, "valence_random2500": 0.48086419701576233, "valence_random3000": 0.4618518650531769, "valence_random4000": 0.501728355884552, "valence_random5000": 0.5088889002799988, "valence_random6000": 0.429999977350235, "happy_random500": 0.6649382710456848, "happy_random1000": 0.5339506268501282, "happy_random1500": 0.4940740764141083, "happy_random2000": 0.5330864191055298, "happy_random2500": 0.4969135820865631, "happy_random3000": 0.4485185146331787, "happy_random4000": 0.5818518996238708, "happy_random5000": 0.429999977350235, "happy_random6000": 0.41999998688697815, "anger_random500": 0.6416049599647522, "anger_random1000": 0.6507407426834106, "anger_random1500": 0.595678985118866, "anger_random2000": 0.6601234674453735, "anger_random2500": 0.5777778029441833, "anger_random3000": 0.49037039279937744, "anger_random4000": 0.45802465081214905, "anger_random5000": 0.5444444417953491, "anger_random6000": 0.6534568071365356, "sad_random500": 0.6616049408912659, "sad_random1000": 0.6749382615089417, "sad_random1500": 0.612716019153595, "sad_random2000": 0.5502468943595886, "sad_random2500": 0.5758024454116821, "sad_random3000": 0.45135799050331116, "sad_random4000": 0.4803703725337982, "sad_random5000": 0.43333330750465393, "sad_random6000": 0.6676543354988098, "fear_random500": 0.6749382615089417, "fear_random1000": 0.6222222447395325, "fear_random1500": 0.6474074125289917, "fear_random2000": 0.6554321646690369, "fear_random2500": 0.6407407522201538, "fear_random3000": 0.5202469229698181, "fear_random4000": 0.45283952355384827, "fear_random5000": 0.5492592453956604, "fear_random6000": 0.6525925993919373, "surprise_random500": 0.651604950428009, "surprise_random1000": 0.6141975522041321, "surprise_random1500": 0.6479012370109558, "surprise_random2000": 0.636913537979126, "surprise_random2500": 0.5392592549324036, "surprise_random3000": 0.5976542830467224, "surprise_random4000": 0.5407407283782959, "surprise_random5000": 0.429999977350235, "surprise_random6000": 0.48320987820625305, "disgust_random500": 0.6820988059043884, "disgust_random1000": 0.6317284107208252, "disgust_random1500": 0.6123456358909607, "disgust_random2000": 0.5748147964477539, "disgust_random2500": 0.4955555200576782, "disgust_random3000": 0.6293826699256897, "disgust_random4000": 0.45802465081214905, "disgust_random5000": 0.44901230931282043, "disgust_random6000": 0.429999977350235, "control_random500": 0.6374074220657349, "control_random1000": 0.6625925898551941, "control_random1500": 0.6687654852867126, "control_random2000": 0.6311110854148865, "control_random2500": 0.515925943851471, "control_random3000": 0.49654319882392883, "control_random4000": 0.5871605277061462, "control_random5000": 0.47419750690460205, "control_random6000": 0.429999977350235, "fairness_random500": 0.6687654852867126, "fairness_random1000": 0.6644444465637207, "fairness_random1500": 0.5771605372428894, "fairness_random2000": 0.5411111116409302, "fairness_random2500": 0.5112345814704895, "fairness_random3000": 0.5406172871589661, "fairness_random4000": 0.4775308668613434, "fairness_random5000": 0.43617284297943115, "fairness_random6000": 0.4798765182495117, "self-related_random500": 0.6440740823745728, "self-related_random1000": 0.6155555844306946, "self-related_random1500": 0.6535802483558655, "self-related_random2000": 0.6322222352027893, "self-related_random2500": 0.6564197540283203, "self-related_random3000": 0.4390123188495636, "self-related_random4000": 0.46802470088005066, "self-related_random5000": 0.4937037229537964, "self-related_random6000": 0.429999977350235, "other-related_random500": 0.6534567475318909, "other-related_random1000": 0.4095062017440796, "other-related_random1500": 0.654938280582428, "other-related_random2000": 0.4803703725337982, "other-related_random2500": 0.6340740919113159, "other-related_random3000": 0.6118518710136414, "other-related_random4000": 0.48370373249053955, "other-related_random5000": 0.44234564900398254, "other-related_random6000": 0.429999977350235, "expectedness_random500": 0.6725926399230957, "expectedness_random1000": 0.6487653851509094, "expectedness_random1500": 0.6564197540283203, "expectedness_random2000": 0.6554320454597473, "expectedness_random2500": 0.5230863690376282, "expectedness_random3000": 0.4556790292263031, "expectedness_random4000": 0.5951852202415466, "expectedness_random5000": 0.429999977350235, "expectedness_random6000": 0.43617284297943115, "non-novelty_random500": 0.6630864143371582, "non-novelty_random1000": 0.6620988249778748, "non-novelty_random1500": 0.5975309014320374, "non-novelty_random2000": 0.6682716012001038, "non-novelty_random2500": 0.5806172490119934, "non-novelty_random3000": 0.45185184478759766, "non-novelty_random4000": 0.6544444561004639, "non-novelty_random5000": 0.429999977350235, "non-novelty_random6000": 0.429999977350235}