{"sentiment": "realization", "seed": 1, "arousal_random500": 0.5572839379310608, "best": 0.6102362275123596, "arousal_random1000": 0.5382716059684753, "arousal_random1500": 0.525802493095398, "arousal_random2000": 0.5818518996238708, "arousal_random2500": 0.5206173062324524, "arousal_random3000": 0.43567898869514465, "arousal_random4000": 0.44469133019447327, "arousal_random5000": 0.5592592358589172, "arousal_random6000": 0.4541975259780884, "valence_random500": 0.5312345623970032, "valence_random1000": 0.5212345719337463, "valence_random1500": 0.5459259152412415, "valence_random2000": 0.5274074077606201, "valence_random2500": 0.43567898869514465, "valence_random3000": 0.43567898869514465, "valence_random4000": 0.5434567928314209, "valence_random5000": 0.43567898869514465, "valence_random6000": 0.49259260296821594, "happy_random500": 0.5239506363868713, "happy_random1000": 0.43567898869514465, "happy_random1500": 0.4390123188495636, "happy_random2000": 0.43567898869514465, "happy_random2500": 0.43567898869514465, "happy_random3000": 0.43567898869514465, "happy_random4000": 0.43567898869514465, "happy_random5000": 0.43567898869514465, "happy_random6000": 0.4385185241699219, "anger_random500": 0.547283947467804, "anger_random1000": 0.5682715773582458, "anger_random1500": 0.5604938864707947, "anger_random2000": 0.5477777719497681, "anger_random2500": 0.5709876418113708, "anger_random3000": 0.5150617361068726, "anger_random4000": 0.43567898869514465, "anger_random5000": 0.44234564900398254, "anger_random6000": 0.43567898869514465, "sad_random500": 0.540123462677002, "sad_random1000": 0.5250617265701294, "sad_random1500": 0.5467901229858398, "sad_random2000": 0.5453086495399475, "sad_random2500": 0.4551851749420166, "sad_random3000": 0.6067901253700256, "sad_random4000": 0.43567898869514465, "sad_random5000": 0.43567898869514465, "sad_random6000": 0.564320981502533, "fear_random500": 0.5525925755500793, "fear_random1000": 0.5217283964157104, "fear_random1500": 0.5629629492759705, "fear_random2000": 0.5392592549324036, "fear_random2500": 0.5497530698776245, "fear_random3000": 0.5117283463478088, "fear_random4000": 0.4902469217777252, "fear_random5000": 0.43567898869514465, "fear_random6000": 0.5650617480278015, "surprise_random500": 0.5808642506599426, "surprise_random1000": 0.586790144443512, "surprise_random1500": 0.5667901039123535, "surprise_random2000": 0.540123462677002, "surprise_random2500": 0.46123456954956055, "surprise_random3000": 0.43567898869514465, "surprise_random4000": 0.47074076533317566, "surprise_random5000": 0.43567898869514465, "surprise_random6000": 0.4418518543243408, "disgust_random500": 0.5464197397232056, "disgust_random1000": 0.537407398223877, "disgust_random1500": 0.4575308561325073, "disgust_random2000": 0.46802470088005066, "disgust_random2500": 0.4798765182495117, "disgust_random3000": 0.4523456394672394, "disgust_random4000": 0.43567898869514465, "disgust_random5000": 0.4390123188495636, "disgust_random6000": 0.43567898869514465, "control_random500": 0.5145679116249084, "control_random1000": 0.5572839379310608, "control_random1500": 0.5359259247779846, "control_random2000": 0.5686419606208801, "control_random2500": 0.4390123188495636, "control_random3000": 0.534074068069458, "control_random4000": 0.5329629778862, "control_random5000": 0.4437037408351898, "control_random6000": 0.43567898869514465, "fairness_random500": 0.5606172680854797, "fairness_random1000": 0.5600000023841858, "fairness_random1500": 0.4390123188495636, "fairness_random2000": 0.5279012322425842, "fairness_random2500": 0.45135799050331116, "fairness_random3000": 0.5406172871589661, "fairness_random4000": 0.49888888001441956, "fairness_random5000": 0.5209876894950867, "fairness_random6000": 0.5996296405792236, "self-related_random500": 0.5250617265701294, "self-related_random1000": 0.5424691438674927, "self-related_random1500": 0.43567898869514465, "self-related_random2000": 0.5245679020881653, "self-related_random2500": 0.5249382853507996, "self-related_random3000": 0.5311111211776733, "self-related_random4000": 0.44518518447875977, "self-related_random5000": 0.4323456585407257, "self-related_random6000": 0.43567898869514465, "other-related_random500": 0.5487654209136963, "other-related_random1000": 0.5555555820465088, "other-related_random1500": 0.45185184478759766, "other-related_random2000": 0.5382716059684753, "other-related_random2500": 0.5808641910552979, "other-related_random3000": 0.5183950662612915, "other-related_random4000": 0.43567898869514465, "other-related_random5000": 0.4883950650691986, "other-related_random6000": 0.572469174861908, "expectedness_random500": 0.5564197301864624, "expectedness_random1000": 0.5534567832946777, "expectedness_random1500": 0.4546913206577301, "expectedness_random2000": 0.45185184478759766, "expectedness_random2500": 0.43567898869514465, "expectedness_random3000": 0.5272839665412903, "expectedness_random4000": 0.5435802340507507, "expectedness_random5000": 0.510493814945221, "expectedness_random6000": 0.43567898869514465, "non-novelty_random500": 0.5659259557723999, "non-novelty_random1000": 0.5672839283943176, "non-novelty_random1500": 0.5402469038963318, "non-novelty_random2000": 0.543950617313385, "non-novelty_random2500": 0.5571605563163757, "non-novelty_random3000": 0.43567898869514465, "non-novelty_random4000": 0.5019752979278564, "non-novelty_random5000": 0.43567898869514465, "non-novelty_random6000": 0.43567898869514465}