{"sentiment": "relief", "seed": 9, "arousal_random500": 0.8055555820465088, "best": 0.8611111044883728, "arousal_random1000": 0.8611111044883728, "arousal_random1500": 0.8611111044883728, "arousal_random2000": 0.8333333134651184, "arousal_random2500": 0.8611111044883728, "arousal_random3000": 0.5, "arousal_random4000": 0.5, "arousal_random5000": 0.5833333134651184, "arousal_random6000": 0.5277777910232544, "valence_random500": 0.8611111044883728, "valence_random1000": 0.7777777910232544, "valence_random1500": 0.8333333134651184, "valence_random2000": 0.75, "valence_random2500": 0.8055555820465088, "valence_random3000": 0.7777777910232544, "valence_random4000": 0.6666666865348816, "valence_random5000": 0.6666666865348816, "valence_random6000": 0.5, "happy_random500": 0.8333333134651184, "happy_random1000": 0.8888888955116272, "happy_random1500": 0.8055555820465088, "happy_random2000": 0.6388888955116272, "happy_random2500": 0.8611111044883728, "happy_random3000": 0.8888888955116272, "happy_random4000": 0.6111111044883728, "happy_random5000": 0.5555555820465088, "happy_random6000": 0.6944444179534912, "anger_random500": 0.8888888955116272, "anger_random1000": 0.8055555820465088, "anger_random1500": 0.5, "anger_random2000": 0.6388888955116272, "anger_random2500": 0.7222222089767456, "anger_random3000": 0.8055555820465088, "anger_random4000": 0.8611111044883728, "anger_random5000": 0.75, "anger_random6000": 0.7777777910232544, "sad_random500": 0.8611111044883728, "sad_random1000": 0.8611111044883728, "sad_random1500": 0.8611111044883728, "sad_random2000": 0.5, "sad_random2500": 0.8611111044883728, "sad_random3000": 0.5, "sad_random4000": 0.7777777910232544, "sad_random5000": 0.4722222089767456, "sad_random6000": 0.5833333134651184, "fear_random500": 0.8333333134651184, "fear_random1000": 0.8611111044883728, "fear_random1500": 0.8333333134651184, "fear_random2000": 0.8055555820465088, "fear_random2500": 0.6944444179534912, "fear_random3000": 0.8888888955116272, "fear_random4000": 0.6111111044883728, "fear_random5000": 0.6111111044883728, "fear_random6000": 0.5, "surprise_random500": 0.8611111044883728, "surprise_random1000": 0.8333333134651184, "surprise_random1500": 0.8055555820465088, "surprise_random2000": 0.8333333134651184, "surprise_random2500": 0.6944444179534912, "surprise_random3000": 0.75, "surprise_random4000": 0.6944444179534912, "surprise_random5000": 0.75, "surprise_random6000": 0.6388888955116272, "disgust_random500": 0.8611111044883728, "disgust_random1000": 0.8611111044883728, "disgust_random1500": 0.8055555820465088, "disgust_random2000": 0.8055555820465088, "disgust_random2500": 0.6944444179534912, "disgust_random3000": 0.6666666865348816, "disgust_random4000": 0.5, "disgust_random5000": 0.5833333134651184, "disgust_random6000": 0.6388888955116272, "control_random500": 0.8333333134651184, "control_random1000": 0.8333333134651184, "control_random1500": 0.75, "control_random2000": 0.7222222089767456, "control_random2500": 0.8611111044883728, "control_random3000": 0.7777777910232544, "control_random4000": 0.75, "control_random5000": 0.5555555820465088, "control_random6000": 0.6944444179534912, "fairness_random500": 0.8055555820465088, "fairness_random1000": 0.8888888955116272, "fairness_random1500": 0.8611111044883728, "fairness_random2000": 0.8333333134651184, "fairness_random2500": 0.75, "fairness_random3000": 0.6111111044883728, "fairness_random4000": 0.7777777910232544, "fairness_random5000": 0.5277777910232544, "fairness_random6000": 0.7222222089767456, "self-related_random500": 0.8611111044883728, "self-related_random1000": 0.8055555820465088, "self-related_random1500": 0.7777777910232544, "self-related_random2000": 0.8333333134651184, "self-related_random2500": 0.8611111044883728, "self-related_random3000": 0.5, "self-related_random4000": 0.5277777910232544, "self-related_random5000": 0.7777777910232544, "self-related_random6000": 0.6944444179534912, "other-related_random500": 0.8888888955116272, "other-related_random1000": 0.4444444477558136, "other-related_random1500": 0.9166666865348816, "other-related_random2000": 0.8333333134651184, "other-related_random2500": 0.6666666865348816, "other-related_random3000": 0.7222222089767456, "other-related_random4000": 0.6944444179534912, "other-related_random5000": 0.6666666865348816, "other-related_random6000": 0.5, "expectedness_random500": 0.8333333134651184, "expectedness_random1000": 0.8333333134651184, "expectedness_random1500": 0.8055555820465088, "expectedness_random2000": 0.8333333134651184, "expectedness_random2500": 0.7777777910232544, "expectedness_random3000": 0.6944444179534912, "expectedness_random4000": 0.7222222089767456, "expectedness_random5000": 0.6944444179534912, "expectedness_random6000": 0.6944444179534912, "non-novelty_random500": 0.8611111044883728, "non-novelty_random1000": 0.8333333134651184, "non-novelty_random1500": 0.7777777910232544, "non-novelty_random2000": 0.7222222089767456, "non-novelty_random2500": 0.8611111044883728, "non-novelty_random3000": 0.8055555820465088, "non-novelty_random4000": 0.5277777910232544, "non-novelty_random5000": 0.6666666865348816, "non-novelty_random6000": 0.6388888955116272}