{"sentiment": "remorse", "seed": 11, "arousal_random500": 0.9600000381469727, "best": 0.9411764740943909, "arousal_random1000": 0.9600000381469727, "arousal_random1500": 0.9600000381469727, "arousal_random2000": 0.9550000429153442, "arousal_random2500": 0.9600000381469727, "arousal_random3000": 0.9600000381469727, "arousal_random4000": 0.8911111354827881, "arousal_random5000": 0.926111102104187, "arousal_random6000": 0.9550000429153442, "valence_random500": 0.9600000381469727, "valence_random1000": 0.9600000381469727, "valence_random1500": 0.9600000381469727, "valence_random2000": 0.9600000381469727, "valence_random2500": 0.9550000429153442, "valence_random3000": 0.9311110973358154, "valence_random4000": 0.9550000429153442, "valence_random5000": 0.9600000381469727, "valence_random6000": 0.6688889265060425, "happy_random500": 0.9600000381469727, "happy_random1000": 0.9600000381469727, "happy_random1500": 0.9600000381469727, "happy_random2000": 0.9550000429153442, "happy_random2500": 0.9600000381469727, "happy_random3000": 0.7822222113609314, "happy_random4000": 0.9083333015441895, "happy_random5000": 0.4055555462837219, "happy_random6000": 0.3166666626930237, "anger_random500": 0.9600000381469727, "anger_random1000": 0.9600000381469727, "anger_random1500": 0.9600000381469727, "anger_random2000": 0.9600000381469727, "anger_random2500": 0.9550000429153442, "anger_random3000": 0.9411110877990723, "anger_random4000": 0.9411110877990723, "anger_random5000": 0.9550000429153442, "anger_random6000": 0.9550000429153442, "sad_random500": 0.9600000381469727, "sad_random1000": 0.9600000381469727, "sad_random1500": 0.9600000381469727, "sad_random2000": 0.9511110782623291, "sad_random2500": 0.9550000429153442, "sad_random3000": 0.7961111068725586, "sad_random4000": 0.9461110830307007, "sad_random5000": 0.3816666603088379, "sad_random6000": 0.949999988079071, "fear_random500": 0.9600000381469727, "fear_random1000": 0.9600000381469727, "fear_random1500": 0.9600000381469727, "fear_random2000": 0.9600000381469727, "fear_random2500": 0.9550000429153442, "fear_random3000": 0.9600000381469727, "fear_random4000": 0.9550000429153442, "fear_random5000": 0.7861111164093018, "fear_random6000": 0.9600000381469727, "surprise_random500": 0.9550000429153442, "surprise_random1000": 0.9600000381469727, "surprise_random1500": 0.9600000381469727, "surprise_random2000": 0.9600000381469727, "surprise_random2500": 0.9600000381469727, "surprise_random3000": 0.9411110877990723, "surprise_random4000": 0.9550000429153442, "surprise_random5000": 0.9600000381469727, "surprise_random6000": 0.8894444704055786, "disgust_random500": 0.9600000381469727, "disgust_random1000": 0.9600000381469727, "disgust_random1500": 0.9600000381469727, "disgust_random2000": 0.9550000429153442, "disgust_random2500": 0.9550000429153442, "disgust_random3000": 0.9411110877990723, "disgust_random4000": 0.9600000381469727, "disgust_random5000": 0.5594444274902344, "disgust_random6000": 0.3816666603088379, "control_random500": 0.9600000381469727, "control_random1000": 0.9600000381469727, "control_random1500": 0.9600000381469727, "control_random2000": 0.9600000381469727, "control_random2500": 0.9550000429153442, "control_random3000": 0.9550000429153442, "control_random4000": 0.9550000429153442, "control_random5000": 0.8855555653572083, "control_random6000": 0.3816666603088379, "fairness_random500": 0.9600000381469727, "fairness_random1000": 0.9600000381469727, "fairness_random1500": 0.9600000381469727, "fairness_random2000": 0.9550000429153442, "fairness_random2500": 0.9600000381469727, "fairness_random3000": 0.949999988079071, "fairness_random4000": 0.9600000381469727, "fairness_random5000": 0.9600000381469727, "fairness_random6000": 0.9550000429153442, "self-related_random500": 0.9411110877990723, "self-related_random1000": 0.9600000381469727, "self-related_random1500": 0.9550000429153442, "self-related_random2000": 0.9600000381469727, "self-related_random2500": 0.9550000429153442, "self-related_random3000": 0.9311110973358154, "self-related_random4000": 0.9600000381469727, "self-related_random5000": 0.9550000429153442, "self-related_random6000": 0.9600000381469727, "other-related_random500": 0.9600000381469727, "other-related_random1000": 0.9350000023841858, "other-related_random1500": 0.9600000381469727, "other-related_random2000": 0.9600000381469727, "other-related_random2500": 0.9550000429153442, "other-related_random3000": 0.9550000429153442, "other-related_random4000": 0.9600000381469727, "other-related_random5000": 0.9411110877990723, "other-related_random6000": 0.43833333253860474, "expectedness_random500": 0.9600000381469727, "expectedness_random1000": 0.9550000429153442, "expectedness_random1500": 0.9600000381469727, "expectedness_random2000": 0.9600000381469727, "expectedness_random2500": 0.9550000429153442, "expectedness_random3000": 0.9511110782623291, "expectedness_random4000": 0.9600000381469727, "expectedness_random5000": 0.3816666603088379, "expectedness_random6000": 0.9600000381469727, "non-novelty_random500": 0.9600000381469727, "non-novelty_random1000": 0.9600000381469727, "non-novelty_random1500": 0.9600000381469727, "non-novelty_random2000": 0.9600000381469727, "non-novelty_random2500": 0.9550000429153442, "non-novelty_random3000": 0.9600000381469727, "non-novelty_random4000": 0.9550000429153442, "non-novelty_random5000": 0.9461110830307007, "non-novelty_random6000": 0.8755555152893066}