{"sentiment": "remorse", "seed": 17, "arousal_random500": 0.9700000286102295, "best": 0.9485294222831726, "arousal_random1000": 0.9700000286102295, "arousal_random1500": 0.9600000381469727, "arousal_random2000": 0.9700000286102295, "arousal_random2500": 0.8455555438995361, "arousal_random3000": 0.3538888990879059, "arousal_random4000": 0.5077778100967407, "arousal_random5000": 0.3400000035762787, "arousal_random6000": 0.9650000333786011, "valence_random500": 0.9550000429153442, "valence_random1000": 0.9700000286102295, "valence_random1500": 0.9700000286102295, "valence_random2000": 0.9700000286102295, "valence_random2500": 0.9650000333786011, "valence_random3000": 0.9461110830307007, "valence_random4000": 0.9700000286102295, "valence_random5000": 0.9600000381469727, "valence_random6000": 0.2849999964237213, "happy_random500": 0.9650000333786011, "happy_random1000": 0.9600000381469727, "happy_random1500": 0.9650000333786011, "happy_random2000": 0.9700000286102295, "happy_random2500": 0.9650000333786011, "happy_random3000": 0.9550000429153442, "happy_random4000": 0.9272222518920898, "happy_random5000": 0.3449999988079071, "happy_random6000": 0.8177777528762817, "anger_random500": 0.9700000286102295, "anger_random1000": 0.9361110925674438, "anger_random1500": 0.522777795791626, "anger_random2000": 0.9700000286102295, "anger_random2500": 0.3816666603088379, "anger_random3000": 0.8983333110809326, "anger_random4000": 0.9700000286102295, "anger_random5000": 0.9550000429153442, "anger_random6000": 0.9650000333786011, "sad_random500": 0.9550000429153442, "sad_random1000": 0.9700000286102295, "sad_random1500": 0.9600000381469727, "sad_random2000": 0.7433333396911621, "sad_random2500": 0.9600000381469727, "sad_random3000": 0.36277779936790466, "sad_random4000": 0.7016666531562805, "sad_random5000": 0.3677777945995331, "sad_random6000": 0.9600000381469727, "fear_random500": 0.9361110925674438, "fear_random1000": 0.9700000286102295, "fear_random1500": 0.9600000381469727, "fear_random2000": 0.9700000286102295, "fear_random2500": 0.9700000286102295, "fear_random3000": 0.9600000381469727, "fear_random4000": 0.3400000035762787, "fear_random5000": 0.3400000035762787, "fear_random6000": 0.9650000333786011, "surprise_random500": 0.9650000333786011, "surprise_random1000": 0.9650000333786011, "surprise_random1500": 0.9272222518920898, "surprise_random2000": 0.9650000333786011, "surprise_random2500": 0.9700000286102295, "surprise_random3000": 0.9700000286102295, "surprise_random4000": 0.9172222018241882, "surprise_random5000": 0.3400000035762787, "surprise_random6000": 0.7572221755981445, "disgust_random500": 0.9550000429153442, "disgust_random1000": 0.9272222518920898, "disgust_random1500": 0.9600000381469727, "disgust_random2000": 0.9700000286102295, "disgust_random2500": 0.9700000286102295, "disgust_random3000": 0.9700000286102295, "disgust_random4000": 0.3400000035762787, "disgust_random5000": 0.8794444799423218, "disgust_random6000": 0.3400000035762787, "control_random500": 0.9411110877990723, "control_random1000": 0.9411110877990723, "control_random1500": 0.9700000286102295, "control_random2000": 0.9700000286102295, "control_random2500": 0.9461110830307007, "control_random3000": 0.8366666436195374, "control_random4000": 0.9600000381469727, "control_random5000": 0.3400000035762787, "control_random6000": 0.3400000035762787, "fairness_random500": 0.9600000381469727, "fairness_random1000": 0.9700000286102295, "fairness_random1500": 0.9361110925674438, "fairness_random2000": 0.9550000429153442, "fairness_random2500": 0.9700000286102295, "fairness_random3000": 0.9700000286102295, "fairness_random4000": 0.9411110877990723, "fairness_random5000": 0.3588888943195343, "fairness_random6000": 0.7483333349227905, "self-related_random500": 0.9650000333786011, "self-related_random1000": 0.9700000286102295, "self-related_random1500": 0.9600000381469727, "self-related_random2000": 0.9700000286102295, "self-related_random2500": 0.9600000381469727, "self-related_random3000": 0.9700000286102295, "self-related_random4000": 0.9372222423553467, "self-related_random5000": 0.9700000286102295, "self-related_random6000": 0.5744444131851196, "other-related_random500": 0.9700000286102295, "other-related_random1000": 0.8605555295944214, "other-related_random1500": 0.949999988079071, "other-related_random2000": 0.9650000333786011, "other-related_random2500": 0.9700000286102295, "other-related_random3000": 0.9700000286102295, "other-related_random4000": 0.9600000381469727, "other-related_random5000": 0.9372222423553467, "other-related_random6000": 0.3400000035762787, "expectedness_random500": 0.9600000381469727, "expectedness_random1000": 0.9650000333786011, "expectedness_random1500": 0.9700000286102295, "expectedness_random2000": 0.9700000286102295, "expectedness_random2500": 0.9700000286102295, "expectedness_random3000": 0.9700000286102295, "expectedness_random4000": 0.9550000429153442, "expectedness_random5000": 0.3400000035762787, "expectedness_random6000": 0.3400000035762787, "non-novelty_random500": 0.9700000286102295, "non-novelty_random1000": 0.9650000333786011, "non-novelty_random1500": 0.9700000286102295, "non-novelty_random2000": 0.9700000286102295, "non-novelty_random2500": 0.6577777862548828, "non-novelty_random3000": 0.9122222065925598, "non-novelty_random4000": 0.9700000286102295, "non-novelty_random5000": 0.8744444847106934, "non-novelty_random6000": 0.3400000035762787}