{"sentiment": "remorse", "seed": 19, "arousal_random500": 0.9611110687255859, "best": 0.9558823704719543, "arousal_random1000": 0.9611110687255859, "arousal_random1500": 0.9472222328186035, "arousal_random2000": 0.9561110734939575, "arousal_random2500": 0.9750000238418579, "arousal_random3000": 0.3588888943195343, "arousal_random4000": 0.2588889002799988, "arousal_random5000": 0.3588888943195343, "arousal_random6000": 0.8300000429153442, "valence_random500": 0.9472222328186035, "valence_random1000": 0.9472222328186035, "valence_random1500": 0.9611110687255859, "valence_random2000": 0.9472222328186035, "valence_random2500": 0.9561110734939575, "valence_random3000": 0.4533333480358124, "valence_random4000": 0.3777777850627899, "valence_random5000": 0.5894444584846497, "valence_random6000": 0.602222204208374, "happy_random500": 0.9611110687255859, "happy_random1000": 0.9472222328186035, "happy_random1500": 0.9472222328186035, "happy_random2000": 0.9600000381469727, "happy_random2500": 0.9472222328186035, "happy_random3000": 0.5994444489479065, "happy_random4000": 0.570555567741394, "happy_random5000": 0.3588888943195343, "happy_random6000": 0.902222216129303, "anger_random500": 0.9561110734939575, "anger_random1000": 0.9233333468437195, "anger_random1500": 0.5188888907432556, "anger_random2000": 0.9650000333786011, "anger_random2500": 0.5844444036483765, "anger_random3000": 0.3588888943195343, "anger_random4000": 0.9611110687255859, "anger_random5000": 0.862777829170227, "anger_random6000": 0.9322222471237183, "sad_random500": 0.9472222328186035, "sad_random1000": 0.9611110687255859, "sad_random1500": 0.9611110687255859, "sad_random2000": 0.8905555605888367, "sad_random2500": 0.9750000238418579, "sad_random3000": 0.6411111354827881, "sad_random4000": 0.3588888943195343, "sad_random5000": 0.3816666603088379, "sad_random6000": 0.6411111354827881, "fear_random500": 0.9472222328186035, "fear_random1000": 0.9472222328186035, "fear_random1500": 0.9611110687255859, "fear_random2000": 0.9472222328186035, "fear_random2500": 0.9700000286102295, "fear_random3000": 0.8955555558204651, "fear_random4000": 0.3588888943195343, "fear_random5000": 0.3588888943195343, "fear_random6000": 0.9183333516120911, "surprise_random500": 0.9611110687255859, "surprise_random1000": 0.9611110687255859, "surprise_random1500": 0.9422222375869751, "surprise_random2000": 0.9611110687255859, "surprise_random2500": 0.9611110687255859, "surprise_random3000": 0.7455555200576782, "surprise_random4000": 0.9561110734939575, "surprise_random5000": 0.3588888943195343, "surprise_random6000": 0.3638888895511627, "disgust_random500": 0.9472222328186035, "disgust_random1000": 0.9283333420753479, "disgust_random1500": 0.9611110687255859, "disgust_random2000": 0.9611110687255859, "disgust_random2500": 0.9372222423553467, "disgust_random3000": 0.9700000286102295, "disgust_random4000": 0.3588888943195343, "disgust_random5000": 0.3638888895511627, "disgust_random6000": 0.3588888943195343, "control_random500": 0.9611110687255859, "control_random1000": 0.9472222328186035, "control_random1500": 0.9700000286102295, "control_random2000": 0.9700000286102295, "control_random2500": 0.9283333420753479, "control_random3000": 0.8300000429153442, "control_random4000": 0.9611110687255859, "control_random5000": 0.39666664600372314, "control_random6000": 0.3588888943195343, "fairness_random500": 0.9611110687255859, "fairness_random1000": 0.9472222328186035, "fairness_random1500": 0.9472222328186035, "fairness_random2000": 0.8955555558204651, "fairness_random2500": 0.9333333373069763, "fairness_random3000": 0.9700000286102295, "fairness_random4000": 0.847777783870697, "fairness_random5000": 0.6977777481079102, "fairness_random6000": 0.7116666436195374, "self-related_random500": 0.9611110687255859, "self-related_random1000": 0.9750000238418579, "self-related_random1500": 0.9611110687255859, "self-related_random2000": 0.9472222328186035, "self-related_random2500": 0.9611110687255859, "self-related_random3000": 0.6838889122009277, "self-related_random4000": 0.6688889265060425, "self-related_random5000": 0.9600000381469727, "self-related_random6000": 0.3588888943195343, "other-related_random500": 0.9611110687255859, "other-related_random1000": 0.12166666984558105, "other-related_random1500": 0.9472222328186035, "other-related_random2000": 0.9233333468437195, "other-related_random2500": 0.6877777576446533, "other-related_random3000": 0.9422222375869751, "other-related_random4000": 0.3588888943195343, "other-related_random5000": 0.38277778029441833, "other-related_random6000": 0.3588888943195343, "expectedness_random500": 0.9472222328186035, "expectedness_random1000": 0.9472222328186035, "expectedness_random1500": 0.9472222328186035, "expectedness_random2000": 0.9611110687255859, "expectedness_random2500": 0.9611110687255859, "expectedness_random3000": 0.7922222018241882, "expectedness_random4000": 0.9283333420753479, "expectedness_random5000": 0.5477777719497681, "expectedness_random6000": 0.3588888943195343, "non-novelty_random500": 0.9611110687255859, "non-novelty_random1000": 0.9611110687255859, "non-novelty_random1500": 0.9611110687255859, "non-novelty_random2000": 0.9561110734939575, "non-novelty_random2500": 0.39666664600372314, "non-novelty_random3000": 0.3588888943195343, "non-novelty_random4000": 0.9550000429153442, "non-novelty_random5000": 0.8288888931274414, "non-novelty_random6000": 0.3588888943195343}