{"sentiment": "remorse", "seed": 3, "arousal_random500": 0.9333333373069763, "best": 0.9485294222831726, "arousal_random1000": 0.9333333373069763, "arousal_random1500": 0.9244444370269775, "arousal_random2000": 0.9333333373069763, "arousal_random2500": 0.9055555462837219, "arousal_random3000": 0.3588888943195343, "arousal_random4000": 0.8655555248260498, "arousal_random5000": 0.3588888943195343, "arousal_random6000": 0.8961111307144165, "valence_random500": 0.9144444465637207, "valence_random1000": 0.9383333325386047, "valence_random1500": 0.9383333325386047, "valence_random2000": 0.9333333373069763, "valence_random2500": 0.9055555462837219, "valence_random3000": 0.9244444370269775, "valence_random4000": 0.3588888943195343, "valence_random5000": 0.5, "valence_random6000": 0.6299999952316284, "happy_random500": 0.9383333325386047, "happy_random1000": 0.9333333373069763, "happy_random1500": 0.9333333373069763, "happy_random2000": 0.9233333468437195, "happy_random2500": 0.9244444370269775, "happy_random3000": 0.9333333373069763, "happy_random4000": 0.4005555510520935, "happy_random5000": 0.3588888943195343, "happy_random6000": 0.6738889217376709, "anger_random500": 0.9383333325386047, "anger_random1000": 0.8400000333786011, "anger_random1500": 0.4005555510520935, "anger_random2000": 0.9333333373069763, "anger_random2500": 0.3588888943195343, "anger_random3000": 0.7833333015441895, "anger_random4000": 0.7933333516120911, "anger_random5000": 0.9194444417953491, "anger_random6000": 0.824999988079071, "sad_random500": 0.9194444417953491, "sad_random1000": 0.9333333373069763, "sad_random1500": 0.9194444417953491, "sad_random2000": 0.3727777898311615, "sad_random2500": 0.9333333373069763, "sad_random3000": 0.8461111187934875, "sad_random4000": 0.3588888943195343, "sad_random5000": 0.6155555248260498, "sad_random6000": 0.8300000429153442, "fear_random500": 0.9194444417953491, "fear_random1000": 0.9333333373069763, "fear_random1500": 0.8350000381469727, "fear_random2000": 0.9283333420753479, "fear_random2500": 0.9333333373069763, "fear_random3000": 0.9333333373069763, "fear_random4000": 0.3588888943195343, "fear_random5000": 0.3588888943195343, "fear_random6000": 0.9511110782623291, "surprise_random500": 0.9383333325386047, "surprise_random1000": 0.9333333373069763, "surprise_random1500": 0.9483333826065063, "surprise_random2000": 0.9333333373069763, "surprise_random2500": 0.9333333373069763, "surprise_random3000": 0.8816666603088379, "surprise_random4000": 0.3588888943195343, "surprise_random5000": 0.7616666555404663, "surprise_random6000": 0.3727777898311615, "disgust_random500": 0.9194444417953491, "disgust_random1000": 0.7883333563804626, "disgust_random1500": 0.9194444417953491, "disgust_random2000": 0.9333333373069763, "disgust_random2500": 0.9333333373069763, "disgust_random3000": 0.9105555415153503, "disgust_random4000": 0.9194444417953491, "disgust_random5000": 0.7972221970558167, "disgust_random6000": 0.3588888943195343, "control_random500": 0.9383333325386047, "control_random1000": 0.9194444417953491, "control_random1500": 0.9333333373069763, "control_random2000": 0.9333333373069763, "control_random2500": 0.9383333325386047, "control_random3000": 0.43833333253860474, "control_random4000": 0.6877777576446533, "control_random5000": 0.3588888943195343, "control_random6000": 0.3588888943195343, "fairness_random500": 0.9333333373069763, "fairness_random1000": 0.9383333325386047, "fairness_random1500": 0.8816666603088379, "fairness_random2000": 0.9383333325386047, "fairness_random2500": 0.9244444370269775, "fairness_random3000": 0.9333333373069763, "fairness_random4000": 0.5883333086967468, "fairness_random5000": 0.4094444513320923, "fairness_random6000": 0.3588888943195343, "self-related_random500": 0.9383333325386047, "self-related_random1000": 0.9333333373069763, "self-related_random1500": 0.9194444417953491, "self-related_random2000": 0.9383333325386047, "self-related_random2500": 0.9244444370269775, "self-related_random3000": 0.9333333373069763, "self-related_random4000": 0.8916666507720947, "self-related_random5000": 0.9333333373069763, "self-related_random6000": 0.3727777898311615, "other-related_random500": 0.9383333325386047, "other-related_random1000": 0.7594444751739502, "other-related_random1500": 0.8588888645172119, "other-related_random2000": 0.7355555295944214, "other-related_random2500": 0.9244444370269775, "other-related_random3000": 0.9333333373069763, "other-related_random4000": 0.8488888740539551, "other-related_random5000": 0.3588888943195343, "other-related_random6000": 0.3588888943195343, "expectedness_random500": 0.9383333325386047, "expectedness_random1000": 0.9333333373069763, "expectedness_random1500": 0.9333333373069763, "expectedness_random2000": 0.9333333373069763, "expectedness_random2500": 0.9333333373069763, "expectedness_random3000": 0.5366666913032532, "expectedness_random4000": 0.8311110734939575, "expectedness_random5000": 0.3588888943195343, "expectedness_random6000": 0.4950000047683716, "non-novelty_random500": 0.9383333325386047, "non-novelty_random1000": 0.9194444417953491, "non-novelty_random1500": 0.9333333373069763, "non-novelty_random2000": 0.9333333373069763, "non-novelty_random2500": 0.3588888943195343, "non-novelty_random3000": 0.6588889360427856, "non-novelty_random4000": 0.9183333516120911, "non-novelty_random5000": 0.3588888943195343, "non-novelty_random6000": 0.3588888943195343}