{"sentiment": "remorse", "seed": 5, "arousal_random500": 0.9750000238418579, "best": 0.9632353186607361, "arousal_random1000": 0.9750000238418579, "arousal_random1500": 0.9550000429153442, "arousal_random2000": 0.9750000238418579, "arousal_random2500": 0.9700000286102295, "arousal_random3000": 0.9550000429153442, "arousal_random4000": 0.6222222447395325, "arousal_random5000": 0.43444445729255676, "arousal_random6000": 0.8922221660614014, "valence_random500": 0.9700000286102295, "valence_random1000": 0.9750000238418579, "valence_random1500": 0.9700000286102295, "valence_random2000": 0.9550000429153442, "valence_random2500": 0.9650000333786011, "valence_random3000": 0.9650000333786011, "valence_random4000": 0.9700000286102295, "valence_random5000": 0.9800000190734863, "valence_random6000": 0.522777795791626, "happy_random500": 0.9750000238418579, "happy_random1000": 0.9750000238418579, "happy_random1500": 0.9700000286102295, "happy_random2000": 0.9700000286102295, "happy_random2500": 0.9611110687255859, "happy_random3000": 0.7644444704055786, "happy_random4000": 0.9700000286102295, "happy_random5000": 0.778333306312561, "happy_random6000": 0.9072222113609314, "anger_random500": 0.9700000286102295, "anger_random1000": 0.9750000238418579, "anger_random1500": 0.9750000238418579, "anger_random2000": 0.9700000286102295, "anger_random2500": 0.9600000381469727, "anger_random3000": 0.9650000333786011, "anger_random4000": 0.9550000429153442, "anger_random5000": 0.862777829170227, "anger_random6000": 0.9550000429153442, "sad_random500": 0.9750000238418579, "sad_random1000": 0.9750000238418579, "sad_random1500": 0.9700000286102295, "sad_random2000": 0.949999988079071, "sad_random2500": 0.9700000286102295, "sad_random3000": 0.9411110877990723, "sad_random4000": 0.6877777576446533, "sad_random5000": 0.8616666793823242, "sad_random6000": 0.9650000333786011, "fear_random500": 0.9750000238418579, "fear_random1000": 0.9750000238418579, "fear_random1500": 0.9700000286102295, "fear_random2000": 0.9700000286102295, "fear_random2500": 0.9700000286102295, "fear_random3000": 0.9750000238418579, "fear_random4000": 0.7583333253860474, "fear_random5000": 0.45444443821907043, "fear_random6000": 0.9750000238418579, "surprise_random500": 0.9194444417953491, "surprise_random1000": 0.9611110687255859, "surprise_random1500": 0.9700000286102295, "surprise_random2000": 0.9750000238418579, "surprise_random2500": 0.9750000238418579, "surprise_random3000": 0.9750000238418579, "surprise_random4000": 0.9700000286102295, "surprise_random5000": 0.3588888943195343, "surprise_random6000": 0.8799999952316284, "disgust_random500": 0.9750000238418579, "disgust_random1000": 0.9700000286102295, "disgust_random1500": 0.9750000238418579, "disgust_random2000": 0.9611110687255859, "disgust_random2500": 0.949999988079071, "disgust_random3000": 0.9700000286102295, "disgust_random4000": 0.9600000381469727, "disgust_random5000": 0.3588888943195343, "disgust_random6000": 0.3588888943195343, "control_random500": 0.9750000238418579, "control_random1000": 0.9700000286102295, "control_random1500": 0.9700000286102295, "control_random2000": 0.9750000238418579, "control_random2500": 0.9700000286102295, "control_random3000": 0.9750000238418579, "control_random4000": 0.9600000381469727, "control_random5000": 0.9550000429153442, "control_random6000": 0.8905555605888367, "fairness_random500": 0.9700000286102295, "fairness_random1000": 0.9750000238418579, "fairness_random1500": 0.9700000286102295, "fairness_random2000": 0.9750000238418579, "fairness_random2500": 0.9700000286102295, "fairness_random3000": 0.9700000286102295, "fairness_random4000": 0.9561110734939575, "fairness_random5000": 0.9272222518920898, "fairness_random6000": 0.949999988079071, "self-related_random500": 0.9700000286102295, "self-related_random1000": 0.9700000286102295, "self-related_random1500": 0.9700000286102295, "self-related_random2000": 0.9700000286102295, "self-related_random2500": 0.9700000286102295, "self-related_random3000": 0.9411110877990723, "self-related_random4000": 0.9600000381469727, "self-related_random5000": 0.4633333384990692, "self-related_random6000": 0.3727777898311615, "other-related_random500": 0.9700000286102295, "other-related_random1000": 0.2822222113609314, "other-related_random1500": 0.9700000286102295, "other-related_random2000": 0.9600000381469727, "other-related_random2500": 0.8855555653572083, "other-related_random3000": 0.9550000429153442, "other-related_random4000": 0.9550000429153442, "other-related_random5000": 0.5288888812065125, "other-related_random6000": 0.4355555474758148, "expectedness_random500": 0.9750000238418579, "expectedness_random1000": 0.9700000286102295, "expectedness_random1500": 0.9700000286102295, "expectedness_random2000": 0.9700000286102295, "expectedness_random2500": 0.9550000429153442, "expectedness_random3000": 0.9800000190734863, "expectedness_random4000": 0.9700000286102295, "expectedness_random5000": 0.5805555582046509, "expectedness_random6000": 0.47333332896232605, "non-novelty_random500": 0.9700000286102295, "non-novelty_random1000": 0.9750000238418579, "non-novelty_random1500": 0.9700000286102295, "non-novelty_random2000": 0.9550000429153442, "non-novelty_random2500": 0.9650000333786011, "non-novelty_random3000": 0.9750000238418579, "non-novelty_random4000": 0.9650000333786011, "non-novelty_random5000": 0.9600000381469727, "non-novelty_random6000": 0.3588888943195343}