{"sentiment": "remorse", "seed": 15, "arousal_random500": 0.9661110639572144, "best": 0.9632353186607361, "arousal_random1000": 0.9611110687255859, "arousal_random1500": 0.9611110687255859, "arousal_random2000": 0.9611110687255859, "arousal_random2500": 0.7266666889190674, "arousal_random3000": 0.3400000035762787, "arousal_random4000": 0.5199999809265137, "arousal_random5000": 0.3400000035762787, "arousal_random6000": 0.9650000333786011, "valence_random500": 0.9522222280502319, "valence_random1000": 0.9800000190734863, "valence_random1500": 0.9750000238418579, "valence_random2000": 0.9472222328186035, "valence_random2500": 0.9700000286102295, "valence_random3000": 0.847777783870697, "valence_random4000": 0.8388888835906982, "valence_random5000": 0.7949999570846558, "valence_random6000": 0.6650000214576721, "happy_random500": 0.9661110639572144, "happy_random1000": 0.9422222375869751, "happy_random1500": 0.871666669845581, "happy_random2000": 0.9700000286102295, "happy_random2500": 0.9561110734939575, "happy_random3000": 0.7733333110809326, "happy_random4000": 0.8577778339385986, "happy_random5000": 0.7472221851348877, "happy_random6000": 0.3094444274902344, "anger_random500": 0.9750000238418579, "anger_random1000": 0.9472222328186035, "anger_random1500": 0.5038889050483704, "anger_random2000": 0.9700000286102295, "anger_random2500": 0.3400000035762787, "anger_random3000": 0.625, "anger_random4000": 0.6111111044883728, "anger_random5000": 0.753333330154419, "anger_random6000": 0.3400000035762787, "sad_random500": 0.9472222328186035, "sad_random1000": 0.9661110639572144, "sad_random1500": 0.9611110687255859, "sad_random2000": 0.9283333420753479, "sad_random2500": 0.9422222375869751, "sad_random3000": 0.8650000095367432, "sad_random4000": 0.3538888990879059, "sad_random5000": 0.42888888716697693, "sad_random6000": 0.8799999952316284, "fear_random500": 0.9522222280502319, "fear_random1000": 0.9750000238418579, "fear_random1500": 0.9611110687255859, "fear_random2000": 0.9750000238418579, "fear_random2500": 0.9750000238418579, "fear_random3000": 0.9661110639572144, "fear_random4000": 0.3400000035762787, "fear_random5000": 0.3400000035762787, "fear_random6000": 0.7888889312744141, "surprise_random500": 0.9611110687255859, "surprise_random1000": 0.9611110687255859, "surprise_random1500": 0.9472222328186035, "surprise_random2000": 0.9661110639572144, "surprise_random2500": 0.9700000286102295, "surprise_random3000": 0.9522222280502319, "surprise_random4000": 0.8100000023841858, "surprise_random5000": 0.3400000035762787, "surprise_random6000": 0.7522221803665161, "disgust_random500": 0.9472222328186035, "disgust_random1000": 0.9233333468437195, "disgust_random1500": 0.9661110639572144, "disgust_random2000": 0.9611110687255859, "disgust_random2500": 0.9561110734939575, "disgust_random3000": 0.9522222280502319, "disgust_random4000": 0.3400000035762787, "disgust_random5000": 0.397777795791626, "disgust_random6000": 0.3400000035762787, "control_random500": 0.9522222280502319, "control_random1000": 0.9383333325386047, "control_random1500": 0.9750000238418579, "control_random2000": 0.9750000238418579, "control_random2500": 0.8955555558204651, "control_random3000": 0.9522222280502319, "control_random4000": 0.9750000238418579, "control_random5000": 0.3400000035762787, "control_random6000": 0.3400000035762787, "fairness_random500": 0.9661110639572144, "fairness_random1000": 0.9611110687255859, "fairness_random1500": 0.9044444561004639, "fairness_random2000": 0.9611110687255859, "fairness_random2500": 0.9522222280502319, "fairness_random3000": 0.9750000238418579, "fairness_random4000": 0.8577778339385986, "fairness_random5000": 0.3727777898311615, "fairness_random6000": 0.5972222089767456, "self-related_random500": 0.9522222280502319, "self-related_random1000": 0.9750000238418579, "self-related_random1500": 0.9750000238418579, "self-related_random2000": 0.9750000238418579, "self-related_random2500": 0.9750000238418579, "self-related_random3000": 0.9750000238418579, "self-related_random4000": 0.6766666173934937, "self-related_random5000": 0.9750000238418579, "self-related_random6000": 0.6866666674613953, "other-related_random500": 0.9750000238418579, "other-related_random1000": 0.37166666984558105, "other-related_random1500": 0.9611110687255859, "other-related_random2000": 0.9005555510520935, "other-related_random2500": 0.7038888931274414, "other-related_random3000": 0.9611110687255859, "other-related_random4000": 0.9611110687255859, "other-related_random5000": 0.6399999856948853, "other-related_random6000": 0.3400000035762787, "expectedness_random500": 0.9472222328186035, "expectedness_random1000": 0.9661110639572144, "expectedness_random1500": 0.9750000238418579, "expectedness_random2000": 0.9611110687255859, "expectedness_random2500": 0.9661110639572144, "expectedness_random3000": 0.602222204208374, "expectedness_random4000": 0.9522222280502319, "expectedness_random5000": 0.5772222280502319, "expectedness_random6000": 0.44611111283302307, "non-novelty_random500": 0.9611110687255859, "non-novelty_random1000": 0.9472222328186035, "non-novelty_random1500": 0.9750000238418579, "non-novelty_random2000": 0.9750000238418579, "non-novelty_random2500": 0.4699999988079071, "non-novelty_random3000": 0.8188889026641846, "non-novelty_random4000": 0.9550000429153442, "non-novelty_random5000": 0.3400000035762787, "non-novelty_random6000": 0.3400000035762787}