{"sentiment": "remorse", "seed": 9, "arousal_random500": 0.9472222328186035, "best": 0.9485294222831726, "arousal_random1000": 0.9561110734939575, "arousal_random1500": 0.9233333468437195, "arousal_random2000": 0.9700000286102295, "arousal_random2500": 0.9372222423553467, "arousal_random3000": 0.3400000035762787, "arousal_random4000": 0.8061110973358154, "arousal_random5000": 0.9650000333786011, "arousal_random6000": 0.5316666960716248, "valence_random500": 0.9422222375869751, "valence_random1000": 0.9472222328186035, "valence_random1500": 0.9561110734939575, "valence_random2000": 0.9750000238418579, "valence_random2500": 0.9700000286102295, "valence_random3000": 0.9133333563804626, "valence_random4000": 0.9422222375869751, "valence_random5000": 0.9372222423553467, "valence_random6000": 0.5733333230018616, "happy_random500": 0.9472222328186035, "happy_random1000": 0.9611110687255859, "happy_random1500": 0.8905555605888367, "happy_random2000": 0.8949999809265137, "happy_random2500": 0.9611110687255859, "happy_random3000": 0.9650000333786011, "happy_random4000": 0.9561110734939575, "happy_random5000": 0.3400000035762787, "happy_random6000": 0.8377777934074402, "anger_random500": 0.9611110687255859, "anger_random1000": 0.9422222375869751, "anger_random1500": 0.4444444477558136, "anger_random2000": 0.949999988079071, "anger_random2500": 0.3916666507720947, "anger_random3000": 0.9422222375869751, "anger_random4000": 0.8727778196334839, "anger_random5000": 0.9511110782623291, "anger_random6000": 0.9511110782623291, "sad_random500": 0.9611110687255859, "sad_random1000": 0.9472222328186035, "sad_random1500": 0.9422222375869751, "sad_random2000": 0.6322222352027893, "sad_random2500": 0.9611110687255859, "sad_random3000": 0.8899999856948853, "sad_random4000": 0.7961111068725586, "sad_random5000": 0.551111102104187, "sad_random6000": 0.9350000023841858, "fear_random500": 0.9422222375869751, "fear_random1000": 0.9472222328186035, "fear_random1500": 0.9472222328186035, "fear_random2000": 0.9472222328186035, "fear_random2500": 0.9650000333786011, "fear_random3000": 0.9422222375869751, "fear_random4000": 0.4511111080646515, "fear_random5000": 0.926111102104187, "fear_random6000": 0.8755555152893066, "surprise_random500": 0.9472222328186035, "surprise_random1000": 0.9472222328186035, "surprise_random1500": 0.9472222328186035, "surprise_random2000": 0.9561110734939575, "surprise_random2500": 0.9700000286102295, "surprise_random3000": 0.9650000333786011, "surprise_random4000": 0.6722221970558167, "surprise_random5000": 0.3400000035762787, "surprise_random6000": 0.9049999713897705, "disgust_random500": 0.9422222375869751, "disgust_random1000": 0.9511110782623291, "disgust_random1500": 0.9611110687255859, "disgust_random2000": 0.9422222375869751, "disgust_random2500": 0.9700000286102295, "disgust_random3000": 0.9233333468437195, "disgust_random4000": 0.9161111116409302, "disgust_random5000": 0.7822222113609314, "disgust_random6000": 0.3400000035762787, "control_random500": 0.9472222328186035, "control_random1000": 0.9611110687255859, "control_random1500": 0.9750000238418579, "control_random2000": 0.9600000381469727, "control_random2500": 0.9422222375869751, "control_random3000": 0.9005555510520935, "control_random4000": 0.9700000286102295, "control_random5000": 0.29499998688697815, "control_random6000": 0.3400000035762787, "fairness_random500": 0.9472222328186035, "fairness_random1000": 0.9422222375869751, "fairness_random1500": 0.9422222375869751, "fairness_random2000": 0.9472222328186035, "fairness_random2500": 0.9272222518920898, "fairness_random3000": 0.9700000286102295, "fairness_random4000": 0.9611110687255859, "fairness_random5000": 0.7594444751739502, "fairness_random6000": 0.6649999618530273, "self-related_random500": 0.9472222328186035, "self-related_random1000": 0.9300000071525574, "self-related_random1500": 0.9233333468437195, "self-related_random2000": 0.9461110830307007, "self-related_random2500": 0.9422222375869751, "self-related_random3000": 0.7255555391311646, "self-related_random4000": 0.9700000286102295, "self-related_random5000": 0.9650000333786011, "self-related_random6000": 0.7633333206176758, "other-related_random500": 0.9561110734939575, "other-related_random1000": 0.8972222208976746, "other-related_random1500": 0.9472222328186035, "other-related_random2000": 0.9472222328186035, "other-related_random2500": 0.9650000333786011, "other-related_random3000": 0.949999988079071, "other-related_random4000": 0.9750000238418579, "other-related_random5000": 0.3588888943195343, "other-related_random6000": 0.3400000035762787, "expectedness_random500": 0.9422222375869751, "expectedness_random1000": 0.9422222375869751, "expectedness_random1500": 0.9561110734939575, "expectedness_random2000": 0.9422222375869751, "expectedness_random2500": 0.9611110687255859, "expectedness_random3000": 0.9422222375869751, "expectedness_random4000": 0.9561110734939575, "expectedness_random5000": 0.34888890385627747, "expectedness_random6000": 0.9233333468437195, "non-novelty_random500": 0.9611110687255859, "non-novelty_random1000": 0.9422222375869751, "non-novelty_random1500": 0.9561110734939575, "non-novelty_random2000": 0.9700000286102295, "non-novelty_random2500": 0.4005555510520935, "non-novelty_random3000": 0.8955555558204651, "non-novelty_random4000": 0.9449999928474426, "non-novelty_random5000": 0.9472222328186035, "non-novelty_random6000": 0.7355555295944214}