{"sentiment": "remorse", "seed": 7, "arousal_random500": 0.9750000238418579, "best": 0.9632353186607361, "arousal_random1000": 0.9750000238418579, "arousal_random1500": 0.9233333468437195, "arousal_random2000": 0.9700000286102295, "arousal_random2500": 0.9233333468437195, "arousal_random3000": 0.3538888990879059, "arousal_random4000": 0.3494444489479065, "arousal_random5000": 0.3816666603088379, "arousal_random6000": 0.9550000429153442, "valence_random500": 0.9561110734939575, "valence_random1000": 0.9750000238418579, "valence_random1500": 0.9372222423553467, "valence_random2000": 0.9700000286102295, "valence_random2500": 0.9561110734939575, "valence_random3000": 0.46222221851348877, "valence_random4000": 0.9750000238418579, "valence_random5000": 0.9561110734939575, "valence_random6000": 0.3838889002799988, "happy_random500": 0.9561110734939575, "happy_random1000": 0.9233333468437195, "happy_random1500": 0.824999988079071, "happy_random2000": 0.9550000429153442, "happy_random2500": 0.9700000286102295, "happy_random3000": 0.9700000286102295, "happy_random4000": 0.8111110925674438, "happy_random5000": 0.3538888990879059, "happy_random6000": 0.8561111092567444, "anger_random500": 0.9700000286102295, "anger_random1000": 0.9044444561004639, "anger_random1500": 0.3538888990879059, "anger_random2000": 0.9700000286102295, "anger_random2500": 0.3538888990879059, "anger_random3000": 0.605555534362793, "anger_random4000": 0.7016666531562805, "anger_random5000": 0.9700000286102295, "anger_random6000": 0.9611110687255859, "sad_random500": 0.9511110782623291, "sad_random1000": 0.9611110687255859, "sad_random1500": 0.9700000286102295, "sad_random2000": 0.6899999976158142, "sad_random2500": 0.9322222471237183, "sad_random3000": 0.7766666412353516, "sad_random4000": 0.3538888990879059, "sad_random5000": 0.34388890862464905, "sad_random6000": 0.9550000429153442, "fear_random500": 0.9461110830307007, "fear_random1000": 0.9750000238418579, "fear_random1500": 0.9561110734939575, "fear_random2000": 0.9700000286102295, "fear_random2500": 0.9700000286102295, "fear_random3000": 0.9511110782623291, "fear_random4000": 0.3538888990879059, "fear_random5000": 0.3538888990879059, "fear_random6000": 0.9600000381469727, "surprise_random500": 0.9750000238418579, "surprise_random1000": 0.9750000238418579, "surprise_random1500": 0.9094444513320923, "surprise_random2000": 0.9750000238418579, "surprise_random2500": 0.9700000286102295, "surprise_random3000": 0.9750000238418579, "surprise_random4000": 0.746666669845581, "surprise_random5000": 0.3538888990879059, "surprise_random6000": 0.8577778339385986, "disgust_random500": 0.9561110734939575, "disgust_random1000": 0.9372222423553467, "disgust_random1500": 0.9700000286102295, "disgust_random2000": 0.9561110734939575, "disgust_random2500": 0.9700000286102295, "disgust_random3000": 0.9700000286102295, "disgust_random4000": 0.6911110877990723, "disgust_random5000": 0.9600000381469727, "disgust_random6000": 0.3538888990879059, "control_random500": 0.9700000286102295, "control_random1000": 0.9561110734939575, "control_random1500": 0.9561110734939575, "control_random2000": 0.9700000286102295, "control_random2500": 0.8905555605888367, "control_random3000": 0.5766666531562805, "control_random4000": 0.9611110687255859, "control_random5000": 0.3538888990879059, "control_random6000": 0.3538888990879059, "fairness_random500": 0.9750000238418579, "fairness_random1000": 0.9750000238418579, "fairness_random1500": 0.8905555605888367, "fairness_random2000": 0.9611110687255859, "fairness_random2500": 0.9372222423553467, "fairness_random3000": 0.9750000238418579, "fairness_random4000": 0.9133333563804626, "fairness_random5000": 0.3538888990879059, "fairness_random6000": 0.9333333373069763, "self-related_random500": 0.9511110782623291, "self-related_random1000": 0.9700000286102295, "self-related_random1500": 0.9650000333786011, "self-related_random2000": 0.9700000286102295, "self-related_random2500": 0.9044444561004639, "self-related_random3000": 0.554444432258606, "self-related_random4000": 0.507777750492096, "self-related_random5000": 0.9561110734939575, "self-related_random6000": 0.3538888990879059, "other-related_random500": 0.9700000286102295, "other-related_random1000": 0.42222219705581665, "other-related_random1500": 0.9422222375869751, "other-related_random2000": 0.9094444513320923, "other-related_random2500": 0.9700000286102295, "other-related_random3000": 0.9700000286102295, "other-related_random4000": 0.9611110687255859, "other-related_random5000": 0.3538888990879059, "other-related_random6000": 0.3538888990879059, "expectedness_random500": 0.9372222423553467, "expectedness_random1000": 0.9750000238418579, "expectedness_random1500": 0.9750000238418579, "expectedness_random2000": 0.9750000238418579, "expectedness_random2500": 0.9611110687255859, "expectedness_random3000": 0.9044444561004639, "expectedness_random4000": 0.8905555605888367, "expectedness_random5000": 0.617222249507904, "expectedness_random6000": 0.3538888990879059, "non-novelty_random500": 0.9750000238418579, "non-novelty_random1000": 0.9561110734939575, "non-novelty_random1500": 0.9561110734939575, "non-novelty_random2000": 0.9561110734939575, "non-novelty_random2500": 0.45722222328186035, "non-novelty_random3000": 0.8666666746139526, "non-novelty_random4000": 0.949999988079071, "non-novelty_random5000": 0.3538888990879059, "non-novelty_random6000": 0.3538888990879059}