{"sentiment": "remorse", "seed": 13, "arousal_random500": 0.9661110639572144, "best": 0.9632353186607361, "arousal_random1000": 0.9611110687255859, "arousal_random1500": 0.9611110687255859, "arousal_random2000": 0.9611110687255859, "arousal_random2500": 0.9422222375869751, "arousal_random3000": 0.8388888835906982, "arousal_random4000": 0.33888888359069824, "arousal_random5000": 0.9144444465637207, "arousal_random6000": 0.9561110734939575, "valence_random500": 0.9661110639572144, "valence_random1000": 0.9661110639572144, "valence_random1500": 0.9561110734939575, "valence_random2000": 0.9611110687255859, "valence_random2500": 0.9561110734939575, "valence_random3000": 0.9522222280502319, "valence_random4000": 0.9561110734939575, "valence_random5000": 0.9611110687255859, "valence_random6000": 0.3816666603088379, "happy_random500": 0.9611110687255859, "happy_random1000": 0.9611110687255859, "happy_random1500": 0.9561110734939575, "happy_random2000": 0.9511110782623291, "happy_random2500": 0.9611110687255859, "happy_random3000": 0.5933333039283752, "happy_random4000": 0.9611110687255859, "happy_random5000": 0.49888890981674194, "happy_random6000": 0.9561110734939575, "anger_random500": 0.9661110639572144, "anger_random1000": 0.9422222375869751, "anger_random1500": 0.8766666650772095, "anger_random2000": 0.9511110782623291, "anger_random2500": 0.7911111116409302, "anger_random3000": 0.9283333420753479, "anger_random4000": 0.9661110639572144, "anger_random5000": 0.9661110639572144, "anger_random6000": 0.9561110734939575, "sad_random500": 0.9661110639572144, "sad_random1000": 0.9661110639572144, "sad_random1500": 0.9522222280502319, "sad_random2000": 0.9561110734939575, "sad_random2500": 0.9611110687255859, "sad_random3000": 0.9511110782623291, "sad_random4000": 0.8955555558204651, "sad_random5000": 0.3538888990879059, "sad_random6000": 0.9011111259460449, "fear_random500": 0.9661110639572144, "fear_random1000": 0.9661110639572144, "fear_random1500": 0.9661110639572144, "fear_random2000": 0.9611110687255859, "fear_random2500": 0.9611110687255859, "fear_random3000": 0.9472222328186035, "fear_random4000": 0.9511110782623291, "fear_random5000": 0.3538888990879059, "fear_random6000": 0.9511110782623291, "surprise_random500": 0.9661110639572144, "surprise_random1000": 0.9611110687255859, "surprise_random1500": 0.9661110639572144, "surprise_random2000": 0.9611110687255859, "surprise_random2500": 0.9611110687255859, "surprise_random3000": 0.9472222328186035, "surprise_random4000": 0.9422222375869751, "surprise_random5000": 0.3538888990879059, "surprise_random6000": 0.9361110925674438, "disgust_random500": 0.9611110687255859, "disgust_random1000": 0.9333333373069763, "disgust_random1500": 0.9661110639572144, "disgust_random2000": 0.9611110687255859, "disgust_random2500": 0.9422222375869751, "disgust_random3000": 0.9611110687255859, "disgust_random4000": 0.5277777910232544, "disgust_random5000": 0.6588889360427856, "disgust_random6000": 0.3538888990879059, "control_random500": 0.9661110639572144, "control_random1000": 0.9661110639572144, "control_random1500": 0.9561110734939575, "control_random2000": 0.9522222280502319, "control_random2500": 0.9283333420753479, "control_random3000": 0.8855555653572083, "control_random4000": 0.9611110687255859, "control_random5000": 0.3727777898311615, "control_random6000": 0.8111110925674438, "fairness_random500": 0.9661110639572144, "fairness_random1000": 0.9661110639572144, "fairness_random1500": 0.9522222280502319, "fairness_random2000": 0.9661110639572144, "fairness_random2500": 0.9611110687255859, "fairness_random3000": 0.9611110687255859, "fairness_random4000": 0.9611110687255859, "fairness_random5000": 0.8994444608688354, "fairness_random6000": 0.9511110782623291, "self-related_random500": 0.9661110639572144, "self-related_random1000": 0.9561110734939575, "self-related_random1500": 0.9661110639572144, "self-related_random2000": 0.9422222375869751, "self-related_random2500": 0.9611110687255859, "self-related_random3000": 0.9611110687255859, "self-related_random4000": 0.9561110734939575, "self-related_random5000": 0.8761110901832581, "self-related_random6000": 0.57833331823349, "other-related_random500": 0.9611110687255859, "other-related_random1000": 0.5149999856948853, "other-related_random1500": 0.9333333373069763, "other-related_random2000": 0.9611110687255859, "other-related_random2500": 0.9422222375869751, "other-related_random3000": 0.9561110734939575, "other-related_random4000": 0.9472222328186035, "other-related_random5000": 0.7016666531562805, "other-related_random6000": 0.7555555105209351, "expectedness_random500": 0.9661110639572144, "expectedness_random1000": 0.9661110639572144, "expectedness_random1500": 0.9661110639572144, "expectedness_random2000": 0.9611110687255859, "expectedness_random2500": 0.9611110687255859, "expectedness_random3000": 0.9561110734939575, "expectedness_random4000": 0.9661110639572144, "expectedness_random5000": 0.9561110734939575, "expectedness_random6000": 0.7583333253860474, "non-novelty_random500": 0.9661110639572144, "non-novelty_random1000": 0.9661110639572144, "non-novelty_random1500": 0.9611110687255859, "non-novelty_random2000": 0.9611110687255859, "non-novelty_random2500": 0.871666669845581, "non-novelty_random3000": 0.9383333325386047, "non-novelty_random4000": 0.9511110782623291, "non-novelty_random5000": 0.9611110687255859, "non-novelty_random6000": 0.3538888990879059}