{"sentiment": "remorse", "seed": 1, "arousal_random500": 0.4283333420753479, "best": 0.6029411554336548, "arousal_random1000": 0.6511111259460449, "arousal_random1500": 0.43611109256744385, "arousal_random2000": 0.3538888990879059, "arousal_random2500": 0.5472221970558167, "arousal_random3000": 0.3538888990879059, "arousal_random4000": 0.6461111307144165, "arousal_random5000": 0.3538888990879059, "arousal_random6000": 0.6422222256660461, "valence_random500": 0.3538888990879059, "valence_random1000": 0.6461111307144165, "valence_random1500": 0.3538888990879059, "valence_random2000": 0.3538888990879059, "valence_random2500": 0.3538888990879059, "valence_random3000": 0.3538888990879059, "valence_random4000": 0.4327777624130249, "valence_random5000": 0.3538888990879059, "valence_random6000": 0.605555534362793, "happy_random500": 0.5833333730697632, "happy_random1000": 0.3538888990879059, "happy_random1500": 0.3538888990879059, "happy_random2000": 0.3538888990879059, "happy_random2500": 0.3538888990879059, "happy_random3000": 0.3538888990879059, "happy_random4000": 0.3538888990879059, "happy_random5000": 0.597777783870697, "happy_random6000": 0.6461111307144165, "anger_random500": 0.519444465637207, "anger_random1000": 0.4350000023841858, "anger_random1500": 0.3538888990879059, "anger_random2000": 0.6461111307144165, "anger_random2500": 0.3538888990879059, "anger_random3000": 0.41999998688697815, "anger_random4000": 0.6461111307144165, "anger_random5000": 0.6461111307144165, "anger_random6000": 0.5955555438995361, "sad_random500": 0.4927777647972107, "sad_random1000": 0.6461111307144165, "sad_random1500": 0.3538888990879059, "sad_random2000": 0.3538888990879059, "sad_random2500": 0.5177778005599976, "sad_random3000": 0.6461111307144165, "sad_random4000": 0.3538888990879059, "sad_random5000": 0.6033333539962769, "sad_random6000": 0.6461111307144165, "fear_random500": 0.6483333110809326, "fear_random1000": 0.3538888990879059, "fear_random1500": 0.3677777945995331, "fear_random2000": 0.6461111307144165, "fear_random2500": 0.5422222018241882, "fear_random3000": 0.5183333158493042, "fear_random4000": 0.3538888990879059, "fear_random5000": 0.3538888990879059, "fear_random6000": 0.6461111307144165, "surprise_random500": 0.4927777647972107, "surprise_random1000": 0.3538888990879059, "surprise_random1500": 0.3538888990879059, "surprise_random2000": 0.39222222566604614, "surprise_random2500": 0.5838888883590698, "surprise_random3000": 0.3538888990879059, "surprise_random4000": 0.3538888990879059, "surprise_random5000": 0.3538888990879059, "surprise_random6000": 0.3538888990879059, "disgust_random500": 0.3538888990879059, "disgust_random1000": 0.4122222065925598, "disgust_random1500": 0.3538888990879059, "disgust_random2000": 0.41111111640930176, "disgust_random2500": 0.6561111211776733, "disgust_random3000": 0.44999998807907104, "disgust_random4000": 0.3538888990879059, "disgust_random5000": 0.3538888990879059, "disgust_random6000": 0.3538888990879059, "control_random500": 0.3538888990879059, "control_random1000": 0.38055554032325745, "control_random1500": 0.5616666674613953, "control_random2000": 0.3538888990879059, "control_random2500": 0.3538888990879059, "control_random3000": 0.3538888990879059, "control_random4000": 0.38833335041999817, "control_random5000": 0.35777780413627625, "control_random6000": 0.527222216129303, "fairness_random500": 0.6044444441795349, "fairness_random1000": 0.5311111211776733, "fairness_random1500": 0.3538888990879059, "fairness_random2000": 0.3538888990879059, "fairness_random2500": 0.3538888990879059, "fairness_random3000": 0.6038888692855835, "fairness_random4000": 0.3538888990879059, "fairness_random5000": 0.3538888990879059, "fairness_random6000": 0.41111111640930176, "self-related_random500": 0.5416666269302368, "self-related_random1000": 0.3538888990879059, "self-related_random1500": 0.3538888990879059, "self-related_random2000": 0.3538888990879059, "self-related_random2500": 0.6461111307144165, "self-related_random3000": 0.6461111307144165, "self-related_random4000": 0.3538888990879059, "self-related_random5000": 0.6511111259460449, "self-related_random6000": 0.3538888990879059, "other-related_random500": 0.6461111307144165, "other-related_random1000": 0.6461111307144165, "other-related_random1500": 0.3538888990879059, "other-related_random2000": 0.3538888990879059, "other-related_random2500": 0.3538888990879059, "other-related_random3000": 0.6205555200576782, "other-related_random4000": 0.3538888990879059, "other-related_random5000": 0.38055554032325745, "other-related_random6000": 0.6183333396911621, "expectedness_random500": 0.4699999988079071, "expectedness_random1000": 0.3538888990879059, "expectedness_random1500": 0.5255555510520935, "expectedness_random2000": 0.3538888990879059, "expectedness_random2500": 0.3538888990879059, "expectedness_random3000": 0.3538888990879059, "expectedness_random4000": 0.6461111307144165, "expectedness_random5000": 0.3538888990879059, "expectedness_random6000": 0.34888890385627747, "non-novelty_random500": 0.6316666603088379, "non-novelty_random1000": 0.5294444561004639, "non-novelty_random1500": 0.3538888990879059, "non-novelty_random2000": 0.6461111307144165, "non-novelty_random2500": 0.3538888990879059, "non-novelty_random3000": 0.3538888990879059, "non-novelty_random4000": 0.6461111307144165, "non-novelty_random5000": 0.3538888990879059, "non-novelty_random6000": 0.3538888990879059}