{"sentiment": "remorse", "seed": 100, "arousal_random500": 0.6005555391311646, "best": 0.6102941036224365, "arousal_random1000": 0.6599999666213989, "arousal_random1500": 0.33500000834465027, "arousal_random2000": 0.4377777576446533, "arousal_random2500": 0.5888888835906982, "arousal_random3000": 0.3400000035762787, "arousal_random4000": 0.36277779936790466, "arousal_random5000": 0.3400000035762787, "arousal_random6000": 0.6599999666213989, "valence_random500": 0.6711111068725586, "valence_random1000": 0.6966666579246521, "valence_random1500": 0.675000011920929, "valence_random2000": 0.6599999666213989, "valence_random2500": 0.5416666269302368, "valence_random3000": 0.33888888359069824, "valence_random4000": 0.3400000035762787, "valence_random5000": 0.5461111068725586, "valence_random6000": 0.49944445490837097, "happy_random500": 0.6611111164093018, "happy_random1000": 0.4144444465637207, "happy_random1500": 0.3400000035762787, "happy_random2000": 0.43888890743255615, "happy_random2500": 0.7033333778381348, "happy_random3000": 0.3400000035762787, "happy_random4000": 0.3400000035762787, "happy_random5000": 0.3400000035762787, "happy_random6000": 0.5861110687255859, "anger_random500": 0.6649999618530273, "anger_random1000": 0.34388890862464905, "anger_random1500": 0.3400000035762787, "anger_random2000": 0.6599999666213989, "anger_random2500": 0.6700000166893005, "anger_random3000": 0.3777777850627899, "anger_random4000": 0.6599999666213989, "anger_random5000": 0.6599999666213989, "anger_random6000": 0.3400000035762787, "sad_random500": 0.6733333468437195, "sad_random1000": 0.6599999666213989, "sad_random1500": 0.43888890743255615, "sad_random2000": 0.3400000035762787, "sad_random2500": 0.6611111164093018, "sad_random3000": 0.6166666746139526, "sad_random4000": 0.3400000035762787, "sad_random5000": 0.3400000035762787, "sad_random6000": 0.6599999666213989, "fear_random500": 0.6383333206176758, "fear_random1000": 0.5172222256660461, "fear_random1500": 0.6599999666213989, "fear_random2000": 0.6599999666213989, "fear_random2500": 0.351666659116745, "fear_random3000": 0.38555556535720825, "fear_random4000": 0.3400000035762787, "fear_random5000": 0.3400000035762787, "fear_random6000": 0.6599999666213989, "surprise_random500": 0.6972222328186035, "surprise_random1000": 0.6427778005599976, "surprise_random1500": 0.6561111211776733, "surprise_random2000": 0.5588889122009277, "surprise_random2500": 0.3400000035762787, "surprise_random3000": 0.35777780413627625, "surprise_random4000": 0.3400000035762787, "surprise_random5000": 0.3400000035762787, "surprise_random6000": 0.6599999666213989, "disgust_random500": 0.43388888239860535, "disgust_random1000": 0.6672222018241882, "disgust_random1500": 0.33000001311302185, "disgust_random2000": 0.6650000214576721, "disgust_random2500": 0.36277779936790466, "disgust_random3000": 0.6599999666213989, "disgust_random4000": 0.3400000035762787, "disgust_random5000": 0.3866666555404663, "disgust_random6000": 0.3400000035762787, "control_random500": 0.695555567741394, "control_random1000": 0.45277780294418335, "control_random1500": 0.7033333778381348, "control_random2000": 0.40833333134651184, "control_random2500": 0.3400000035762787, "control_random3000": 0.3400000035762787, "control_random4000": 0.40833333134651184, "control_random5000": 0.3400000035762787, "control_random6000": 0.3400000035762787, "fairness_random500": 0.679444432258606, "fairness_random1000": 0.5133333206176758, "fairness_random1500": 0.3400000035762787, "fairness_random2000": 0.37611109018325806, "fairness_random2500": 0.351666659116745, "fairness_random3000": 0.6599999666213989, "fairness_random4000": 0.4033333361148834, "fairness_random5000": 0.3400000035762787, "fairness_random6000": 0.6383333206176758, "self-related_random500": 0.5222222208976746, "self-related_random1000": 0.6599999666213989, "self-related_random1500": 0.3400000035762787, "self-related_random2000": 0.5122222304344177, "self-related_random2500": 0.48666664958000183, "self-related_random3000": 0.6411111354827881, "self-related_random4000": 0.3400000035762787, "self-related_random5000": 0.6599999666213989, "self-related_random6000": 0.3400000035762787, "other-related_random500": 0.6599999666213989, "other-related_random1000": 0.3400000035762787, "other-related_random1500": 0.40833333134651184, "other-related_random2000": 0.3400000035762787, "other-related_random2500": 0.3605555593967438, "other-related_random3000": 0.676111102104187, "other-related_random4000": 0.3400000035762787, "other-related_random5000": 0.3400000035762787, "other-related_random6000": 0.3400000035762787, "expectedness_random500": 0.6616666316986084, "expectedness_random1000": 0.42222219705581665, "expectedness_random1500": 0.6599999666213989, "expectedness_random2000": 0.5766666531562805, "expectedness_random2500": 0.3400000035762787, "expectedness_random3000": 0.3400000035762787, "expectedness_random4000": 0.3766666650772095, "expectedness_random5000": 0.3400000035762787, "expectedness_random6000": 0.3400000035762787, "non-novelty_random500": 0.5172222256660461, "non-novelty_random1000": 0.4883333444595337, "non-novelty_random1500": 0.6599999666213989, "non-novelty_random2000": 0.4300000071525574, "non-novelty_random2500": 0.3400000035762787, "non-novelty_random3000": 0.3400000035762787, "non-novelty_random4000": 0.6599999666213989, "non-novelty_random5000": 0.6599999666213989, "non-novelty_random6000": 0.33500000834465027}