{"sentiment": "sadness", "seed": 3, "arousal_random500": 0.8574419021606445, "best": 0.8374999761581421, "arousal_random1000": 0.8574419021606445, "arousal_random1500": 0.8563566207885742, "arousal_random2000": 0.8458139300346375, "arousal_random2500": 0.8568992614746094, "arousal_random3000": 0.6413178443908691, "arousal_random4000": 0.6213953495025635, "arousal_random5000": 0.8800775408744812, "arousal_random6000": 0.7055813670158386, "valence_random500": 0.8602325320243835, "valence_random1000": 0.8602325320243835, "valence_random1500": 0.8447286486625671, "valence_random2000": 0.8602325320243835, "valence_random2500": 0.8656589388847351, "valence_random3000": 0.8646511435508728, "valence_random4000": 0.8585271239280701, "valence_random5000": 0.8673643469810486, "valence_random6000": 0.6074418425559998, "happy_random500": 0.8602325320243835, "happy_random1000": 0.8563566207885742, "happy_random1500": 0.8635659217834473, "happy_random2000": 0.882945716381073, "happy_random2500": 0.8574419021606445, "happy_random3000": 0.8519379496574402, "happy_random4000": 0.8491473197937012, "happy_random5000": 0.5410077571868896, "happy_random6000": 0.760465145111084, "anger_random500": 0.8602325320243835, "anger_random1000": 0.8496899604797363, "anger_random1500": 0.7449612617492676, "anger_random2000": 0.8706976771354675, "anger_random2500": 0.6429457664489746, "anger_random3000": 0.8468992114067078, "anger_random4000": 0.8424806594848633, "anger_random5000": 0.8701550364494324, "anger_random6000": 0.8424031138420105, "sad_random500": 0.8496899604797363, "sad_random1000": 0.8563566207885742, "sad_random1500": 0.8568992614746094, "sad_random2000": 0.6540310382843018, "sad_random2500": 0.8419380187988281, "sad_random3000": 0.6506977081298828, "sad_random4000": 0.8225581049919128, "sad_random5000": 0.5013953447341919, "sad_random6000": 0.8584496378898621, "fear_random500": 0.8635659217834473, "fear_random1000": 0.8568992614746094, "fear_random1500": 0.8568992614746094, "fear_random2000": 0.8673643469810486, "fear_random2500": 0.8574419021606445, "fear_random3000": 0.8458139300346375, "fear_random4000": 0.6923255920410156, "fear_random5000": 0.8375193476676941, "fear_random6000": 0.8779069781303406, "surprise_random500": 0.8574419021606445, "surprise_random1000": 0.8568992614746094, "surprise_random1500": 0.8602325320243835, "surprise_random2000": 0.8602325320243835, "surprise_random2500": 0.8563566207885742, "surprise_random3000": 0.8551937937736511, "surprise_random4000": 0.6008527278900146, "surprise_random5000": 0.778217077255249, "surprise_random6000": 0.8391472697257996, "disgust_random500": 0.8530232310295105, "disgust_random1000": 0.8674418330192566, "disgust_random1500": 0.8646511435508728, "disgust_random2000": 0.8563566207885742, "disgust_random2500": 0.8530232310295105, "disgust_random3000": 0.8524805903434753, "disgust_random4000": 0.8757364153862, "disgust_random5000": 0.8667442202568054, "disgust_random6000": 0.5055038928985596, "control_random500": 0.8635659217834473, "control_random1000": 0.8568992614746094, "control_random1500": 0.8624030947685242, "control_random2000": 0.8502326011657715, "control_random2500": 0.8574419021606445, "control_random3000": 0.8629457354545593, "control_random4000": 0.8729457259178162, "control_random5000": 0.5204651355743408, "control_random6000": 0.8424806594848633, "fairness_random500": 0.8602325320243835, "fairness_random1000": 0.8607751727104187, "fairness_random1500": 0.8563566207885742, "fairness_random2000": 0.8568992614746094, "fairness_random2500": 0.8635659217834473, "fairness_random3000": 0.8585271239280701, "fairness_random4000": 0.8568992614746094, "fairness_random5000": 0.7189147472381592, "fairness_random6000": 0.5165891647338867, "self-related_random500": 0.8568992614746094, "self-related_random1000": 0.8541085124015808, "self-related_random1500": 0.8530232310295105, "self-related_random2000": 0.861860454082489, "self-related_random2500": 0.8602325320243835, "self-related_random3000": 0.700620174407959, "self-related_random4000": 0.8640310168266296, "self-related_random5000": 0.8535658717155457, "self-related_random6000": 0.8524031043052673, "other-related_random500": 0.8574419021606445, "other-related_random1000": 0.4989922344684601, "other-related_random1500": 0.8574419021606445, "other-related_random2000": 0.8535658717155457, "other-related_random2500": 0.8641085624694824, "other-related_random3000": 0.854651153087616, "other-related_random4000": 0.8590697646141052, "other-related_random5000": 0.5620154738426208, "other-related_random6000": 0.5055038928985596, "expectedness_random500": 0.8635659217834473, "expectedness_random1000": 0.8530232310295105, "expectedness_random1500": 0.851317822933197, "expectedness_random2000": 0.8613178133964539, "expectedness_random2500": 0.8452712893486023, "expectedness_random3000": 0.8535658717155457, "expectedness_random4000": 0.8629457354545593, "expectedness_random5000": 0.6102325320243835, "expectedness_random6000": 0.8485271334648132, "non-novelty_random500": 0.8563566207885742, "non-novelty_random1000": 0.848604679107666, "non-novelty_random1500": 0.8568992614746094, "non-novelty_random2000": 0.8607751727104187, "non-novelty_random2500": 0.7615504264831543, "non-novelty_random3000": 0.8641085624694824, "non-novelty_random4000": 0.8739535212516785, "non-novelty_random5000": 0.8452712893486023, "non-novelty_random6000": 0.5060465335845947}