{"sentiment": "sadness", "seed": 13, "arousal_random500": 0.8302326202392578, "best": 0.7786458730697632, "arousal_random1000": 0.8491473197937012, "arousal_random1500": 0.8668991923332214, "arousal_random2000": 0.8324031233787537, "arousal_random2500": 0.8218604922294617, "arousal_random3000": 0.8045735955238342, "arousal_random4000": 0.5155813694000244, "arousal_random5000": 0.833488404750824, "arousal_random6000": 0.5222480297088623, "valence_random500": 0.8558139801025391, "valence_random1000": 0.8396899104118347, "valence_random1500": 0.841395378112793, "valence_random2000": 0.8558139801025391, "valence_random2500": 0.8112402558326721, "valence_random3000": 0.7803876399993896, "valence_random4000": 0.809069812297821, "valence_random5000": 0.822945773601532, "valence_random6000": 0.45364341139793396, "happy_random500": 0.840775191783905, "happy_random1000": 0.8530232310295105, "happy_random1500": 0.8496899604797363, "happy_random2000": 0.822945773601532, "happy_random2500": 0.8374419212341309, "happy_random3000": 0.8508527278900146, "happy_random4000": 0.8430233001708984, "happy_random5000": 0.6244961619377136, "happy_random6000": 0.5384495854377747, "anger_random500": 0.8302326202392578, "anger_random1000": 0.8468992114067078, "anger_random1500": 0.7812402844429016, "anger_random2000": 0.8568992614746094, "anger_random2500": 0.7834108471870422, "anger_random3000": 0.8568992614746094, "anger_random4000": 0.8596898913383484, "anger_random5000": 0.7723255753517151, "anger_random6000": 0.7456588745117188, "sad_random500": 0.8563566207885742, "sad_random1000": 0.8402325510978699, "sad_random1500": 0.8496899604797363, "sad_random2000": 0.8501550555229187, "sad_random2500": 0.8541085124015808, "sad_random3000": 0.5122480392456055, "sad_random4000": 0.8347287178039551, "sad_random5000": 0.41767439246177673, "sad_random6000": 0.796821653842926, "fear_random500": 0.8558139801025391, "fear_random1000": 0.8241086006164551, "fear_random1500": 0.8241086006164551, "fear_random2000": 0.8574419021606445, "fear_random2500": 0.8375193476676941, "fear_random3000": 0.8352713584899902, "fear_random4000": 0.6483721137046814, "fear_random5000": 0.7693023681640625, "fear_random6000": 0.7134108543395996, "surprise_random500": 0.8535658717155457, "surprise_random1000": 0.8563566207885742, "surprise_random1500": 0.8302326202392578, "surprise_random2000": 0.8403100967407227, "surprise_random2500": 0.8175969123840332, "surprise_random3000": 0.8279845118522644, "surprise_random4000": 0.8158140182495117, "surprise_random5000": 0.771007776260376, "surprise_random6000": 0.6055813431739807, "disgust_random500": 0.8452712893486023, "disgust_random1000": 0.8319379687309265, "disgust_random1500": 0.8468992114067078, "disgust_random2000": 0.830310046672821, "disgust_random2500": 0.8157364726066589, "disgust_random3000": 0.8006976246833801, "disgust_random4000": 0.8358139991760254, "disgust_random5000": 0.7139534950256348, "disgust_random6000": 0.4844186305999756, "control_random500": 0.8391472697257996, "control_random1000": 0.8674418330192566, "control_random1500": 0.8262791037559509, "control_random2000": 0.8451938033103943, "control_random2500": 0.8468992114067078, "control_random3000": 0.8296124339103699, "control_random4000": 0.7851162552833557, "control_random5000": 0.5689147114753723, "control_random6000": 0.8245735764503479, "fairness_random500": 0.8452712893486023, "fairness_random1000": 0.8602325320243835, "fairness_random1500": 0.8346511721611023, "fairness_random2000": 0.8452712893486023, "fairness_random2500": 0.8613178133964539, "fairness_random3000": 0.8402325510978699, "fairness_random4000": 0.8446511626243591, "fairness_random5000": 0.7528681755065918, "fairness_random6000": 0.6344961524009705, "self-related_random500": 0.8441085815429688, "self-related_random1000": 0.8413178324699402, "self-related_random1500": 0.8668991923332214, "self-related_random2000": 0.8224031329154968, "self-related_random2500": 0.8436433672904968, "self-related_random3000": 0.5506976246833801, "self-related_random4000": 0.8345736861228943, "self-related_random5000": 0.8157364726066589, "self-related_random6000": 0.823100745677948, "other-related_random500": 0.8596898913383484, "other-related_random1000": 0.4063566029071808, "other-related_random1500": 0.8262791037559509, "other-related_random2000": 0.8563566207885742, "other-related_random2500": 0.840775191783905, "other-related_random3000": 0.8502326011657715, "other-related_random4000": 0.8401550650596619, "other-related_random5000": 0.6383721232414246, "other-related_random6000": 0.7656589150428772, "expectedness_random500": 0.8463565707206726, "expectedness_random1000": 0.840775191783905, "expectedness_random1500": 0.8451938033103943, "expectedness_random2000": 0.8424806594848633, "expectedness_random2500": 0.830310046672821, "expectedness_random3000": 0.8468992114067078, "expectedness_random4000": 0.8380619883537292, "expectedness_random5000": 0.8168217539787292, "expectedness_random6000": 0.8174418807029724, "non-novelty_random500": 0.8558139801025391, "non-novelty_random1000": 0.8596898913383484, "non-novelty_random1500": 0.8507752418518066, "non-novelty_random2000": 0.8519379496574402, "non-novelty_random2500": 0.7723255753517151, "non-novelty_random3000": 0.821240246295929, "non-novelty_random4000": 0.819612443447113, "non-novelty_random5000": 0.8089922070503235, "non-novelty_random6000": 0.7479069828987122}