{"sentiment": "sadness", "seed": 15, "arousal_random500": 0.8612403273582458, "best": 0.9130208492279053, "arousal_random1000": 0.8606976866722107, "arousal_random1500": 0.8662790656089783, "arousal_random2000": 0.8579844832420349, "arousal_random2500": 0.861860454082489, "arousal_random3000": 0.6451938152313232, "arousal_random4000": 0.4688372313976288, "arousal_random5000": 0.8495349287986755, "arousal_random6000": 0.6378294825553894, "valence_random500": 0.8734883666038513, "valence_random1000": 0.8573643565177917, "valence_random1500": 0.8579844832420349, "valence_random2000": 0.8624030947685242, "valence_random2500": 0.8529457449913025, "valence_random3000": 0.8541085124015808, "valence_random4000": 0.8624030947685242, "valence_random5000": 0.8662790656089783, "valence_random6000": 0.47209301590919495, "happy_random500": 0.8717829585075378, "happy_random1000": 0.8773643374443054, "happy_random1500": 0.8363566398620605, "happy_random2000": 0.8446511626243591, "happy_random2500": 0.8784496188163757, "happy_random3000": 0.7948062419891357, "happy_random4000": 0.7720930576324463, "happy_random5000": 0.5653488039970398, "happy_random6000": 0.7216278910636902, "anger_random500": 0.8696123957633972, "anger_random1000": 0.8657364249229431, "anger_random1500": 0.8058915138244629, "anger_random2000": 0.868992269039154, "anger_random2500": 0.8479844927787781, "anger_random3000": 0.8375193476676941, "anger_random4000": 0.815891444683075, "anger_random5000": 0.8236433863639832, "anger_random6000": 0.8673643469810486, "sad_random500": 0.8629457354545593, "sad_random1000": 0.8668217062950134, "sad_random1500": 0.8657364249229431, "sad_random2000": 0.8429457545280457, "sad_random2500": 0.8435659408569336, "sad_random3000": 0.8272867798805237, "sad_random4000": 0.8379845023155212, "sad_random5000": 0.8103100657463074, "sad_random6000": 0.8313953280448914, "fear_random500": 0.8657364249229431, "fear_random1000": 0.8557364344596863, "fear_random1500": 0.8784496188163757, "fear_random2000": 0.8640310168266296, "fear_random2500": 0.8629457354545593, "fear_random3000": 0.8745736479759216, "fear_random4000": 0.8446511626243591, "fear_random5000": 0.8025581240653992, "fear_random6000": 0.8562790751457214, "surprise_random500": 0.8706976771354675, "surprise_random1000": 0.8734883666038513, "surprise_random1500": 0.8557364344596863, "surprise_random2000": 0.8596124053001404, "surprise_random2500": 0.8624030947685242, "surprise_random3000": 0.854651153087616, "surprise_random4000": 0.8541085124015808, "surprise_random5000": 0.5609301924705505, "surprise_random6000": 0.8534883856773376, "disgust_random500": 0.8668217062950134, "disgust_random1000": 0.8657364249229431, "disgust_random1500": 0.8634883761405945, "disgust_random2000": 0.861860454082489, "disgust_random2500": 0.8330232501029968, "disgust_random3000": 0.8712403178215027, "disgust_random4000": 0.6319379806518555, "disgust_random5000": 0.713875949382782, "disgust_random6000": 0.5348837375640869, "control_random500": 0.8601550459861755, "control_random1000": 0.8684496283531189, "control_random1500": 0.8589922785758972, "control_random2000": 0.8779069781303406, "control_random2500": 0.8706976771354675, "control_random3000": 0.8562790751457214, "control_random4000": 0.8734883666038513, "control_random5000": 0.7327132225036621, "control_random6000": 0.8041860461235046, "fairness_random500": 0.8779069781303406, "fairness_random1000": 0.8696123957633972, "fairness_random1500": 0.851317822933197, "fairness_random2000": 0.8358139991760254, "fairness_random2500": 0.8014729022979736, "fairness_random3000": 0.8662790656089783, "fairness_random4000": 0.8446511626243591, "fairness_random5000": 0.8451938033103943, "fairness_random6000": 0.8551163077354431, "self-related_random500": 0.8645736575126648, "self-related_random1000": 0.8634883761405945, "self-related_random1500": 0.8718604445457458, "self-related_random2000": 0.8640310168266296, "self-related_random2500": 0.8430233001708984, "self-related_random3000": 0.7047286629676819, "self-related_random4000": 0.8596124053001404, "self-related_random5000": 0.8579844832420349, "self-related_random6000": 0.6923255920410156, "other-related_random500": 0.8706976771354675, "other-related_random1000": 0.5382170677185059, "other-related_random1500": 0.8640310168266296, "other-related_random2000": 0.8596124053001404, "other-related_random2500": 0.840775191783905, "other-related_random3000": 0.8662790656089783, "other-related_random4000": 0.8879069685935974, "other-related_random5000": 0.5764340758323669, "other-related_random6000": 0.8102326393127441, "expectedness_random500": 0.8606976866722107, "expectedness_random1000": 0.8441085815429688, "expectedness_random1500": 0.8645736575126648, "expectedness_random2000": 0.8541085124015808, "expectedness_random2500": 0.851317822933197, "expectedness_random3000": 0.8358139991760254, "expectedness_random4000": 0.854651153087616, "expectedness_random5000": 0.8213178515434265, "expectedness_random6000": 0.8286046981811523, "non-novelty_random500": 0.8634883761405945, "non-novelty_random1000": 0.8696123957633972, "non-novelty_random1500": 0.861782968044281, "non-novelty_random2000": 0.8773643374443054, "non-novelty_random2500": 0.8462790846824646, "non-novelty_random3000": 0.8779069781303406, "non-novelty_random4000": 0.8523256182670593, "non-novelty_random5000": 0.7377519607543945, "non-novelty_random6000": 0.5016279220581055}