{"sentiment": "sadness", "seed": 11, "arousal_random500": 0.8501550555229187, "best": 0.8257812261581421, "arousal_random1000": 0.8357364535331726, "arousal_random1500": 0.8330232501029968, "arousal_random2000": 0.8186046481132507, "arousal_random2500": 0.8418604731559753, "arousal_random3000": 0.7865116596221924, "arousal_random4000": 0.4949612617492676, "arousal_random5000": 0.8389922976493835, "arousal_random6000": 0.60395348072052, "valence_random500": 0.8374419212341309, "valence_random1000": 0.8451938033103943, "valence_random1500": 0.8296899795532227, "valence_random2000": 0.8379845023155212, "valence_random2500": 0.8495349287986755, "valence_random3000": 0.8446511626243591, "valence_random4000": 0.8468217253684998, "valence_random5000": 0.8479070067405701, "valence_random6000": 0.4982945919036865, "happy_random500": 0.8390697836875916, "happy_random1000": 0.8341085314750671, "happy_random1500": 0.8457364439964294, "happy_random2000": 0.8451938033103943, "happy_random2500": 0.8251938223838806, "happy_random3000": 0.8114728927612305, "happy_random4000": 0.8457364439964294, "happy_random5000": 0.6883720755577087, "happy_random6000": 0.8074418902397156, "anger_random500": 0.8418604731559753, "anger_random1000": 0.8418604731559753, "anger_random1500": 0.8103100657463074, "anger_random2000": 0.8323255181312561, "anger_random2500": 0.7715504169464111, "anger_random3000": 0.8363566398620605, "anger_random4000": 0.8434883952140808, "anger_random5000": 0.8357364535331726, "anger_random6000": 0.8295348286628723, "sad_random500": 0.833565890789032, "sad_random1000": 0.8390697836875916, "sad_random1500": 0.830775260925293, "sad_random2000": 0.8219380378723145, "sad_random2500": 0.8141860961914062, "sad_random3000": 0.7846511006355286, "sad_random4000": 0.7909302711486816, "sad_random5000": 0.4982945919036865, "sad_random6000": 0.7972868084907532, "fear_random500": 0.8341085314750671, "fear_random1000": 0.8457364439964294, "fear_random1500": 0.8468217253684998, "fear_random2000": 0.8528682589530945, "fear_random2500": 0.8424031138420105, "fear_random3000": 0.8247286677360535, "fear_random4000": 0.8434883952140808, "fear_random5000": 0.8330232501029968, "fear_random6000": 0.8423255085945129, "surprise_random500": 0.8357364535331726, "surprise_random1000": 0.8341085314750671, "surprise_random1500": 0.8418604731559753, "surprise_random2000": 0.8490697741508484, "surprise_random2500": 0.8147287368774414, "surprise_random3000": 0.8418604731559753, "surprise_random4000": 0.8330232501029968, "surprise_random5000": 0.5099225044250488, "surprise_random6000": 0.8400774598121643, "disgust_random500": 0.8413178324699402, "disgust_random1000": 0.8429457545280457, "disgust_random1500": 0.8462790846824646, "disgust_random2000": 0.8351938128471375, "disgust_random2500": 0.8462790846824646, "disgust_random3000": 0.8373643755912781, "disgust_random4000": 0.7106201648712158, "disgust_random5000": 0.8423256278038025, "disgust_random6000": 0.4949612617492676, "control_random500": 0.8424031138420105, "control_random1000": 0.8429457545280457, "control_random1500": 0.8495349287986755, "control_random2000": 0.8424031138420105, "control_random2500": 0.8390697836875916, "control_random3000": 0.8523256182670593, "control_random4000": 0.8484496474266052, "control_random5000": 0.5331783294677734, "control_random6000": 0.8129457831382751, "fairness_random500": 0.8379845023155212, "fairness_random1000": 0.8351938128471375, "fairness_random1500": 0.8462790846824646, "fairness_random2000": 0.8296899795532227, "fairness_random2500": 0.8119379878044128, "fairness_random3000": 0.8379845023155212, "fairness_random4000": 0.8235659003257751, "fairness_random5000": 0.742713212966919, "fairness_random6000": 0.8423256278038025, "self-related_random500": 0.8362790942192078, "self-related_random1000": 0.8390697836875916, "self-related_random1500": 0.8418604731559753, "self-related_random2000": 0.8329457640647888, "self-related_random2500": 0.8424031138420105, "self-related_random3000": 0.5641860365867615, "self-related_random4000": 0.8434883952140808, "self-related_random5000": 0.8434107899665833, "self-related_random6000": 0.4988372325897217, "other-related_random500": 0.8396124243736267, "other-related_random1000": 0.4827131927013397, "other-related_random1500": 0.8290697932243347, "other-related_random2000": 0.8346511721611023, "other-related_random2500": 0.8457364439964294, "other-related_random3000": 0.8296899795532227, "other-related_random4000": 0.8506976962089539, "other-related_random5000": 0.7100000381469727, "other-related_random6000": 0.7366666793823242, "expectedness_random500": 0.8313178420066833, "expectedness_random1000": 0.8263565897941589, "expectedness_random1500": 0.8385271430015564, "expectedness_random2000": 0.8341085314750671, "expectedness_random2500": 0.8180620074272156, "expectedness_random3000": 0.8496124148368835, "expectedness_random4000": 0.840775191783905, "expectedness_random5000": 0.8081395626068115, "expectedness_random6000": 0.7900775074958801, "non-novelty_random500": 0.8529457449913025, "non-novelty_random1000": 0.8186046481132507, "non-novelty_random1500": 0.8396124243736267, "non-novelty_random2000": 0.8424031138420105, "non-novelty_random2500": 0.8257364630699158, "non-novelty_random3000": 0.8434883952140808, "non-novelty_random4000": 0.8423255085945129, "non-novelty_random5000": 0.8258139491081238, "non-novelty_random6000": 0.5475968718528748}