{"sentiment": "sadness", "seed": 7, "arousal_random500": 0.8928682208061218, "best": 0.9100260734558105, "arousal_random1000": 0.882868230342865, "arousal_random1500": 0.8856589198112488, "arousal_random2000": 0.8928682208061218, "arousal_random2500": 0.861860454082489, "arousal_random3000": 0.8363566398620605, "arousal_random4000": 0.6482946276664734, "arousal_random5000": 0.8806201815605164, "arousal_random6000": 0.7844961285591125, "valence_random500": 0.8817829489707947, "valence_random1000": 0.8889922499656677, "valence_random1500": 0.8657364249229431, "valence_random2000": 0.8789922595024109, "valence_random2500": 0.8800775408744812, "valence_random3000": 0.882868230342865, "valence_random4000": 0.8889922499656677, "valence_random5000": 0.8862015604972839, "valence_random6000": 0.6700000166893005, "happy_random500": 0.8895348906517029, "happy_random1000": 0.8889922499656677, "happy_random1500": 0.8812403082847595, "happy_random2000": 0.8762015700340271, "happy_random2500": 0.8862015604972839, "happy_random3000": 0.8541085124015808, "happy_random4000": 0.8347287178039551, "happy_random5000": 0.5797674059867859, "happy_random6000": 0.6967442035675049, "anger_random500": 0.8862015604972839, "anger_random1000": 0.8679844737052917, "anger_random1500": 0.8197674751281738, "anger_random2000": 0.8534108996391296, "anger_random2500": 0.8108527064323425, "anger_random3000": 0.8734883666038513, "anger_random4000": 0.7837209701538086, "anger_random5000": 0.8324806094169617, "anger_random6000": 0.8789922595024109, "sad_random500": 0.8895348906517029, "sad_random1000": 0.8884496092796326, "sad_random1500": 0.8862015604972839, "sad_random2000": 0.823100745677948, "sad_random2500": 0.8718604445457458, "sad_random3000": 0.796744167804718, "sad_random4000": 0.8745736479759216, "sad_random5000": 0.5093798637390137, "sad_random6000": 0.7878293991088867, "fear_random500": 0.8845736384391785, "fear_random1000": 0.8928682208061218, "fear_random1500": 0.882868230342865, "fear_random2000": 0.8762015700340271, "fear_random2500": 0.8762015700340271, "fear_random3000": 0.8895348906517029, "fear_random4000": 0.8728682398796082, "fear_random5000": 0.8856589198112488, "fear_random6000": 0.8767442107200623, "surprise_random500": 0.8862015604972839, "surprise_random1000": 0.8862015604972839, "surprise_random1500": 0.8862015604972839, "surprise_random2000": 0.879534900188446, "surprise_random2500": 0.8789922595024109, "surprise_random3000": 0.8862015604972839, "surprise_random4000": 0.7527132034301758, "surprise_random5000": 0.5936433672904968, "surprise_random6000": 0.8562790751457214, "disgust_random500": 0.8817829489707947, "disgust_random1000": 0.8895348906517029, "disgust_random1500": 0.8962015509605408, "disgust_random2000": 0.882868230342865, "disgust_random2500": 0.8756589293479919, "disgust_random3000": 0.8928682208061218, "disgust_random4000": 0.833565890789032, "disgust_random5000": 0.8773643374443054, "disgust_random6000": 0.5243411064147949, "control_random500": 0.8856589198112488, "control_random1000": 0.8889922499656677, "control_random1500": 0.8595349192619324, "control_random2000": 0.8662015795707703, "control_random2500": 0.8856589198112488, "control_random3000": 0.8784496188163757, "control_random4000": 0.8928682208061218, "control_random5000": 0.49813953042030334, "control_random6000": 0.7044961452484131, "fairness_random500": 0.8889922499656677, "fairness_random1000": 0.8889922499656677, "fairness_random1500": 0.8856589198112488, "fairness_random2000": 0.8862015604972839, "fairness_random2500": 0.8923255801200867, "fairness_random3000": 0.8762015700340271, "fairness_random4000": 0.879534900188446, "fairness_random5000": 0.8341860771179199, "fairness_random6000": 0.854573667049408, "self-related_random500": 0.882868230342865, "self-related_random1000": 0.8700775504112244, "self-related_random1500": 0.8962015509605408, "self-related_random2000": 0.8567442297935486, "self-related_random2500": 0.8884496092796326, "self-related_random3000": 0.838914692401886, "self-related_random4000": 0.8928682208061218, "self-related_random5000": 0.8411627411842346, "self-related_random6000": 0.8629457354545593, "other-related_random500": 0.8895348906517029, "other-related_random1000": 0.5424806475639343, "other-related_random1500": 0.8784496188163757, "other-related_random2000": 0.8690697550773621, "other-related_random2500": 0.8745736479759216, "other-related_random3000": 0.8762015700340271, "other-related_random4000": 0.8962015509605408, "other-related_random5000": 0.6944961547851562, "other-related_random6000": 0.5980619788169861, "expectedness_random500": 0.8928682208061218, "expectedness_random1000": 0.8856589198112488, "expectedness_random1500": 0.8895348906517029, "expectedness_random2000": 0.8928682208061218, "expectedness_random2500": 0.8851162791252136, "expectedness_random3000": 0.8740310072898865, "expectedness_random4000": 0.8768216967582703, "expectedness_random5000": 0.7759690284729004, "expectedness_random6000": 0.8634108901023865, "non-novelty_random500": 0.8962015509605408, "non-novelty_random1000": 0.8928682208061218, "non-novelty_random1500": 0.8923255801200867, "non-novelty_random2000": 0.879534900188446, "non-novelty_random2500": 0.8269767761230469, "non-novelty_random3000": 0.8430233001708984, "non-novelty_random4000": 0.8672868609428406, "non-novelty_random5000": 0.8502326011657715, "non-novelty_random6000": 0.4982945919036865}