{"sentiment": "sadness", "seed": 1, "arousal_random500": 0.8429457545280457, "best": 0.8346353769302368, "arousal_random1000": 0.8329457640647888, "arousal_random1500": 0.7720930576324463, "arousal_random2000": 0.8180620074272156, "arousal_random2500": 0.8318604826927185, "arousal_random3000": 0.5426356792449951, "arousal_random4000": 0.5326356887817383, "arousal_random5000": 0.8068216443061829, "arousal_random6000": 0.8224031329154968, "valence_random500": 0.8396124243736267, "valence_random1000": 0.830775260925293, "valence_random1500": 0.7881395816802979, "valence_random2000": 0.8224806785583496, "valence_random2500": 0.8279069066047668, "valence_random3000": 0.8424031138420105, "valence_random4000": 0.844031035900116, "valence_random5000": 0.8445736765861511, "valence_random6000": 0.4949612617492676, "happy_random500": 0.8396124243736267, "happy_random1000": 0.8224806785583496, "happy_random1500": 0.721085250377655, "happy_random2000": 0.8279845118522644, "happy_random2500": 0.8324031233787537, "happy_random3000": 0.6030232310295105, "happy_random4000": 0.699999988079071, "happy_random5000": 0.5426356792449951, "happy_random6000": 0.6279069781303406, "anger_random500": 0.8362790942192078, "anger_random1000": 0.8313178420066833, "anger_random1500": 0.4988372325897217, "anger_random2000": 0.838992178440094, "anger_random2500": 0.7875969409942627, "anger_random3000": 0.7504651546478271, "anger_random4000": 0.7022480964660645, "anger_random5000": 0.6024805903434753, "anger_random6000": 0.8368217349052429, "sad_random500": 0.8302326202392578, "sad_random1000": 0.8351938128471375, "sad_random1500": 0.7953488826751709, "sad_random2000": 0.8241086006164551, "sad_random2500": 0.806434154510498, "sad_random3000": 0.6882945895195007, "sad_random4000": 0.4949612617492676, "sad_random5000": 0.4949612617492676, "sad_random6000": 0.8484496474266052, "fear_random500": 0.8263565897941589, "fear_random1000": 0.8324031233787537, "fear_random1500": 0.8396124243736267, "fear_random2000": 0.840697705745697, "fear_random2500": 0.8506976962089539, "fear_random3000": 0.8235659599304199, "fear_random4000": 0.6390697360038757, "fear_random5000": 0.7548837661743164, "fear_random6000": 0.8228681683540344, "surprise_random500": 0.8329457640647888, "surprise_random1000": 0.8302326202392578, "surprise_random1500": 0.8424031138420105, "surprise_random2000": 0.8279845118522644, "surprise_random2500": 0.7166666984558105, "surprise_random3000": 0.8108527064323425, "surprise_random4000": 0.5099225044250488, "surprise_random5000": 0.4949612617492676, "surprise_random6000": 0.8401550650596619, "disgust_random500": 0.8390697836875916, "disgust_random1000": 0.8263565897941589, "disgust_random1500": 0.8379845023155212, "disgust_random2000": 0.8396124243736267, "disgust_random2500": 0.8224806785583496, "disgust_random3000": 0.8362790942192078, "disgust_random4000": 0.5099225044250488, "disgust_random5000": 0.6994573473930359, "disgust_random6000": 0.4949612617492676, "control_random500": 0.8202325701713562, "control_random1000": 0.8374419212341309, "control_random1500": 0.8296124339103699, "control_random2000": 0.8296124339103699, "control_random2500": 0.7837209701538086, "control_random3000": 0.8324031233787537, "control_random4000": 0.854573667049408, "control_random5000": 0.5919379591941833, "control_random6000": 0.7709302306175232, "fairness_random500": 0.8313178420066833, "fairness_random1000": 0.8362790942192078, "fairness_random1500": 0.8258139491081238, "fairness_random2000": 0.7448837757110596, "fairness_random2500": 0.7953488826751709, "fairness_random3000": 0.8245735764503479, "fairness_random4000": 0.7587597370147705, "fairness_random5000": 0.5099225044250488, "fairness_random6000": 0.8207752108573914, "self-related_random500": 0.8362790942192078, "self-related_random1000": 0.8540310263633728, "self-related_random1500": 0.8341085314750671, "self-related_random2000": 0.8479070067405701, "self-related_random2500": 0.7997674942016602, "self-related_random3000": 0.47155043482780457, "self-related_random4000": 0.8202325701713562, "self-related_random5000": 0.8180620074272156, "self-related_random6000": 0.4949612617492676, "other-related_random500": 0.844031035900116, "other-related_random1000": 0.4949612617492676, "other-related_random1500": 0.830775260925293, "other-related_random2000": 0.792015552520752, "other-related_random2500": 0.8346511721611023, "other-related_random3000": 0.8186046481132507, "other-related_random4000": 0.8330232501029968, "other-related_random5000": 0.4949612617492676, "other-related_random6000": 0.8067441582679749, "expectedness_random500": 0.8396124243736267, "expectedness_random1000": 0.806434154510498, "expectedness_random1500": 0.8285271525382996, "expectedness_random2000": 0.8103100657463074, "expectedness_random2500": 0.7909302711486816, "expectedness_random3000": 0.8468217253684998, "expectedness_random4000": 0.844031035900116, "expectedness_random5000": 0.7670543193817139, "expectedness_random6000": 0.8152713775634766, "non-novelty_random500": 0.8457364439964294, "non-novelty_random1000": 0.8235659599304199, "non-novelty_random1500": 0.8451938033103943, "non-novelty_random2000": 0.8158140182495117, "non-novelty_random2500": 0.7980620265007019, "non-novelty_random3000": 0.7914729118347168, "non-novelty_random4000": 0.8134108185768127, "non-novelty_random5000": 0.4949612617492676, "non-novelty_random6000": 0.4949612617492676}