{"sentiment": "sadness", "seed": 100, "arousal_random500": 0.5100775361061096, "best": 0.7079427242279053, "arousal_random1000": 0.49674418568611145, "arousal_random1500": 0.4976743757724762, "arousal_random2000": 0.49821707606315613, "arousal_random2500": 0.48116278648376465, "arousal_random3000": 0.5032558441162109, "arousal_random4000": 0.509767472743988, "arousal_random5000": 0.5032558441162109, "arousal_random6000": 0.5068216919898987, "valence_random500": 0.5313953757286072, "valence_random1000": 0.4971318244934082, "valence_random1500": 0.499922513961792, "valence_random2000": 0.5023255944252014, "valence_random2500": 0.5032558441162109, "valence_random3000": 0.5032558441162109, "valence_random4000": 0.5032558441162109, "valence_random5000": 0.5032558441162109, "valence_random6000": 0.5032558441162109, "happy_random500": 0.5195348858833313, "happy_random1000": 0.5293023586273193, "happy_random1500": 0.5032558441162109, "happy_random2000": 0.5032558441162109, "happy_random2500": 0.5106976628303528, "happy_random3000": 0.5032558441162109, "happy_random4000": 0.5032558441162109, "happy_random5000": 0.5043410658836365, "happy_random6000": 0.5032558441162109, "anger_random500": 0.5637209415435791, "anger_random1000": 0.5142635703086853, "anger_random1500": 0.560620129108429, "anger_random2000": 0.49674418568611145, "anger_random2500": 0.4571317732334137, "anger_random3000": 0.5032558441162109, "anger_random4000": 0.5010077953338623, "anger_random5000": 0.5032558441162109, "anger_random6000": 0.5032558441162109, "sad_random500": 0.5675969123840332, "sad_random1000": 0.5413178205490112, "sad_random1500": 0.5085271596908569, "sad_random2000": 0.5032558441162109, "sad_random2500": 0.49519380927085876, "sad_random3000": 0.49674418568611145, "sad_random4000": 0.5032558441162109, "sad_random5000": 0.43961238861083984, "sad_random6000": 0.49674418568611145, "fear_random500": 0.5223255753517151, "fear_random1000": 0.5608527064323425, "fear_random1500": 0.4971318244934082, "fear_random2000": 0.49674418568611145, "fear_random2500": 0.507286787033081, "fear_random3000": 0.5076743960380554, "fear_random4000": 0.5032558441162109, "fear_random5000": 0.5032558441162109, "fear_random6000": 0.49674418568611145, "surprise_random500": 0.5506201386451721, "surprise_random1000": 0.5400775074958801, "surprise_random1500": 0.5000775456428528, "surprise_random2000": 0.4948837459087372, "surprise_random2500": 0.5032558441162109, "surprise_random3000": 0.5032558441162109, "surprise_random4000": 0.5148836970329285, "surprise_random5000": 0.5032558441162109, "surprise_random6000": 0.48395347595214844, "disgust_random500": 0.5203100442886353, "disgust_random1000": 0.4945736229419708, "disgust_random1500": 0.48992249369621277, "disgust_random2000": 0.5795348882675171, "disgust_random2500": 0.5032558441162109, "disgust_random3000": 0.4904651343822479, "disgust_random4000": 0.5032558441162109, "disgust_random5000": 0.5032558441162109, "disgust_random6000": 0.5032558441162109, "control_random500": 0.5582170486450195, "control_random1000": 0.49565890431404114, "control_random1500": 0.49674418568611145, "control_random2000": 0.49674418568611145, "control_random2500": 0.5032558441162109, "control_random3000": 0.4960465431213379, "control_random4000": 0.46705424785614014, "control_random5000": 0.48643410205841064, "control_random6000": 0.5032558441162109, "fairness_random500": 0.5200775265693665, "fairness_random1000": 0.5034108757972717, "fairness_random1500": 0.510465145111084, "fairness_random2000": 0.5032558441162109, "fairness_random2500": 0.5032558441162109, "fairness_random3000": 0.49674418568611145, "fairness_random4000": 0.47984495759010315, "fairness_random5000": 0.499922513961792, "fairness_random6000": 0.49674418568611145, "self-related_random500": 0.5645735859870911, "self-related_random1000": 0.49674418568611145, "self-related_random1500": 0.5032558441162109, "self-related_random2000": 0.5000775456428528, "self-related_random2500": 0.5032558441162109, "self-related_random3000": 0.5190697312355042, "self-related_random4000": 0.5032558441162109, "self-related_random5000": 0.5106201767921448, "self-related_random6000": 0.5032558441162109, "other-related_random500": 0.5306201577186584, "other-related_random1000": 0.5335659384727478, "other-related_random1500": 0.4960465431213379, "other-related_random2000": 0.5115504264831543, "other-related_random2500": 0.5032558441162109, "other-related_random3000": 0.4971318244934082, "other-related_random4000": 0.5032558441162109, "other-related_random5000": 0.47224804759025574, "other-related_random6000": 0.5065891742706299, "expectedness_random500": 0.5134108662605286, "expectedness_random1000": 0.5451937913894653, "expectedness_random1500": 0.507131814956665, "expectedness_random2000": 0.5709302425384521, "expectedness_random2500": 0.49271321296691895, "expectedness_random3000": 0.5031782984733582, "expectedness_random4000": 0.5082170367240906, "expectedness_random5000": 0.5032558441162109, "expectedness_random6000": 0.5032558441162109, "non-novelty_random500": 0.5093023777008057, "non-novelty_random1000": 0.5336434245109558, "non-novelty_random1500": 0.5093023180961609, "non-novelty_random2000": 0.49674418568611145, "non-novelty_random2500": 0.5032558441162109, "non-novelty_random3000": 0.5032558441162109, "non-novelty_random4000": 0.49674418568611145, "non-novelty_random5000": 0.48209306597709656, "non-novelty_random6000": 0.5032558441162109}