{"sentiment": "sadness", "seed": 19, "arousal_random500": 0.8485271334648132, "best": 0.7963541746139526, "arousal_random1000": 0.8474418520927429, "arousal_random1500": 0.8551937937736511, "arousal_random2000": 0.8657364249229431, "arousal_random2500": 0.8457364439964294, "arousal_random3000": 0.7975969314575195, "arousal_random4000": 0.6422480940818787, "arousal_random5000": 0.8473643660545349, "arousal_random6000": 0.5117053985595703, "valence_random500": 0.8518604636192322, "valence_random1000": 0.851317822933197, "valence_random1500": 0.8508527278900146, "valence_random2000": 0.8451938033103943, "valence_random2500": 0.8601550459861755, "valence_random3000": 0.8446511626243591, "valence_random4000": 0.8473643660545349, "valence_random5000": 0.8501550555229187, "valence_random6000": 0.5050387382507324, "happy_random500": 0.8485271334648132, "happy_random1000": 0.8568992614746094, "happy_random1500": 0.8452712893486023, "happy_random2000": 0.8374419212341309, "happy_random2500": 0.8534883856773376, "happy_random3000": 0.8391472697257996, "happy_random4000": 0.8535658717155457, "happy_random5000": 0.7840309739112854, "happy_random6000": 0.7228682041168213, "anger_random500": 0.8418604731559753, "anger_random1000": 0.851317822933197, "anger_random1500": 0.8441085815429688, "anger_random2000": 0.8579069972038269, "anger_random2500": 0.833488404750824, "anger_random3000": 0.8585271239280701, "anger_random4000": 0.8451938033103943, "anger_random5000": 0.8384496569633484, "anger_random6000": 0.8345736861228943, "sad_random500": 0.8607751727104187, "sad_random1000": 0.8474418520927429, "sad_random1500": 0.8451938033103943, "sad_random2000": 0.8312403559684753, "sad_random2500": 0.8435659408569336, "sad_random3000": 0.5183720588684082, "sad_random4000": 0.8324806094169617, "sad_random5000": 0.5150387287139893, "sad_random6000": 0.7524030804634094, "fear_random500": 0.8613178133964539, "fear_random1000": 0.8551937937736511, "fear_random1500": 0.8451938033103943, "fear_random2000": 0.8679069876670837, "fear_random2500": 0.8507752418518066, "fear_random3000": 0.8534883856773376, "fear_random4000": 0.8401550650596619, "fear_random5000": 0.8175969123840332, "fear_random6000": 0.8529457449913025, "surprise_random500": 0.8413178324699402, "surprise_random1000": 0.8585271239280701, "surprise_random1500": 0.8485271334648132, "surprise_random2000": 0.8380619883537292, "surprise_random2500": 0.8458139300346375, "surprise_random3000": 0.8529457449913025, "surprise_random4000": 0.8341860771179199, "surprise_random5000": 0.8169767260551453, "surprise_random6000": 0.8328681588172913, "disgust_random500": 0.8541085124015808, "disgust_random1000": 0.8374419212341309, "disgust_random1500": 0.8451938033103943, "disgust_random2000": 0.8579844832420349, "disgust_random2500": 0.8379845023155212, "disgust_random3000": 0.8623256087303162, "disgust_random4000": 0.7975969314575195, "disgust_random5000": 0.7801550030708313, "disgust_random6000": 0.5021705627441406, "control_random500": 0.8457364439964294, "control_random1000": 0.8457364439964294, "control_random1500": 0.8462790846824646, "control_random2000": 0.8390697836875916, "control_random2500": 0.8657364249229431, "control_random3000": 0.8606976866722107, "control_random4000": 0.854573667049408, "control_random5000": 0.6711627840995789, "control_random6000": 0.7851162552833557, "fairness_random500": 0.8541085124015808, "fairness_random1000": 0.8446511626243591, "fairness_random1500": 0.8524031043052673, "fairness_random2000": 0.8591472506523132, "fairness_random2500": 0.8502326011657715, "fairness_random3000": 0.8524805903434753, "fairness_random4000": 0.8629457354545593, "fairness_random5000": 0.8573643565177917, "fairness_random6000": 0.8396124243736267, "self-related_random500": 0.8585271239280701, "self-related_random1000": 0.8562790751457214, "self-related_random1500": 0.8635659217834473, "self-related_random2000": 0.8529457449913025, "self-related_random2500": 0.8369767069816589, "self-related_random3000": 0.6817054152488708, "self-related_random4000": 0.8484496474266052, "self-related_random5000": 0.8524031043052673, "self-related_random6000": 0.7632558345794678, "other-related_random500": 0.8579844832420349, "other-related_random1000": 0.37062016129493713, "other-related_random1500": 0.8485271334648132, "other-related_random2000": 0.851317822933197, "other-related_random2500": 0.8519379496574402, "other-related_random3000": 0.8496124148368835, "other-related_random4000": 0.8468217253684998, "other-related_random5000": 0.7737209796905518, "other-related_random6000": 0.8089922070503235, "expectedness_random500": 0.8451938033103943, "expectedness_random1000": 0.8479844927787781, "expectedness_random1500": 0.8524031043052673, "expectedness_random2000": 0.8468992114067078, "expectedness_random2500": 0.8424806594848633, "expectedness_random3000": 0.8507752418518066, "expectedness_random4000": 0.8568217158317566, "expectedness_random5000": 0.7767441868782043, "expectedness_random6000": 0.8207752108573914, "non-novelty_random500": 0.8574419021606445, "non-novelty_random1000": 0.851317822933197, "non-novelty_random1500": 0.8634883761405945, "non-novelty_random2000": 0.8529457449913025, "non-novelty_random2500": 0.8524031043052673, "non-novelty_random3000": 0.8679069876670837, "non-novelty_random4000": 0.8556589484214783, "non-novelty_random5000": 0.8429457545280457, "non-novelty_random6000": 0.6595348715782166}