{"sentiment": "surprise", "seed": 3, "arousal_random500": 0.8273563385009766, "best": 0.9140625, "arousal_random1000": 0.8273563385009766, "arousal_random1500": 0.8291954398155212, "arousal_random2000": 0.8177011609077454, "arousal_random2500": 0.7632184028625488, "arousal_random3000": 0.5374712944030762, "arousal_random4000": 0.7236781716346741, "arousal_random5000": 0.7880459427833557, "arousal_random6000": 0.5437930822372437, "valence_random500": 0.8267815709114075, "valence_random1000": 0.7913792729377747, "valence_random1500": 0.8297700881958008, "valence_random2000": 0.7556321620941162, "valence_random2500": 0.8201149106025696, "valence_random3000": 0.5819540619850159, "valence_random4000": 0.7732183933258057, "valence_random5000": 0.8349425792694092, "valence_random6000": 0.7570114731788635, "happy_random500": 0.8306896686553955, "happy_random1000": 0.8210344314575195, "happy_random1500": 0.7565517425537109, "happy_random2000": 0.831264317035675, "happy_random2500": 0.7928735613822937, "happy_random3000": 0.8177011609077454, "happy_random4000": 0.7765517234802246, "happy_random5000": 0.5667815804481506, "happy_random6000": 0.598275899887085, "anger_random500": 0.8152874112129211, "anger_random1000": 0.8019540309906006, "anger_random1500": 0.6703448295593262, "anger_random2000": 0.8191954493522644, "anger_random2500": 0.5078160762786865, "anger_random3000": 0.6282758712768555, "anger_random4000": 0.7789654731750488, "anger_random5000": 0.5828735828399658, "anger_random6000": 0.8370115160942078, "sad_random500": 0.830115020275116, "sad_random1000": 0.8240230083465576, "sad_random1500": 0.8282758593559265, "sad_random2000": 0.4863218367099762, "sad_random2500": 0.7986207008361816, "sad_random3000": 0.6949425339698792, "sad_random4000": 0.6963217854499817, "sad_random5000": 0.43908044695854187, "sad_random6000": 0.7833333015441895, "fear_random500": 0.8258621096611023, "fear_random1000": 0.8316091895103455, "fear_random1500": 0.8306896686553955, "fear_random2000": 0.834597647190094, "fear_random2500": 0.8379309773445129, "fear_random3000": 0.771379292011261, "fear_random4000": 0.4399999678134918, "fear_random5000": 0.6421838998794556, "fear_random6000": 0.7870115637779236, "surprise_random500": 0.8210344910621643, "surprise_random1000": 0.8364367485046387, "surprise_random1500": 0.7383907437324524, "surprise_random2000": 0.8249425292015076, "surprise_random2500": 0.7541379332542419, "surprise_random3000": 0.8258621096611023, "surprise_random4000": 0.749885082244873, "surprise_random5000": 0.5737931132316589, "surprise_random6000": 0.8355172276496887, "disgust_random500": 0.8191954493522644, "disgust_random1000": 0.8240230083465576, "disgust_random1500": 0.7589654922485352, "disgust_random2000": 0.8355172276496887, "disgust_random2500": 0.8019540309906006, "disgust_random3000": 0.78862065076828, "disgust_random4000": 0.5771264433860779, "disgust_random5000": 0.8004598021507263, "disgust_random6000": 0.4366666376590729, "control_random500": 0.8373563289642334, "control_random1000": 0.8340229988098145, "control_random1500": 0.8431034684181213, "control_random2000": 0.8110345005989075, "control_random2500": 0.7244827747344971, "control_random3000": 0.6948275566101074, "control_random4000": 0.8116092085838318, "control_random5000": 0.4366666376590729, "control_random6000": 0.5943678021430969, "fairness_random500": 0.8267815709114075, "fairness_random1000": 0.8258621096611023, "fairness_random1500": 0.7871264815330505, "fairness_random2000": 0.8186206817626953, "fairness_random2500": 0.7913792729377747, "fairness_random3000": 0.8379309773445129, "fairness_random4000": 0.7450575232505798, "fairness_random5000": 0.5777011513710022, "fairness_random6000": 0.8086206912994385, "self-related_random500": 0.8028735518455505, "self-related_random1000": 0.8128736019134521, "self-related_random1500": 0.8349425196647644, "self-related_random2000": 0.8019540309906006, "self-related_random2500": 0.7622988224029541, "self-related_random3000": 0.6379310488700867, "self-related_random4000": 0.7880459427833557, "self-related_random5000": 0.8133333325386047, "self-related_random6000": 0.5350574851036072, "other-related_random500": 0.8282758593559265, "other-related_random1000": 0.5955172181129456, "other-related_random1500": 0.8301149010658264, "other-related_random2000": 0.8286207318305969, "other-related_random2500": 0.768965482711792, "other-related_random3000": 0.8240230083465576, "other-related_random4000": 0.8340229988098145, "other-related_random5000": 0.4366666376590729, "other-related_random6000": 0.4366666376590729, "expectedness_random500": 0.8210344314575195, "expectedness_random1000": 0.8004598021507263, "expectedness_random1500": 0.8210344910621643, "expectedness_random2000": 0.8110345005989075, "expectedness_random2500": 0.8249425292015076, "expectedness_random3000": 0.6800000071525574, "expectedness_random4000": 0.8421838879585266, "expectedness_random5000": 0.4366666376590729, "expectedness_random6000": 0.6585057377815247, "non-novelty_random500": 0.8291954398155212, "non-novelty_random1000": 0.8258621096611023, "non-novelty_random1500": 0.7608045935630798, "non-novelty_random2000": 0.7804598212242126, "non-novelty_random2500": 0.46724140644073486, "non-novelty_random3000": 0.8010344505310059, "non-novelty_random4000": 0.8201149106025696, "non-novelty_random5000": 0.4399999678134918, "non-novelty_random6000": 0.4366666376590729}