{"sentiment": "surprise", "seed": 5, "arousal_random500": 0.590919554233551, "best": 0.806640625, "arousal_random1000": 0.6127586364746094, "arousal_random1500": 0.44574710726737976, "arousal_random2000": 0.5542528629302979, "arousal_random2500": 0.4490804672241211, "arousal_random3000": 0.44574710726737976, "arousal_random4000": 0.4841379225254059, "arousal_random5000": 0.44574710726737976, "arousal_random6000": 0.46264371275901794, "valence_random500": 0.660574734210968, "valence_random1000": 0.4639080762863159, "valence_random1500": 0.44816088676452637, "valence_random2000": 0.5609195232391357, "valence_random2500": 0.44574710726737976, "valence_random3000": 0.44574710726737976, "valence_random4000": 0.44574710726737976, "valence_random5000": 0.44574710726737976, "valence_random6000": 0.4424137771129608, "happy_random500": 0.5975862145423889, "happy_random1000": 0.45482757687568665, "happy_random1500": 0.44574710726737976, "happy_random2000": 0.44574710726737976, "happy_random2500": 0.44574710726737976, "happy_random3000": 0.44574710726737976, "happy_random4000": 0.44574710726737976, "happy_random5000": 0.44574710726737976, "happy_random6000": 0.5542528629302979, "anger_random500": 0.6245977282524109, "anger_random1000": 0.6278160810470581, "anger_random1500": 0.44574710726737976, "anger_random2000": 0.5967816114425659, "anger_random2500": 0.44574710726737976, "anger_random3000": 0.44574710726737976, "anger_random4000": 0.4563218355178833, "anger_random5000": 0.44574710726737976, "anger_random6000": 0.48678159713745117, "sad_random500": 0.6475862264633179, "sad_random1000": 0.590919554233551, "sad_random1500": 0.4490804672241211, "sad_random2000": 0.5742529034614563, "sad_random2500": 0.44574710726737976, "sad_random3000": 0.5542528629302979, "sad_random4000": 0.44574710726737976, "sad_random5000": 0.433218389749527, "sad_random6000": 0.5542528629302979, "fear_random500": 0.682873547077179, "fear_random1000": 0.6275862455368042, "fear_random1500": 0.6480459570884705, "fear_random2000": 0.5542528629302979, "fear_random2500": 0.5809195637702942, "fear_random3000": 0.52287358045578, "fear_random4000": 0.44574710726737976, "fear_random5000": 0.44574710726737976, "fear_random6000": 0.5542528629302979, "surprise_random500": 0.6209195256233215, "surprise_random1000": 0.5117241740226746, "surprise_random1500": 0.49931034445762634, "surprise_random2000": 0.632068932056427, "surprise_random2500": 0.44574710726737976, "surprise_random3000": 0.44574710726737976, "surprise_random4000": 0.4865517318248749, "surprise_random5000": 0.44574710726737976, "surprise_random6000": 0.4424137771129608, "disgust_random500": 0.614022970199585, "disgust_random1000": 0.6170114874839783, "disgust_random1500": 0.44574710726737976, "disgust_random2000": 0.44574710726737976, "disgust_random2500": 0.44574710726737976, "disgust_random3000": 0.5542528629302979, "disgust_random4000": 0.44574710726737976, "disgust_random5000": 0.44574710726737976, "disgust_random6000": 0.44574710726737976, "control_random500": 0.5777011513710022, "control_random1000": 0.5775862336158752, "control_random1500": 0.4514942169189453, "control_random2000": 0.44574710726737976, "control_random2500": 0.44574710726737976, "control_random3000": 0.5208045840263367, "control_random4000": 0.5551723837852478, "control_random5000": 0.4514942467212677, "control_random6000": 0.44574710726737976, "fairness_random500": 0.6959770321846008, "fairness_random1000": 0.5742529034614563, "fairness_random1500": 0.5975862145423889, "fairness_random2000": 0.44574710726737976, "fairness_random2500": 0.44574710726737976, "fairness_random3000": 0.5542528629302979, "fairness_random4000": 0.500804603099823, "fairness_random5000": 0.4941379129886627, "fairness_random6000": 0.565517246723175, "self-related_random500": 0.6144827604293823, "self-related_random1000": 0.6079310178756714, "self-related_random1500": 0.4514942169189453, "self-related_random2000": 0.52379310131073, "self-related_random2500": 0.5866666436195374, "self-related_random3000": 0.48620691895484924, "self-related_random4000": 0.44574710726737976, "self-related_random5000": 0.4448275566101074, "self-related_random6000": 0.44574710726737976, "other-related_random500": 0.590919554233551, "other-related_random1000": 0.4424137771129608, "other-related_random1500": 0.6333333849906921, "other-related_random2000": 0.44574710726737976, "other-related_random2500": 0.44574710726737976, "other-related_random3000": 0.5597701072692871, "other-related_random4000": 0.44574710726737976, "other-related_random5000": 0.44574710726737976, "other-related_random6000": 0.457241415977478, "expectedness_random500": 0.6224138140678406, "expectedness_random1000": 0.48540231585502625, "expectedness_random1500": 0.4581609070301056, "expectedness_random2000": 0.5625287294387817, "expectedness_random2500": 0.44574710726737976, "expectedness_random3000": 0.44574710726737976, "expectedness_random4000": 0.44574713706970215, "expectedness_random5000": 0.44574710726737976, "expectedness_random6000": 0.44574710726737976, "non-novelty_random500": 0.6511494517326355, "non-novelty_random1000": 0.5552873611450195, "non-novelty_random1500": 0.45482757687568665, "non-novelty_random2000": 0.5542528629302979, "non-novelty_random2500": 0.44574710726737976, "non-novelty_random3000": 0.44574710726737976, "non-novelty_random4000": 0.5627586245536804, "non-novelty_random5000": 0.44574710726737976, "non-novelty_random6000": 0.44574710726737976}