{"sentiment": "surprise", "seed": 15, "arousal_random500": 0.8697701096534729, "best": 0.939453125, "arousal_random1000": 0.8764367699623108, "arousal_random1500": 0.841034471988678, "arousal_random2000": 0.864022970199585, "arousal_random2500": 0.8252873420715332, "arousal_random3000": 0.6488505601882935, "arousal_random4000": 0.45057472586631775, "arousal_random5000": 0.886091947555542, "arousal_random6000": 0.4490804672241211, "valence_random500": 0.8673563003540039, "valence_random1000": 0.8682758808135986, "valence_random1500": 0.8525287508964539, "valence_random2000": 0.8788506388664246, "valence_random2500": 0.8295402526855469, "valence_random3000": 0.8525287508964539, "valence_random4000": 0.8122988343238831, "valence_random5000": 0.8409194946289062, "valence_random6000": 0.43333330750465393, "happy_random500": 0.8831034302711487, "happy_random1000": 0.8591954112052917, "happy_random1500": 0.8495402336120605, "happy_random2000": 0.8870115280151367, "happy_random2500": 0.8573563098907471, "happy_random3000": 0.7663218379020691, "happy_random4000": 0.8660919666290283, "happy_random5000": 0.44574710726737976, "happy_random6000": 0.43908044695854187, "anger_random500": 0.8731034398078918, "anger_random1000": 0.8419540524482727, "anger_random1500": 0.8419540524482727, "anger_random2000": 0.9027585983276367, "anger_random2500": 0.7224138379096985, "anger_random3000": 0.8237931132316589, "anger_random4000": 0.8682758808135986, "anger_random5000": 0.841839075088501, "anger_random6000": 0.866436779499054, "sad_random500": 0.8740229606628418, "sad_random1000": 0.8558620810508728, "sad_random1500": 0.888505756855011, "sad_random2000": 0.6416091918945312, "sad_random2500": 0.8467815518379211, "sad_random3000": 0.7529885172843933, "sad_random4000": 0.7678160667419434, "sad_random5000": 0.7444827556610107, "sad_random6000": 0.7100000381469727, "fear_random500": 0.8764367699623108, "fear_random1000": 0.8740229606628418, "fear_random1500": 0.837701141834259, "fear_random2000": 0.882758617401123, "fear_random2500": 0.866436779499054, "fear_random3000": 0.795057475566864, "fear_random4000": 0.4366666376590729, "fear_random5000": 0.8516092300415039, "fear_random6000": 0.8703448176383972, "surprise_random500": 0.8797701001167297, "surprise_random1000": 0.864022970199585, "surprise_random1500": 0.8797701001167297, "surprise_random2000": 0.8501150012016296, "surprise_random2500": 0.8760919570922852, "surprise_random3000": 0.8740229606628418, "surprise_random4000": 0.8213793635368347, "surprise_random5000": 0.4399999678134918, "surprise_random6000": 0.8119540214538574, "disgust_random500": 0.8755171895027161, "disgust_random1000": 0.8673563003540039, "disgust_random1500": 0.860689640045166, "disgust_random2000": 0.864022970199585, "disgust_random2500": 0.8401148915290833, "disgust_random3000": 0.8779310584068298, "disgust_random4000": 0.8549425601959229, "disgust_random5000": 0.8909195065498352, "disgust_random6000": 0.4366666376590729, "control_random500": 0.8797701001167297, "control_random1000": 0.8549425601959229, "control_random1500": 0.886091947555542, "control_random2000": 0.8649425506591797, "control_random2500": 0.8616092205047607, "control_random3000": 0.8770115375518799, "control_random4000": 0.8951724171638489, "control_random5000": 0.6612643599510193, "control_random6000": 0.8651724457740784, "fairness_random500": 0.8558620810508728, "fairness_random1000": 0.8697701096534729, "fairness_random1500": 0.830115020275116, "fairness_random2000": 0.8549425601959229, "fairness_random2500": 0.8286207318305969, "fairness_random3000": 0.8697701096534729, "fairness_random4000": 0.8703448176383972, "fairness_random5000": 0.8467815518379211, "fairness_random6000": 0.8047125935554504, "self-related_random500": 0.8731034398078918, "self-related_random1000": 0.8764367699623108, "self-related_random1500": 0.8731034398078918, "self-related_random2000": 0.8788506388664246, "self-related_random2500": 0.867931067943573, "self-related_random3000": 0.6945977210998535, "self-related_random4000": 0.8540229797363281, "self-related_random5000": 0.8104597926139832, "self-related_random6000": 0.8721839785575867, "other-related_random500": 0.8697701096534729, "other-related_random1000": 0.5867816209793091, "other-related_random1500": 0.8673563003540039, "other-related_random2000": 0.8740229606628418, "other-related_random2500": 0.8845977187156677, "other-related_random3000": 0.8770115375518799, "other-related_random4000": 0.8721839785575867, "other-related_random5000": 0.5622988343238831, "other-related_random6000": 0.43333330750465393, "expectedness_random500": 0.8797701001167297, "expectedness_random1000": 0.8755171895027161, "expectedness_random1500": 0.8770115375518799, "expectedness_random2000": 0.8764367699623108, "expectedness_random2500": 0.8564367890357971, "expectedness_random3000": 0.7578161358833313, "expectedness_random4000": 0.8542528748512268, "expectedness_random5000": 0.43333330750465393, "expectedness_random6000": 0.8685057759284973, "non-novelty_random500": 0.8525287508964539, "non-novelty_random1000": 0.841034471988678, "non-novelty_random1500": 0.8706896305084229, "non-novelty_random2000": 0.8712643980979919, "non-novelty_random2500": 0.7544827461242676, "non-novelty_random3000": 0.8994252681732178, "non-novelty_random4000": 0.8785057663917542, "non-novelty_random5000": 0.8766667246818542, "non-novelty_random6000": 0.7314942479133606}