{"sentiment": "surprise", "seed": 9, "arousal_random500": 0.5412643551826477, "best": 0.76171875, "arousal_random1000": 0.5567815899848938, "arousal_random1500": 0.45724138617515564, "arousal_random2000": 0.5427586436271667, "arousal_random2500": 0.48563218116760254, "arousal_random3000": 0.45724138617515564, "arousal_random4000": 0.5427586436271667, "arousal_random5000": 0.45724138617515564, "arousal_random6000": 0.5427586436271667, "valence_random500": 0.6096551418304443, "valence_random1000": 0.5527586340904236, "valence_random1500": 0.45724138617515564, "valence_random2000": 0.521379292011261, "valence_random2500": 0.45724138617515564, "valence_random3000": 0.45724138617515564, "valence_random4000": 0.45724138617515564, "valence_random5000": 0.45724138617515564, "valence_random6000": 0.5445976853370667, "happy_random500": 0.5421839356422424, "happy_random1000": 0.45724138617515564, "happy_random1500": 0.45724138617515564, "happy_random2000": 0.45724138617515564, "happy_random2500": 0.45724138617515564, "happy_random3000": 0.45724138617515564, "happy_random4000": 0.45724138617515564, "happy_random5000": 0.45724138617515564, "happy_random6000": 0.45724138617515564, "anger_random500": 0.5503448247909546, "anger_random1000": 0.5491953492164612, "anger_random1500": 0.45724138617515564, "anger_random2000": 0.5370115041732788, "anger_random2500": 0.45724138617515564, "anger_random3000": 0.45724138617515564, "anger_random4000": 0.45724138617515564, "anger_random5000": 0.45724138617515564, "anger_random6000": 0.45724138617515564, "sad_random500": 0.5470114946365356, "sad_random1000": 0.5427586436271667, "sad_random1500": 0.5080459713935852, "sad_random2000": 0.45724138617515564, "sad_random2500": 0.45724138617515564, "sad_random3000": 0.5364367961883545, "sad_random4000": 0.45724138617515564, "sad_random5000": 0.5570115447044373, "sad_random6000": 0.5427586436271667, "fear_random500": 0.5494253039360046, "fear_random1000": 0.5525286793708801, "fear_random1500": 0.45724138617515564, "fear_random2000": 0.5603448748588562, "fear_random2500": 0.45724138617515564, "fear_random3000": 0.5427586436271667, "fear_random4000": 0.45724138617515564, "fear_random5000": 0.45724138617515564, "fear_random6000": 0.45724138617515564, "surprise_random500": 0.5494253039360046, "surprise_random1000": 0.5706896781921387, "surprise_random1500": 0.4539080560207367, "surprise_random2000": 0.5660919547080994, "surprise_random2500": 0.45724138617515564, "surprise_random3000": 0.45724138617515564, "surprise_random4000": 0.45724138617515564, "surprise_random5000": 0.45724138617515564, "surprise_random6000": 0.45724138617515564, "disgust_random500": 0.45724138617515564, "disgust_random1000": 0.5427586436271667, "disgust_random1500": 0.45724138617515564, "disgust_random2000": 0.6018390655517578, "disgust_random2500": 0.45724138617515564, "disgust_random3000": 0.45724138617515564, "disgust_random4000": 0.45724138617515564, "disgust_random5000": 0.45724138617515564, "disgust_random6000": 0.45724138617515564, "control_random500": 0.5670114755630493, "control_random1000": 0.5427586436271667, "control_random1500": 0.45724138617515564, "control_random2000": 0.5427586436271667, "control_random2500": 0.45724138617515564, "control_random3000": 0.45724138617515564, "control_random4000": 0.45724138617515564, "control_random5000": 0.45724138617515564, "control_random6000": 0.45724138617515564, "fairness_random500": 0.5427586436271667, "fairness_random1000": 0.5494253039360046, "fairness_random1500": 0.45724138617515564, "fairness_random2000": 0.4629884958267212, "fairness_random2500": 0.45724138617515564, "fairness_random3000": 0.5427586436271667, "fairness_random4000": 0.45724138617515564, "fairness_random5000": 0.45724138617515564, "fairness_random6000": 0.5635631680488586, "self-related_random500": 0.5911494493484497, "self-related_random1000": 0.5521839261054993, "self-related_random1500": 0.47448277473449707, "self-related_random2000": 0.5739080905914307, "self-related_random2500": 0.45724138617515564, "self-related_random3000": 0.549195408821106, "self-related_random4000": 0.5452873706817627, "self-related_random5000": 0.45724138617515564, "self-related_random6000": 0.45724138617515564, "other-related_random500": 0.5427586436271667, "other-related_random1000": 0.5282759070396423, "other-related_random1500": 0.45724138617515564, "other-related_random2000": 0.45724138617515564, "other-related_random2500": 0.45724138617515564, "other-related_random3000": 0.5403448343276978, "other-related_random4000": 0.45724138617515564, "other-related_random5000": 0.45724138617515564, "other-related_random6000": 0.45724138617515564, "expectedness_random500": 0.5898850560188293, "expectedness_random1000": 0.5549425482749939, "expectedness_random1500": 0.5345976948738098, "expectedness_random2000": 0.5977011322975159, "expectedness_random2500": 0.45724138617515564, "expectedness_random3000": 0.45724138617515564, "expectedness_random4000": 0.45724138617515564, "expectedness_random5000": 0.45724138617515564, "expectedness_random6000": 0.45724138617515564, "non-novelty_random500": 0.46873560547828674, "non-novelty_random1000": 0.5328735709190369, "non-novelty_random1500": 0.6144827604293823, "non-novelty_random2000": 0.5427586436271667, "non-novelty_random2500": 0.45724138617515564, "non-novelty_random3000": 0.45724138617515564, "non-novelty_random4000": 0.5427586436271667, "non-novelty_random5000": 0.45724138617515564, "non-novelty_random6000": 0.45724138617515564}