{"sentiment": "surprise", "seed": 7, "arousal_random500": 0.8531034588813782, "best": 0.923828125, "arousal_random1000": 0.8182758688926697, "arousal_random1500": 0.8445976376533508, "arousal_random2000": 0.8455172181129456, "arousal_random2500": 0.8270115256309509, "arousal_random3000": 0.8388505578041077, "arousal_random4000": 0.6085057258605957, "arousal_random5000": 0.8497701287269592, "arousal_random6000": 0.8445976376533508, "valence_random500": 0.8555172085762024, "valence_random1000": 0.8473563194274902, "valence_random1500": 0.8455173373222351, "valence_random2000": 0.8412644267082214, "valence_random2500": 0.8412644267082214, "valence_random3000": 0.8225287795066833, "valence_random4000": 0.8012643456459045, "valence_random5000": 0.8406896591186523, "valence_random6000": 0.48540231585502625, "happy_random500": 0.8564367890357971, "happy_random1000": 0.8473563194274902, "happy_random1500": 0.8512642979621887, "happy_random2000": 0.8212643265724182, "happy_random2500": 0.8249425292015076, "happy_random3000": 0.8221839070320129, "happy_random4000": 0.6881608963012695, "happy_random5000": 0.518045961856842, "happy_random6000": 0.7594252228736877, "anger_random500": 0.8464367985725403, "anger_random1000": 0.8455173373222351, "anger_random1500": 0.8167815804481506, "anger_random2000": 0.8521838784217834, "anger_random2500": 0.7641379237174988, "anger_random3000": 0.8455173373222351, "anger_random4000": 0.8479310870170593, "anger_random5000": 0.8479310870170593, "anger_random6000": 0.852183997631073, "sad_random500": 0.8497701287269592, "sad_random1000": 0.8464367985725403, "sad_random1500": 0.8455173373222351, "sad_random2000": 0.8412644267082214, "sad_random2500": 0.7986207008361816, "sad_random3000": 0.6285057067871094, "sad_random4000": 0.7919540405273438, "sad_random5000": 0.30540230870246887, "sad_random6000": 0.815517246723175, "fear_random500": 0.8564367890357971, "fear_random1000": 0.8655173182487488, "fear_random1500": 0.7977011799812317, "fear_random2000": 0.8455173373222351, "fear_random2500": 0.8349425792694092, "fear_random3000": 0.8555172085762024, "fear_random4000": 0.8279309868812561, "fear_random5000": 0.43908044695854187, "fear_random6000": 0.8364367485046387, "surprise_random500": 0.8506896495819092, "surprise_random1000": 0.8473563194274902, "surprise_random1500": 0.8421838879585266, "surprise_random2000": 0.8455173373222351, "surprise_random2500": 0.8497701287269592, "surprise_random3000": 0.8455172181129456, "surprise_random4000": 0.8331034779548645, "surprise_random5000": 0.4802298843860626, "surprise_random6000": 0.6918390393257141, "disgust_random500": 0.8316091895103455, "disgust_random1000": 0.8388505578041077, "disgust_random1500": 0.8349425196647644, "disgust_random2000": 0.8588505387306213, "disgust_random2500": 0.8112643361091614, "disgust_random3000": 0.8497701287269592, "disgust_random4000": 0.720574676990509, "disgust_random5000": 0.6418390870094299, "disgust_random6000": 0.43908044695854187, "control_random500": 0.8497701287269592, "control_random1000": 0.8421838879585266, "control_random1500": 0.8488505482673645, "control_random2000": 0.8349425196647644, "control_random2500": 0.8564367890357971, "control_random3000": 0.8488505482673645, "control_random4000": 0.6794252991676331, "control_random5000": 0.834597647190094, "control_random6000": 0.8431034088134766, "fairness_random500": 0.8555172085762024, "fairness_random1000": 0.8282758593559265, "fairness_random1500": 0.8421838879585266, "fairness_random2000": 0.8249425292015076, "fairness_random2500": 0.8455172181129456, "fairness_random3000": 0.8488505482673645, "fairness_random4000": 0.8388505578041077, "fairness_random5000": 0.6470114588737488, "fairness_random6000": 0.8212643265724182, "self-related_random500": 0.8421838879585266, "self-related_random1000": 0.8488505482673645, "self-related_random1500": 0.852183997631073, "self-related_random2000": 0.8440229892730713, "self-related_random2500": 0.8388505578041077, "self-related_random3000": 0.638505756855011, "self-related_random4000": 0.8412644267082214, "self-related_random5000": 0.728735625743866, "self-related_random6000": 0.43908044695854187, "other-related_random500": 0.8488505482673645, "other-related_random1000": 0.47620689868927, "other-related_random1500": 0.8455173373222351, "other-related_random2000": 0.8306896686553955, "other-related_random2500": 0.7608045935630798, "other-related_random3000": 0.8455172181129456, "other-related_random4000": 0.8249425292015076, "other-related_random5000": 0.5050575137138367, "other-related_random6000": 0.5667815804481506, "expectedness_random500": 0.8564367890357971, "expectedness_random1000": 0.8431034088134766, "expectedness_random1500": 0.8521838784217834, "expectedness_random2000": 0.8455172181129456, "expectedness_random2500": 0.8445976376533508, "expectedness_random3000": 0.8397701382637024, "expectedness_random4000": 0.8412644267082214, "expectedness_random5000": 0.5864368081092834, "expectedness_random6000": 0.43908044695854187, "non-novelty_random500": 0.8531034588813782, "non-novelty_random1000": 0.8406896591186523, "non-novelty_random1500": 0.8388505578041077, "non-novelty_random2000": 0.8421838879585266, "non-novelty_random2500": 0.8191954493522644, "non-novelty_random3000": 0.8488505482673645, "non-novelty_random4000": 0.8479310870170593, "non-novelty_random5000": 0.8070115447044373, "non-novelty_random6000": 0.47390806674957275}