{"sentiment": "surprise", "seed": 17, "arousal_random500": 0.8551723957061768, "best": 0.927734375, "arousal_random1000": 0.8585057258605957, "arousal_random1500": 0.8685057163238525, "arousal_random2000": 0.5899999737739563, "arousal_random2500": 0.7333333492279053, "arousal_random3000": 0.43333330750465393, "arousal_random4000": 0.5666666626930237, "arousal_random5000": 0.699999988079071, "arousal_random6000": 0.5313792824745178, "valence_random500": 0.8651724457740784, "valence_random1000": 0.8651723861694336, "valence_random1500": 0.8551723957061768, "valence_random2000": 0.8066666722297668, "valence_random2500": 0.6733333468437195, "valence_random3000": 0.8251724243164062, "valence_random4000": 0.5666666626930237, "valence_random5000": 0.5666666626930237, "valence_random6000": 0.25896552205085754, "happy_random500": 0.8718391060829163, "happy_random1000": 0.8718391060829163, "happy_random1500": 0.7909195423126221, "happy_random2000": 0.84425288438797, "happy_random2500": 0.8651723861694336, "happy_random3000": 0.43333330750465393, "happy_random4000": 0.6533333659172058, "happy_random5000": 0.43333330750465393, "happy_random6000": 0.43333330750465393, "anger_random500": 0.8718391060829163, "anger_random1000": 0.7699999809265137, "anger_random1500": 0.43333330750465393, "anger_random2000": 0.8518390655517578, "anger_random2500": 0.6837930679321289, "anger_random3000": 0.8551723957061768, "anger_random4000": 0.5966666340827942, "anger_random5000": 0.5666666626930237, "anger_random6000": 0.6134482622146606, "sad_random500": 0.8718391060829163, "sad_random1000": 0.8585057258605957, "sad_random1500": 0.841839075088501, "sad_random2000": 0.8194252848625183, "sad_random2500": 0.8551723957061768, "sad_random3000": 0.5666666626930237, "sad_random4000": 0.46965518593788147, "sad_random5000": 0.4468965530395508, "sad_random6000": 0.5666666626930237, "fear_random500": 0.8718391060829163, "fear_random1000": 0.8609195351600647, "fear_random1500": 0.8651723861694336, "fear_random2000": 0.5799999833106995, "fear_random2500": 0.867011547088623, "fear_random3000": 0.8285057544708252, "fear_random4000": 0.43333330750465393, "fear_random5000": 0.4366666376590729, "fear_random6000": 0.5666666626930237, "surprise_random500": 0.8651723861694336, "surprise_random1000": 0.8685057759284973, "surprise_random1500": 0.8585057258605957, "surprise_random2000": 0.8242529034614563, "surprise_random2500": 0.7933333516120911, "surprise_random3000": 0.8475861549377441, "surprise_random4000": 0.5108045935630798, "surprise_random5000": 0.43333330750465393, "surprise_random6000": 0.5666666626930237, "disgust_random500": 0.8694252967834473, "disgust_random1000": 0.8518390655517578, "disgust_random1500": 0.8585057258605957, "disgust_random2000": 0.8651723861694336, "disgust_random2500": 0.5666666626930237, "disgust_random3000": 0.8309195637702942, "disgust_random4000": 0.43333330750465393, "disgust_random5000": 0.8079310059547424, "disgust_random6000": 0.43333330750465393, "control_random500": 0.8751724362373352, "control_random1000": 0.8551723957061768, "control_random1500": 0.8551723957061768, "control_random2000": 0.8685057759284973, "control_random2500": 0.8503448367118835, "control_random3000": 0.8585057258605957, "control_random4000": 0.5666666626930237, "control_random5000": 0.6342528462409973, "control_random6000": 0.43333330750465393, "fairness_random500": 0.8718391060829163, "fairness_random1000": 0.8585057258605957, "fairness_random1500": 0.7634482383728027, "fairness_random2000": 0.8651723861694336, "fairness_random2500": 0.838505744934082, "fairness_random3000": 0.7066666483879089, "fairness_random4000": 0.8091954588890076, "fairness_random5000": 0.43333330750465393, "fairness_random6000": 0.5666666626930237, "self-related_random500": 0.8685057759284973, "self-related_random1000": 0.8551723957061768, "self-related_random1500": 0.8685057759284973, "self-related_random2000": 0.841839075088501, "self-related_random2500": 0.8100000023841858, "self-related_random3000": 0.5666666626930237, "self-related_random4000": 0.4424137771129608, "self-related_random5000": 0.5666666626930237, "self-related_random6000": 0.43333330750465393, "other-related_random500": 0.8585057258605957, "other-related_random1000": 0.2022988349199295, "other-related_random1500": 0.8451724052429199, "other-related_random2000": 0.7833333015441895, "other-related_random2500": 0.5866666436195374, "other-related_random3000": 0.8518390655517578, "other-related_random4000": 0.7842528820037842, "other-related_random5000": 0.43333330750465393, "other-related_random6000": 0.4663218557834625, "expectedness_random500": 0.8618390560150146, "expectedness_random1000": 0.8585057258605957, "expectedness_random1500": 0.8618390560150146, "expectedness_random2000": 0.6833333373069763, "expectedness_random2500": 0.8585057258605957, "expectedness_random3000": 0.7770114541053772, "expectedness_random4000": 0.7100000381469727, "expectedness_random5000": 0.43333330750465393, "expectedness_random6000": 0.4448275566101074, "non-novelty_random500": 0.8751724362373352, "non-novelty_random1000": 0.8585057258605957, "non-novelty_random1500": 0.8551723957061768, "non-novelty_random2000": 0.7800000309944153, "non-novelty_random2500": 0.5766666531562805, "non-novelty_random3000": 0.5666666626930237, "non-novelty_random4000": 0.5833333134651184, "non-novelty_random5000": 0.5666666626930237, "non-novelty_random6000": 0.43333330750465393}