{"sentiment": "surprise", "seed": 1, "arousal_random500": 0.5666666626930237, "best": 0.748046875, "arousal_random1000": 0.5666666626930237, "arousal_random1500": 0.45436784625053406, "arousal_random2000": 0.5666666626930237, "arousal_random2500": 0.5666666626930237, "arousal_random3000": 0.4366666376590729, "arousal_random4000": 0.44816088676452637, "arousal_random5000": 0.43333330750465393, "arousal_random6000": 0.43333330750465393, "valence_random500": 0.5464367866516113, "valence_random1000": 0.44436779618263245, "valence_random1500": 0.43333330750465393, "valence_random2000": 0.5666666626930237, "valence_random2500": 0.43333330750465393, "valence_random3000": 0.43333330750465393, "valence_random4000": 0.4420689642429352, "valence_random5000": 0.5666666626930237, "valence_random6000": 0.43333330750465393, "happy_random500": 0.57045978307724, "happy_random1000": 0.43333330750465393, "happy_random1500": 0.43333330750465393, "happy_random2000": 0.43333330750465393, "happy_random2500": 0.5666666626930237, "happy_random3000": 0.43333330750465393, "happy_random4000": 0.43333330750465393, "happy_random5000": 0.43333330750465393, "happy_random6000": 0.43333330750465393, "anger_random500": 0.5536782145500183, "anger_random1000": 0.43333330750465393, "anger_random1500": 0.43333330750465393, "anger_random2000": 0.49609193205833435, "anger_random2500": 0.43333330750465393, "anger_random3000": 0.43333330750465393, "anger_random4000": 0.5609195232391357, "anger_random5000": 0.5666666626930237, "anger_random6000": 0.43333330750465393, "sad_random500": 0.5666666626930237, "sad_random1000": 0.46206900477409363, "sad_random1500": 0.429999977350235, "sad_random2000": 0.43333330750465393, "sad_random2500": 0.4728735387325287, "sad_random3000": 0.5666666626930237, "sad_random4000": 0.43333330750465393, "sad_random5000": 0.43333330750465393, "sad_random6000": 0.5666666626930237, "fear_random500": 0.5642528533935547, "fear_random1000": 0.429999977350235, "fear_random1500": 0.4686206877231598, "fear_random2000": 0.5666666626930237, "fear_random2500": 0.43333330750465393, "fear_random3000": 0.43333330750465393, "fear_random4000": 0.43333330750465393, "fear_random5000": 0.43333330750465393, "fear_random6000": 0.5666666626930237, "surprise_random500": 0.5666666626930237, "surprise_random1000": 0.5488505959510803, "surprise_random1500": 0.42724141478538513, "surprise_random2000": 0.5431034564971924, "surprise_random2500": 0.43333330750465393, "surprise_random3000": 0.43333330750465393, "surprise_random4000": 0.43333330750465393, "surprise_random5000": 0.43333330750465393, "surprise_random6000": 0.5197701454162598, "disgust_random500": 0.5709195733070374, "disgust_random1000": 0.43333330750465393, "disgust_random1500": 0.518045961856842, "disgust_random2000": 0.5368965268135071, "disgust_random2500": 0.43333330750465393, "disgust_random3000": 0.5436781644821167, "disgust_random4000": 0.43333330750465393, "disgust_random5000": 0.43333330750465393, "disgust_random6000": 0.43333330750465393, "control_random500": 0.5673563480377197, "control_random1000": 0.5642528533935547, "control_random1500": 0.5666666626930237, "control_random2000": 0.43333330750465393, "control_random2500": 0.4522988498210907, "control_random3000": 0.47091951966285706, "control_random4000": 0.48436781764030457, "control_random5000": 0.4366666376590729, "control_random6000": 0.43333330750465393, "fairness_random500": 0.5666666626930237, "fairness_random1000": 0.5666666626930237, "fairness_random1500": 0.5373563170433044, "fairness_random2000": 0.43333330750465393, "fairness_random2500": 0.4732184112071991, "fairness_random3000": 0.4695402681827545, "fairness_random4000": 0.43333330750465393, "fairness_random5000": 0.43333330750465393, "fairness_random6000": 0.5542528629302979, "self-related_random500": 0.5494253039360046, "self-related_random1000": 0.47252872586250305, "self-related_random1500": 0.454482764005661, "self-related_random2000": 0.46103450655937195, "self-related_random2500": 0.5666666626930237, "self-related_random3000": 0.4357471168041229, "self-related_random4000": 0.43333330750465393, "self-related_random5000": 0.5666666626930237, "self-related_random6000": 0.43333330750465393, "other-related_random500": 0.5666666626930237, "other-related_random1000": 0.43333330750465393, "other-related_random1500": 0.43333330750465393, "other-related_random2000": 0.5591954588890076, "other-related_random2500": 0.5609195232391357, "other-related_random3000": 0.43333330750465393, "other-related_random4000": 0.43333330750465393, "other-related_random5000": 0.43333330750465393, "other-related_random6000": 0.43333330750465393, "expectedness_random500": 0.5666666626930237, "expectedness_random1000": 0.5295402407646179, "expectedness_random1500": 0.5675861835479736, "expectedness_random2000": 0.5666666626930237, "expectedness_random2500": 0.43333330750465393, "expectedness_random3000": 0.47310343384742737, "expectedness_random4000": 0.43333330750465393, "expectedness_random5000": 0.43333330750465393, "expectedness_random6000": 0.43333330750465393, "non-novelty_random500": 0.5677011609077454, "non-novelty_random1000": 0.5666666626930237, "non-novelty_random1500": 0.5527586340904236, "non-novelty_random2000": 0.5666666626930237, "non-novelty_random2500": 0.43333330750465393, "non-novelty_random3000": 0.43333330750465393, "non-novelty_random4000": 0.5560919642448425, "non-novelty_random5000": 0.5551723837852478, "non-novelty_random6000": 0.43333330750465393}