{"sentiment": "surprise", "seed": 100, "arousal_random500": 0.6903448104858398, "best": 0.826171875, "arousal_random1000": 0.6921839118003845, "arousal_random1500": 0.7297701239585876, "arousal_random2000": 0.5960919857025146, "arousal_random2500": 0.677931010723114, "arousal_random3000": 0.4539080560207367, "arousal_random4000": 0.45724138617515564, "arousal_random5000": 0.6243678331375122, "arousal_random6000": 0.5460919737815857, "valence_random500": 0.7055172920227051, "valence_random1000": 0.6703448295593262, "valence_random1500": 0.6394252777099609, "valence_random2000": 0.6470115184783936, "valence_random2500": 0.7240229249000549, "valence_random3000": 0.5462068915367126, "valence_random4000": 0.5701149106025696, "valence_random5000": 0.5627586245536804, "valence_random6000": 0.5304598212242126, "happy_random500": 0.6879310607910156, "happy_random1000": 0.7264367938041687, "happy_random1500": 0.7571263909339905, "happy_random2000": 0.6944828033447266, "happy_random2500": 0.6594252586364746, "happy_random3000": 0.6825287342071533, "happy_random4000": 0.5658620595932007, "happy_random5000": 0.38632187247276306, "happy_random6000": 0.4539080560207367, "anger_random500": 0.7340229153633118, "anger_random1000": 0.7543678283691406, "anger_random1500": 0.4744827449321747, "anger_random2000": 0.6594252586364746, "anger_random2500": 0.5443678498268127, "anger_random3000": 0.5189655423164368, "anger_random4000": 0.5395402312278748, "anger_random5000": 0.5494253039360046, "anger_random6000": 0.5460919737815857, "sad_random500": 0.6821839213371277, "sad_random1000": 0.5960919260978699, "sad_random1500": 0.6612643599510193, "sad_random2000": 0.4654022753238678, "sad_random2500": 0.594942569732666, "sad_random3000": 0.5460919737815857, "sad_random4000": 0.45965516567230225, "sad_random5000": 0.45057472586631775, "sad_random6000": 0.5460919737815857, "fear_random500": 0.7582759261131287, "fear_random1000": 0.7179310321807861, "fear_random1500": 0.6560919284820557, "fear_random2000": 0.6570115089416504, "fear_random2500": 0.7201149463653564, "fear_random3000": 0.635172426700592, "fear_random4000": 0.5745976567268372, "fear_random5000": 0.45965516567230225, "fear_random6000": 0.5460919737815857, "surprise_random500": 0.6670114994049072, "surprise_random1000": 0.7477011680603027, "surprise_random1500": 0.7440230250358582, "surprise_random2000": 0.5855172276496887, "surprise_random2500": 0.7398850321769714, "surprise_random3000": 0.6575862169265747, "surprise_random4000": 0.614022970199585, "surprise_random5000": 0.4539080560207367, "surprise_random6000": 0.5963218212127686, "disgust_random500": 0.7410345077514648, "disgust_random1000": 0.6921839714050293, "disgust_random1500": 0.7250574231147766, "disgust_random2000": 0.7155172228813171, "disgust_random2500": 0.7282758355140686, "disgust_random3000": 0.5827586054801941, "disgust_random4000": 0.4539080560207367, "disgust_random5000": 0.47206899523735046, "disgust_random6000": 0.4539080560207367, "control_random500": 0.7321839332580566, "control_random1000": 0.7521839141845703, "control_random1500": 0.7340230345726013, "control_random2000": 0.7391954064369202, "control_random2500": 0.6036781668663025, "control_random3000": 0.7131034731864929, "control_random4000": 0.6503448486328125, "control_random5000": 0.4539080560207367, "control_random6000": 0.5525286793708801, "fairness_random500": 0.7170115113258362, "fairness_random1000": 0.7036781907081604, "fairness_random1500": 0.717356264591217, "fairness_random2000": 0.6694252490997314, "fairness_random2500": 0.7079310417175293, "fairness_random3000": 0.6431034207344055, "fairness_random4000": 0.6672413945198059, "fairness_random5000": 0.6628735661506653, "fairness_random6000": 0.6185057163238525, "self-related_random500": 0.7482758164405823, "self-related_random1000": 0.709770143032074, "self-related_random1500": 0.6939080357551575, "self-related_random2000": 0.6494252681732178, "self-related_random2500": 0.6845976710319519, "self-related_random3000": 0.4359769821166992, "self-related_random4000": 0.5313792824745178, "self-related_random5000": 0.6285057663917542, "self-related_random6000": 0.4687356650829315, "other-related_random500": 0.6712643504142761, "other-related_random1000": 0.4539080560207367, "other-related_random1500": 0.6712643504142761, "other-related_random2000": 0.7410345077514648, "other-related_random2500": 0.682758629322052, "other-related_random3000": 0.6421838998794556, "other-related_random4000": 0.45965516567230225, "other-related_random5000": 0.4539080560207367, "other-related_random6000": 0.4539080560207367, "expectedness_random500": 0.6636781692504883, "expectedness_random1000": 0.7187356352806091, "expectedness_random1500": 0.709770143032074, "expectedness_random2000": 0.6194252967834473, "expectedness_random2500": 0.5816091895103455, "expectedness_random3000": 0.6064367890357971, "expectedness_random4000": 0.5271264314651489, "expectedness_random5000": 0.4539080560207367, "expectedness_random6000": 0.4539080560207367, "non-novelty_random500": 0.7355172038078308, "non-novelty_random1000": 0.7431035041809082, "non-novelty_random1500": 0.6503448486328125, "non-novelty_random2000": 0.5803448557853699, "non-novelty_random2500": 0.4663218557834625, "non-novelty_random3000": 0.6460919380187988, "non-novelty_random4000": 0.6545976996421814, "non-novelty_random5000": 0.4539080560207367, "non-novelty_random6000": 0.4539080560207367}