{"sentiment": "surprise", "seed": 19, "arousal_random500": 0.8740229606628418, "best": 0.939453125, "arousal_random1000": 0.8706896305084229, "arousal_random1500": 0.864597737789154, "arousal_random2000": 0.8688505291938782, "arousal_random2500": 0.8788506388664246, "arousal_random3000": 0.6957471370697021, "arousal_random4000": 0.64000004529953, "arousal_random5000": 0.8788506388664246, "arousal_random6000": 0.6500000357627869, "valence_random500": 0.8649425506591797, "valence_random1000": 0.8649425506591797, "valence_random1500": 0.8597701191902161, "valence_random2000": 0.8655173182487488, "valence_random2500": 0.8621838688850403, "valence_random3000": 0.8510344624519348, "valence_random4000": 0.8658620715141296, "valence_random5000": 0.8760919570922852, "valence_random6000": 0.6218390464782715, "happy_random500": 0.864022970199585, "happy_random1000": 0.8758620619773865, "happy_random1500": 0.8552873730659485, "happy_random2000": 0.8497701287269592, "happy_random2500": 0.8591954112052917, "happy_random3000": 0.8731034398078918, "happy_random4000": 0.8621838688850403, "happy_random5000": 0.7599999904632568, "happy_random6000": 0.8085057735443115, "anger_random500": 0.8706896305084229, "anger_random1000": 0.8577011227607727, "anger_random1500": 0.8764367699623108, "anger_random2000": 0.8540229797363281, "anger_random2500": 0.8564367890357971, "anger_random3000": 0.8621838688850403, "anger_random4000": 0.8337931036949158, "anger_random5000": 0.8037931323051453, "anger_random6000": 0.8475861549377441, "sad_random500": 0.8716092109680176, "sad_random1000": 0.8749425411224365, "sad_random1500": 0.8731034398078918, "sad_random2000": 0.8727586269378662, "sad_random2500": 0.864022970199585, "sad_random3000": 0.6299999952316284, "sad_random4000": 0.8716092109680176, "sad_random5000": 0.8370115160942078, "sad_random6000": 0.7442528605461121, "fear_random500": 0.8682758808135986, "fear_random1000": 0.866436779499054, "fear_random1500": 0.8582758903503418, "fear_random2000": 0.8594253063201904, "fear_random2500": 0.8873562812805176, "fear_random3000": 0.8812643885612488, "fear_random4000": 0.6264367699623108, "fear_random5000": 0.8536781668663025, "fear_random6000": 0.794367790222168, "surprise_random500": 0.8649425506591797, "surprise_random1000": 0.8706896305084229, "surprise_random1500": 0.8395402431488037, "surprise_random2000": 0.8758620619773865, "surprise_random2500": 0.8706896305084229, "surprise_random3000": 0.860689640045166, "surprise_random4000": 0.8309195637702942, "surprise_random5000": 0.8113792538642883, "surprise_random6000": 0.794252872467041, "disgust_random500": 0.8806896209716797, "disgust_random1000": 0.8779310584068298, "disgust_random1500": 0.8625287413597107, "disgust_random2000": 0.8773562908172607, "disgust_random2500": 0.852183997631073, "disgust_random3000": 0.8451724052429199, "disgust_random4000": 0.7478160858154297, "disgust_random5000": 0.8706896305084229, "disgust_random6000": 0.455747127532959, "control_random500": 0.866436779499054, "control_random1000": 0.8740229606628418, "control_random1500": 0.8903448581695557, "control_random2000": 0.8477011322975159, "control_random2500": 0.8806896209716797, "control_random3000": 0.8649425506591797, "control_random4000": 0.841839075088501, "control_random5000": 0.4366666376590729, "control_random6000": 0.8122988343238831, "fairness_random500": 0.8806896209716797, "fairness_random1000": 0.8716092109680176, "fairness_random1500": 0.8616092205047607, "fairness_random2000": 0.8873562812805176, "fairness_random2500": 0.8616092205047607, "fairness_random3000": 0.8794252872467041, "fairness_random4000": 0.8649425506591797, "fairness_random5000": 0.8618390560150146, "fairness_random6000": 0.7542529106140137, "self-related_random500": 0.8706896305084229, "self-related_random1000": 0.8706896305084229, "self-related_random1500": 0.8616092205047607, "self-related_random2000": 0.8564367890357971, "self-related_random2500": 0.8649425506591797, "self-related_random3000": 0.684252917766571, "self-related_random4000": 0.8773562908172607, "self-related_random5000": 0.8147127032279968, "self-related_random6000": 0.7732184529304504, "other-related_random500": 0.8773562908172607, "other-related_random1000": 0.5666666626930237, "other-related_random1500": 0.8658620715141296, "other-related_random2000": 0.8803448677062988, "other-related_random2500": 0.8706896305084229, "other-related_random3000": 0.864597737789154, "other-related_random4000": 0.8785057663917542, "other-related_random5000": 0.6321839094161987, "other-related_random6000": 0.7722988128662109, "expectedness_random500": 0.8740229606628418, "expectedness_random1000": 0.860689640045166, "expectedness_random1500": 0.8697701096534729, "expectedness_random2000": 0.864022970199585, "expectedness_random2500": 0.8773562908172607, "expectedness_random3000": 0.8673563003540039, "expectedness_random4000": 0.8403448462486267, "expectedness_random5000": 0.8549425601959229, "expectedness_random6000": 0.8716092109680176, "non-novelty_random500": 0.8806896209716797, "non-novelty_random1000": 0.8740229606628418, "non-novelty_random1500": 0.8682758808135986, "non-novelty_random2000": 0.8740229606628418, "non-novelty_random2500": 0.8503448367118835, "non-novelty_random3000": 0.8864367604255676, "non-novelty_random4000": 0.8697701096534729, "non-novelty_random5000": 0.8627586364746094, "non-novelty_random6000": 0.8621838688850403}