{"sentiment": "surprise", "seed": 11, "arousal_random500": 0.8242529034614563, "best": 0.900390625, "arousal_random1000": 0.8242529034614563, "arousal_random1500": 0.7100000381469727, "arousal_random2000": 0.8033332824707031, "arousal_random2500": 0.753333330154419, "arousal_random3000": 0.42908045649528503, "arousal_random4000": 0.42666664719581604, "arousal_random5000": 0.47873565554618835, "arousal_random6000": 0.5560919642448425, "valence_random500": 0.8209195137023926, "valence_random1000": 0.8275861740112305, "valence_random1500": 0.8260919451713562, "valence_random2000": 0.7366666793823242, "valence_random2500": 0.7200000286102295, "valence_random3000": 0.429999977350235, "valence_random4000": 0.7266666293144226, "valence_random5000": 0.753333330154419, "valence_random6000": 0.5933333039283752, "happy_random500": 0.8209195137023926, "happy_random1000": 0.8218390941619873, "happy_random1500": 0.8109195828437805, "happy_random2000": 0.8109195828437805, "happy_random2500": 0.8185057640075684, "happy_random3000": 0.7264367938041687, "happy_random4000": 0.429999977350235, "happy_random5000": 0.429999977350235, "happy_random6000": 0.429999977350235, "anger_random500": 0.8275861740112305, "anger_random1000": 0.8033333420753479, "anger_random1500": 0.7879310250282288, "anger_random2000": 0.8185057640075684, "anger_random2500": 0.429999977350235, "anger_random3000": 0.8051724433898926, "anger_random4000": 0.7366666793823242, "anger_random5000": 0.42666664719581604, "anger_random6000": 0.7066666483879089, "sad_random500": 0.8218390941619873, "sad_random1000": 0.8242529034614563, "sad_random1500": 0.8242529034614563, "sad_random2000": 0.48114943504333496, "sad_random2500": 0.8218390941619873, "sad_random3000": 0.5699999928474426, "sad_random4000": 0.429999977350235, "sad_random5000": 0.429999977350235, "sad_random6000": 0.6633333563804626, "fear_random500": 0.8275861740112305, "fear_random1000": 0.8242529034614563, "fear_random1500": 0.8082758784294128, "fear_random2000": 0.7866666913032532, "fear_random2500": 0.8275861740112305, "fear_random3000": 0.8109195828437805, "fear_random4000": 0.429999977350235, "fear_random5000": 0.429999977350235, "fear_random6000": 0.7066666483879089, "surprise_random500": 0.8285057544708252, "surprise_random1000": 0.8209195137023926, "surprise_random1500": 0.8042529225349426, "surprise_random2000": 0.8100000023841858, "surprise_random2500": 0.8136782050132751, "surprise_random3000": 0.8100000023841858, "surprise_random4000": 0.43333330750465393, "surprise_random5000": 0.429999977350235, "surprise_random6000": 0.4898850619792938, "disgust_random500": 0.8194252848625183, "disgust_random1000": 0.8175862431526184, "disgust_random1500": 0.8194252848625183, "disgust_random2000": 0.8142528533935547, "disgust_random2500": 0.7433333396911621, "disgust_random3000": 0.800000011920929, "disgust_random4000": 0.429999977350235, "disgust_random5000": 0.429999977350235, "disgust_random6000": 0.429999977350235, "control_random500": 0.8275861740112305, "control_random1000": 0.8033332824707031, "control_random1500": 0.8242529034614563, "control_random2000": 0.8270115256309509, "control_random2500": 0.521379292011261, "control_random3000": 0.7966666221618652, "control_random4000": 0.6299999952316284, "control_random5000": 0.756436824798584, "control_random6000": 0.7275862693786621, "fairness_random500": 0.8218390941619873, "fairness_random1000": 0.8275861740112305, "fairness_random1500": 0.8166666626930237, "fairness_random2000": 0.8251724243164062, "fairness_random2500": 0.8075861930847168, "fairness_random3000": 0.7199999690055847, "fairness_random4000": 0.7675862312316895, "fairness_random5000": 0.429999977350235, "fairness_random6000": 0.5699999928474426, "self-related_random500": 0.8209195137023926, "self-related_random1000": 0.8175862431526184, "self-related_random1500": 0.8199999928474426, "self-related_random2000": 0.8100000023841858, "self-related_random2500": 0.8033333420753479, "self-related_random3000": 0.42908045649528503, "self-related_random4000": 0.429999977350235, "self-related_random5000": 0.7403448224067688, "self-related_random6000": 0.429999977350235, "other-related_random500": 0.8175862431526184, "other-related_random1000": 0.24666666984558105, "other-related_random1500": 0.8133333325386047, "other-related_random2000": 0.699999988079071, "other-related_random2500": 0.8194252848625183, "other-related_random3000": 0.7400000095367432, "other-related_random4000": 0.779425323009491, "other-related_random5000": 0.429999977350235, "other-related_random6000": 0.429999977350235, "expectedness_random500": 0.8242529034614563, "expectedness_random1000": 0.8175862431526184, "expectedness_random1500": 0.8175862431526184, "expectedness_random2000": 0.8033333420753479, "expectedness_random2500": 0.7800000309944153, "expectedness_random3000": 0.8209195137023926, "expectedness_random4000": 0.7366666793823242, "expectedness_random5000": 0.429999977350235, "expectedness_random6000": 0.429999977350235, "non-novelty_random500": 0.8242529034614563, "non-novelty_random1000": 0.8275861740112305, "non-novelty_random1500": 0.8100000023841858, "non-novelty_random2000": 0.7400000095367432, "non-novelty_random2500": 0.429999977350235, "non-novelty_random3000": 0.7709195613861084, "non-novelty_random4000": 0.7300000190734863, "non-novelty_random5000": 0.43333330750465393, "non-novelty_random6000": 0.42666664719581604}